case_id,case_fingerprint_sha256,data_class,fault_type,expected_admissible,b0_latest_value,b0_latest_value_latency_ms,b1_checksum_timestamp,b1_checksum_timestamp_latency_ms,full_evidence_gate,full_evidence_gate_latency_ms,full_reason_codes,source_snapshot_manifest_sha256
case-00000,5b073ba56d22126fce61715c633783d90f0e8f4b4201c2f1dc5f7fc9495a2cf7,CLEAN_TEST_FIXTURE,none,True,True,0.0494,True,0.677,True,4.5707,ALL_REQUIRED_EVIDENCE_TRUSTWORTHY,b2d83222fe4bab87f393b8e93c8a29f87ac2f8279ebd9de6ca63f25604bbf49f
case-00001,6ed2e37d92711c29a5f1881ddba09fa07b6dbab7d5e221359b3da8b5055bede7,CONTROLLED_TEST_MUTATION,source_type_impersonation,False,True,0.0455,True,0.3799,False,4.9166,EVIDENCE_ROLE_SOURCE_NOT_ALLOWED|OPERATOR_EVIDENCE_UNVERIFIED,b2d83222fe4bab87f393b8e93c8a29f87ac2f8279ebd9de6ca63f25604bbf49f
case-00002,a7604eb937824205b017d4bed09c8b0d5d023871d01e38372ee89a16d4f48964,CONTROLLED_TEST_MUTATION,expired_import,False,True,0.0652,False,0.327,False,6.1843,EVIDENCE_STALE,b2d83222fe4bab87f393b8e93c8a29f87ac2f8279ebd9de6ca63f25604bbf49f
case-00003,418bbb4481715bc695f10ee3e5a731675d19abad491dde56fbdcb53cdf0f0bd3,CONTROLLED_TEST_MUTATION,role_conflict,False,True,0.0517,True,0.4005,False,6.2113,EVIDENCE_ROLE_CONFLICT,b2d83222fe4bab87f393b8e93c8a29f87ac2f8279ebd9de6ca63f25604bbf49f
case-00004,4215c0e2ef465f6e11a8c322ca974a7e3bf76c2237063848db8af5a416ef0296,CONTROLLED_TEST_MUTATION,future_timestamp,False,True,0.046,False,0.4011,False,5.0057,EVIDENCE_FRESHNESS_UNKNOWN|EVIDENCE_TIMESTAMP_IN_FUTURE,b2d83222fe4bab87f393b8e93c8a29f87ac2f8279ebd9de6ca63f25604bbf49f
case-00005,72602488ba0514fc23e47e945e33dead1db3577c2d0b90e0e96f57da8ecd8f48,CONTROLLED_TEST_MUTATION,expired_import,False,True,0.0428,False,0.299,False,8.0629,EVIDENCE_STALE,b2d83222fe4bab87f393b8e93c8a29f87ac2f8279ebd9de6ca63f25604bbf49f
case-00006,2465aad747519c35f6286c3b16026610e5a5c1cdc465068200c91e048dfaeda6,CONTROLLED_TEST_MUTATION,malformed_payload,False,True,0.0429,True,0.8731,False,5.423,EVIDENCE_PAYLOAD_SCHEMA_INVALID|EVIDENCE_SNAPSHOT_CONFLICT,b2d83222fe4bab87f393b8e93c8a29f87ac2f8279ebd9de6ca63f25604bbf49f
case-00007,ad8be2e74e529474e050f72bfc9b2233435c7230dbf0fd07a87ef76fdbfb418b,CONTROLLED_TEST_MUTATION,incomplete_payload,False,True,0.0486,False,0.2071,False,4.0872,EVIDENCE_PAYLOAD_INCOMPLETE,b2d83222fe4bab87f393b8e93c8a29f87ac2f8279ebd9de6ca63f25604bbf49f
case-00008,7285b7052a3a3b955b2b9e709a2d88cb738bca3fa117c8d24c10e37d26c04d7d,CONTROLLED_TEST_MUTATION,source_type_impersonation,False,True,0.0422,True,0.364,False,7.3991,EVIDENCE_ROLE_SOURCE_NOT_ALLOWED|OPERATOR_EVIDENCE_UNVERIFIED,b2d83222fe4bab87f393b8e93c8a29f87ac2f8279ebd9de6ca63f25604bbf49f
case-00009,0e2e366032330b7cca64693c7a3fb1097738aa26fb21fc93d78774eb8ae94cbf,CONTROLLED_TEST_MUTATION,root_signature_tamper_after_seal,False,True,0.0468,True,0.3778,False,5.4608,EVIDENCE_ROOT_INVALID,b2d83222fe4bab87f393b8e93c8a29f87ac2f8279ebd9de6ca63f25604bbf49f
case-00010,4bcaf9a944110333c392593ab9f405b58f2286a24270025eaaaa33c8090a4d3f,CONTROLLED_TEST_MUTATION,source_type_impersonation,False,True,0.0407,True,0.6838,False,5.0628,EVIDENCE_ROLE_SOURCE_NOT_ALLOWED|OPERATOR_EVIDENCE_UNVERIFIED,b2d83222fe4bab87f393b8e93c8a29f87ac2f8279ebd9de6ca63f25604bbf49f
case-00011,1ecf1bccf8e40f05ad55bcd44b6be88618edcd39132c75b6557864c8903e0315,CONTROLLED_TEST_MUTATION,broken_lineage,False,True,0.0452,True,0.3717,False,4.2276,EVIDENCE_LINEAGE_INVALID,b2d83222fe4bab87f393b8e93c8a29f87ac2f8279ebd9de6ca63f25604bbf49f
case-00012,00cda28207eab9c6f1bd869eae6bbac5a6423284dfb9e2040bd0855cfd4ae385,CONTROLLED_TEST_MUTATION,expired_import,False,True,0.0422,False,0.3024,False,4.2079,EVIDENCE_STALE,b2d83222fe4bab87f393b8e93c8a29f87ac2f8279ebd9de6ca63f25604bbf49f
case-00013,a53a888c5f0624d8d5c232838431145dedd1a72c013139dca65b3519d4a79140,CONTROLLED_TEST_MUTATION,missing_direct_role,False,False,0.0407,False,0.0163,False,12.2556,REQUIRED_ROLE_MISSING,b2d83222fe4bab87f393b8e93c8a29f87ac2f8279ebd9de6ca63f25604bbf49f
case-00014,72b1ebeb51a3125bee82b472dbbe3463ff8288eb49f9352f31b338719eba0369,CONTROLLED_TEST_MUTATION,role_conflict,False,True,0.0487,True,0.3914,False,5.1968,EVIDENCE_ROLE_CONFLICT,b2d83222fe4bab87f393b8e93c8a29f87ac2f8279ebd9de6ca63f25604bbf49f
case-00015,3e3dcbcc2897553c78365232a55c56aca28adf6d6bd44ebf27f859b3f028178b,CONTROLLED_TEST_MUTATION,root_signature_tamper_after_seal,False,True,0.1091,True,0.4108,False,4.2737,EVIDENCE_ROOT_INVALID,b2d83222fe4bab87f393b8e93c8a29f87ac2f8279ebd9de6ca63f25604bbf49f
case-00016,001cc3c0b33b5f61fac5115ba868bf4a54fb9fc4dfc189f262011b53416aff4f,CONTROLLED_TEST_MUTATION,expired_import,False,True,0.0422,False,0.36,False,7.2998,EVIDENCE_STALE,b2d83222fe4bab87f393b8e93c8a29f87ac2f8279ebd9de6ca63f25604bbf49f
case-00017,d0972e292c1776db72d9a3c1faaac7e8bd99d4387677c43d1e68209d640d8ecc,CONTROLLED_TEST_MUTATION,broken_lineage,False,True,0.0414,True,0.363,False,4.2036,EVIDENCE_LINEAGE_INVALID,b2d83222fe4bab87f393b8e93c8a29f87ac2f8279ebd9de6ca63f25604bbf49f
case-00018,8f58352361fdcfab48cce19a05aacd539e5adf4326cf2df2cba5856b23d957f2,CONTROLLED_TEST_MUTATION,future_timestamp,False,True,0.0463,False,0.3335,False,4.1225,EVIDENCE_FRESHNESS_UNKNOWN|EVIDENCE_TIMESTAMP_IN_FUTURE,b2d83222fe4bab87f393b8e93c8a29f87ac2f8279ebd9de6ca63f25604bbf49f
case-00019,309e6c9aea4cb40453698011047acf7645d47e5401d72d3261a6eacf24b56dd1,CONTROLLED_TEST_MUTATION,payload_tamper_after_seal,False,True,0.0414,False,0.0927,False,6.4122,CHECKSUM_INVALID|EVIDENCE_ROOT_INVALID|EVIDENCE_SNAPSHOT_CONFLICT|RECORD_ENVELOPE_INVALID,b2d83222fe4bab87f393b8e93c8a29f87ac2f8279ebd9de6ca63f25604bbf49f
case-00020,b8f0a0e614d4be58f921abf803191e08110af64ac28e9d719e70b536b292045a,CONTROLLED_TEST_MUTATION,missing_direct_role,False,False,0.024,False,0.0154,False,3.9244,REQUIRED_ROLE_MISSING,b2d83222fe4bab87f393b8e93c8a29f87ac2f8279ebd9de6ca63f25604bbf49f
case-00021,07ff565d961cb08454c23286f60ecdb7e9275e52c90c4b2e68d30f1d97ebfa77,CLEAN_TEST_FIXTURE,none,True,True,0.0458,True,0.5292,True,6.0778,ALL_REQUIRED_EVIDENCE_TRUSTWORTHY,b2d83222fe4bab87f393b8e93c8a29f87ac2f8279ebd9de6ca63f25604bbf49f
case-00022,5a3f22165ed922d6cc467eac2239d858e0447ccf099c8aae3ac7027dca1928ba,CONTROLLED_TEST_MUTATION,lineage_cycle,False,True,0.0453,True,0.3709,False,4.6172,EVIDENCE_LINEAGE_INVALID,b2d83222fe4bab87f393b8e93c8a29f87ac2f8279ebd9de6ca63f25604bbf49f
case-00023,4aa5fbe0a63a1117794cebd8f0882ffc3ae5d0f142959e75a4ac948eb1d1bb49,CONTROLLED_TEST_MUTATION,unavailable_record,False,True,0.0419,False,0.3252,False,5.9475,EVIDENCE_LINEAGE_INCOMPLETE|EVIDENCE_UNAVAILABLE,b2d83222fe4bab87f393b8e93c8a29f87ac2f8279ebd9de6ca63f25604bbf49f
case-00024,e52545c7dd3bdc96da55493ef19721f4e662e5b435a7640ca691cb1001544750,CONTROLLED_TEST_MUTATION,missing_lineage,False,True,0.0439,True,0.3721,False,17.9343,EVIDENCE_LINEAGE_INCOMPLETE,b2d83222fe4bab87f393b8e93c8a29f87ac2f8279ebd9de6ca63f25604bbf49f
case-00025,ed6d87acae65a725f04c7cbba98a5b70e870893485993f30d61dfe9c58de6015,CONTROLLED_TEST_MUTATION,incomplete_payload,False,True,0.049,False,0.1843,False,4.7172,EVIDENCE_PAYLOAD_INCOMPLETE,b2d83222fe4bab87f393b8e93c8a29f87ac2f8279ebd9de6ca63f25604bbf49f
case-00026,e7d6318040ae92f83015815ce6c6a187ef5b410b6000966d6994f7856338e7f4,CONTROLLED_TEST_MUTATION,missing_lineage,False,True,11.9665,True,0.4727,False,7.3448,EVIDENCE_LINEAGE_INCOMPLETE,b2d83222fe4bab87f393b8e93c8a29f87ac2f8279ebd9de6ca63f25604bbf49f
case-00027,5a29222cd7053ef2d736fa59a41f6c3f6e3ffa3a9f23966abc4aef6755998be0,CONTROLLED_TEST_MUTATION,snapshot_score_conflict,False,True,0.0443,True,0.3712,False,24.084,EVIDENCE_SNAPSHOT_CONFLICT,b2d83222fe4bab87f393b8e93c8a29f87ac2f8279ebd9de6ca63f25604bbf49f
case-00028,d3c5b2b2bc7aa78771ad85c3e807a7642e1ae66ab217afb73426265fd34ef25a,CONTROLLED_TEST_MUTATION,snapshot_score_conflict,False,True,0.0454,True,0.3643,False,4.7783,EVIDENCE_SNAPSHOT_CONFLICT,b2d83222fe4bab87f393b8e93c8a29f87ac2f8279ebd9de6ca63f25604bbf49f
case-00029,9e7269ce57098584ef22d999ece54faaebf42093f57eeb63121d08f518c97868,CONTROLLED_TEST_MUTATION,missing_lineage,False,True,0.0434,True,0.658,False,12.9592,EVIDENCE_LINEAGE_INCOMPLETE,b2d83222fe4bab87f393b8e93c8a29f87ac2f8279ebd9de6ca63f25604bbf49f
case-00030,d27929e7442a60f6f0a08f86c3bd3dc3a9eb7b1c051a138c1d8d28621c8369df,CLEAN_TEST_FIXTURE,none,True,True,0.0454,True,0.3959,True,4.2107,ALL_REQUIRED_EVIDENCE_TRUSTWORTHY,b2d83222fe4bab87f393b8e93c8a29f87ac2f8279ebd9de6ca63f25604bbf49f
case-00031,07ac3756de9a3424e812092c542f9e0613927734fd972e378c5aa8e2ec574a8b,CLEAN_TEST_FIXTURE,none,True,True,0.0443,True,0.561,True,5.1436,ALL_REQUIRED_EVIDENCE_TRUSTWORTHY,b2d83222fe4bab87f393b8e93c8a29f87ac2f8279ebd9de6ca63f25604bbf49f
case-00032,adace8acb997a1ea85474f25d6a9764e3b4c9ebbb555efeb38f982c764f4bda4,CONTROLLED_TEST_MUTATION,unknown_source,False,True,8.5333,True,1.0864,False,14.4848,EVIDENCE_ROLE_SOURCE_NOT_ALLOWED|EVIDENCE_SOURCE_ID_UNKNOWN|EVIDENCE_SOURCE_POLICY_MISSING,b2d83222fe4bab87f393b8e93c8a29f87ac2f8279ebd9de6ca63f25604bbf49f
case-00033,d3acc445df5a34e11d6d0c570e001c0cdb5e1f0f294037e4c6299d0ee34ce6a2,CLEAN_TEST_FIXTURE,none,True,True,0.0568,True,0.6834,True,9.0744,ALL_REQUIRED_EVIDENCE_TRUSTWORTHY,b2d83222fe4bab87f393b8e93c8a29f87ac2f8279ebd9de6ca63f25604bbf49f
case-00034,2904867b7fb79dc114b764b2df895a4d719586f7fcac9a116fff710b228ee798,CONTROLLED_TEST_MUTATION,root_signature_tamper_after_seal,False,True,0.0447,True,0.382,False,11.5411,EVIDENCE_ROOT_INVALID,b2d83222fe4bab87f393b8e93c8a29f87ac2f8279ebd9de6ca63f25604bbf49f
case-00035,09275e5eba02b47c7ef779501bd63493ad3fb34db5987d59810df537711374af,CONTROLLED_TEST_MUTATION,missing_lineage,False,True,0.0443,True,0.3603,False,17.88,EVIDENCE_LINEAGE_INCOMPLETE,b2d83222fe4bab87f393b8e93c8a29f87ac2f8279ebd9de6ca63f25604bbf49f
case-00036,eeb331964bc415fd92fa8d32e8942c66a3a949c0d6c3076aa2888b9240e70ca9,CONTROLLED_TEST_MUTATION,stale_live_observation,False,True,0.0572,False,0.4822,False,6.8918,EVIDENCE_STALE,b2d83222fe4bab87f393b8e93c8a29f87ac2f8279ebd9de6ca63f25604bbf49f
case-00037,48f4d7e5678aa9f3f9ef07d0e65c36299f9528fac56cfe5b543fb445a4ea075e,CONTROLLED_TEST_MUTATION,empty_payload,False,False,0.1174,False,0.0346,False,11.8576,EVIDENCE_PAYLOAD_EMPTY|EVIDENCE_PAYLOAD_SCHEMA_INVALID|EVIDENCE_SNAPSHOT_CONFLICT,b2d83222fe4bab87f393b8e93c8a29f87ac2f8279ebd9de6ca63f25604bbf49f
case-00038,2f875d7ed949800f08548e66719604eb695ce1bc997089332fa461819558df7d,CONTROLLED_TEST_MUTATION,malformed_payload,False,True,0.0458,True,11.4995,False,19.0748,EVIDENCE_PAYLOAD_SCHEMA_INVALID|EVIDENCE_SNAPSHOT_CONFLICT,b2d83222fe4bab87f393b8e93c8a29f87ac2f8279ebd9de6ca63f25604bbf49f
case-00039,f115fe5d294835e3926502d8224150efecdc62ecb8c4d1e6540465b38ab20902,CONTROLLED_TEST_MUTATION,broken_lineage,False,True,0.1035,True,0.4386,False,9.8509,EVIDENCE_LINEAGE_INVALID,b2d83222fe4bab87f393b8e93c8a29f87ac2f8279ebd9de6ca63f25604bbf49f
case-00040,5a6d6e14ebfee84f0c71e8400aa9200e6270dcfd451a1eb9f406cdd5f64c68c4,CONTROLLED_TEST_MUTATION,payload_tamper_after_seal,False,True,0.0463,False,0.096,False,12.2791,CHECKSUM_INVALID|EVIDENCE_ROOT_INVALID|EVIDENCE_SNAPSHOT_CONFLICT|RECORD_ENVELOPE_INVALID,b2d83222fe4bab87f393b8e93c8a29f87ac2f8279ebd9de6ca63f25604bbf49f
case-00041,3627a052847d1c1e27d4f6feff0e3a03e0fff08d1a00e9a079548eb073e2a636,CLEAN_TEST_FIXTURE,none,True,True,0.0585,True,0.521,True,7.2823,ALL_REQUIRED_EVIDENCE_TRUSTWORTHY,b2d83222fe4bab87f393b8e93c8a29f87ac2f8279ebd9de6ca63f25604bbf49f
case-00042,52cb5b5ab8a22d9dfca4353993806f99c246cd3181502dcec6806fff2e538b31,CONTROLLED_TEST_MUTATION,unavailable_record,False,True,0.0495,False,0.3703,False,7.4377,EVIDENCE_LINEAGE_INCOMPLETE|EVIDENCE_UNAVAILABLE,b2d83222fe4bab87f393b8e93c8a29f87ac2f8279ebd9de6ca63f25604bbf49f
case-00043,017e4cb827dc298826e80da963e095fc179c1db00534cb72c20698df44f14777,CONTROLLED_TEST_MUTATION,snapshot_score_conflict,False,True,0.0901,True,11.0632,False,5.6389,EVIDENCE_SNAPSHOT_CONFLICT,b2d83222fe4bab87f393b8e93c8a29f87ac2f8279ebd9de6ca63f25604bbf49f
case-00044,a7946f554510e0aea829abbee69116bf8ba0cd2effdf29e1b67fb6f8aaf5183d,CONTROLLED_TEST_MUTATION,wrong_context,False,True,0.1767,True,0.8407,False,6.2166,EVIDENCE_CONTEXT_MISMATCH,b2d83222fe4bab87f393b8e93c8a29f87ac2f8279ebd9de6ca63f25604bbf49f
case-00045,c1845d45b36117dd8545b5a5e90d835a664f625cd72887b98b195b9f9df09fe2,CONTROLLED_TEST_MUTATION,snapshot_score_conflict,False,True,0.0689,True,0.5407,False,5.554,EVIDENCE_SNAPSHOT_CONFLICT,b2d83222fe4bab87f393b8e93c8a29f87ac2f8279ebd9de6ca63f25604bbf49f
case-00046,e782a7208256f9b59dd2405335ef4905b795695f7a7ed71ae51d7b7c9ca8fe4b,CONTROLLED_TEST_MUTATION,missing_direct_role,False,False,0.0303,False,0.0161,False,11.2687,REQUIRED_ROLE_MISSING,b2d83222fe4bab87f393b8e93c8a29f87ac2f8279ebd9de6ca63f25604bbf49f
case-00047,eebeee41366abe7c7791e8272b7e951fd63958789c3ef9461b8253dcba5ced6d,CLEAN_TEST_FIXTURE,none,True,True,0.0515,True,0.5128,True,4.8143,ALL_REQUIRED_EVIDENCE_TRUSTWORTHY,b2d83222fe4bab87f393b8e93c8a29f87ac2f8279ebd9de6ca63f25604bbf49f
case-00048,ffbbe8831969c8817de15ac2f5665280a4b14fc3b5dc0312e4b7d18c4d64f0e6,CONTROLLED_TEST_MUTATION,expired_import,False,True,0.0576,False,0.3759,False,14.8295,EVIDENCE_STALE,b2d83222fe4bab87f393b8e93c8a29f87ac2f8279ebd9de6ca63f25604bbf49f
case-00049,721c12a4f7502777e9116a24738eb84d55624bb87a26343022666fe06f4315be,CLEAN_TEST_FIXTURE,none,True,True,0.0483,True,9.6064,True,10.5004,ALL_REQUIRED_EVIDENCE_TRUSTWORTHY,b2d83222fe4bab87f393b8e93c8a29f87ac2f8279ebd9de6ca63f25604bbf49f
case-00050,409ce96ae0b7faaebb35152b85fdbc547c2adc8314f682e4391e2f3d801139b9,CONTROLLED_TEST_MUTATION,future_timestamp,False,True,0.055,False,0.375,False,9.7298,EVIDENCE_FRESHNESS_UNKNOWN|EVIDENCE_TIMESTAMP_IN_FUTURE,b2d83222fe4bab87f393b8e93c8a29f87ac2f8279ebd9de6ca63f25604bbf49f
case-00051,e5b319bbb63a44ba4509434c01a755258aa679d7355e948981aedfed8e5cc32a,CLEAN_TEST_FIXTURE,none,True,True,0.0437,True,0.3599,True,9.1497,ALL_REQUIRED_EVIDENCE_TRUSTWORTHY,b2d83222fe4bab87f393b8e93c8a29f87ac2f8279ebd9de6ca63f25604bbf49f
case-00052,ab2a70fa8489c4ce1cfa74c7e463075962ead3e2917fbd6b374378a4b1e17dad,CLEAN_TEST_FIXTURE,none,True,True,0.0426,True,0.3635,True,4.671,ALL_REQUIRED_EVIDENCE_TRUSTWORTHY,b2d83222fe4bab87f393b8e93c8a29f87ac2f8279ebd9de6ca63f25604bbf49f
case-00053,a031a3f64fccac1f0d5adab141aceb4da22e0802e044279146786e7926b3602f,CONTROLLED_TEST_MUTATION,snapshot_score_conflict,False,True,0.0484,True,0.3717,False,12.5359,EVIDENCE_SNAPSHOT_CONFLICT,b2d83222fe4bab87f393b8e93c8a29f87ac2f8279ebd9de6ca63f25604bbf49f
case-00054,02dd97236f988ae8c950c99d8afc3e401138cea3cba512964e922ba8b76d262c,CONTROLLED_TEST_MUTATION,unknown_source,False,True,0.0643,True,0.4229,False,9.7506,EVIDENCE_ROLE_SOURCE_NOT_ALLOWED|EVIDENCE_SOURCE_ID_UNKNOWN|EVIDENCE_SOURCE_POLICY_MISSING,b2d83222fe4bab87f393b8e93c8a29f87ac2f8279ebd9de6ca63f25604bbf49f
case-00055,8ffc7a246bab7f96d184e33746040b9d803e4b94bf4fd1392695aa22c78e3b87,CONTROLLED_TEST_MUTATION,incomplete_payload,False,True,0.0436,False,0.1735,False,4.4972,EVIDENCE_PAYLOAD_INCOMPLETE,b2d83222fe4bab87f393b8e93c8a29f87ac2f8279ebd9de6ca63f25604bbf49f
case-00056,bb1291b5bce243bf15cf335caa40eab9b90872e2466cde4ef337538c98f3c8ca,CLEAN_TEST_FIXTURE,none,True,True,0.0433,True,0.355,True,4.7207,ALL_REQUIRED_EVIDENCE_TRUSTWORTHY,b2d83222fe4bab87f393b8e93c8a29f87ac2f8279ebd9de6ca63f25604bbf49f
case-00057,fdb5ed3fe2664c8d26dbc2116ebe779baf5be49931af9967f7a350010fee736c,CONTROLLED_TEST_MUTATION,expired_import,False,True,0.053,False,0.36,False,4.7834,EVIDENCE_STALE,b2d83222fe4bab87f393b8e93c8a29f87ac2f8279ebd9de6ca63f25604bbf49f
case-00058,53b4bec9337d6773cae41642947d12bc8342698fc4c9a0c7f573d5a7a3cbf955,CONTROLLED_TEST_MUTATION,lineage_cycle,False,True,0.0522,True,0.4203,False,5.8804,EVIDENCE_LINEAGE_INVALID,b2d83222fe4bab87f393b8e93c8a29f87ac2f8279ebd9de6ca63f25604bbf49f
case-00059,a7bba24c146c8943fc025b0e325ac48a6137532836cc2652c2ebeb3ffe638e40,CLEAN_TEST_FIXTURE,none,True,True,0.0534,True,0.4216,True,10.2483,ALL_REQUIRED_EVIDENCE_TRUSTWORTHY,b2d83222fe4bab87f393b8e93c8a29f87ac2f8279ebd9de6ca63f25604bbf49f
case-00060,188ea7c44f422a4e479fa75a8d3dc8a069667804605bdd19ba9bc03dc6f34494,CONTROLLED_TEST_MUTATION,lineage_cycle,False,True,0.0473,True,0.3816,False,11.9571,EVIDENCE_LINEAGE_INVALID,b2d83222fe4bab87f393b8e93c8a29f87ac2f8279ebd9de6ca63f25604bbf49f
case-00061,a82ba6ecc79b9b6e8b37ec8fdaae3f4e44859923815537dffe861d3a93d20211,CLEAN_TEST_FIXTURE,none,True,True,0.0495,True,0.3817,True,9.0372,ALL_REQUIRED_EVIDENCE_TRUSTWORTHY,b2d83222fe4bab87f393b8e93c8a29f87ac2f8279ebd9de6ca63f25604bbf49f
case-00062,254b3817f6fe8b9b74c178715b116590bbf9d39fa1ab1e18c2f164a5ff530e58,CONTROLLED_TEST_MUTATION,unknown_source,False,True,0.0424,True,0.3676,False,8.1679,EVIDENCE_ROLE_SOURCE_NOT_ALLOWED|EVIDENCE_SOURCE_ID_UNKNOWN|EVIDENCE_SOURCE_POLICY_MISSING,b2d83222fe4bab87f393b8e93c8a29f87ac2f8279ebd9de6ca63f25604bbf49f
case-00063,7459a4acdf3365895be053c0b9a84435b8ed627bc7df7308ccaf3005fc47a29d,CONTROLLED_TEST_MUTATION,unavailable_record,False,True,0.0432,False,0.3356,False,4.9133,EVIDENCE_LINEAGE_INCOMPLETE|EVIDENCE_UNAVAILABLE,b2d83222fe4bab87f393b8e93c8a29f87ac2f8279ebd9de6ca63f25604bbf49f
case-00064,5e35136b798cd3d8676ead9cc764eb2c2587109dac1e31310daac1d674473bce,CLEAN_TEST_FIXTURE,none,True,True,0.061,True,0.4509,True,14.9194,ALL_REQUIRED_EVIDENCE_TRUSTWORTHY,b2d83222fe4bab87f393b8e93c8a29f87ac2f8279ebd9de6ca63f25604bbf49f
case-00065,a12f3b8c6d0881ff48777d8c35cfbb88f28b64293c9d355180f004cd0a989c0f,CONTROLLED_TEST_MUTATION,malformed_payload,False,True,0.047,True,0.3614,False,7.9351,EVIDENCE_PAYLOAD_SCHEMA_INVALID|EVIDENCE_SNAPSHOT_CONFLICT,b2d83222fe4bab87f393b8e93c8a29f87ac2f8279ebd9de6ca63f25604bbf49f
case-00066,9f22691f489fa8ae32ddc2f44d780f5ebcc966ba00029569ffe455b699e743de,CONTROLLED_TEST_MUTATION,excluded_ancestor,False,True,0.0463,True,1.4473,False,15.8633,REQUIRED_INPUT_EXCLUDED,b2d83222fe4bab87f393b8e93c8a29f87ac2f8279ebd9de6ca63f25604bbf49f
case-00067,4b2ca9820e233f1e4a5be030e95d865267b8b551e2e23ca8c7f333905711db4f,CONTROLLED_TEST_MUTATION,broken_lineage,False,True,0.0488,True,0.3895,False,4.917,EVIDENCE_LINEAGE_INVALID,b2d83222fe4bab87f393b8e93c8a29f87ac2f8279ebd9de6ca63f25604bbf49f
case-00068,e953f8241300ecf49c45f6aee044a4836138730ffb6e616a2d261cecb27d6df8,CONTROLLED_TEST_MUTATION,payload_tamper_after_seal,False,True,0.0448,False,0.0951,False,9.9019,CHECKSUM_INVALID|EVIDENCE_ROOT_INVALID|EVIDENCE_SNAPSHOT_CONFLICT|RECORD_ENVELOPE_INVALID,b2d83222fe4bab87f393b8e93c8a29f87ac2f8279ebd9de6ca63f25604bbf49f
case-00069,45f49aeeed41c019dca9e7a202af99447218028520080bbf74159f719bbd2b93,CONTROLLED_TEST_MUTATION,unavailable_record,False,True,0.0443,False,0.3483,False,7.1597,EVIDENCE_LINEAGE_INCOMPLETE|EVIDENCE_UNAVAILABLE,b2d83222fe4bab87f393b8e93c8a29f87ac2f8279ebd9de6ca63f25604bbf49f
case-00070,bd2430b49ed04aecefd2d09ba4853585428d4db58b7196ca0f70083b21dba5b0,CLEAN_TEST_FIXTURE,none,True,True,0.0441,True,0.366,True,8.1954,ALL_REQUIRED_EVIDENCE_TRUSTWORTHY,b2d83222fe4bab87f393b8e93c8a29f87ac2f8279ebd9de6ca63f25604bbf49f
case-00071,4fbe75009365af894f6e41f1287459e0913c2f886fe23dfbd91f5a56a64eeab4,CONTROLLED_TEST_MUTATION,missing_direct_role,False,False,0.0272,False,0.0155,False,4.1777,REQUIRED_ROLE_MISSING,b2d83222fe4bab87f393b8e93c8a29f87ac2f8279ebd9de6ca63f25604bbf49f
case-00072,dc3325da82101af8cb83a3c14c49cd94d8ae1b25873e7e83824c7027d556f205,CONTROLLED_TEST_MUTATION,root_signature_tamper_after_seal,False,True,0.0442,True,0.372,False,9.8063,EVIDENCE_ROOT_INVALID,b2d83222fe4bab87f393b8e93c8a29f87ac2f8279ebd9de6ca63f25604bbf49f
case-00073,6aedd5d7a1cb64846a2cfa174b3a2110c5f7ac3412fe51b341e02952a7c8dda9,CONTROLLED_TEST_MUTATION,role_conflict,False,True,0.0479,True,0.3964,False,7.7285,EVIDENCE_ROLE_CONFLICT,b2d83222fe4bab87f393b8e93c8a29f87ac2f8279ebd9de6ca63f25604bbf49f
case-00074,166e576cbd20d72f70f67026da7bc54d29dfa8b1dfcbd37bf95f772dc7f205af,CONTROLLED_TEST_MUTATION,excluded_ancestor,False,True,0.0427,True,0.3596,False,4.4645,REQUIRED_INPUT_EXCLUDED,b2d83222fe4bab87f393b8e93c8a29f87ac2f8279ebd9de6ca63f25604bbf49f
case-00075,9f83be36a32529590fa4981e12b061cae10bd7661ef3fd328b5215452d37588f,CLEAN_TEST_FIXTURE,none,True,True,0.0513,True,0.4527,True,6.3928,ALL_REQUIRED_EVIDENCE_TRUSTWORTHY,b2d83222fe4bab87f393b8e93c8a29f87ac2f8279ebd9de6ca63f25604bbf49f
case-00076,1e5fe6fb2bcb823e68de4368947a8532b95b1bc15a00bbcb532ebba23ee354ec,CLEAN_TEST_FIXTURE,none,True,True,0.2254,True,0.8145,True,22.1941,ALL_REQUIRED_EVIDENCE_TRUSTWORTHY,b2d83222fe4bab87f393b8e93c8a29f87ac2f8279ebd9de6ca63f25604bbf49f
case-00077,3c9eddac06d6eb4df633c25882ff4304e7c8a642dd443fbe8f9bd66ec721d94d,CLEAN_TEST_FIXTURE,none,True,True,0.0508,True,0.4041,True,7.211,ALL_REQUIRED_EVIDENCE_TRUSTWORTHY,b2d83222fe4bab87f393b8e93c8a29f87ac2f8279ebd9de6ca63f25604bbf49f
case-00078,2ca2c139ae567400c321957dc9353a9c17c6cd2735ec536cdec5652f83d0ecc4,CONTROLLED_TEST_MUTATION,wrong_context,False,True,0.0444,True,0.3797,False,13.146,EVIDENCE_CONTEXT_MISMATCH,b2d83222fe4bab87f393b8e93c8a29f87ac2f8279ebd9de6ca63f25604bbf49f
case-00079,b72ff1c247961368bf8264645196226c46433184aa951285d9421f587df1760b,CONTROLLED_TEST_MUTATION,unavailable_record,False,True,0.3709,False,0.3722,False,11.6429,EVIDENCE_LINEAGE_INCOMPLETE|EVIDENCE_UNAVAILABLE,b2d83222fe4bab87f393b8e93c8a29f87ac2f8279ebd9de6ca63f25604bbf49f
case-00080,0bcba4c1c4930704b98a7183c5af6a614f359e92d9fbdcd0cafd583af39453d6,CONTROLLED_TEST_MUTATION,expired_import,False,True,0.0457,False,7.4799,False,4.5944,EVIDENCE_STALE,b2d83222fe4bab87f393b8e93c8a29f87ac2f8279ebd9de6ca63f25604bbf49f
case-00081,4d2945f24b526c98e83165abac37152bc6232651b2f8aed547f062c6960db512,CLEAN_TEST_FIXTURE,none,True,True,0.0477,True,0.7971,True,10.0978,ALL_REQUIRED_EVIDENCE_TRUSTWORTHY,b2d83222fe4bab87f393b8e93c8a29f87ac2f8279ebd9de6ca63f25604bbf49f
case-00082,7b13fcd5d6b16a43edc691c7ffdb7471108e2c71c79c7535006821d3ef5dd07f,CONTROLLED_TEST_MUTATION,missing_lineage,False,True,0.0983,True,1.4439,False,10.1357,EVIDENCE_LINEAGE_INCOMPLETE,b2d83222fe4bab87f393b8e93c8a29f87ac2f8279ebd9de6ca63f25604bbf49f
case-00083,f7a10d1ee5704aedbe79d57bc0d6f9a63236ad3a26b2f695792fa6663bf1ca19,CONTROLLED_TEST_MUTATION,role_conflict,False,True,0.0767,True,0.4196,False,5.4428,EVIDENCE_ROLE_CONFLICT,b2d83222fe4bab87f393b8e93c8a29f87ac2f8279ebd9de6ca63f25604bbf49f
case-00084,34d5199cbfb2509f2a47f224fa47e8f3c7ae090d98054f2b3297c46b538767f9,CONTROLLED_TEST_MUTATION,wrong_context,False,True,0.0447,True,0.3674,False,5.564,EVIDENCE_CONTEXT_MISMATCH,b2d83222fe4bab87f393b8e93c8a29f87ac2f8279ebd9de6ca63f25604bbf49f
case-00085,ccbd5f7d48a7a1e9caf9299d7cab2c943af94d3f54f572136135b1393586920d,CONTROLLED_TEST_MUTATION,missing_direct_role,False,False,0.0282,False,0.0152,False,15.6034,REQUIRED_ROLE_MISSING,b2d83222fe4bab87f393b8e93c8a29f87ac2f8279ebd9de6ca63f25604bbf49f
case-00086,0604be7efb769aa3008982ccf977ce19a062194135e5b51212bedbfcd7dc02fd,CONTROLLED_TEST_MUTATION,role_conflict,False,True,2.3372,True,0.886,False,6.8371,EVIDENCE_ROLE_CONFLICT,b2d83222fe4bab87f393b8e93c8a29f87ac2f8279ebd9de6ca63f25604bbf49f
case-00087,2d27c773638a521bf5803bb50676fe4c7dbfbea6c378bcaeb8556adc9cc5ae83,CONTROLLED_TEST_MUTATION,unknown_source,False,True,0.0436,True,0.3631,False,10.8072,EVIDENCE_ROLE_SOURCE_NOT_ALLOWED|EVIDENCE_SOURCE_ID_UNKNOWN|EVIDENCE_SOURCE_POLICY_MISSING,b2d83222fe4bab87f393b8e93c8a29f87ac2f8279ebd9de6ca63f25604bbf49f
case-00088,dd1e732544100840e6061e839abae048860140bb8caaf2e6409c0a379699ded5,CONTROLLED_TEST_MUTATION,expired_import,False,True,0.0454,False,0.3151,False,8.8405,EVIDENCE_STALE,b2d83222fe4bab87f393b8e93c8a29f87ac2f8279ebd9de6ca63f25604bbf49f
case-00089,0ba51a053fc99ed768080527627a8547a40eff6df1757828b29471cd8a4725cd,CONTROLLED_TEST_MUTATION,payload_tamper_after_seal,False,True,0.0804,False,0.1464,False,82.8076,CHECKSUM_INVALID|EVIDENCE_ROOT_INVALID|EVIDENCE_SNAPSHOT_CONFLICT|RECORD_ENVELOPE_INVALID,b2d83222fe4bab87f393b8e93c8a29f87ac2f8279ebd9de6ca63f25604bbf49f
case-00090,45f3122198c7ce40411f762ea1fb8e0ac767c81ee35c1d99aa1e708e23d2cd9d,CLEAN_TEST_FIXTURE,none,True,True,0.2054,True,1.6111,True,6.9024,ALL_REQUIRED_EVIDENCE_TRUSTWORTHY,b2d83222fe4bab87f393b8e93c8a29f87ac2f8279ebd9de6ca63f25604bbf49f
case-00091,42efad121a2baa464385db76cf653a6b33752038e9aa380fab875286f47344cc,CLEAN_TEST_FIXTURE,none,True,True,0.048,True,0.4393,True,6.1996,ALL_REQUIRED_EVIDENCE_TRUSTWORTHY,b2d83222fe4bab87f393b8e93c8a29f87ac2f8279ebd9de6ca63f25604bbf49f
case-00092,3f3265c1a1165907c7658007786af453408593be5cb25e167fcb1b731ef07e26,CONTROLLED_TEST_MUTATION,root_signature_tamper_after_seal,False,True,0.0493,True,0.3789,False,7.3897,EVIDENCE_ROOT_INVALID,b2d83222fe4bab87f393b8e93c8a29f87ac2f8279ebd9de6ca63f25604bbf49f
case-00093,d60a370f067cb65554d24db731a8af27be325497e270974db2b522d34368af10,CONTROLLED_TEST_MUTATION,missing_direct_role,False,False,0.0328,False,0.0174,False,6.5695,REQUIRED_ROLE_MISSING,b2d83222fe4bab87f393b8e93c8a29f87ac2f8279ebd9de6ca63f25604bbf49f
case-00094,1c78f21d05330af3748e5e017f7a80fe412411c7d7838e20f9bf940de614eca0,CONTROLLED_TEST_MUTATION,incomplete_payload,False,True,0.0476,False,0.19,False,6.5929,EVIDENCE_PAYLOAD_INCOMPLETE,b2d83222fe4bab87f393b8e93c8a29f87ac2f8279ebd9de6ca63f25604bbf49f
case-00095,00c8e6a472141040f569b1392ce0216fd8eec89e94eab5ca0590d22b5a5ff748,CONTROLLED_TEST_MUTATION,malformed_payload,False,True,0.0585,True,0.824,False,4.3868,EVIDENCE_PAYLOAD_SCHEMA_INVALID|EVIDENCE_SNAPSHOT_CONFLICT,b2d83222fe4bab87f393b8e93c8a29f87ac2f8279ebd9de6ca63f25604bbf49f
case-00096,bf670ab248c1ef6896fcfad241bed9e67053147c01a9ea2ebffd16ace0019c6b,CONTROLLED_TEST_MUTATION,broken_lineage,False,True,0.0482,True,0.744,False,6.0163,EVIDENCE_LINEAGE_INVALID,b2d83222fe4bab87f393b8e93c8a29f87ac2f8279ebd9de6ca63f25604bbf49f
case-00097,f312d4ffcc1df3683197687de271a203d44e0fcf1d72cde29c70f9001418d039,CONTROLLED_TEST_MUTATION,missing_direct_role,False,False,0.0319,False,0.0159,False,9.9093,REQUIRED_ROLE_MISSING,b2d83222fe4bab87f393b8e93c8a29f87ac2f8279ebd9de6ca63f25604bbf49f
case-00098,4a9623fc97ae8d516bcc8e4d6823701ce96f6201c49bcb7ce24a987376bc607d,CONTROLLED_TEST_MUTATION,lineage_cycle,False,True,0.0496,True,0.3845,False,6.3038,EVIDENCE_LINEAGE_INVALID,b2d83222fe4bab87f393b8e93c8a29f87ac2f8279ebd9de6ca63f25604bbf49f
case-00099,febcb6a3623c2097544c5d9041e36cd9840a404fc68bad84b9b0ba085aca2211,CLEAN_TEST_FIXTURE,none,True,True,0.0489,True,0.4889,True,9.5326,ALL_REQUIRED_EVIDENCE_TRUSTWORTHY,b2d83222fe4bab87f393b8e93c8a29f87ac2f8279ebd9de6ca63f25604bbf49f
case-00100,f60a089bfee1c878926409d4538a95f61b320c220045863c4d1561d7245adc0b,CLEAN_TEST_FIXTURE,none,True,True,0.0449,True,0.3806,True,12.6042,ALL_REQUIRED_EVIDENCE_TRUSTWORTHY,b2d83222fe4bab87f393b8e93c8a29f87ac2f8279ebd9de6ca63f25604bbf49f
case-00101,9189814d076982e7a87542263e3c4e8bceb689e2b8640d2fc6a849f034f93398,CONTROLLED_TEST_MUTATION,root_signature_tamper_after_seal,False,True,0.0489,True,0.3994,False,8.8992,EVIDENCE_ROOT_INVALID,b2d83222fe4bab87f393b8e93c8a29f87ac2f8279ebd9de6ca63f25604bbf49f
case-00102,59564b4043d4df77174ada16831c23bee8302da9919a56a561ac0e0655dc3b31,CONTROLLED_TEST_MUTATION,empty_payload,False,False,0.0611,False,0.0543,False,11.7249,EVIDENCE_PAYLOAD_EMPTY|EVIDENCE_PAYLOAD_SCHEMA_INVALID|EVIDENCE_SNAPSHOT_CONFLICT,b2d83222fe4bab87f393b8e93c8a29f87ac2f8279ebd9de6ca63f25604bbf49f
case-00103,ecb0eae36c83a283e836738c15a97888b75de733a90c4937e8acfad75acf8415,CONTROLLED_TEST_MUTATION,unknown_source,False,True,0.0526,True,2.5395,False,6.9888,EVIDENCE_ROLE_SOURCE_NOT_ALLOWED|EVIDENCE_SOURCE_ID_UNKNOWN|EVIDENCE_SOURCE_POLICY_MISSING,b2d83222fe4bab87f393b8e93c8a29f87ac2f8279ebd9de6ca63f25604bbf49f
case-00104,3ea9f53afa6da094fb9db63c5b96f639539983859c26401238a155e41b13ef40,CONTROLLED_TEST_MUTATION,incomplete_payload,False,True,0.1656,False,1.1726,False,7.8813,EVIDENCE_PAYLOAD_INCOMPLETE,b2d83222fe4bab87f393b8e93c8a29f87ac2f8279ebd9de6ca63f25604bbf49f
case-00105,e8fc7b9ffc051b8eaedb97c886c77a96d112446ca928b4aa3c4e70a6e03d1f18,CONTROLLED_TEST_MUTATION,role_conflict,False,True,0.0758,True,1.9272,False,5.4115,EVIDENCE_ROLE_CONFLICT,b2d83222fe4bab87f393b8e93c8a29f87ac2f8279ebd9de6ca63f25604bbf49f
case-00106,a19698580009d8ec3cd9d59a92554e9d18a8370c88692b45bcfcabefa490fab7,CLEAN_TEST_FIXTURE,none,True,True,0.1046,True,0.4252,True,4.4909,ALL_REQUIRED_EVIDENCE_TRUSTWORTHY,b2d83222fe4bab87f393b8e93c8a29f87ac2f8279ebd9de6ca63f25604bbf49f
case-00107,d8f14803fde180594b643327604addf3882c0208a7e86c5a9ff0f94ce31b6f1a,CONTROLLED_TEST_MUTATION,snapshot_score_conflict,False,True,0.1976,True,0.5825,False,4.6033,EVIDENCE_SNAPSHOT_CONFLICT,b2d83222fe4bab87f393b8e93c8a29f87ac2f8279ebd9de6ca63f25604bbf49f
case-00108,120f4db5fab7a4e76bb9c046013cdb1143ab6d3cbd3c90f47a49aad9b0438c4f,CONTROLLED_TEST_MUTATION,unavailable_record,False,True,0.1009,False,0.5525,False,6.2445,EVIDENCE_LINEAGE_INCOMPLETE|EVIDENCE_UNAVAILABLE,b2d83222fe4bab87f393b8e93c8a29f87ac2f8279ebd9de6ca63f25604bbf49f
case-00109,7ddb4baa350310d22fe3e550d817d9d4e64064d630930c12ac2ee321ea886978,CONTROLLED_TEST_MUTATION,excluded_ancestor,False,True,0.0501,True,0.6006,False,6.5294,REQUIRED_INPUT_EXCLUDED,b2d83222fe4bab87f393b8e93c8a29f87ac2f8279ebd9de6ca63f25604bbf49f
case-00110,b332a213ba973d10f30750a6467d521960c6ab737ac289a37da3c7ccd4a977fa,CLEAN_TEST_FIXTURE,none,True,True,0.054,True,0.3983,True,9.4394,ALL_REQUIRED_EVIDENCE_TRUSTWORTHY,b2d83222fe4bab87f393b8e93c8a29f87ac2f8279ebd9de6ca63f25604bbf49f
case-00111,de118ca64cc7800ae7934171d1a3845d68da31fd2fbaa2544fda9414d035cf6f,CONTROLLED_TEST_MUTATION,broken_lineage,False,True,0.0438,True,0.3695,False,5.3321,EVIDENCE_LINEAGE_INVALID,b2d83222fe4bab87f393b8e93c8a29f87ac2f8279ebd9de6ca63f25604bbf49f
case-00112,d410da802dcc10b2d1e1180c6e2e58d343b75ca9af3e2f1b220ff8075e2d280b,CONTROLLED_TEST_MUTATION,source_type_impersonation,False,True,0.0475,True,0.3773,False,4.5675,EVIDENCE_ROLE_SOURCE_NOT_ALLOWED|OPERATOR_EVIDENCE_UNVERIFIED,b2d83222fe4bab87f393b8e93c8a29f87ac2f8279ebd9de6ca63f25604bbf49f
case-00113,37c0796b511d900d42bb16703bcacae629a452824860821cb61b52f306f71258,CONTROLLED_TEST_MUTATION,root_signature_tamper_after_seal,False,True,0.0541,True,0.4848,False,6.8176,EVIDENCE_ROOT_INVALID,b2d83222fe4bab87f393b8e93c8a29f87ac2f8279ebd9de6ca63f25604bbf49f
case-00114,1d4d77df43a0a57755c203eec7f572ec056e24cc240a6a61a6dbea9f35cbbcc9,CLEAN_TEST_FIXTURE,none,True,True,0.0496,True,0.3741,True,4.3117,ALL_REQUIRED_EVIDENCE_TRUSTWORTHY,b2d83222fe4bab87f393b8e93c8a29f87ac2f8279ebd9de6ca63f25604bbf49f
case-00115,7888ffe9b1c337916d5b974bf067302bfaeb06a18ba6471810a9d551adb92e2f,CLEAN_TEST_FIXTURE,none,True,True,0.0603,True,0.602,True,4.8596,ALL_REQUIRED_EVIDENCE_TRUSTWORTHY,b2d83222fe4bab87f393b8e93c8a29f87ac2f8279ebd9de6ca63f25604bbf49f
case-00116,f76af2473ed8cc46978e70f33931f3a065616bcfe6c2a9ec85440c2ee789025a,CONTROLLED_TEST_MUTATION,broken_lineage,False,True,0.0933,True,0.4188,False,6.509,EVIDENCE_LINEAGE_INVALID,b2d83222fe4bab87f393b8e93c8a29f87ac2f8279ebd9de6ca63f25604bbf49f
case-00117,d41d6104a294fed00dfedb5bba04cc617e03e3327831a539950eea3abfd28caf,CONTROLLED_TEST_MUTATION,expired_import,False,True,0.0456,False,0.3101,False,4.4167,EVIDENCE_STALE,b2d83222fe4bab87f393b8e93c8a29f87ac2f8279ebd9de6ca63f25604bbf49f
case-00118,585ed472a09d4ad84b069bd4aee92d57444827ec6c325c7ea9078edc8e9565ab,CONTROLLED_TEST_MUTATION,source_type_impersonation,False,True,0.0448,True,0.3713,False,4.7839,EVIDENCE_ROLE_SOURCE_NOT_ALLOWED|OPERATOR_EVIDENCE_UNVERIFIED,b2d83222fe4bab87f393b8e93c8a29f87ac2f8279ebd9de6ca63f25604bbf49f
case-00119,8bf8f7933fdbf02a516e4ce33fe52ce593512c72bcc9b994dc549f4b256201de,CONTROLLED_TEST_MUTATION,stale_live_observation,False,True,0.05,False,0.358,False,5.5867,EVIDENCE_STALE,b2d83222fe4bab87f393b8e93c8a29f87ac2f8279ebd9de6ca63f25604bbf49f
case-00120,a4f0dddb4c63fe34f85b442c2e7dd968991fdabbe1c5b570d12d1b27733a20b1,CONTROLLED_TEST_MUTATION,empty_payload,False,False,0.0476,False,0.0322,False,4.2287,EVIDENCE_PAYLOAD_EMPTY|EVIDENCE_PAYLOAD_SCHEMA_INVALID|EVIDENCE_SNAPSHOT_CONFLICT,b2d83222fe4bab87f393b8e93c8a29f87ac2f8279ebd9de6ca63f25604bbf49f
case-00121,35d072d0f10ca6ac710b2f015f4b86ae34ea50eb398f906bca842328e4845852,CLEAN_TEST_FIXTURE,none,True,True,0.0479,True,0.8449,True,8.9302,ALL_REQUIRED_EVIDENCE_TRUSTWORTHY,b2d83222fe4bab87f393b8e93c8a29f87ac2f8279ebd9de6ca63f25604bbf49f
case-00122,99554405aafa205d9c24b04dd8dbb39a24cae448714e3b04e2fa7ef88a15c0bf,CONTROLLED_TEST_MUTATION,wrong_context,False,True,0.0458,True,0.5068,False,6.7195,EVIDENCE_CONTEXT_MISMATCH,b2d83222fe4bab87f393b8e93c8a29f87ac2f8279ebd9de6ca63f25604bbf49f
case-00123,4546d9a42cbc710c4058fcfd824b42f4578c0299419bb6a33a718bac03ccb9ac,CLEAN_TEST_FIXTURE,none,True,True,0.047,True,0.3969,True,5.7791,ALL_REQUIRED_EVIDENCE_TRUSTWORTHY,b2d83222fe4bab87f393b8e93c8a29f87ac2f8279ebd9de6ca63f25604bbf49f
case-00124,18980cf5c1085e3e36bc43f455adce12bf0f43a57a32656240fd3043a3852327,CONTROLLED_TEST_MUTATION,incomplete_payload,False,True,0.0471,False,0.8178,False,5.3847,EVIDENCE_PAYLOAD_INCOMPLETE,b2d83222fe4bab87f393b8e93c8a29f87ac2f8279ebd9de6ca63f25604bbf49f
case-00125,28aa992b36bb4ad0c2c3c1f01e84c295187b5dc73493e6f200f6d4652883834c,CLEAN_TEST_FIXTURE,none,True,True,0.0474,True,0.3773,True,14.1243,ALL_REQUIRED_EVIDENCE_TRUSTWORTHY,b2d83222fe4bab87f393b8e93c8a29f87ac2f8279ebd9de6ca63f25604bbf49f
case-00126,f61ffe710367f028ac8e8615acb665deeed91e5fb3e3d51e1a8259505366b647,CONTROLLED_TEST_MUTATION,malformed_payload,False,True,0.0439,True,0.3549,False,6.8153,EVIDENCE_PAYLOAD_SCHEMA_INVALID|EVIDENCE_SNAPSHOT_CONFLICT,b2d83222fe4bab87f393b8e93c8a29f87ac2f8279ebd9de6ca63f25604bbf49f
case-00127,2a2965bcc24da0c7c925b91d677afce2edf270b358672e034fdd1785faed8e94,CONTROLLED_TEST_MUTATION,wrong_context,False,True,0.046,True,0.3719,False,10.9352,EVIDENCE_CONTEXT_MISMATCH,b2d83222fe4bab87f393b8e93c8a29f87ac2f8279ebd9de6ca63f25604bbf49f
case-00128,cb1d45418f5ea0f68d5f6d91956e4f1af0a1258b036db96c26af75045827864f,CONTROLLED_TEST_MUTATION,expired_import,False,True,0.044,False,0.3108,False,8.9072,EVIDENCE_STALE,b2d83222fe4bab87f393b8e93c8a29f87ac2f8279ebd9de6ca63f25604bbf49f
case-00129,837a7bd9bdcea071ef018c5ecd48b57406495d371e05e1d9521e245352cd9e19,CONTROLLED_TEST_MUTATION,lineage_cycle,False,True,0.0449,True,0.3567,False,6.2169,EVIDENCE_LINEAGE_INVALID,b2d83222fe4bab87f393b8e93c8a29f87ac2f8279ebd9de6ca63f25604bbf49f
case-00130,ac9d35cc5b30a4b1b87be81560ea625b9a38b33cd30cad8c13bcce13e67dbebc,CONTROLLED_TEST_MUTATION,source_type_impersonation,False,True,0.043,True,0.3693,False,4.1314,EVIDENCE_ROLE_SOURCE_NOT_ALLOWED|OPERATOR_EVIDENCE_UNVERIFIED,b2d83222fe4bab87f393b8e93c8a29f87ac2f8279ebd9de6ca63f25604bbf49f
case-00131,b8aab923eaec9900e24fed304a0719513b11bf26c63d1cfbabfd650df8b2e57f,CONTROLLED_TEST_MUTATION,missing_direct_role,False,False,0.0304,False,0.0171,False,4.9912,REQUIRED_ROLE_MISSING,b2d83222fe4bab87f393b8e93c8a29f87ac2f8279ebd9de6ca63f25604bbf49f
case-00132,13780d361675428e5500da867db2e46f743186a92a6d2b28fd9b3bc82553238b,CONTROLLED_TEST_MUTATION,empty_payload,False,False,0.0519,False,0.0335,False,4.7464,EVIDENCE_PAYLOAD_EMPTY|EVIDENCE_PAYLOAD_SCHEMA_INVALID|EVIDENCE_SNAPSHOT_CONFLICT,b2d83222fe4bab87f393b8e93c8a29f87ac2f8279ebd9de6ca63f25604bbf49f
case-00133,873e7568c61851b4f028dbf5387ce3dec57fecaca217aa11cf318c024728bbb0,CLEAN_TEST_FIXTURE,none,True,True,0.0435,True,0.3603,True,4.4108,ALL_REQUIRED_EVIDENCE_TRUSTWORTHY,b2d83222fe4bab87f393b8e93c8a29f87ac2f8279ebd9de6ca63f25604bbf49f
case-00134,92952a15fde1d03aa8f839ab93632bac9135295ffbfd73a4ed1ef5a21336c120,CLEAN_TEST_FIXTURE,none,True,True,0.0451,True,0.3736,True,5.4863,ALL_REQUIRED_EVIDENCE_TRUSTWORTHY,b2d83222fe4bab87f393b8e93c8a29f87ac2f8279ebd9de6ca63f25604bbf49f
case-00135,60c10270f5dc5542e8426efcc2ed9678565afa8ab3bdb7051a8efcfbc785cf11,CLEAN_TEST_FIXTURE,none,True,True,0.0436,True,0.3693,True,4.8243,ALL_REQUIRED_EVIDENCE_TRUSTWORTHY,b2d83222fe4bab87f393b8e93c8a29f87ac2f8279ebd9de6ca63f25604bbf49f
case-00136,208b52b7eb3e0c8ae9e6ba96bea598ad50e7c3ddd2162f308411718df2519587,CLEAN_TEST_FIXTURE,none,True,True,0.0586,True,1.3109,True,9.2531,ALL_REQUIRED_EVIDENCE_TRUSTWORTHY,b2d83222fe4bab87f393b8e93c8a29f87ac2f8279ebd9de6ca63f25604bbf49f
case-00137,06de1e8da9bab1180bed5e238096065219b05523ab3d2339244689699bb1554d,CLEAN_TEST_FIXTURE,none,True,True,0.0479,True,0.3973,True,6.5538,ALL_REQUIRED_EVIDENCE_TRUSTWORTHY,b2d83222fe4bab87f393b8e93c8a29f87ac2f8279ebd9de6ca63f25604bbf49f
case-00138,fe618d62cd4682f630c4b888a7641724c6b5815ec815707e102578964402caeb,CLEAN_TEST_FIXTURE,none,True,True,0.0513,True,0.4061,True,8.1017,ALL_REQUIRED_EVIDENCE_TRUSTWORTHY,b2d83222fe4bab87f393b8e93c8a29f87ac2f8279ebd9de6ca63f25604bbf49f
case-00139,b124aaa34e0c8f6b16053180d6b38b8f2b2b1290117368ee1ba6551837cbeba2,CONTROLLED_TEST_MUTATION,snapshot_score_conflict,False,True,0.0478,True,0.4258,False,6.6338,EVIDENCE_SNAPSHOT_CONFLICT,b2d83222fe4bab87f393b8e93c8a29f87ac2f8279ebd9de6ca63f25604bbf49f
case-00140,19a71723f087d8cb567ddec67315e0a4460edae491ec1808ff139f8762f3081c,CONTROLLED_TEST_MUTATION,incomplete_payload,False,True,0.0485,False,0.2097,False,9.0616,EVIDENCE_PAYLOAD_INCOMPLETE,b2d83222fe4bab87f393b8e93c8a29f87ac2f8279ebd9de6ca63f25604bbf49f
case-00141,cac02341f6ce93dd4ad034b4e467a2565ce529ecbbbea36858acda0807892e01,CONTROLLED_TEST_MUTATION,role_conflict,False,True,0.0894,True,0.6107,False,8.4265,EVIDENCE_ROLE_CONFLICT,b2d83222fe4bab87f393b8e93c8a29f87ac2f8279ebd9de6ca63f25604bbf49f
case-00142,2680bb843ee0c8698855defee37e3478aaf4d8a85ad6f0b89dbbc609abdfa544,CLEAN_TEST_FIXTURE,none,True,True,0.0658,True,0.4282,True,5.4726,ALL_REQUIRED_EVIDENCE_TRUSTWORTHY,b2d83222fe4bab87f393b8e93c8a29f87ac2f8279ebd9de6ca63f25604bbf49f
case-00143,949d3d270c2e675796aaf883ac39cc2fa83a5369822fd83203815040a8654d61,CONTROLLED_TEST_MUTATION,role_conflict,False,True,0.0561,True,0.3979,False,12.7792,EVIDENCE_ROLE_CONFLICT,b2d83222fe4bab87f393b8e93c8a29f87ac2f8279ebd9de6ca63f25604bbf49f
case-00144,b8648e144416041621295f20a9fa07303aa2629ebdbcba88a41613b97821a5a8,CONTROLLED_TEST_MUTATION,source_type_impersonation,False,True,0.0452,True,0.3695,False,7.7906,EVIDENCE_ROLE_SOURCE_NOT_ALLOWED|OPERATOR_EVIDENCE_UNVERIFIED,b2d83222fe4bab87f393b8e93c8a29f87ac2f8279ebd9de6ca63f25604bbf49f
case-00145,820ddd2fee9af9cf578bcc9f73591b8a7876d079cb2c3779194a9e8c3f1a8b70,CONTROLLED_TEST_MUTATION,unavailable_record,False,True,0.0436,False,0.3408,False,4.1552,EVIDENCE_LINEAGE_INCOMPLETE|EVIDENCE_UNAVAILABLE,b2d83222fe4bab87f393b8e93c8a29f87ac2f8279ebd9de6ca63f25604bbf49f
case-00146,a4070230503565788e24983a18a14de0e52e48acb5ba7d4270c4a162ee09843f,CONTROLLED_TEST_MUTATION,role_conflict,False,True,0.0527,True,0.4082,False,8.8771,EVIDENCE_ROLE_CONFLICT,b2d83222fe4bab87f393b8e93c8a29f87ac2f8279ebd9de6ca63f25604bbf49f
case-00147,86522b774bb82a842c8015023663a9fb0b4b56e199291241d3e090d02a428b6f,CLEAN_TEST_FIXTURE,none,True,True,0.0447,True,0.8709,True,5.5235,ALL_REQUIRED_EVIDENCE_TRUSTWORTHY,b2d83222fe4bab87f393b8e93c8a29f87ac2f8279ebd9de6ca63f25604bbf49f
case-00148,e9fec18581ee064fdd41d4c294a9955f9f6463f8b9f22e31ee6be115b76b3d9b,CONTROLLED_TEST_MUTATION,wrong_context,False,True,0.0448,True,0.3544,False,5.2872,EVIDENCE_CONTEXT_MISMATCH,b2d83222fe4bab87f393b8e93c8a29f87ac2f8279ebd9de6ca63f25604bbf49f
case-00149,1934639b89d6b17e6c1b11c70bc7e596b5a15b97872e09910e82088fa790cc17,CONTROLLED_TEST_MUTATION,lineage_cycle,False,True,0.0667,True,0.415,False,5.09,EVIDENCE_LINEAGE_INVALID,b2d83222fe4bab87f393b8e93c8a29f87ac2f8279ebd9de6ca63f25604bbf49f
case-00150,8e736160c6dc629baff4b7a4562020f4802271c3050a18a0c2081f3fecf732a3,CLEAN_TEST_FIXTURE,none,True,True,0.0434,True,0.3644,True,4.3084,ALL_REQUIRED_EVIDENCE_TRUSTWORTHY,b2d83222fe4bab87f393b8e93c8a29f87ac2f8279ebd9de6ca63f25604bbf49f
case-00151,216d02ee62f85f3dcaf1cb26fc3a0dd584064c46cc350025a929cb3987a66157,CONTROLLED_TEST_MUTATION,missing_lineage,False,True,0.0449,True,0.3691,False,4.0481,EVIDENCE_LINEAGE_INCOMPLETE,b2d83222fe4bab87f393b8e93c8a29f87ac2f8279ebd9de6ca63f25604bbf49f
case-00152,a8c04f06ed19fc9851f1de853616e6c1f8de2faee24271482f71f7993ec12120,CONTROLLED_TEST_MUTATION,snapshot_score_conflict,False,True,0.0408,True,0.3559,False,4.7564,EVIDENCE_SNAPSHOT_CONFLICT,b2d83222fe4bab87f393b8e93c8a29f87ac2f8279ebd9de6ca63f25604bbf49f
case-00153,b0ebb2a144cda2333eb5f9f3c2d024fc6f56e57db51c86245c3e3424f8b127fb,CLEAN_TEST_FIXTURE,none,True,True,0.0876,True,0.3995,True,4.2099,ALL_REQUIRED_EVIDENCE_TRUSTWORTHY,b2d83222fe4bab87f393b8e93c8a29f87ac2f8279ebd9de6ca63f25604bbf49f
case-00154,1f6fdf3d5976ea8eba3a265efb313ed886061cefd7ad08c0c2270c2753113566,CONTROLLED_TEST_MUTATION,unavailable_record,False,True,0.0456,False,0.3323,False,4.3566,EVIDENCE_LINEAGE_INCOMPLETE|EVIDENCE_UNAVAILABLE,b2d83222fe4bab87f393b8e93c8a29f87ac2f8279ebd9de6ca63f25604bbf49f
case-00155,a591560536b461268c35ebe1c0243d80587605aedd3a88e4b186ed9c88a41697,CONTROLLED_TEST_MUTATION,missing_lineage,False,True,0.0432,True,0.3617,False,6.5806,EVIDENCE_LINEAGE_INCOMPLETE,b2d83222fe4bab87f393b8e93c8a29f87ac2f8279ebd9de6ca63f25604bbf49f
case-00156,29d43f824c09edd0f0db63f0d45941aff27d2e279652970eb756862abd83f00e,CONTROLLED_TEST_MUTATION,expired_import,False,True,0.0446,False,0.309,False,4.6089,EVIDENCE_STALE,b2d83222fe4bab87f393b8e93c8a29f87ac2f8279ebd9de6ca63f25604bbf49f
case-00157,0167a466f2378a1c354c59c073f318624a30977f96e944b901b4486de4fdef99,CONTROLLED_TEST_MUTATION,lineage_cycle,False,True,0.0467,True,0.3831,False,4.4094,EVIDENCE_LINEAGE_INVALID,b2d83222fe4bab87f393b8e93c8a29f87ac2f8279ebd9de6ca63f25604bbf49f
case-00158,12be42ee732433ca08f5c21c619e9769bb35ad4817c2e1a343f3777943ecd6f2,CONTROLLED_TEST_MUTATION,malformed_payload,False,True,0.045,True,0.3667,False,4.8623,EVIDENCE_PAYLOAD_SCHEMA_INVALID|EVIDENCE_SNAPSHOT_CONFLICT,b2d83222fe4bab87f393b8e93c8a29f87ac2f8279ebd9de6ca63f25604bbf49f
case-00159,634b11d0fe190de668207ae3f7da45c7ab581c69e73276c716cf3e5ffbff87ac,CONTROLLED_TEST_MUTATION,empty_payload,False,False,0.0482,False,0.0327,False,6.9871,EVIDENCE_PAYLOAD_EMPTY|EVIDENCE_PAYLOAD_SCHEMA_INVALID|EVIDENCE_SNAPSHOT_CONFLICT,b2d83222fe4bab87f393b8e93c8a29f87ac2f8279ebd9de6ca63f25604bbf49f
case-00160,13db026fec436cbb4b9e9ae112698c2c01c5af652c0f5ce581776fe0cfe70a11,CONTROLLED_TEST_MUTATION,excluded_ancestor,False,True,0.0474,True,0.4262,False,4.3659,REQUIRED_INPUT_EXCLUDED,b2d83222fe4bab87f393b8e93c8a29f87ac2f8279ebd9de6ca63f25604bbf49f
case-00161,bcd79de9a8efa175d23a661c96d66d451745869de94db4f9c39c8ec3b03b5ffa,CONTROLLED_TEST_MUTATION,unavailable_record,False,True,0.0539,False,1.1153,False,4.2696,EVIDENCE_LINEAGE_INCOMPLETE|EVIDENCE_UNAVAILABLE,b2d83222fe4bab87f393b8e93c8a29f87ac2f8279ebd9de6ca63f25604bbf49f
case-00162,28e8d8444467f2f2b932c8f9e2fbd5de21cf82bc3165c9b8653a5529b2072127,CONTROLLED_TEST_MUTATION,stale_live_observation,False,True,0.044,False,0.339,False,6.2937,EVIDENCE_STALE,b2d83222fe4bab87f393b8e93c8a29f87ac2f8279ebd9de6ca63f25604bbf49f
case-00163,eb01642f7b83480f4938d2e70cfc0ce112bdab08ef75154f8fce5b1fe7372201,CONTROLLED_TEST_MUTATION,malformed_payload,False,True,0.0451,True,0.3738,False,4.2927,EVIDENCE_PAYLOAD_SCHEMA_INVALID|EVIDENCE_SNAPSHOT_CONFLICT,b2d83222fe4bab87f393b8e93c8a29f87ac2f8279ebd9de6ca63f25604bbf49f
case-00164,368bb4a8ea7e8a3fa8d24daa90cd35a1313b886ae691e3d0eef85351f668f41c,CONTROLLED_TEST_MUTATION,malformed_payload,False,True,0.0458,True,0.4064,False,4.5188,EVIDENCE_PAYLOAD_SCHEMA_INVALID|EVIDENCE_SNAPSHOT_CONFLICT,b2d83222fe4bab87f393b8e93c8a29f87ac2f8279ebd9de6ca63f25604bbf49f
case-00165,3355ec4a9515cf021908bac0c2265432af561ed4b874d2080db0aa4395c53380,CONTROLLED_TEST_MUTATION,missing_direct_role,False,False,0.0279,False,0.0159,False,6.5583,REQUIRED_ROLE_MISSING,b2d83222fe4bab87f393b8e93c8a29f87ac2f8279ebd9de6ca63f25604bbf49f
case-00166,60443ebcf6dc6d68c8c3b59301120b9d4cd6ef16249ee809ab64df281fb2d4e0,CONTROLLED_TEST_MUTATION,broken_lineage,False,True,0.0437,True,0.3664,False,4.1047,EVIDENCE_LINEAGE_INVALID,b2d83222fe4bab87f393b8e93c8a29f87ac2f8279ebd9de6ca63f25604bbf49f
case-00167,f2ae5ee24e59a30a0b9bcf38ed48e3ab2814c2336aec6a338ffe9efcc913a79f,CLEAN_TEST_FIXTURE,none,True,True,0.0477,True,0.5334,True,5.2985,ALL_REQUIRED_EVIDENCE_TRUSTWORTHY,b2d83222fe4bab87f393b8e93c8a29f87ac2f8279ebd9de6ca63f25604bbf49f
case-00168,9358c168b9ed32f1a9aacef116a6887ae0fb239f4511963d11bb1645a5a6b85c,CLEAN_TEST_FIXTURE,none,True,True,0.0554,True,0.9841,True,8.7126,ALL_REQUIRED_EVIDENCE_TRUSTWORTHY,b2d83222fe4bab87f393b8e93c8a29f87ac2f8279ebd9de6ca63f25604bbf49f
case-00169,ac12524062707034b184a6c2cd51e7c15051f55ce2fb50b65836554c0f7ec089,CONTROLLED_TEST_MUTATION,malformed_payload,False,True,0.0504,True,0.3846,False,5.3425,EVIDENCE_PAYLOAD_SCHEMA_INVALID|EVIDENCE_SNAPSHOT_CONFLICT,b2d83222fe4bab87f393b8e93c8a29f87ac2f8279ebd9de6ca63f25604bbf49f
case-00170,56d7a653515e83f90f7e9e77a411b65d4a8105ee638431e622a049014dcb967a,CONTROLLED_TEST_MUTATION,excluded_ancestor,False,True,0.0484,True,0.3769,False,9.0637,REQUIRED_INPUT_EXCLUDED,b2d83222fe4bab87f393b8e93c8a29f87ac2f8279ebd9de6ca63f25604bbf49f
case-00171,ecc93880508f9ebaf144ddfd18a3e377cbac8a40f24be912e831b2beac59f9e7,CONTROLLED_TEST_MUTATION,lineage_cycle,False,True,0.0548,True,0.431,False,5.5887,EVIDENCE_LINEAGE_INVALID,b2d83222fe4bab87f393b8e93c8a29f87ac2f8279ebd9de6ca63f25604bbf49f
case-00172,bd32fcda654a06bf6e00dfc66f7a98a77fdf7849a7b7624a59614f8da02034d0,CONTROLLED_TEST_MUTATION,role_conflict,False,True,0.0497,True,0.4067,False,6.0351,EVIDENCE_ROLE_CONFLICT,b2d83222fe4bab87f393b8e93c8a29f87ac2f8279ebd9de6ca63f25604bbf49f
case-00173,dbb430d58931755a15e2fd11df003389a7fc992cf08491f3d1e1ba93754be950,CONTROLLED_TEST_MUTATION,future_timestamp,False,True,0.0558,False,0.3684,False,4.9325,EVIDENCE_FRESHNESS_UNKNOWN|EVIDENCE_TIMESTAMP_IN_FUTURE,b2d83222fe4bab87f393b8e93c8a29f87ac2f8279ebd9de6ca63f25604bbf49f
case-00174,7fe8a23a7b760064fdc96f5a8d54392b241895f947e511e4e244a3cf774b269f,CONTROLLED_TEST_MUTATION,lineage_cycle,False,True,0.0464,True,0.3884,False,8.0211,EVIDENCE_LINEAGE_INVALID,b2d83222fe4bab87f393b8e93c8a29f87ac2f8279ebd9de6ca63f25604bbf49f
case-00175,3dcd3a9e8b80e3c18c04cdbe77aaf320d0d94011066ce142d35354822a4ead43,CONTROLLED_TEST_MUTATION,missing_lineage,False,True,0.0461,True,0.3688,False,10.8447,EVIDENCE_LINEAGE_INCOMPLETE,b2d83222fe4bab87f393b8e93c8a29f87ac2f8279ebd9de6ca63f25604bbf49f
case-00176,85c67e5355c32a4d396d5b8312341b27039cfd0e7e99971b94f54c53290ce006,CONTROLLED_TEST_MUTATION,incomplete_payload,False,True,0.0743,False,0.2537,False,7.0712,EVIDENCE_PAYLOAD_INCOMPLETE,b2d83222fe4bab87f393b8e93c8a29f87ac2f8279ebd9de6ca63f25604bbf49f
case-00177,a56ffeb5cbf81b2b63e136e693650709ebc1073c2fb80b22f22885d97a4a1b6d,CONTROLLED_TEST_MUTATION,missing_lineage,False,True,0.0494,True,0.3997,False,8.0332,EVIDENCE_LINEAGE_INCOMPLETE,b2d83222fe4bab87f393b8e93c8a29f87ac2f8279ebd9de6ca63f25604bbf49f
case-00178,16e8f07af890c03d20c21b1c435dc751a6be89b9d5a95ebd6e191d5850eb524d,CONTROLLED_TEST_MUTATION,missing_direct_role,False,False,0.0521,False,0.0269,False,5.3114,REQUIRED_ROLE_MISSING,b2d83222fe4bab87f393b8e93c8a29f87ac2f8279ebd9de6ca63f25604bbf49f
case-00179,8dc53c66ebffad05c8ad1e4ae5ad4530c4ba50e98d898dde085302cbd5508361,CONTROLLED_TEST_MUTATION,snapshot_score_conflict,False,True,0.0466,True,0.3753,False,28.5724,EVIDENCE_SNAPSHOT_CONFLICT,b2d83222fe4bab87f393b8e93c8a29f87ac2f8279ebd9de6ca63f25604bbf49f
case-00180,e1b53e0822a1b630fc955a350acd99bb8f83a0e2c62730f617c5b0d6d4d6a4ae,CONTROLLED_TEST_MUTATION,missing_direct_role,False,False,0.0267,False,0.0157,False,8.1846,REQUIRED_ROLE_MISSING,b2d83222fe4bab87f393b8e93c8a29f87ac2f8279ebd9de6ca63f25604bbf49f
case-00181,349129f40970b1e0945a6feb84ea5055edb46a085b7aba09fe78875730d5fad5,CONTROLLED_TEST_MUTATION,unknown_source,False,True,0.0478,True,0.381,False,9.277,EVIDENCE_ROLE_SOURCE_NOT_ALLOWED|EVIDENCE_SOURCE_ID_UNKNOWN|EVIDENCE_SOURCE_POLICY_MISSING,b2d83222fe4bab87f393b8e93c8a29f87ac2f8279ebd9de6ca63f25604bbf49f
case-00182,0ab8f7c5b3a8efc79d0461e08e91d4dc4ee0d13c608b9152436149fa6026c3b6,CONTROLLED_TEST_MUTATION,snapshot_score_conflict,False,True,0.0676,True,0.4684,False,12.1717,EVIDENCE_SNAPSHOT_CONFLICT,b2d83222fe4bab87f393b8e93c8a29f87ac2f8279ebd9de6ca63f25604bbf49f
case-00183,dfe5371f806218a400394723cc66684016a959178855ab4c5fcd6e2c083b2cd1,CONTROLLED_TEST_MUTATION,malformed_payload,False,True,0.0799,True,0.6324,False,10.6719,EVIDENCE_PAYLOAD_SCHEMA_INVALID|EVIDENCE_SNAPSHOT_CONFLICT,b2d83222fe4bab87f393b8e93c8a29f87ac2f8279ebd9de6ca63f25604bbf49f
case-00184,7ea9806cbbdb1a5eaab7fa5cb4dd5a5573548a7f38300023f12f3387ce12bd42,CONTROLLED_TEST_MUTATION,role_conflict,False,True,0.8289,True,0.7894,False,8.9082,EVIDENCE_ROLE_CONFLICT,b2d83222fe4bab87f393b8e93c8a29f87ac2f8279ebd9de6ca63f25604bbf49f
case-00185,f59f601096d009f54a0bdb593fc02861abb30875df0c3b60babccd99b30c6332,CONTROLLED_TEST_MUTATION,incomplete_payload,False,True,0.0654,False,0.6549,False,6.3111,EVIDENCE_PAYLOAD_INCOMPLETE,b2d83222fe4bab87f393b8e93c8a29f87ac2f8279ebd9de6ca63f25604bbf49f
case-00186,794dd03e27ffd6fa48fca6d43b89502cce0c5167424e5396fbc5d32e280f9896,CONTROLLED_TEST_MUTATION,missing_lineage,False,True,0.0472,True,0.3886,False,11.992,EVIDENCE_LINEAGE_INCOMPLETE,b2d83222fe4bab87f393b8e93c8a29f87ac2f8279ebd9de6ca63f25604bbf49f
case-00187,d136ac8ba80a107ae3ef1e23a49f1bc6069107b73f39ed7d8245de507e751008,CLEAN_TEST_FIXTURE,none,True,True,0.1364,True,8.1567,True,17.8474,ALL_REQUIRED_EVIDENCE_TRUSTWORTHY,b2d83222fe4bab87f393b8e93c8a29f87ac2f8279ebd9de6ca63f25604bbf49f
case-00188,4d918a660ea3c8a434331c617acc7efe5829925ca0d1212119a0307788499d5b,CLEAN_TEST_FIXTURE,none,True,True,0.0443,True,0.3721,True,9.6454,ALL_REQUIRED_EVIDENCE_TRUSTWORTHY,b2d83222fe4bab87f393b8e93c8a29f87ac2f8279ebd9de6ca63f25604bbf49f
case-00189,25bfe75ea8d55334ab866ef76c1dea5fb93e56fb79e09de2aa7690453363de51,CONTROLLED_TEST_MUTATION,root_signature_tamper_after_seal,False,True,0.0936,True,0.9367,False,6.9904,EVIDENCE_ROOT_INVALID,b2d83222fe4bab87f393b8e93c8a29f87ac2f8279ebd9de6ca63f25604bbf49f
case-00190,43f4926866b9e828a2cca4a8ed8a125856cfcf5bba22b88f79186a3f9ad28215,CLEAN_TEST_FIXTURE,none,True,True,0.0723,True,2.1869,True,23.1528,ALL_REQUIRED_EVIDENCE_TRUSTWORTHY,b2d83222fe4bab87f393b8e93c8a29f87ac2f8279ebd9de6ca63f25604bbf49f
case-00191,330701405f9993984ea95ba7ca34467fafa2dbdeb6eef49b154d8ad7b8bda40c,CONTROLLED_TEST_MUTATION,malformed_payload,False,True,0.0526,True,0.538,False,7.0324,EVIDENCE_PAYLOAD_SCHEMA_INVALID|EVIDENCE_SNAPSHOT_CONFLICT,b2d83222fe4bab87f393b8e93c8a29f87ac2f8279ebd9de6ca63f25604bbf49f
case-00192,377f79ac2f218dac83c02951f261463b0aef6957db805baefbe35d7c6ceaaea7,CONTROLLED_TEST_MUTATION,payload_tamper_after_seal,False,True,0.1627,False,0.1163,False,5.4485,CHECKSUM_INVALID|EVIDENCE_ROOT_INVALID|EVIDENCE_SNAPSHOT_CONFLICT|RECORD_ENVELOPE_INVALID,b2d83222fe4bab87f393b8e93c8a29f87ac2f8279ebd9de6ca63f25604bbf49f
case-00193,4c81f64ac3e4f0d55ad63864792d173bb98115aaafacdda121156ba54acf95e4,CONTROLLED_TEST_MUTATION,incomplete_payload,False,True,0.0473,False,0.1804,False,14.587,EVIDENCE_PAYLOAD_INCOMPLETE,b2d83222fe4bab87f393b8e93c8a29f87ac2f8279ebd9de6ca63f25604bbf49f
case-00194,5975f55b05ca6ef7fabd108a34290ef0fd9c3bdfdad6e5ee36287255a35bd3da,CLEAN_TEST_FIXTURE,none,True,True,0.0455,True,0.3793,True,7.5186,ALL_REQUIRED_EVIDENCE_TRUSTWORTHY,b2d83222fe4bab87f393b8e93c8a29f87ac2f8279ebd9de6ca63f25604bbf49f
case-00195,15851e4f6715718bf6e7615d6c152bb37ee050f683143a1ff3a1b227038183c6,CLEAN_TEST_FIXTURE,none,True,True,0.043,True,0.3675,True,13.4244,ALL_REQUIRED_EVIDENCE_TRUSTWORTHY,b2d83222fe4bab87f393b8e93c8a29f87ac2f8279ebd9de6ca63f25604bbf49f
case-00196,d6932a2a1840b8ae4d82090ee2cb1607900ecfd4bf6b26259a08036cb8ef3cad,CONTROLLED_TEST_MUTATION,stale_live_observation,False,True,0.0485,False,0.3464,False,10.2323,EVIDENCE_STALE,b2d83222fe4bab87f393b8e93c8a29f87ac2f8279ebd9de6ca63f25604bbf49f
case-00197,b7e8406958c3db5de7a2bd2f295950b286af34f6fc4de7dac76fe739e70dc641,CLEAN_TEST_FIXTURE,none,True,True,0.0436,True,0.4194,True,5.0013,ALL_REQUIRED_EVIDENCE_TRUSTWORTHY,b2d83222fe4bab87f393b8e93c8a29f87ac2f8279ebd9de6ca63f25604bbf49f
case-00198,1d1163655461c4c379704c6474c3e464b72a699989f18f07a49c767a8f35f7f4,CONTROLLED_TEST_MUTATION,payload_tamper_after_seal,False,True,0.0437,False,0.0925,False,5.354,CHECKSUM_INVALID|EVIDENCE_ROOT_INVALID|EVIDENCE_SNAPSHOT_CONFLICT|RECORD_ENVELOPE_INVALID,b2d83222fe4bab87f393b8e93c8a29f87ac2f8279ebd9de6ca63f25604bbf49f
case-00199,04f1f08c4dc1591791a47f5795b0fc761edd08163dc356b55ea03c891a03cb1b,CONTROLLED_TEST_MUTATION,incomplete_payload,False,True,0.0523,False,0.1893,False,11.2483,EVIDENCE_PAYLOAD_INCOMPLETE,b2d83222fe4bab87f393b8e93c8a29f87ac2f8279ebd9de6ca63f25604bbf49f
case-00200,c6cc403ddbb77a7bd5a85b9d722ebc13446064c2fdd6027216cb66e89efb8651,CONTROLLED_TEST_MUTATION,root_signature_tamper_after_seal,False,True,0.0469,True,0.5165,False,4.4873,EVIDENCE_ROOT_INVALID,b2d83222fe4bab87f393b8e93c8a29f87ac2f8279ebd9de6ca63f25604bbf49f
case-00201,52f6c65db742ce1ce0b2dfa27deae10021a04ecc79206a8514d0bad0674ffcb4,CONTROLLED_TEST_MUTATION,missing_direct_role,False,False,0.0332,False,0.018,False,4.0213,REQUIRED_ROLE_MISSING,b2d83222fe4bab87f393b8e93c8a29f87ac2f8279ebd9de6ca63f25604bbf49f
case-00202,5979a6d54e91114e391f5a6e59f49b838486305075a24fe2c1892b611c8e3241,CONTROLLED_TEST_MUTATION,broken_lineage,False,True,0.0448,True,0.3892,False,9.1622,EVIDENCE_LINEAGE_INVALID,b2d83222fe4bab87f393b8e93c8a29f87ac2f8279ebd9de6ca63f25604bbf49f
case-00203,79ee1eb7bf348beab0854eff9fc4be565ad4a071ab7ed0520c54b88ef7a111e6,CLEAN_TEST_FIXTURE,none,True,True,0.0444,True,0.3672,True,5.0327,ALL_REQUIRED_EVIDENCE_TRUSTWORTHY,b2d83222fe4bab87f393b8e93c8a29f87ac2f8279ebd9de6ca63f25604bbf49f
case-00204,9cfe8fb6941428a2a1b76e7808e14d82c76e1e29002db9bf2b22442fcc99423c,CONTROLLED_TEST_MUTATION,incomplete_payload,False,True,0.0445,False,0.1742,False,4.1575,EVIDENCE_PAYLOAD_INCOMPLETE,b2d83222fe4bab87f393b8e93c8a29f87ac2f8279ebd9de6ca63f25604bbf49f
case-00205,0cd8f878575072dfa718777ac6338e697aab9c43b04754a4241f6f7cbec6ceb7,CONTROLLED_TEST_MUTATION,wrong_context,False,True,0.0458,True,0.3683,False,9.0342,EVIDENCE_CONTEXT_MISMATCH,b2d83222fe4bab87f393b8e93c8a29f87ac2f8279ebd9de6ca63f25604bbf49f
case-00206,17a36ba41756bbbbf47343bd051081d04e733422c0bd3bd4269d5ca878c090e3,CONTROLLED_TEST_MUTATION,future_timestamp,False,True,0.0465,False,0.3473,False,5.7183,EVIDENCE_FRESHNESS_UNKNOWN|EVIDENCE_TIMESTAMP_IN_FUTURE,b2d83222fe4bab87f393b8e93c8a29f87ac2f8279ebd9de6ca63f25604bbf49f
case-00207,28c88ea9836bd83e16a0e542ebb2f5cb23ada50451691172e14163d7c8ff5b8b,CONTROLLED_TEST_MUTATION,excluded_ancestor,False,True,0.0463,True,0.3801,False,4.2388,REQUIRED_INPUT_EXCLUDED,b2d83222fe4bab87f393b8e93c8a29f87ac2f8279ebd9de6ca63f25604bbf49f
case-00208,5b60671047d441d54e1e9390d230410f95fa4e5d3050bc422195cb31cd9cdf99,CONTROLLED_TEST_MUTATION,payload_tamper_after_seal,False,True,0.0691,False,0.9854,False,4.5717,CHECKSUM_INVALID|EVIDENCE_ROOT_INVALID|EVIDENCE_SNAPSHOT_CONFLICT|RECORD_ENVELOPE_INVALID,b2d83222fe4bab87f393b8e93c8a29f87ac2f8279ebd9de6ca63f25604bbf49f
case-00209,87ef6507676fb0f34999075d4aa90179e644137a32abee1c47ad8679df29b047,CLEAN_TEST_FIXTURE,none,True,True,0.0463,True,0.38,True,5.8805,ALL_REQUIRED_EVIDENCE_TRUSTWORTHY,b2d83222fe4bab87f393b8e93c8a29f87ac2f8279ebd9de6ca63f25604bbf49f
case-00210,8a6d5b67bfc7cc9f3040084bf9ee97b5e6425dfb72de7131df4ce9098af32bed,CONTROLLED_TEST_MUTATION,expired_import,False,True,0.0434,False,0.3012,False,4.0491,EVIDENCE_STALE,b2d83222fe4bab87f393b8e93c8a29f87ac2f8279ebd9de6ca63f25604bbf49f
case-00211,91aa8158146a3674d5a6c42ae9f19baaf61d3a31bfe21e1148fff012fbe8bb94,CLEAN_TEST_FIXTURE,none,True,True,0.0475,True,0.3804,True,4.4965,ALL_REQUIRED_EVIDENCE_TRUSTWORTHY,b2d83222fe4bab87f393b8e93c8a29f87ac2f8279ebd9de6ca63f25604bbf49f
case-00212,910548888b2b7ae5824ac78b409cfcbf18055cde12b4abf4bf7a4bbbd9119449,CONTROLLED_TEST_MUTATION,wrong_context,False,True,0.047,True,0.3727,False,6.7333,EVIDENCE_CONTEXT_MISMATCH,b2d83222fe4bab87f393b8e93c8a29f87ac2f8279ebd9de6ca63f25604bbf49f
case-00213,8b9575d368b207c8e1b86191708e8ff8ee4b2b4f49a191e480880c7eb2c78e8c,CONTROLLED_TEST_MUTATION,stale_live_observation,False,True,0.0438,False,0.3349,False,4.2528,EVIDENCE_STALE,b2d83222fe4bab87f393b8e93c8a29f87ac2f8279ebd9de6ca63f25604bbf49f
case-00214,14f65e4cf15d25265264193061666e030caa2e279615f9ab330eb3eb27ffb702,CONTROLLED_TEST_MUTATION,incomplete_payload,False,True,0.0588,False,2.0595,False,4.396,EVIDENCE_PAYLOAD_INCOMPLETE,b2d83222fe4bab87f393b8e93c8a29f87ac2f8279ebd9de6ca63f25604bbf49f
case-00215,7bdf4d1973ce0cab3939ec9dc694c3b697c00530701385a0f2efd5f49b399046,CONTROLLED_TEST_MUTATION,excluded_ancestor,False,True,0.0676,True,0.9416,False,4.2689,REQUIRED_INPUT_EXCLUDED,b2d83222fe4bab87f393b8e93c8a29f87ac2f8279ebd9de6ca63f25604bbf49f
case-00216,628d5ac133e4ab002ed4ddbdb13ccd91f9f388c6a8d330df299094df890eb2b3,CONTROLLED_TEST_MUTATION,expired_import,False,True,0.0444,False,0.3023,False,4.1636,EVIDENCE_STALE,b2d83222fe4bab87f393b8e93c8a29f87ac2f8279ebd9de6ca63f25604bbf49f
case-00217,231e3e4f983385f35f07f4c4affc5e39a66b250125b4ada476702c05eb0963d9,CONTROLLED_TEST_MUTATION,snapshot_score_conflict,False,True,0.0475,True,0.4091,False,7.9478,EVIDENCE_SNAPSHOT_CONFLICT,b2d83222fe4bab87f393b8e93c8a29f87ac2f8279ebd9de6ca63f25604bbf49f
case-00218,d562c30199f753f76979c857a6ca458e80279181e3348e4b2f3ea8688c4dcfb0,CONTROLLED_TEST_MUTATION,broken_lineage,False,True,0.0418,True,0.3627,False,4.5722,EVIDENCE_LINEAGE_INVALID,b2d83222fe4bab87f393b8e93c8a29f87ac2f8279ebd9de6ca63f25604bbf49f
case-00219,278c4c98b9f9053fd08d50982359fa92fd90d554428924e5c945e5a58fc389a8,CONTROLLED_TEST_MUTATION,unavailable_record,False,True,0.045,False,0.3406,False,4.2225,EVIDENCE_LINEAGE_INCOMPLETE|EVIDENCE_UNAVAILABLE,b2d83222fe4bab87f393b8e93c8a29f87ac2f8279ebd9de6ca63f25604bbf49f
case-00220,4839a93fa056a4fd5b9116f7117c93a1a2411f8879d73b806b8e20cb3c01f74b,CONTROLLED_TEST_MUTATION,unknown_source,False,True,0.0575,True,0.3821,False,4.1214,EVIDENCE_ROLE_SOURCE_NOT_ALLOWED|EVIDENCE_SOURCE_ID_UNKNOWN|EVIDENCE_SOURCE_POLICY_MISSING,b2d83222fe4bab87f393b8e93c8a29f87ac2f8279ebd9de6ca63f25604bbf49f
case-00221,2f2bcf59021f9c741fb918e784112a6c1f61f35853e1c5f3b3efa81a2e853e24,CONTROLLED_TEST_MUTATION,root_signature_tamper_after_seal,False,True,0.0405,True,0.3531,False,4.1355,EVIDENCE_ROOT_INVALID,b2d83222fe4bab87f393b8e93c8a29f87ac2f8279ebd9de6ca63f25604bbf49f
case-00222,b2c2e913ea62149bc65c8db96b9a10eebd9714f7cc21f29be11daa560267166c,CONTROLLED_TEST_MUTATION,source_type_impersonation,False,True,0.0459,True,0.371,False,4.7294,EVIDENCE_ROLE_SOURCE_NOT_ALLOWED|OPERATOR_EVIDENCE_UNVERIFIED,b2d83222fe4bab87f393b8e93c8a29f87ac2f8279ebd9de6ca63f25604bbf49f
case-00223,fd7a0fbe1f736fb31cf4f0c1d14bcb09d53eadc12e5e45e1c2620b98fa4c5b67,CONTROLLED_TEST_MUTATION,unknown_source,False,True,0.125,True,0.4964,False,4.3545,EVIDENCE_ROLE_SOURCE_NOT_ALLOWED|EVIDENCE_SOURCE_ID_UNKNOWN|EVIDENCE_SOURCE_POLICY_MISSING,b2d83222fe4bab87f393b8e93c8a29f87ac2f8279ebd9de6ca63f25604bbf49f
case-00224,e574dd52a83144a4fda327651ef991285cc7011b78beebddd5faeb7c1f9d5024,CONTROLLED_TEST_MUTATION,wrong_context,False,True,0.0456,True,0.374,False,9.3999,EVIDENCE_CONTEXT_MISMATCH,b2d83222fe4bab87f393b8e93c8a29f87ac2f8279ebd9de6ca63f25604bbf49f
case-00225,9a8cadee2325c11fd84ac0523ef57c34802185f3ec4c9004813b9e05d1a52869,CLEAN_TEST_FIXTURE,none,True,True,0.0472,True,0.3754,True,4.3605,ALL_REQUIRED_EVIDENCE_TRUSTWORTHY,b2d83222fe4bab87f393b8e93c8a29f87ac2f8279ebd9de6ca63f25604bbf49f
case-00226,f81f73398b2bb53be857553885f17c7657aafeeb673fd930e3133fd11d551b04,CLEAN_TEST_FIXTURE,none,True,True,0.0456,True,0.3681,True,8.8647,ALL_REQUIRED_EVIDENCE_TRUSTWORTHY,b2d83222fe4bab87f393b8e93c8a29f87ac2f8279ebd9de6ca63f25604bbf49f
case-00227,95b91788f98fdeea49194ffa2a0c653c42f46ccacda8e071bf72049fde895a6a,CONTROLLED_TEST_MUTATION,unknown_source,False,True,0.0457,True,0.3722,False,8.5347,EVIDENCE_ROLE_SOURCE_NOT_ALLOWED|EVIDENCE_SOURCE_ID_UNKNOWN|EVIDENCE_SOURCE_POLICY_MISSING,b2d83222fe4bab87f393b8e93c8a29f87ac2f8279ebd9de6ca63f25604bbf49f
case-00228,b110aa6b0e472cb1052662c259da8bd0eb4f9443c30269bc82eda5f2c10329b9,CONTROLLED_TEST_MUTATION,expired_import,False,True,0.0604,False,0.3259,False,8.6325,EVIDENCE_STALE,b2d83222fe4bab87f393b8e93c8a29f87ac2f8279ebd9de6ca63f25604bbf49f
case-00229,fdade6d8b4e739cbee9cb3ae300c39fa04b8520e5fe88a21dce5f3c7a471803d,CLEAN_TEST_FIXTURE,none,True,True,0.0432,True,0.3655,True,4.087,ALL_REQUIRED_EVIDENCE_TRUSTWORTHY,b2d83222fe4bab87f393b8e93c8a29f87ac2f8279ebd9de6ca63f25604bbf49f
case-00230,a163aa59bdd5223e6277a4b7b2f7cee9763129d3ed29c2cfc4b2acba5d660b85,CONTROLLED_TEST_MUTATION,root_signature_tamper_after_seal,False,True,0.0436,True,0.3785,False,4.5057,EVIDENCE_ROOT_INVALID,b2d83222fe4bab87f393b8e93c8a29f87ac2f8279ebd9de6ca63f25604bbf49f
case-00231,5d5e4bff333f4a80bdad7217cf79338046b359f2703524c609affe776cf461a6,CONTROLLED_TEST_MUTATION,unavailable_record,False,True,0.0442,False,0.338,False,6.1527,EVIDENCE_LINEAGE_INCOMPLETE|EVIDENCE_UNAVAILABLE,b2d83222fe4bab87f393b8e93c8a29f87ac2f8279ebd9de6ca63f25604bbf49f
case-00232,b6f4abbf10364cb0ccbf0ac0ef58727d219d95dc8f81f789a5cfbe71bfa76a0b,CONTROLLED_TEST_MUTATION,incomplete_payload,False,True,0.0558,False,0.1921,False,4.2977,EVIDENCE_PAYLOAD_INCOMPLETE,b2d83222fe4bab87f393b8e93c8a29f87ac2f8279ebd9de6ca63f25604bbf49f
case-00233,4a4218d76842093058601187fe2bde90843eb88b9b974f05f3b0e22f94d94194,CONTROLLED_TEST_MUTATION,missing_lineage,False,True,0.0438,True,0.3639,False,4.0425,EVIDENCE_LINEAGE_INCOMPLETE,b2d83222fe4bab87f393b8e93c8a29f87ac2f8279ebd9de6ca63f25604bbf49f
case-00234,259d8d5bf28a37a015e24f4e8edfe70a5250de3890f54f3e658b6029c212bf1b,CONTROLLED_TEST_MUTATION,snapshot_score_conflict,False,True,0.0393,True,0.3512,False,4.1529,EVIDENCE_SNAPSHOT_CONFLICT,b2d83222fe4bab87f393b8e93c8a29f87ac2f8279ebd9de6ca63f25604bbf49f
case-00235,5b770b96d28974c98195739733793789ca83afe035bc9ac728301f5fe1def1ae,CONTROLLED_TEST_MUTATION,expired_import,False,True,0.0453,False,0.3096,False,4.4926,EVIDENCE_STALE,b2d83222fe4bab87f393b8e93c8a29f87ac2f8279ebd9de6ca63f25604bbf49f
case-00236,56156e68ae061d7dd183b612e1e0220bdf2c707a58332215d658e5cffeddc57f,CLEAN_TEST_FIXTURE,none,True,True,0.0454,True,0.3572,True,4.3042,ALL_REQUIRED_EVIDENCE_TRUSTWORTHY,b2d83222fe4bab87f393b8e93c8a29f87ac2f8279ebd9de6ca63f25604bbf49f
case-00237,5f6b14e07d0c7a76a490e39601578d5cb513cc5f4178b6cd2e19bd4863bf57b8,CONTROLLED_TEST_MUTATION,excluded_ancestor,False,True,0.0419,True,0.3603,False,4.3441,REQUIRED_INPUT_EXCLUDED,b2d83222fe4bab87f393b8e93c8a29f87ac2f8279ebd9de6ca63f25604bbf49f
case-00238,676c54595bfaab937e5a1fe1c171c3fc39bcaa002c413bb4ad2015ddecc1bd4a,CONTROLLED_TEST_MUTATION,empty_payload,False,False,0.0562,False,0.0338,False,10.3346,EVIDENCE_PAYLOAD_EMPTY|EVIDENCE_PAYLOAD_SCHEMA_INVALID|EVIDENCE_SNAPSHOT_CONFLICT,b2d83222fe4bab87f393b8e93c8a29f87ac2f8279ebd9de6ca63f25604bbf49f
case-00239,3753a23bbc470c9409b9284561aa66841bd1829f5b9fd9fba4ad22f53a538c87,CONTROLLED_TEST_MUTATION,root_signature_tamper_after_seal,False,True,0.0468,True,0.3777,False,4.1036,EVIDENCE_ROOT_INVALID,b2d83222fe4bab87f393b8e93c8a29f87ac2f8279ebd9de6ca63f25604bbf49f
case-00240,396899f89820c02611fda94885bcd4aaad6d8981cb4ffd8124d2c975eb6e681f,CLEAN_TEST_FIXTURE,none,True,True,0.0428,True,0.3585,True,11.7213,ALL_REQUIRED_EVIDENCE_TRUSTWORTHY,b2d83222fe4bab87f393b8e93c8a29f87ac2f8279ebd9de6ca63f25604bbf49f
case-00241,505206c0b96b044d8312ba8724e6db8d44af3ed4849d337afe44758e1f990e0d,CONTROLLED_TEST_MUTATION,unknown_source,False,True,0.0418,True,1.0937,False,7.5113,EVIDENCE_ROLE_SOURCE_NOT_ALLOWED|EVIDENCE_SOURCE_ID_UNKNOWN|EVIDENCE_SOURCE_POLICY_MISSING,b2d83222fe4bab87f393b8e93c8a29f87ac2f8279ebd9de6ca63f25604bbf49f
case-00242,2f5c71d66173dfa12c9b9b922e17e702033a2592ee4582e919b29de67eb12e4d,CONTROLLED_TEST_MUTATION,lineage_cycle,False,True,0.0449,True,0.5056,False,7.4257,EVIDENCE_LINEAGE_INVALID,b2d83222fe4bab87f393b8e93c8a29f87ac2f8279ebd9de6ca63f25604bbf49f
case-00243,473633f84389dc20d6cc28acccc5241d3214a3ed3d7e5c31239279648be5e680,CONTROLLED_TEST_MUTATION,malformed_payload,False,True,0.0459,True,0.3798,False,4.5727,EVIDENCE_PAYLOAD_SCHEMA_INVALID|EVIDENCE_SNAPSHOT_CONFLICT,b2d83222fe4bab87f393b8e93c8a29f87ac2f8279ebd9de6ca63f25604bbf49f
case-00244,0452cdf8cb3840531dc8db51c27abae4671958d7cd17271eec637aaefcde93aa,CONTROLLED_TEST_MUTATION,source_type_impersonation,False,True,0.1682,True,0.4449,False,9.798,EVIDENCE_ROLE_SOURCE_NOT_ALLOWED|OPERATOR_EVIDENCE_UNVERIFIED,b2d83222fe4bab87f393b8e93c8a29f87ac2f8279ebd9de6ca63f25604bbf49f
case-00245,4d9a3907996ae660fb325ed50dbd469b71b3be766ed322355f7595805548d159,CONTROLLED_TEST_MUTATION,wrong_context,False,True,0.0475,True,0.3697,False,4.4099,EVIDENCE_CONTEXT_MISMATCH,b2d83222fe4bab87f393b8e93c8a29f87ac2f8279ebd9de6ca63f25604bbf49f
case-00246,5fbb67d1faed42b531a45411d3d934a40e7badb40d0333b4426e3099aa50d7c5,CONTROLLED_TEST_MUTATION,stale_live_observation,False,True,0.0505,False,0.3747,False,5.1091,EVIDENCE_STALE,b2d83222fe4bab87f393b8e93c8a29f87ac2f8279ebd9de6ca63f25604bbf49f
case-00247,4d418987d1304f552b653f325ae369a3ffd3152733c7455fcd246dd0f0247722,CONTROLLED_TEST_MUTATION,broken_lineage,False,True,0.1307,True,0.5593,False,4.7092,EVIDENCE_LINEAGE_INVALID,b2d83222fe4bab87f393b8e93c8a29f87ac2f8279ebd9de6ca63f25604bbf49f
case-00248,40e3ad7e78d4cd4b7246fc0a5f814abc999ede99976ad799a338edbe75931360,CONTROLLED_TEST_MUTATION,root_signature_tamper_after_seal,False,True,0.0457,True,0.3813,False,5.0624,EVIDENCE_ROOT_INVALID,b2d83222fe4bab87f393b8e93c8a29f87ac2f8279ebd9de6ca63f25604bbf49f
case-00249,17fc709c7f5871ab0e32f642b389548a8b3578bf50ea7454a0a9eb2601c67c49,CONTROLLED_TEST_MUTATION,missing_lineage,False,True,0.0431,True,0.3652,False,19.8097,EVIDENCE_LINEAGE_INCOMPLETE,b2d83222fe4bab87f393b8e93c8a29f87ac2f8279ebd9de6ca63f25604bbf49f
case-00250,a4d642e994752328de33818babe1954ae050c073bd521da966bcad78bdbb12b9,CONTROLLED_TEST_MUTATION,excluded_ancestor,False,True,0.0787,True,0.4237,False,5.6619,REQUIRED_INPUT_EXCLUDED,b2d83222fe4bab87f393b8e93c8a29f87ac2f8279ebd9de6ca63f25604bbf49f
case-00251,52f2c5f3fd8a1e05fbb65bad2e55952f472c664b21b4a12180888697f3ab0335,CONTROLLED_TEST_MUTATION,payload_tamper_after_seal,False,True,0.0426,False,0.0929,False,4.247,CHECKSUM_INVALID|EVIDENCE_ROOT_INVALID|EVIDENCE_SNAPSHOT_CONFLICT|RECORD_ENVELOPE_INVALID,b2d83222fe4bab87f393b8e93c8a29f87ac2f8279ebd9de6ca63f25604bbf49f
case-00252,0e28a70e72832041658075c08af774ba8de6714c224f361b2719e8c2d7a6c494,CONTROLLED_TEST_MUTATION,unavailable_record,False,True,0.0443,False,0.3409,False,6.4666,EVIDENCE_LINEAGE_INCOMPLETE|EVIDENCE_UNAVAILABLE,b2d83222fe4bab87f393b8e93c8a29f87ac2f8279ebd9de6ca63f25604bbf49f
case-00253,5cbc489489b5e08d98c2e915bc9426cceaea6db55e67b1ccd176ce6dc5b54c32,CONTROLLED_TEST_MUTATION,wrong_context,False,True,0.045,True,0.3921,False,7.0152,EVIDENCE_CONTEXT_MISMATCH,b2d83222fe4bab87f393b8e93c8a29f87ac2f8279ebd9de6ca63f25604bbf49f
case-00254,4d2965a892289b497cb68a8c319620cffa025161874a898557e0098cb1de907e,CONTROLLED_TEST_MUTATION,payload_tamper_after_seal,False,True,0.0428,False,0.0926,False,8.7628,CHECKSUM_INVALID|EVIDENCE_ROOT_INVALID|EVIDENCE_SNAPSHOT_CONFLICT|RECORD_ENVELOPE_INVALID,b2d83222fe4bab87f393b8e93c8a29f87ac2f8279ebd9de6ca63f25604bbf49f
case-00255,673b8c1dd143b31ccc40ed4c5ac2b9acab2347ac0522f074b995ea43203dacdd,CONTROLLED_TEST_MUTATION,source_type_impersonation,False,True,0.0438,True,0.3755,False,4.3618,EVIDENCE_ROLE_SOURCE_NOT_ALLOWED|OPERATOR_EVIDENCE_UNVERIFIED,b2d83222fe4bab87f393b8e93c8a29f87ac2f8279ebd9de6ca63f25604bbf49f
case-00256,908733f070075ae2e644a55e25a0a317b2e1bfaf6994894a4d974b7ecbde53ad,CONTROLLED_TEST_MUTATION,expired_import,False,True,0.0429,False,0.3053,False,5.1472,EVIDENCE_STALE,b2d83222fe4bab87f393b8e93c8a29f87ac2f8279ebd9de6ca63f25604bbf49f
case-00257,08ddf8ccddfeef502639532b7378df6054e70c5b35bd6e344d45b89346b91883,CLEAN_TEST_FIXTURE,none,True,True,0.0456,True,0.3692,True,5.323,ALL_REQUIRED_EVIDENCE_TRUSTWORTHY,b2d83222fe4bab87f393b8e93c8a29f87ac2f8279ebd9de6ca63f25604bbf49f
case-00258,f89ceb5a8775be519b9f702e1f7332f2263b086de2b5f0f0b2ddb501ef9582ba,CLEAN_TEST_FIXTURE,none,True,True,0.0525,True,0.4215,True,10.0184,ALL_REQUIRED_EVIDENCE_TRUSTWORTHY,b2d83222fe4bab87f393b8e93c8a29f87ac2f8279ebd9de6ca63f25604bbf49f
case-00259,846bd4b9cc060e910c22b5eb590ff078d19a0bba3c293eb257175e2c2608210c,CONTROLLED_TEST_MUTATION,missing_lineage,False,True,0.0521,True,0.3942,False,5.5645,EVIDENCE_LINEAGE_INCOMPLETE,b2d83222fe4bab87f393b8e93c8a29f87ac2f8279ebd9de6ca63f25604bbf49f
case-00260,52e85e6e999e67392492465c8751c1b637f85548fab171c557f23089d3877d81,CONTROLLED_TEST_MUTATION,role_conflict,False,True,0.0507,True,0.4013,False,5.147,EVIDENCE_ROLE_CONFLICT,b2d83222fe4bab87f393b8e93c8a29f87ac2f8279ebd9de6ca63f25604bbf49f
case-00261,3433af8530a100cb1857b212073db70d2f52bc3060486f2f52ab42693bcc1b19,CONTROLLED_TEST_MUTATION,unavailable_record,False,True,0.0486,False,0.3494,False,4.364,EVIDENCE_LINEAGE_INCOMPLETE|EVIDENCE_UNAVAILABLE,b2d83222fe4bab87f393b8e93c8a29f87ac2f8279ebd9de6ca63f25604bbf49f
case-00262,80e29c0fbadb88e1fa6bad4f23a1b5184f8c8534577e6642b2fb94ef465f4d3b,CONTROLLED_TEST_MUTATION,role_conflict,False,True,0.0499,True,0.6107,False,5.6539,EVIDENCE_ROLE_CONFLICT,b2d83222fe4bab87f393b8e93c8a29f87ac2f8279ebd9de6ca63f25604bbf49f
case-00263,ceb6d9341e37e948143a6ce055c6b259fd32b15d747cc40bcba8adb57691d487,CLEAN_TEST_FIXTURE,none,True,True,0.0421,True,0.3578,True,11.4189,ALL_REQUIRED_EVIDENCE_TRUSTWORTHY,b2d83222fe4bab87f393b8e93c8a29f87ac2f8279ebd9de6ca63f25604bbf49f
case-00264,9b022ac13aeac4795d1ee9e8e96b9837116cb794cefc18084c6033828431b765,CONTROLLED_TEST_MUTATION,root_signature_tamper_after_seal,False,True,0.0484,True,0.3813,False,4.289,EVIDENCE_ROOT_INVALID,b2d83222fe4bab87f393b8e93c8a29f87ac2f8279ebd9de6ca63f25604bbf49f
case-00265,90fbf2df7003d6d436dad1ebf09490c42279987348c82a27b795bca93269b9e3,CLEAN_TEST_FIXTURE,none,True,True,0.0442,True,0.3815,True,4.2272,ALL_REQUIRED_EVIDENCE_TRUSTWORTHY,b2d83222fe4bab87f393b8e93c8a29f87ac2f8279ebd9de6ca63f25604bbf49f
case-00266,63c18e0ee76ec1d258a1bc9577b9accecc202339fbcca82c4d0b8f3b610c743a,CONTROLLED_TEST_MUTATION,root_signature_tamper_after_seal,False,True,0.2471,True,0.4503,False,4.2926,EVIDENCE_ROOT_INVALID,b2d83222fe4bab87f393b8e93c8a29f87ac2f8279ebd9de6ca63f25604bbf49f
case-00267,cf5704761f60d8377d027e34ad590821440f943177d9f505f372835d11c473e6,CLEAN_TEST_FIXTURE,none,True,True,0.0459,True,0.5132,True,13.3336,ALL_REQUIRED_EVIDENCE_TRUSTWORTHY,b2d83222fe4bab87f393b8e93c8a29f87ac2f8279ebd9de6ca63f25604bbf49f
case-00268,11bba17090e42a62b9607a8a13f4fe378e3a9aab607a6f2789ad0ed1583c3d2f,CONTROLLED_TEST_MUTATION,role_conflict,False,True,0.0526,True,0.4258,False,6.6809,EVIDENCE_ROLE_CONFLICT,b2d83222fe4bab87f393b8e93c8a29f87ac2f8279ebd9de6ca63f25604bbf49f
case-00269,059df37b9b55c0cc91705e8db413a72135ed1c86376a76899125aa06f8b697b4,CONTROLLED_TEST_MUTATION,wrong_context,False,True,0.0499,True,0.4029,False,5.446,EVIDENCE_CONTEXT_MISMATCH,b2d83222fe4bab87f393b8e93c8a29f87ac2f8279ebd9de6ca63f25604bbf49f
case-00270,6cdfa7f4975c32999fd5d9af51f96b01c250822d68371c3f396f900b270ffb14,CONTROLLED_TEST_MUTATION,unknown_source,False,True,0.0454,True,0.3648,False,4.1661,EVIDENCE_ROLE_SOURCE_NOT_ALLOWED|EVIDENCE_SOURCE_ID_UNKNOWN|EVIDENCE_SOURCE_POLICY_MISSING,b2d83222fe4bab87f393b8e93c8a29f87ac2f8279ebd9de6ca63f25604bbf49f
case-00271,bbe6e100c1673bbc52cc1df7e050962d26eee570c6e1a55b06e10556ad86e9a7,CLEAN_TEST_FIXTURE,none,True,True,0.0682,True,0.4932,True,4.712,ALL_REQUIRED_EVIDENCE_TRUSTWORTHY,b2d83222fe4bab87f393b8e93c8a29f87ac2f8279ebd9de6ca63f25604bbf49f
case-00272,966384c03faf5ed4ff0c6b69a8b1bc691c0f114a2faee8c4a91663c9fd89013c,CLEAN_TEST_FIXTURE,none,True,True,0.2614,True,1.175,True,8.2308,ALL_REQUIRED_EVIDENCE_TRUSTWORTHY,b2d83222fe4bab87f393b8e93c8a29f87ac2f8279ebd9de6ca63f25604bbf49f
case-00273,1eb1ebc0756f8cae6fe8e5402f5364690d8f687bcbf52552d260990a4889e4e4,CONTROLLED_TEST_MUTATION,wrong_context,False,True,0.0503,True,0.375,False,4.733,EVIDENCE_CONTEXT_MISMATCH,b2d83222fe4bab87f393b8e93c8a29f87ac2f8279ebd9de6ca63f25604bbf49f
case-00274,f015001a267ec78270d1dbb1b2823f71eab5522560181bb2b66063c36ff85b57,CLEAN_TEST_FIXTURE,none,True,True,0.0421,True,0.3689,True,4.0908,ALL_REQUIRED_EVIDENCE_TRUSTWORTHY,b2d83222fe4bab87f393b8e93c8a29f87ac2f8279ebd9de6ca63f25604bbf49f
case-00275,cb62f0925c24f5d5f722658a0fff11e4f5bf94f00cfd2c24a438412a54f5ea2f,CONTROLLED_TEST_MUTATION,payload_tamper_after_seal,False,True,0.04,False,0.1859,False,11.7983,CHECKSUM_INVALID|EVIDENCE_ROOT_INVALID|EVIDENCE_SNAPSHOT_CONFLICT|RECORD_ENVELOPE_INVALID,b2d83222fe4bab87f393b8e93c8a29f87ac2f8279ebd9de6ca63f25604bbf49f
case-00276,dcc57114ec9c0517ab2bff71596cf6c4aaaf06bbd7f6916473e6efb76653c273,CONTROLLED_TEST_MUTATION,missing_direct_role,False,False,0.023,False,0.015,False,4.4768,REQUIRED_ROLE_MISSING,b2d83222fe4bab87f393b8e93c8a29f87ac2f8279ebd9de6ca63f25604bbf49f
case-00277,e75e311292af47dcc79fe19241d10735a5ef916810279f7bf265b5f7b9585ff6,CLEAN_TEST_FIXTURE,none,True,True,0.0485,True,0.3958,True,4.3989,ALL_REQUIRED_EVIDENCE_TRUSTWORTHY,b2d83222fe4bab87f393b8e93c8a29f87ac2f8279ebd9de6ca63f25604bbf49f
case-00278,b8d2fe69c73eb6a62a9d92a9f5ce271f6d0a6289a80d2ac58e0211970f442507,CLEAN_TEST_FIXTURE,none,True,True,0.0445,True,0.3801,True,4.3236,ALL_REQUIRED_EVIDENCE_TRUSTWORTHY,b2d83222fe4bab87f393b8e93c8a29f87ac2f8279ebd9de6ca63f25604bbf49f
case-00279,15ca85ba79b07a0a06dfe1689ba82ccf09a6b279645f337591f81b7c993cebcb,CONTROLLED_TEST_MUTATION,empty_payload,False,False,0.0443,False,0.033,False,4.2771,EVIDENCE_PAYLOAD_EMPTY|EVIDENCE_PAYLOAD_SCHEMA_INVALID|EVIDENCE_SNAPSHOT_CONFLICT,b2d83222fe4bab87f393b8e93c8a29f87ac2f8279ebd9de6ca63f25604bbf49f
case-00280,bafeb82c92f6fabf0d4e3203bb7f297521adb69c9ab8a98106777bbcc219c31a,CONTROLLED_TEST_MUTATION,unknown_source,False,True,0.042,True,0.3555,False,4.027,EVIDENCE_ROLE_SOURCE_NOT_ALLOWED|EVIDENCE_SOURCE_ID_UNKNOWN|EVIDENCE_SOURCE_POLICY_MISSING,b2d83222fe4bab87f393b8e93c8a29f87ac2f8279ebd9de6ca63f25604bbf49f
case-00281,7d2939909000c93331e1c776e9f190baa6dca8ac3e0e261aec4976290ba3097b,CONTROLLED_TEST_MUTATION,unknown_source,False,True,0.0407,True,0.3554,False,4.9118,EVIDENCE_ROLE_SOURCE_NOT_ALLOWED|EVIDENCE_SOURCE_ID_UNKNOWN|EVIDENCE_SOURCE_POLICY_MISSING,b2d83222fe4bab87f393b8e93c8a29f87ac2f8279ebd9de6ca63f25604bbf49f
case-00282,b66a8417fb2e431658e5d5fcc63367f75efa04e5c8e1de394fc7c478b96e0651,CLEAN_TEST_FIXTURE,none,True,True,0.0444,True,0.3704,True,4.0976,ALL_REQUIRED_EVIDENCE_TRUSTWORTHY,b2d83222fe4bab87f393b8e93c8a29f87ac2f8279ebd9de6ca63f25604bbf49f
case-00283,17cc53ec572396a7248433a4e95f0260e710a8ec2d65dd670b12a3bfeebd8c99,CONTROLLED_TEST_MUTATION,unknown_source,False,True,0.0538,True,0.5913,False,6.9981,EVIDENCE_ROLE_SOURCE_NOT_ALLOWED|EVIDENCE_SOURCE_ID_UNKNOWN|EVIDENCE_SOURCE_POLICY_MISSING,b2d83222fe4bab87f393b8e93c8a29f87ac2f8279ebd9de6ca63f25604bbf49f
case-00284,fe1db6946792e043819a6e481cf0406cfcd9af91c9924a18e9a609b809ba8cf4,CONTROLLED_TEST_MUTATION,unavailable_record,False,True,0.0491,False,0.9381,False,7.5514,EVIDENCE_LINEAGE_INCOMPLETE|EVIDENCE_UNAVAILABLE,b2d83222fe4bab87f393b8e93c8a29f87ac2f8279ebd9de6ca63f25604bbf49f
case-00285,56b20fad164d5449689e5d9dd83efbb46565cfc76e692ca030eea2fb9c9bf1a8,CONTROLLED_TEST_MUTATION,empty_payload,False,False,0.05,False,0.0335,False,4.134,EVIDENCE_PAYLOAD_EMPTY|EVIDENCE_PAYLOAD_SCHEMA_INVALID|EVIDENCE_SNAPSHOT_CONFLICT,b2d83222fe4bab87f393b8e93c8a29f87ac2f8279ebd9de6ca63f25604bbf49f
case-00286,e555695c5ce78479db25ebe542b08931f1eeb26ad81098f503aadac13737756a,CONTROLLED_TEST_MUTATION,incomplete_payload,False,True,0.0481,False,0.3259,False,4.2112,EVIDENCE_PAYLOAD_INCOMPLETE,b2d83222fe4bab87f393b8e93c8a29f87ac2f8279ebd9de6ca63f25604bbf49f
case-00287,7df6ba67d9bcb99e3683fbe2c461dfdda6a5f551d11d3787c94539382d54be35,CONTROLLED_TEST_MUTATION,unavailable_record,False,True,0.0729,False,0.3655,False,7.4718,EVIDENCE_LINEAGE_INCOMPLETE|EVIDENCE_UNAVAILABLE,b2d83222fe4bab87f393b8e93c8a29f87ac2f8279ebd9de6ca63f25604bbf49f
case-00288,5153bcdd3f4a61b6c92d13f4b2927c6e6f14ff2b4c116c928de38061d30eed51,CONTROLLED_TEST_MUTATION,missing_lineage,False,True,0.0417,True,0.3551,False,3.9093,EVIDENCE_LINEAGE_INCOMPLETE,b2d83222fe4bab87f393b8e93c8a29f87ac2f8279ebd9de6ca63f25604bbf49f
case-00289,72f382421a7e03f76380907a32d4f9d578ec0cadab02dc749c9b3278686dd401,CONTROLLED_TEST_MUTATION,malformed_payload,False,True,0.048,True,0.3886,False,4.1961,EVIDENCE_PAYLOAD_SCHEMA_INVALID|EVIDENCE_SNAPSHOT_CONFLICT,b2d83222fe4bab87f393b8e93c8a29f87ac2f8279ebd9de6ca63f25604bbf49f
case-00290,6482a22fc6455ad3ef5003e1ba2e970d79aa8fa58a55dd7828d847ddbfc1423d,CONTROLLED_TEST_MUTATION,snapshot_score_conflict,False,True,0.0429,True,0.3692,False,4.1364,EVIDENCE_SNAPSHOT_CONFLICT,b2d83222fe4bab87f393b8e93c8a29f87ac2f8279ebd9de6ca63f25604bbf49f
case-00291,904b0c9f841f6cc1b8139927564aada05a10bd7261af2f34608a8c312e0978d9,CLEAN_TEST_FIXTURE,none,True,True,0.0447,True,0.3686,True,4.082,ALL_REQUIRED_EVIDENCE_TRUSTWORTHY,b2d83222fe4bab87f393b8e93c8a29f87ac2f8279ebd9de6ca63f25604bbf49f
case-00292,aebae3b8fcce9205314928fe25628d5c22dc55a9ded6dba660edc5d9a0f2453a,CONTROLLED_TEST_MUTATION,future_timestamp,False,True,0.0405,False,0.321,False,4.1442,EVIDENCE_FRESHNESS_UNKNOWN|EVIDENCE_TIMESTAMP_IN_FUTURE,b2d83222fe4bab87f393b8e93c8a29f87ac2f8279ebd9de6ca63f25604bbf49f
case-00293,79e84851b36e2f138eac4984f3d634f9fb7e718b28f5d51bb925cd1c266f84e3,CLEAN_TEST_FIXTURE,none,True,True,0.0411,True,0.3572,True,4.1388,ALL_REQUIRED_EVIDENCE_TRUSTWORTHY,b2d83222fe4bab87f393b8e93c8a29f87ac2f8279ebd9de6ca63f25604bbf49f
case-00294,a97728d55cfccc2ef5913f5651fd8ca7908162eca9e5b0dd7bf9e21570d177b2,CONTROLLED_TEST_MUTATION,snapshot_score_conflict,False,True,0.0537,True,0.3895,False,6.4373,EVIDENCE_SNAPSHOT_CONFLICT,b2d83222fe4bab87f393b8e93c8a29f87ac2f8279ebd9de6ca63f25604bbf49f
case-00295,7fa4e8da5842e741ceaa0c7a1ef9cb940b1ee5d6570788adc121819825510cc2,CONTROLLED_TEST_MUTATION,empty_payload,False,False,0.0496,False,0.0426,False,4.2366,EVIDENCE_PAYLOAD_EMPTY|EVIDENCE_PAYLOAD_SCHEMA_INVALID|EVIDENCE_SNAPSHOT_CONFLICT,b2d83222fe4bab87f393b8e93c8a29f87ac2f8279ebd9de6ca63f25604bbf49f
case-00296,341aa3e6f1face1db7a6b714daf66abcfa3268ca39c01b4ea538f1fef6e3e52f,CLEAN_TEST_FIXTURE,none,True,True,0.0599,True,0.4346,True,4.8927,ALL_REQUIRED_EVIDENCE_TRUSTWORTHY,b2d83222fe4bab87f393b8e93c8a29f87ac2f8279ebd9de6ca63f25604bbf49f
case-00297,adf35e47cd34a0217d88acdb86de41b59427ca928fcd763d067db6c140ce2d80,CONTROLLED_TEST_MUTATION,role_conflict,False,True,0.0488,True,0.3896,False,6.7846,EVIDENCE_ROLE_CONFLICT,b2d83222fe4bab87f393b8e93c8a29f87ac2f8279ebd9de6ca63f25604bbf49f
case-00298,db42c2abae682262abe1c62629299624524da051ae619ee750f2677f71f623c1,CONTROLLED_TEST_MUTATION,excluded_ancestor,False,True,0.0478,True,0.3763,False,14.0833,REQUIRED_INPUT_EXCLUDED,b2d83222fe4bab87f393b8e93c8a29f87ac2f8279ebd9de6ca63f25604bbf49f
case-00299,c166a299383d2cd7267f44337698fae6c6d50b3c0a6a54f04045b56b24a32e0b,CONTROLLED_TEST_MUTATION,missing_lineage,False,True,0.0575,True,0.4091,False,4.2317,EVIDENCE_LINEAGE_INCOMPLETE,b2d83222fe4bab87f393b8e93c8a29f87ac2f8279ebd9de6ca63f25604bbf49f
case-00300,8aa8a3cd1b579b77039c674ed22bf8881b049cd37beb4515a9b16c60328c5d2e,CONTROLLED_TEST_MUTATION,missing_direct_role,False,False,0.0285,False,0.0172,False,4.0881,REQUIRED_ROLE_MISSING,b2d83222fe4bab87f393b8e93c8a29f87ac2f8279ebd9de6ca63f25604bbf49f
case-00301,c1cfa4f202b9d5afdd4bc89fc4f22c89ecb1ec297b39764ba8025e2706c42d0a,CONTROLLED_TEST_MUTATION,missing_direct_role,False,False,0.0258,False,0.0161,False,4.2798,REQUIRED_ROLE_MISSING,b2d83222fe4bab87f393b8e93c8a29f87ac2f8279ebd9de6ca63f25604bbf49f
case-00302,fac24c18b22c3040347f9c9a48491c30c844915e882c1ba430383791d4e84864,CONTROLLED_TEST_MUTATION,expired_import,False,True,0.0486,False,0.3747,False,7.0731,EVIDENCE_STALE,b2d83222fe4bab87f393b8e93c8a29f87ac2f8279ebd9de6ca63f25604bbf49f
case-00303,fc9b42ae50de6a6660d2e4082821c191aecfa11113dbf6a6c699b2fa39b4506a,CLEAN_TEST_FIXTURE,none,True,True,0.0447,True,0.3623,True,4.4074,ALL_REQUIRED_EVIDENCE_TRUSTWORTHY,b2d83222fe4bab87f393b8e93c8a29f87ac2f8279ebd9de6ca63f25604bbf49f
case-00304,ce890f475188e70246c303af2451c5779d739981a27823e3d8372dbe8ecbd2ea,CONTROLLED_TEST_MUTATION,malformed_payload,False,True,0.0465,True,0.3685,False,4.3272,EVIDENCE_PAYLOAD_SCHEMA_INVALID|EVIDENCE_SNAPSHOT_CONFLICT,b2d83222fe4bab87f393b8e93c8a29f87ac2f8279ebd9de6ca63f25604bbf49f
case-00305,94b3cf5826c54a39e580840817d8717675f5b5769a2f72b9e15ee843f687f95a,CONTROLLED_TEST_MUTATION,root_signature_tamper_after_seal,False,True,0.0481,True,0.3812,False,9.6358,EVIDENCE_ROOT_INVALID,b2d83222fe4bab87f393b8e93c8a29f87ac2f8279ebd9de6ca63f25604bbf49f
case-00306,f256595fa3166e86094ff3e4355f163a52c9f088358d33a9ef0225e8efd193d8,CLEAN_TEST_FIXTURE,none,True,True,0.0458,True,0.382,True,7.0453,ALL_REQUIRED_EVIDENCE_TRUSTWORTHY,b2d83222fe4bab87f393b8e93c8a29f87ac2f8279ebd9de6ca63f25604bbf49f
case-00307,8fcb3dbd32eb9f7c08c11a3b3636a53362dedd8b083945d62afc3e9693563190,CLEAN_TEST_FIXTURE,none,True,True,0.0423,True,0.36,True,5.3246,ALL_REQUIRED_EVIDENCE_TRUSTWORTHY,b2d83222fe4bab87f393b8e93c8a29f87ac2f8279ebd9de6ca63f25604bbf49f
case-00308,f85afd290488f1c77bc1bfdd021604a66b8d55d3e08d1bba3f42b059eaeccb47,CONTROLLED_TEST_MUTATION,malformed_payload,False,True,0.0419,True,0.3502,False,4.5412,EVIDENCE_PAYLOAD_SCHEMA_INVALID|EVIDENCE_SNAPSHOT_CONFLICT,b2d83222fe4bab87f393b8e93c8a29f87ac2f8279ebd9de6ca63f25604bbf49f
case-00309,8a3397b7565f7b31accd1de2fd902ca8057a3c6064697768470b81158109e796,CONTROLLED_TEST_MUTATION,snapshot_score_conflict,False,True,0.049,True,0.3924,False,17.9123,EVIDENCE_SNAPSHOT_CONFLICT,b2d83222fe4bab87f393b8e93c8a29f87ac2f8279ebd9de6ca63f25604bbf49f
case-00310,033093fd8890f830663e36253b5e5a9ab59dbef91a5efba6c9eb28077c3ff333,CONTROLLED_TEST_MUTATION,expired_import,False,True,0.044,False,4.4733,False,4.4141,EVIDENCE_STALE,b2d83222fe4bab87f393b8e93c8a29f87ac2f8279ebd9de6ca63f25604bbf49f
case-00311,5275bdc9accc15c25efbbb58377f80f1742e4cb68a43aaa827c1c15093b38746,CONTROLLED_TEST_MUTATION,future_timestamp,False,True,0.0467,False,0.341,False,9.9265,EVIDENCE_FRESHNESS_UNKNOWN|EVIDENCE_TIMESTAMP_IN_FUTURE,b2d83222fe4bab87f393b8e93c8a29f87ac2f8279ebd9de6ca63f25604bbf49f
case-00312,6a656523793e2f7c1152bb960f4b9d63c75aa9087278ddfb8fd805445ad77878,CONTROLLED_TEST_MUTATION,expired_import,False,True,0.0429,False,0.303,False,4.672,EVIDENCE_STALE,b2d83222fe4bab87f393b8e93c8a29f87ac2f8279ebd9de6ca63f25604bbf49f
case-00313,b582539a175d335bb9b3257d3be57935997717d4ecfcec90881ee36c83ef0688,CONTROLLED_TEST_MUTATION,missing_direct_role,False,False,0.0342,False,0.2335,False,5.3549,REQUIRED_ROLE_MISSING,b2d83222fe4bab87f393b8e93c8a29f87ac2f8279ebd9de6ca63f25604bbf49f
case-00314,b2aaebf363cf5e0d5348357065419c224735b30951620a51637f62737b03b7cb,CONTROLLED_TEST_MUTATION,unknown_source,False,True,0.051,True,0.3909,False,4.1817,EVIDENCE_ROLE_SOURCE_NOT_ALLOWED|EVIDENCE_SOURCE_ID_UNKNOWN|EVIDENCE_SOURCE_POLICY_MISSING,b2d83222fe4bab87f393b8e93c8a29f87ac2f8279ebd9de6ca63f25604bbf49f
case-00315,397d33589362356598b3e05332dbbd825bc9f56fe3702f316da6e61af44bc2ea,CONTROLLED_TEST_MUTATION,lineage_cycle,False,True,0.0451,True,0.3797,False,6.8227,EVIDENCE_LINEAGE_INVALID,b2d83222fe4bab87f393b8e93c8a29f87ac2f8279ebd9de6ca63f25604bbf49f
case-00316,b41edcc9c8e65c02ec677ef9ac0b0551ee5aa86d22aec6a88669ab4a03c7bc39,CONTROLLED_TEST_MUTATION,unavailable_record,False,True,0.0431,False,0.3313,False,4.1019,EVIDENCE_LINEAGE_INCOMPLETE|EVIDENCE_UNAVAILABLE,b2d83222fe4bab87f393b8e93c8a29f87ac2f8279ebd9de6ca63f25604bbf49f
case-00317,4da209182e3cc4d8e5144084780a561e0a97c3f65b8c1b7e054f082a30e7bf42,CONTROLLED_TEST_MUTATION,unavailable_record,False,True,0.0447,False,0.3288,False,8.6233,EVIDENCE_LINEAGE_INCOMPLETE|EVIDENCE_UNAVAILABLE,b2d83222fe4bab87f393b8e93c8a29f87ac2f8279ebd9de6ca63f25604bbf49f
case-00318,48ec68d2edb0824e32cd9e6b6b46141a35f280b4142b3c74cd6c7e6fc8eca7fc,CONTROLLED_TEST_MUTATION,wrong_context,False,True,0.0547,True,0.3964,False,8.1268,EVIDENCE_CONTEXT_MISMATCH,b2d83222fe4bab87f393b8e93c8a29f87ac2f8279ebd9de6ca63f25604bbf49f
case-00319,f442bb50de3178188c470ff7ee432f551a83d4f9fb42ffbc2dec39d8a66a3cdd,CONTROLLED_TEST_MUTATION,stale_live_observation,False,True,0.044,False,0.3241,False,4.0099,EVIDENCE_STALE,b2d83222fe4bab87f393b8e93c8a29f87ac2f8279ebd9de6ca63f25604bbf49f
case-00320,66100dd2be525b294a24609219f545bb51b50782429baed627717ad661c8e67a,CONTROLLED_TEST_MUTATION,unknown_source,False,True,0.0425,True,0.3618,False,5.7859,EVIDENCE_ROLE_SOURCE_NOT_ALLOWED|EVIDENCE_SOURCE_ID_UNKNOWN|EVIDENCE_SOURCE_POLICY_MISSING,b2d83222fe4bab87f393b8e93c8a29f87ac2f8279ebd9de6ca63f25604bbf49f
case-00321,790ea1d193e72d246c7324bd3ab56c0b45ca2b71ac60816391cfd45fc042675d,CONTROLLED_TEST_MUTATION,malformed_payload,False,True,0.0899,True,0.8733,False,5.2656,EVIDENCE_PAYLOAD_SCHEMA_INVALID|EVIDENCE_SNAPSHOT_CONFLICT,b2d83222fe4bab87f393b8e93c8a29f87ac2f8279ebd9de6ca63f25604bbf49f
case-00322,d5defb2186997c67298a61546ea58ca47777f628d1042c048e85bb4eb0ca6432,CONTROLLED_TEST_MUTATION,malformed_payload,False,True,0.0513,True,0.3691,False,6.3716,EVIDENCE_PAYLOAD_SCHEMA_INVALID|EVIDENCE_SNAPSHOT_CONFLICT,b2d83222fe4bab87f393b8e93c8a29f87ac2f8279ebd9de6ca63f25604bbf49f
case-00323,00103a1f080eac791287a39e3aa66729b17ee4b326bb6c0a4cd559a482e903e7,CONTROLLED_TEST_MUTATION,incomplete_payload,False,True,0.0446,False,0.1754,False,8.3913,EVIDENCE_PAYLOAD_INCOMPLETE,b2d83222fe4bab87f393b8e93c8a29f87ac2f8279ebd9de6ca63f25604bbf49f
case-00324,37769acd3ae132ce1945db9fedbebbdf459f5b75e8e37e7267fd5b3f23c501eb,CONTROLLED_TEST_MUTATION,missing_lineage,False,True,0.0583,True,0.5522,False,11.5127,EVIDENCE_LINEAGE_INCOMPLETE,b2d83222fe4bab87f393b8e93c8a29f87ac2f8279ebd9de6ca63f25604bbf49f
case-00325,acd95384ea44550e08d6ee1ca361b06a2d891d8e32506bd4fcef54e0486d6b2f,CONTROLLED_TEST_MUTATION,payload_tamper_after_seal,False,True,0.0471,False,0.1016,False,8.0881,CHECKSUM_INVALID|EVIDENCE_ROOT_INVALID|EVIDENCE_SNAPSHOT_CONFLICT|RECORD_ENVELOPE_INVALID,b2d83222fe4bab87f393b8e93c8a29f87ac2f8279ebd9de6ca63f25604bbf49f
case-00326,c71e59afdf519eb633e31f70f6fec6294ffdd6e695bd66c49d07cb54891d0d7e,CLEAN_TEST_FIXTURE,none,True,True,0.0468,True,0.4433,True,7.7152,ALL_REQUIRED_EVIDENCE_TRUSTWORTHY,b2d83222fe4bab87f393b8e93c8a29f87ac2f8279ebd9de6ca63f25604bbf49f
case-00327,527d0553ce1aaad0fe683be9da48341f3d008f816d45879bfb14324047cd2d13,CONTROLLED_TEST_MUTATION,broken_lineage,False,True,0.0603,True,0.4653,False,6.3114,EVIDENCE_LINEAGE_INVALID,b2d83222fe4bab87f393b8e93c8a29f87ac2f8279ebd9de6ca63f25604bbf49f
case-00328,8fcdcbdd2615a26a6f6517b281aa4491f723d0a12579c9770aa6ac39e8944bec,CONTROLLED_TEST_MUTATION,missing_lineage,False,True,0.0526,True,0.425,False,4.9666,EVIDENCE_LINEAGE_INCOMPLETE,b2d83222fe4bab87f393b8e93c8a29f87ac2f8279ebd9de6ca63f25604bbf49f
case-00329,9562bf91af15396b01bc488e185221a1d425e135904c33563ba8029b3f0230d5,CONTROLLED_TEST_MUTATION,root_signature_tamper_after_seal,False,True,0.0472,True,0.3856,False,5.9815,EVIDENCE_ROOT_INVALID,b2d83222fe4bab87f393b8e93c8a29f87ac2f8279ebd9de6ca63f25604bbf49f
case-00330,af5ddc75584b1576cd95926d3855748e07d0c29e27bf556bcb5338760cd94344,CONTROLLED_TEST_MUTATION,malformed_payload,False,True,0.0435,True,0.4636,False,4.5241,EVIDENCE_PAYLOAD_SCHEMA_INVALID|EVIDENCE_SNAPSHOT_CONFLICT,b2d83222fe4bab87f393b8e93c8a29f87ac2f8279ebd9de6ca63f25604bbf49f
case-00331,123ee8b6a660eaa42859293a93afb0eb9516c4dd6380e0eb2fe34a709e98c646,CONTROLLED_TEST_MUTATION,future_timestamp,False,True,0.045,False,1.1455,False,8.0622,EVIDENCE_FRESHNESS_UNKNOWN|EVIDENCE_TIMESTAMP_IN_FUTURE,b2d83222fe4bab87f393b8e93c8a29f87ac2f8279ebd9de6ca63f25604bbf49f
case-00332,78e6d501a1553ec03f089d26e5a21ec295ad63f17c7b4a8f0e11d958d0504be4,CONTROLLED_TEST_MUTATION,stale_live_observation,False,True,0.0474,False,0.4269,False,5.1174,EVIDENCE_STALE,b2d83222fe4bab87f393b8e93c8a29f87ac2f8279ebd9de6ca63f25604bbf49f
case-00333,3aa56a3e0b7ab4413281b856c7e053986e3d3e6307894889636fbef5ebc7be90,CONTROLLED_TEST_MUTATION,source_type_impersonation,False,True,0.048,True,0.3803,False,4.4699,EVIDENCE_ROLE_SOURCE_NOT_ALLOWED|OPERATOR_EVIDENCE_UNVERIFIED,b2d83222fe4bab87f393b8e93c8a29f87ac2f8279ebd9de6ca63f25604bbf49f
case-00334,9c776214d3dda3acfc1320312faf4a377825d41557e6acaf541a3e9abb6174c8,CONTROLLED_TEST_MUTATION,unknown_source,False,True,0.0585,True,0.4263,False,13.8551,EVIDENCE_ROLE_SOURCE_NOT_ALLOWED|EVIDENCE_SOURCE_ID_UNKNOWN|EVIDENCE_SOURCE_POLICY_MISSING,b2d83222fe4bab87f393b8e93c8a29f87ac2f8279ebd9de6ca63f25604bbf49f
case-00335,1811ee024f8ec5af7d83930eefbbd5634614700f313db91a5489901ae3c35024,CONTROLLED_TEST_MUTATION,malformed_payload,False,True,0.0457,True,0.3721,False,6.6044,EVIDENCE_PAYLOAD_SCHEMA_INVALID|EVIDENCE_SNAPSHOT_CONFLICT,b2d83222fe4bab87f393b8e93c8a29f87ac2f8279ebd9de6ca63f25604bbf49f
case-00336,11cd0c4e5327e4c6dc293e0b9b85b5ae291e38dc5a6737261e0467044203bd21,CONTROLLED_TEST_MUTATION,unknown_source,False,True,0.0434,True,6.6096,False,5.9824,EVIDENCE_ROLE_SOURCE_NOT_ALLOWED|EVIDENCE_SOURCE_ID_UNKNOWN|EVIDENCE_SOURCE_POLICY_MISSING,b2d83222fe4bab87f393b8e93c8a29f87ac2f8279ebd9de6ca63f25604bbf49f
case-00337,35ccebe81cc39052e332d879ade5fcb66ce09511bf43c34632773e6059e523b6,CONTROLLED_TEST_MUTATION,snapshot_score_conflict,False,True,0.0463,True,0.4043,False,5.0264,EVIDENCE_SNAPSHOT_CONFLICT,b2d83222fe4bab87f393b8e93c8a29f87ac2f8279ebd9de6ca63f25604bbf49f
case-00338,1750ae1269ce99cf1d40b709ab2d59af1873ddfd665b3d2d8be8e49209154ca0,CONTROLLED_TEST_MUTATION,missing_lineage,False,True,0.0521,True,0.634,False,5.7347,EVIDENCE_LINEAGE_INCOMPLETE,b2d83222fe4bab87f393b8e93c8a29f87ac2f8279ebd9de6ca63f25604bbf49f
case-00339,9f669e2e6ae00852c47e0e6119c4d95e03bbab3ccdb2a444ef6399366c10e055,CLEAN_TEST_FIXTURE,none,True,True,0.0462,True,0.4157,True,5.2169,ALL_REQUIRED_EVIDENCE_TRUSTWORTHY,b2d83222fe4bab87f393b8e93c8a29f87ac2f8279ebd9de6ca63f25604bbf49f
case-00340,b2d1d465a760202950a1fc28279c3a07c70b45bec15a6ac4fc0580e4db66ede5,CONTROLLED_TEST_MUTATION,unknown_source,False,True,0.05,True,0.4069,False,5.2627,EVIDENCE_ROLE_SOURCE_NOT_ALLOWED|EVIDENCE_SOURCE_ID_UNKNOWN|EVIDENCE_SOURCE_POLICY_MISSING,b2d83222fe4bab87f393b8e93c8a29f87ac2f8279ebd9de6ca63f25604bbf49f
case-00341,26488f85fbf4bd14022392f9e4efe951d79742e45c47937748f22cd3ecfdaf4d,CLEAN_TEST_FIXTURE,none,True,True,0.0535,True,0.4124,True,11.8674,ALL_REQUIRED_EVIDENCE_TRUSTWORTHY,b2d83222fe4bab87f393b8e93c8a29f87ac2f8279ebd9de6ca63f25604bbf49f
case-00342,669da41a2b81d3a511614582b5cbf51d5f178b753c51011e9c4e9d1937e394eb,CONTROLLED_TEST_MUTATION,expired_import,False,True,0.048,False,0.3372,False,7.2525,EVIDENCE_STALE,b2d83222fe4bab87f393b8e93c8a29f87ac2f8279ebd9de6ca63f25604bbf49f
case-00343,9b2baad6d20539ba5f20a742f9e4b538d0c42103471d72fd6ab683adab678660,CONTROLLED_TEST_MUTATION,empty_payload,False,False,0.0492,False,0.0318,False,5.6014,EVIDENCE_PAYLOAD_EMPTY|EVIDENCE_PAYLOAD_SCHEMA_INVALID|EVIDENCE_SNAPSHOT_CONFLICT,b2d83222fe4bab87f393b8e93c8a29f87ac2f8279ebd9de6ca63f25604bbf49f
case-00344,5500d483653335a6f5a26695400dc559cb1db1e3c323e965e79018ffa8e30db8,CONTROLLED_TEST_MUTATION,malformed_payload,False,True,0.0457,True,0.3599,False,5.0296,EVIDENCE_PAYLOAD_SCHEMA_INVALID|EVIDENCE_SNAPSHOT_CONFLICT,b2d83222fe4bab87f393b8e93c8a29f87ac2f8279ebd9de6ca63f25604bbf49f
case-00345,72a418187e904e8f3d9552c42c55d1e03f72d5f4d51a9b6c2ccf9351a8189f60,CONTROLLED_TEST_MUTATION,root_signature_tamper_after_seal,False,True,0.0623,True,0.8131,False,4.6007,EVIDENCE_ROOT_INVALID,b2d83222fe4bab87f393b8e93c8a29f87ac2f8279ebd9de6ca63f25604bbf49f
case-00346,bd1042a09a7ea225063f689b45d6d172cc7ce6738658409a097a40e2e690bd69,CONTROLLED_TEST_MUTATION,missing_direct_role,False,False,0.0254,False,0.0151,False,4.2387,REQUIRED_ROLE_MISSING,b2d83222fe4bab87f393b8e93c8a29f87ac2f8279ebd9de6ca63f25604bbf49f
case-00347,70e7b6453b6ce6eb4e22a5bc7f965bb997460c9e8d078b1bea7111c1a08ab5e5,CLEAN_TEST_FIXTURE,none,True,True,0.0756,True,0.4296,True,6.4087,ALL_REQUIRED_EVIDENCE_TRUSTWORTHY,b2d83222fe4bab87f393b8e93c8a29f87ac2f8279ebd9de6ca63f25604bbf49f
case-00348,4ce3cd47ed0f62544343c2c346579be61f9726296452f1aaddd44e2ecc0f2961,CONTROLLED_TEST_MUTATION,future_timestamp,False,True,0.0465,False,0.6186,False,16.3592,EVIDENCE_FRESHNESS_UNKNOWN|EVIDENCE_TIMESTAMP_IN_FUTURE,b2d83222fe4bab87f393b8e93c8a29f87ac2f8279ebd9de6ca63f25604bbf49f
case-00349,2ef8c65797c2d68461fbb752d23b2e437224fc4ddc40941093253ec572521426,CONTROLLED_TEST_MUTATION,future_timestamp,False,True,0.047,False,0.3601,False,15.4647,EVIDENCE_FRESHNESS_UNKNOWN|EVIDENCE_TIMESTAMP_IN_FUTURE,b2d83222fe4bab87f393b8e93c8a29f87ac2f8279ebd9de6ca63f25604bbf49f
case-00350,e1c8d3ea0f7aabb9d105d5114eb631c0b800426b053b430f391cadd680b28029,CONTROLLED_TEST_MUTATION,root_signature_tamper_after_seal,False,True,0.0529,True,1.4576,False,15.8411,EVIDENCE_ROOT_INVALID,b2d83222fe4bab87f393b8e93c8a29f87ac2f8279ebd9de6ca63f25604bbf49f
case-00351,3993a02739650067df2f89eabfa227bb10d9efeb1551462204ed56b40688f5fb,CONTROLLED_TEST_MUTATION,role_conflict,False,True,0.0471,True,0.3898,False,8.2337,EVIDENCE_ROLE_CONFLICT,b2d83222fe4bab87f393b8e93c8a29f87ac2f8279ebd9de6ca63f25604bbf49f
case-00352,ccc84a7a440a457d2fa82b45b3ec62b2c9bac6391d6b0007fdb9914301a58fc8,CONTROLLED_TEST_MUTATION,excluded_ancestor,False,True,0.068,True,0.5572,False,4.6265,REQUIRED_INPUT_EXCLUDED,b2d83222fe4bab87f393b8e93c8a29f87ac2f8279ebd9de6ca63f25604bbf49f
case-00353,8b7809ff627536222eff76b682205f3240fad223f2f1b7fad4576c7f8a157590,CONTROLLED_TEST_MUTATION,future_timestamp,False,True,0.0676,False,0.4402,False,7.8911,EVIDENCE_FRESHNESS_UNKNOWN|EVIDENCE_TIMESTAMP_IN_FUTURE,b2d83222fe4bab87f393b8e93c8a29f87ac2f8279ebd9de6ca63f25604bbf49f
case-00354,adeee12a0d4b903b8a0cedbebff7e3ea2655a08220fb9eff67fa3c2813ac0aff,CONTROLLED_TEST_MUTATION,stale_live_observation,False,True,0.0525,False,0.3782,False,13.8214,EVIDENCE_STALE,b2d83222fe4bab87f393b8e93c8a29f87ac2f8279ebd9de6ca63f25604bbf49f
case-00355,11ffd13ec8f3ebabfbfcd1a234d41d9b2445bf84cd7dba827337fc74bb0c1636,CONTROLLED_TEST_MUTATION,missing_lineage,False,True,0.0482,True,0.3848,False,10.5201,EVIDENCE_LINEAGE_INCOMPLETE,b2d83222fe4bab87f393b8e93c8a29f87ac2f8279ebd9de6ca63f25604bbf49f
case-00356,0d6fd208a2dabfcb75ed49f657ff05096c69e85999b7180a3c429856b97cc33b,CONTROLLED_TEST_MUTATION,broken_lineage,False,True,0.0553,True,0.4909,False,17.172,EVIDENCE_LINEAGE_INVALID,b2d83222fe4bab87f393b8e93c8a29f87ac2f8279ebd9de6ca63f25604bbf49f
case-00357,f576638c766a32a28d9333f07b1353c717edc043783a56b9dfd987ea2e6fa32d,CONTROLLED_TEST_MUTATION,unknown_source,False,True,0.1022,True,0.4615,False,4.442,EVIDENCE_ROLE_SOURCE_NOT_ALLOWED|EVIDENCE_SOURCE_ID_UNKNOWN|EVIDENCE_SOURCE_POLICY_MISSING,b2d83222fe4bab87f393b8e93c8a29f87ac2f8279ebd9de6ca63f25604bbf49f
case-00358,229eeb8de0eaea63a35fe99fae1126ae38fe2579b53713236a92010139354a27,CONTROLLED_TEST_MUTATION,broken_lineage,False,True,0.097,True,1.5846,False,4.8398,EVIDENCE_LINEAGE_INVALID,b2d83222fe4bab87f393b8e93c8a29f87ac2f8279ebd9de6ca63f25604bbf49f
case-00359,ed29dfc9a92419fbef89097a1fc1ef9c2d7d0280e8d4623791aa4ff1efbba763,CONTROLLED_TEST_MUTATION,snapshot_score_conflict,False,True,0.0428,True,0.7375,False,10.5647,EVIDENCE_SNAPSHOT_CONFLICT,b2d83222fe4bab87f393b8e93c8a29f87ac2f8279ebd9de6ca63f25604bbf49f
case-00360,4f7a81186ca0c2f8b3127e8ac236089d634c88b44fabb75ebc1441b105b9aa64,CONTROLLED_TEST_MUTATION,root_signature_tamper_after_seal,False,True,0.0523,True,0.374,False,6.1997,EVIDENCE_ROOT_INVALID,b2d83222fe4bab87f393b8e93c8a29f87ac2f8279ebd9de6ca63f25604bbf49f
case-00361,acdc45d98654a7ab26d97495e2fd735056b1eb72ebd238450fb7745fc082f412,CONTROLLED_TEST_MUTATION,missing_lineage,False,True,0.0598,True,0.4246,False,8.2042,EVIDENCE_LINEAGE_INCOMPLETE,b2d83222fe4bab87f393b8e93c8a29f87ac2f8279ebd9de6ca63f25604bbf49f
case-00362,8df7f0f96eee6652cc10f629c08f57f8119866033591b462ab58f1c0457051db,CONTROLLED_TEST_MUTATION,future_timestamp,False,True,0.043,False,0.3283,False,8.8779,EVIDENCE_FRESHNESS_UNKNOWN|EVIDENCE_TIMESTAMP_IN_FUTURE,b2d83222fe4bab87f393b8e93c8a29f87ac2f8279ebd9de6ca63f25604bbf49f
case-00363,266acff4f3a9859a52e7dd53e75f5d382980cdee50abd31b54dc2b39b0a5e792,CONTROLLED_TEST_MUTATION,empty_payload,False,False,0.0519,False,0.0352,False,4.4169,EVIDENCE_PAYLOAD_EMPTY|EVIDENCE_PAYLOAD_SCHEMA_INVALID|EVIDENCE_SNAPSHOT_CONFLICT,b2d83222fe4bab87f393b8e93c8a29f87ac2f8279ebd9de6ca63f25604bbf49f
case-00364,8878ce98a03e0d15e26d14b77dd3b6b4475d3be4a35c7506a8fe3844db45ed15,CONTROLLED_TEST_MUTATION,excluded_ancestor,False,True,0.0537,True,0.3991,False,4.6873,REQUIRED_INPUT_EXCLUDED,b2d83222fe4bab87f393b8e93c8a29f87ac2f8279ebd9de6ca63f25604bbf49f
case-00365,3ef3b0ebcb80441afdffbfae960deb530e467eb287f25829e982caeacd574d1e,CLEAN_TEST_FIXTURE,none,True,True,0.0465,True,0.3898,True,5.9034,ALL_REQUIRED_EVIDENCE_TRUSTWORTHY,b2d83222fe4bab87f393b8e93c8a29f87ac2f8279ebd9de6ca63f25604bbf49f
case-00366,1205bb8d16669e61f14b05263f4dd13373f468952639a832ebd9c782075a4636,CLEAN_TEST_FIXTURE,none,True,True,0.0502,True,0.387,True,6.6506,ALL_REQUIRED_EVIDENCE_TRUSTWORTHY,b2d83222fe4bab87f393b8e93c8a29f87ac2f8279ebd9de6ca63f25604bbf49f
case-00367,9328f93013e279238b7ecfe709ca924bf16e19940effdd202bbccac557bf33f6,CONTROLLED_TEST_MUTATION,empty_payload,False,False,0.0568,False,0.0358,False,4.6174,EVIDENCE_PAYLOAD_EMPTY|EVIDENCE_PAYLOAD_SCHEMA_INVALID|EVIDENCE_SNAPSHOT_CONFLICT,b2d83222fe4bab87f393b8e93c8a29f87ac2f8279ebd9de6ca63f25604bbf49f
case-00368,3f00677776f97f63a4d56942968e07cb03ee71b7e7f5bf9103095c882d21eff5,CONTROLLED_TEST_MUTATION,snapshot_score_conflict,False,True,0.0555,True,0.3932,False,4.403,EVIDENCE_SNAPSHOT_CONFLICT,b2d83222fe4bab87f393b8e93c8a29f87ac2f8279ebd9de6ca63f25604bbf49f
case-00369,28bb1b65da19d8f9e18faf016203c498dadedbdb1335c3d1e29c76ab49e6c1af,CONTROLLED_TEST_MUTATION,stale_live_observation,False,True,0.0513,False,0.3731,False,4.4389,EVIDENCE_STALE,b2d83222fe4bab87f393b8e93c8a29f87ac2f8279ebd9de6ca63f25604bbf49f
case-00370,23f7ab0d345cf70323b21014f0a8198922b7a564d86d0fba51aa15871c16687b,CONTROLLED_TEST_MUTATION,role_conflict,False,True,0.0464,True,3.0079,False,4.9014,EVIDENCE_ROLE_CONFLICT,b2d83222fe4bab87f393b8e93c8a29f87ac2f8279ebd9de6ca63f25604bbf49f
case-00371,92b9d6d781d9826af1463973fea5dd8c16f889aefdce194a279925d2b674a703,CLEAN_TEST_FIXTURE,none,True,True,0.0446,True,0.3757,True,4.8645,ALL_REQUIRED_EVIDENCE_TRUSTWORTHY,b2d83222fe4bab87f393b8e93c8a29f87ac2f8279ebd9de6ca63f25604bbf49f
case-00372,1cab581c8d19f0089d89f7971a558498991ffc37969bce31ee31dfd3dde70425,CONTROLLED_TEST_MUTATION,malformed_payload,False,True,0.0518,True,0.3754,False,4.2833,EVIDENCE_PAYLOAD_SCHEMA_INVALID|EVIDENCE_SNAPSHOT_CONFLICT,b2d83222fe4bab87f393b8e93c8a29f87ac2f8279ebd9de6ca63f25604bbf49f
case-00373,d30ac3594a7269134583fca0ae4467a2d873d8b7049ce96da0e5f6c37db53dd9,CONTROLLED_TEST_MUTATION,expired_import,False,True,0.0532,False,0.414,False,5.7291,EVIDENCE_STALE,b2d83222fe4bab87f393b8e93c8a29f87ac2f8279ebd9de6ca63f25604bbf49f
case-00374,67c0346ef820f7683958fc8a4ec35694f8be0610cd9b7b30ae2b08f5a27aee70,CLEAN_TEST_FIXTURE,none,True,True,0.065,True,0.4819,True,5.7094,ALL_REQUIRED_EVIDENCE_TRUSTWORTHY,b2d83222fe4bab87f393b8e93c8a29f87ac2f8279ebd9de6ca63f25604bbf49f
case-00375,17b2a47482bbb9517dfef6b6801125fa8e7c8c3f0168b228a5eeeecf67f22d98,CONTROLLED_TEST_MUTATION,expired_import,False,True,0.0678,False,0.3557,False,5.1483,EVIDENCE_STALE,b2d83222fe4bab87f393b8e93c8a29f87ac2f8279ebd9de6ca63f25604bbf49f
case-00376,b69b86b4c42ebb82b2453550941b390ad73456e039d77a3bf8478b1aa8b36252,CLEAN_TEST_FIXTURE,none,True,True,0.0484,True,0.3926,True,4.6837,ALL_REQUIRED_EVIDENCE_TRUSTWORTHY,b2d83222fe4bab87f393b8e93c8a29f87ac2f8279ebd9de6ca63f25604bbf49f
case-00377,efd2cc20311a4cbd47dfe127f5ef19c8a94fd3b8ab296d055609f65e3ff99981,CONTROLLED_TEST_MUTATION,lineage_cycle,False,True,0.051,True,0.423,False,4.7138,EVIDENCE_LINEAGE_INVALID,b2d83222fe4bab87f393b8e93c8a29f87ac2f8279ebd9de6ca63f25604bbf49f
case-00378,506927bc009ea0be07af1bfad335f78dfa05becf3bdfa290cf7e38a604c350ab,CLEAN_TEST_FIXTURE,none,True,True,0.0858,True,0.4921,True,7.9321,ALL_REQUIRED_EVIDENCE_TRUSTWORTHY,b2d83222fe4bab87f393b8e93c8a29f87ac2f8279ebd9de6ca63f25604bbf49f
case-00379,51bc964ffd62b6cac85715eea0725334769812833c3de6ec1c6e9060dfba2f0c,CONTROLLED_TEST_MUTATION,source_type_impersonation,False,True,0.0493,True,0.3882,False,4.3045,EVIDENCE_ROLE_SOURCE_NOT_ALLOWED|OPERATOR_EVIDENCE_UNVERIFIED,b2d83222fe4bab87f393b8e93c8a29f87ac2f8279ebd9de6ca63f25604bbf49f
case-00380,e0a7799558e6e0730229a6ce3415a57da21902303cfd7cb335f42b7e44905a05,CONTROLLED_TEST_MUTATION,broken_lineage,False,True,0.0517,True,0.6095,False,4.587,EVIDENCE_LINEAGE_INVALID,b2d83222fe4bab87f393b8e93c8a29f87ac2f8279ebd9de6ca63f25604bbf49f
case-00381,32b54478f99c4ad0fd878996b246448d9a045ff7ca59b7a7ed934776508a14cd,CLEAN_TEST_FIXTURE,none,True,True,0.0426,True,0.3642,True,6.1756,ALL_REQUIRED_EVIDENCE_TRUSTWORTHY,b2d83222fe4bab87f393b8e93c8a29f87ac2f8279ebd9de6ca63f25604bbf49f
case-00382,804eb467976d053a951e77d400283643c36bd9ddce08e01d94265c2fb420c368,CONTROLLED_TEST_MUTATION,stale_live_observation,False,True,0.0437,False,0.3304,False,4.2952,EVIDENCE_STALE,b2d83222fe4bab87f393b8e93c8a29f87ac2f8279ebd9de6ca63f25604bbf49f
case-00383,94c197080d92e63d6601d112e61f7472649c50e29c96cfae881505d5e6714412,CONTROLLED_TEST_MUTATION,wrong_context,False,True,0.0437,True,0.3644,False,4.0857,EVIDENCE_CONTEXT_MISMATCH,b2d83222fe4bab87f393b8e93c8a29f87ac2f8279ebd9de6ca63f25604bbf49f
case-00384,30931db6b4bc1935805505e53c5ffa3db8f2c3c72fe39b79ebcc37fe45069df9,CONTROLLED_TEST_MUTATION,broken_lineage,False,True,0.0538,True,0.3791,False,4.2041,EVIDENCE_LINEAGE_INVALID,b2d83222fe4bab87f393b8e93c8a29f87ac2f8279ebd9de6ca63f25604bbf49f
case-00385,96376620d385cf790785b783c16521adcb41fc8ed99c5323370b44345600603b,CLEAN_TEST_FIXTURE,none,True,True,0.0506,True,0.4001,True,4.2328,ALL_REQUIRED_EVIDENCE_TRUSTWORTHY,b2d83222fe4bab87f393b8e93c8a29f87ac2f8279ebd9de6ca63f25604bbf49f
case-00386,e69af9f405e6ffedb819440462a93ea36472196abda2dc69130b2899f86649a5,CONTROLLED_TEST_MUTATION,future_timestamp,False,True,0.0455,False,0.3518,False,4.2598,EVIDENCE_FRESHNESS_UNKNOWN|EVIDENCE_TIMESTAMP_IN_FUTURE,b2d83222fe4bab87f393b8e93c8a29f87ac2f8279ebd9de6ca63f25604bbf49f
case-00387,7beac9ebab31f95560e0c3791b66ef36e4695eb163d4f075c0bc29864291a98c,CONTROLLED_TEST_MUTATION,expired_import,False,True,0.0447,False,0.3132,False,4.239,EVIDENCE_STALE,b2d83222fe4bab87f393b8e93c8a29f87ac2f8279ebd9de6ca63f25604bbf49f
case-00388,147d53fb728b6e341368365f79622ecd05210bd2952947958d6019587d1b8257,CONTROLLED_TEST_MUTATION,payload_tamper_after_seal,False,True,0.0429,False,0.0954,False,4.1608,CHECKSUM_INVALID|EVIDENCE_ROOT_INVALID|EVIDENCE_SNAPSHOT_CONFLICT|RECORD_ENVELOPE_INVALID,b2d83222fe4bab87f393b8e93c8a29f87ac2f8279ebd9de6ca63f25604bbf49f
case-00389,e52e0d8f2510280cadb850b36f8666e233193dd82ea1300831022e1d4ca44e36,CONTROLLED_TEST_MUTATION,source_type_impersonation,False,True,0.0515,True,0.4079,False,4.1371,EVIDENCE_ROLE_SOURCE_NOT_ALLOWED|OPERATOR_EVIDENCE_UNVERIFIED,b2d83222fe4bab87f393b8e93c8a29f87ac2f8279ebd9de6ca63f25604bbf49f
case-00390,160559f45b8e9992ae5b72a959e8e60302b9e2d494bff5649cfd9fe08920cd00,CONTROLLED_TEST_MUTATION,excluded_ancestor,False,True,0.0412,True,0.3576,False,6.8594,REQUIRED_INPUT_EXCLUDED,b2d83222fe4bab87f393b8e93c8a29f87ac2f8279ebd9de6ca63f25604bbf49f
case-00391,db5ee75192c820a39943c3bc1d73f61b9530d3efd0c30b4d2cb4d163a44fbac2,CONTROLLED_TEST_MUTATION,future_timestamp,False,True,0.0417,False,0.327,False,4.4781,EVIDENCE_FRESHNESS_UNKNOWN|EVIDENCE_TIMESTAMP_IN_FUTURE,b2d83222fe4bab87f393b8e93c8a29f87ac2f8279ebd9de6ca63f25604bbf49f
case-00392,dc678f994b1a72bc57b0cb12ef1dd7e44330f8e4dff686b038364cd42b425e97,CONTROLLED_TEST_MUTATION,unavailable_record,False,True,0.0423,False,0.3383,False,4.1272,EVIDENCE_LINEAGE_INCOMPLETE|EVIDENCE_UNAVAILABLE,b2d83222fe4bab87f393b8e93c8a29f87ac2f8279ebd9de6ca63f25604bbf49f
case-00393,182067e91367c3f67cd8c18075c711e880320300ac078f58e7884157adc20d91,CONTROLLED_TEST_MUTATION,snapshot_score_conflict,False,True,0.043,True,0.3632,False,6.1821,EVIDENCE_SNAPSHOT_CONFLICT,b2d83222fe4bab87f393b8e93c8a29f87ac2f8279ebd9de6ca63f25604bbf49f
case-00394,2003eb95e0c3b2ddc6a9e3835bfc3e70df4067bd88e27cba7da9cd35a056655b,CONTROLLED_TEST_MUTATION,broken_lineage,False,True,0.0427,True,0.363,False,4.4188,EVIDENCE_LINEAGE_INVALID,b2d83222fe4bab87f393b8e93c8a29f87ac2f8279ebd9de6ca63f25604bbf49f
case-00395,a97a95803266c7153767eb7a7b6504d83dd8351ac890ef011eaf2a1e9112958a,CONTROLLED_TEST_MUTATION,root_signature_tamper_after_seal,False,True,0.0689,True,0.3889,False,4.278,EVIDENCE_ROOT_INVALID,b2d83222fe4bab87f393b8e93c8a29f87ac2f8279ebd9de6ca63f25604bbf49f
case-00396,07476a95e2bc495340606b7c0e4e06a0d3bc5a6684ae06acb648857cf726d113,CONTROLLED_TEST_MUTATION,unavailable_record,False,True,0.0457,False,0.3457,False,9.1757,EVIDENCE_LINEAGE_INCOMPLETE|EVIDENCE_UNAVAILABLE,b2d83222fe4bab87f393b8e93c8a29f87ac2f8279ebd9de6ca63f25604bbf49f
case-00397,34919cbfc5304918ba258532faf4c9685dcb3dcbc1b059eb5eb50b4b0d548517,CONTROLLED_TEST_MUTATION,malformed_payload,False,True,0.0494,True,0.4543,False,4.2553,EVIDENCE_PAYLOAD_SCHEMA_INVALID|EVIDENCE_SNAPSHOT_CONFLICT,b2d83222fe4bab87f393b8e93c8a29f87ac2f8279ebd9de6ca63f25604bbf49f
case-00398,719de43f5004b67cdaa553e46723241331bb7fb8b92149a5a11120a281fd431a,CONTROLLED_TEST_MUTATION,stale_live_observation,False,True,0.0493,False,0.4001,False,4.8454,EVIDENCE_STALE,b2d83222fe4bab87f393b8e93c8a29f87ac2f8279ebd9de6ca63f25604bbf49f
case-00399,9e3ebf58f11d1a44295229066ae25d7f4e3ddd952c7671c00e5247aefdc63624,CONTROLLED_TEST_MUTATION,root_signature_tamper_after_seal,False,True,0.0529,True,0.4075,False,10.5929,EVIDENCE_ROOT_INVALID,b2d83222fe4bab87f393b8e93c8a29f87ac2f8279ebd9de6ca63f25604bbf49f
case-00400,0fffea28d9b98df4d96609f869d305deb1e468f6a99ba53f086ec4f667455949,CONTROLLED_TEST_MUTATION,stale_live_observation,False,True,0.0503,False,0.3458,False,4.7974,EVIDENCE_STALE,b2d83222fe4bab87f393b8e93c8a29f87ac2f8279ebd9de6ca63f25604bbf49f
case-00401,45b3601886c54d17c13a02ae093e98e8bac2d18d87404497f36275465ddb118b,CONTROLLED_TEST_MUTATION,missing_direct_role,False,False,0.0237,False,0.0156,False,3.8094,REQUIRED_ROLE_MISSING,b2d83222fe4bab87f393b8e93c8a29f87ac2f8279ebd9de6ca63f25604bbf49f
case-00402,f6e24913662349d878f2291ab8651b7df2b1a20812b336041a60be8b86022a3f,CONTROLLED_TEST_MUTATION,expired_import,False,True,0.0424,False,0.3053,False,5.2912,EVIDENCE_STALE,b2d83222fe4bab87f393b8e93c8a29f87ac2f8279ebd9de6ca63f25604bbf49f
case-00403,94aafb8613d77fc1361b8ec94517f251a729739a997363f0b96afb6ed88bf288,CLEAN_TEST_FIXTURE,none,True,True,0.0571,True,0.567,True,17.7493,ALL_REQUIRED_EVIDENCE_TRUSTWORTHY,b2d83222fe4bab87f393b8e93c8a29f87ac2f8279ebd9de6ca63f25604bbf49f
case-00404,7d4ad3d8a69126878c720d978220d93f9321b9b46728025ab8e50018df4f07ad,CONTROLLED_TEST_MUTATION,broken_lineage,False,True,0.0513,True,0.464,False,5.1788,EVIDENCE_LINEAGE_INVALID,b2d83222fe4bab87f393b8e93c8a29f87ac2f8279ebd9de6ca63f25604bbf49f
case-00405,dacaea7de40dd3f6056fc312f84007b4dad46bf3c81f3ec9bb2e97044e057b0b,CONTROLLED_TEST_MUTATION,stale_live_observation,False,True,0.0476,False,0.3358,False,5.2633,EVIDENCE_STALE,b2d83222fe4bab87f393b8e93c8a29f87ac2f8279ebd9de6ca63f25604bbf49f
case-00406,ea65cc4b333668551e8622980fa9493969483886fe452073104d33f824dce0e1,CONTROLLED_TEST_MUTATION,missing_lineage,False,True,1.215,True,0.454,False,16.8954,EVIDENCE_LINEAGE_INCOMPLETE,b2d83222fe4bab87f393b8e93c8a29f87ac2f8279ebd9de6ca63f25604bbf49f
case-00407,f3e2342f751bbf9c34115f53fb8a6d1b2cfd402f0f1e636fe057f1f3050c7a25,CONTROLLED_TEST_MUTATION,expired_import,False,True,0.047,False,0.3155,False,4.8281,EVIDENCE_STALE,b2d83222fe4bab87f393b8e93c8a29f87ac2f8279ebd9de6ca63f25604bbf49f
case-00408,bc9eba8115cd7be2f42c7144f406c122e8ef90f7399567f064f3151b7d8acd2e,CLEAN_TEST_FIXTURE,none,True,True,0.0545,True,0.519,True,13.0474,ALL_REQUIRED_EVIDENCE_TRUSTWORTHY,b2d83222fe4bab87f393b8e93c8a29f87ac2f8279ebd9de6ca63f25604bbf49f
case-00409,b3164d40acbc44f8a42823c1c2c4cdfee431ea00e2ff2d10e9fb967a54bd4bda,CONTROLLED_TEST_MUTATION,future_timestamp,False,True,0.0494,False,0.3565,False,4.4861,EVIDENCE_FRESHNESS_UNKNOWN|EVIDENCE_TIMESTAMP_IN_FUTURE,b2d83222fe4bab87f393b8e93c8a29f87ac2f8279ebd9de6ca63f25604bbf49f
case-00410,4a80d5455271c16b4afa461793acc8ac82eea5739017d734613780618c00ddee,CONTROLLED_TEST_MUTATION,broken_lineage,False,True,0.0453,True,0.4574,False,7.3943,EVIDENCE_LINEAGE_INVALID,b2d83222fe4bab87f393b8e93c8a29f87ac2f8279ebd9de6ca63f25604bbf49f
case-00411,a501522825b717de81b85ceb4c5e714207698df551c3664735a3619f0bf51d72,CLEAN_TEST_FIXTURE,none,True,True,0.0455,True,0.3684,True,10.4325,ALL_REQUIRED_EVIDENCE_TRUSTWORTHY,b2d83222fe4bab87f393b8e93c8a29f87ac2f8279ebd9de6ca63f25604bbf49f
case-00412,0b1ee73b8b3ab9d6159128d8783ffb950bf227400b20fe14e6fed9b2df660e4d,CONTROLLED_TEST_MUTATION,future_timestamp,False,True,0.0468,False,0.3569,False,4.5955,EVIDENCE_FRESHNESS_UNKNOWN|EVIDENCE_TIMESTAMP_IN_FUTURE,b2d83222fe4bab87f393b8e93c8a29f87ac2f8279ebd9de6ca63f25604bbf49f
case-00413,a4738479d55450fbdc7699031d2691d8896640fd0847f392606873952e7a15c4,CONTROLLED_TEST_MUTATION,empty_payload,False,False,0.0468,False,0.0319,False,4.3806,EVIDENCE_PAYLOAD_EMPTY|EVIDENCE_PAYLOAD_SCHEMA_INVALID|EVIDENCE_SNAPSHOT_CONFLICT,b2d83222fe4bab87f393b8e93c8a29f87ac2f8279ebd9de6ca63f25604bbf49f
case-00414,b992c348754839db87528fe415b1946b8509488f05f53e69a662c801fd9ff321,CONTROLLED_TEST_MUTATION,stale_live_observation,False,True,0.043,False,0.3335,False,4.3576,EVIDENCE_STALE,b2d83222fe4bab87f393b8e93c8a29f87ac2f8279ebd9de6ca63f25604bbf49f
case-00415,4a13e012578101bc79568a75360c7e5efaeaa655a83fbca086f57e4678704820,CONTROLLED_TEST_MUTATION,malformed_payload,False,True,0.0739,True,0.5243,False,4.4003,EVIDENCE_PAYLOAD_SCHEMA_INVALID|EVIDENCE_SNAPSHOT_CONFLICT,b2d83222fe4bab87f393b8e93c8a29f87ac2f8279ebd9de6ca63f25604bbf49f
case-00416,1b834d05b4c2e9f79cb288a05159c0708f8fd8e608fe220990761e56c564f863,CONTROLLED_TEST_MUTATION,expired_import,False,True,0.0443,False,2.2455,False,6.1378,EVIDENCE_STALE,b2d83222fe4bab87f393b8e93c8a29f87ac2f8279ebd9de6ca63f25604bbf49f
case-00417,67719322ba13f28294db966d78ac4673348294aa8d4753ddfdbcfae1cf2cdee7,CONTROLLED_TEST_MUTATION,excluded_ancestor,False,True,0.042,True,0.368,False,4.0134,REQUIRED_INPUT_EXCLUDED,b2d83222fe4bab87f393b8e93c8a29f87ac2f8279ebd9de6ca63f25604bbf49f
case-00418,102c87b300891c705e0900c9da1315bad2a153d04d7152fc6166d11386c543ed,CONTROLLED_TEST_MUTATION,role_conflict,False,True,0.0456,True,0.384,False,4.4494,EVIDENCE_ROLE_CONFLICT,b2d83222fe4bab87f393b8e93c8a29f87ac2f8279ebd9de6ca63f25604bbf49f
case-00419,07d6ac45caf29d85afbeaf64f8e4e8f5640630699131d0b0eaf40b029a1dc0da,CONTROLLED_TEST_MUTATION,expired_import,False,True,0.04,False,0.2903,False,3.9625,EVIDENCE_STALE,b2d83222fe4bab87f393b8e93c8a29f87ac2f8279ebd9de6ca63f25604bbf49f
case-00420,a5c02273ed21de9fa334604032588959b1c4d659e7dc894547e8a036cd07c9f6,CLEAN_TEST_FIXTURE,none,True,True,0.0424,True,0.3582,True,3.9808,ALL_REQUIRED_EVIDENCE_TRUSTWORTHY,b2d83222fe4bab87f393b8e93c8a29f87ac2f8279ebd9de6ca63f25604bbf49f
case-00421,f0530e1e522ebfc04bc8ff659492d44fe18703e765828045a02a038b6de4c1e8,CONTROLLED_TEST_MUTATION,unknown_source,False,True,0.04,True,0.3556,False,4.1877,EVIDENCE_ROLE_SOURCE_NOT_ALLOWED|EVIDENCE_SOURCE_ID_UNKNOWN|EVIDENCE_SOURCE_POLICY_MISSING,b2d83222fe4bab87f393b8e93c8a29f87ac2f8279ebd9de6ca63f25604bbf49f
case-00422,ec70809cdb99929437fdb8bd953581208b12b5c53d1f21756e93df02b5263c40,CONTROLLED_TEST_MUTATION,malformed_payload,False,True,0.0408,True,0.3489,False,3.9298,EVIDENCE_PAYLOAD_SCHEMA_INVALID|EVIDENCE_SNAPSHOT_CONFLICT,b2d83222fe4bab87f393b8e93c8a29f87ac2f8279ebd9de6ca63f25604bbf49f
case-00423,a3b4caf4d9d57aaed77fe62302e5d43dd09cb87929a3899877942709855e8319,CONTROLLED_TEST_MUTATION,wrong_context,False,True,0.0382,True,0.3611,False,5.9403,EVIDENCE_CONTEXT_MISMATCH,b2d83222fe4bab87f393b8e93c8a29f87ac2f8279ebd9de6ca63f25604bbf49f
case-00424,0052ec753c99832acfb0956082cb0faa285c06718a546d48e2e31adcd7145b26,CONTROLLED_TEST_MUTATION,lineage_cycle,False,True,0.039,True,0.3367,False,4.1617,EVIDENCE_LINEAGE_INVALID,b2d83222fe4bab87f393b8e93c8a29f87ac2f8279ebd9de6ca63f25604bbf49f
case-00425,289ca4053538d594227e4e14bd0668dc32cd9badbbb4cda8a8a6fb3abd053951,CONTROLLED_TEST_MUTATION,excluded_ancestor,False,True,0.0422,True,0.3898,False,4.0679,REQUIRED_INPUT_EXCLUDED,b2d83222fe4bab87f393b8e93c8a29f87ac2f8279ebd9de6ca63f25604bbf49f
case-00426,66b8ed0ed53f890b699df817b270d6247b6db524c8fe5f6770e5a066ed039b18,CONTROLLED_TEST_MUTATION,payload_tamper_after_seal,False,True,0.0414,False,0.0894,False,4.0316,CHECKSUM_INVALID|EVIDENCE_ROOT_INVALID|EVIDENCE_SNAPSHOT_CONFLICT|RECORD_ENVELOPE_INVALID,b2d83222fe4bab87f393b8e93c8a29f87ac2f8279ebd9de6ca63f25604bbf49f
case-00427,e625813fa59b8019853968c5eb467656a78537ce03e2aede13af85b014563757,CONTROLLED_TEST_MUTATION,role_conflict,False,True,0.0453,True,0.4445,False,4.5498,EVIDENCE_ROLE_CONFLICT,b2d83222fe4bab87f393b8e93c8a29f87ac2f8279ebd9de6ca63f25604bbf49f
case-00428,29f86ee2dbe9d38b4f60398e2a64a69132960f4105f6795e8e0a04371847241c,CONTROLLED_TEST_MUTATION,future_timestamp,False,True,0.0399,False,0.3243,False,4.5907,EVIDENCE_FRESHNESS_UNKNOWN|EVIDENCE_TIMESTAMP_IN_FUTURE,b2d83222fe4bab87f393b8e93c8a29f87ac2f8279ebd9de6ca63f25604bbf49f
case-00429,f796a2f0e04e1689a477ac16f1fc8dd5c5a7f98ceb94bf3d80d6965f32ad1cdb,CONTROLLED_TEST_MUTATION,malformed_payload,False,True,0.0405,True,0.3532,False,4.1635,EVIDENCE_PAYLOAD_SCHEMA_INVALID|EVIDENCE_SNAPSHOT_CONFLICT,b2d83222fe4bab87f393b8e93c8a29f87ac2f8279ebd9de6ca63f25604bbf49f
case-00430,27b2d7487d4c6605ab0acac7787c4813de291bef6c89ea1590a54706d888e491,CLEAN_TEST_FIXTURE,none,True,True,0.0532,True,0.5442,True,4.5548,ALL_REQUIRED_EVIDENCE_TRUSTWORTHY,b2d83222fe4bab87f393b8e93c8a29f87ac2f8279ebd9de6ca63f25604bbf49f
case-00431,f1031e925382f9f41a7a88e702068a374756df30e7e0f74978de4245a43eb58e,CONTROLLED_TEST_MUTATION,malformed_payload,False,True,0.0399,True,0.3447,False,4.1437,EVIDENCE_PAYLOAD_SCHEMA_INVALID|EVIDENCE_SNAPSHOT_CONFLICT,b2d83222fe4bab87f393b8e93c8a29f87ac2f8279ebd9de6ca63f25604bbf49f
case-00432,7b27c91127b9308a35b5155bf3e192ed705e27e794b94b18b0c686419b2c0aad,CLEAN_TEST_FIXTURE,none,True,True,0.0421,True,0.3536,True,4.2723,ALL_REQUIRED_EVIDENCE_TRUSTWORTHY,b2d83222fe4bab87f393b8e93c8a29f87ac2f8279ebd9de6ca63f25604bbf49f
case-00433,fcfefe2e64eee5c3c1c04c5c2063164e1ce6708fd35caa322270164352aaca66,CONTROLLED_TEST_MUTATION,source_type_impersonation,False,True,0.0392,True,0.3779,False,8.4562,EVIDENCE_ROLE_SOURCE_NOT_ALLOWED|OPERATOR_EVIDENCE_UNVERIFIED,b2d83222fe4bab87f393b8e93c8a29f87ac2f8279ebd9de6ca63f25604bbf49f
case-00434,4ac2d8d092eef4dabf7f3220e51ace01cefb71c45cba20e56684f2a793ed6a37,CONTROLLED_TEST_MUTATION,malformed_payload,False,True,0.0408,True,0.3479,False,4.0004,EVIDENCE_PAYLOAD_SCHEMA_INVALID|EVIDENCE_SNAPSHOT_CONFLICT,b2d83222fe4bab87f393b8e93c8a29f87ac2f8279ebd9de6ca63f25604bbf49f
case-00435,39c70caacb9d0f4640bafb6507238b3f2437082f7886ee519ca2f24c7e0124f9,CLEAN_TEST_FIXTURE,none,True,True,0.0437,True,0.3796,True,4.0507,ALL_REQUIRED_EVIDENCE_TRUSTWORTHY,b2d83222fe4bab87f393b8e93c8a29f87ac2f8279ebd9de6ca63f25604bbf49f
case-00436,cc7174650316079bd62394662eb2817bde193c2e0478b37a3e1bac81a92a9b03,CONTROLLED_TEST_MUTATION,wrong_context,False,True,0.0632,True,0.3621,False,10.637,EVIDENCE_CONTEXT_MISMATCH,b2d83222fe4bab87f393b8e93c8a29f87ac2f8279ebd9de6ca63f25604bbf49f
case-00437,9982cd256dcafe5d490d7fc1b328cfc90d24997302b6d57badca94bf4514fc40,CONTROLLED_TEST_MUTATION,wrong_context,False,True,0.0406,True,0.4991,False,4.8041,EVIDENCE_CONTEXT_MISMATCH,b2d83222fe4bab87f393b8e93c8a29f87ac2f8279ebd9de6ca63f25604bbf49f
case-00438,f833591c3d0e9510ff9c504a0884aa051f87b736cea4ad6eb9bb106b586f0a25,CLEAN_TEST_FIXTURE,none,True,True,0.0422,True,0.3543,True,4.6688,ALL_REQUIRED_EVIDENCE_TRUSTWORTHY,b2d83222fe4bab87f393b8e93c8a29f87ac2f8279ebd9de6ca63f25604bbf49f
case-00439,69baf7a250ae54652b4d924c04c42faaa6461a669539a17600b09dd5b5327c34,CLEAN_TEST_FIXTURE,none,True,True,1.0555,True,0.827,True,4.3754,ALL_REQUIRED_EVIDENCE_TRUSTWORTHY,b2d83222fe4bab87f393b8e93c8a29f87ac2f8279ebd9de6ca63f25604bbf49f
case-00440,ab44edf78c84a266c62b265db18964cdc85ee4b909804acfbbf703e2280bcad6,CONTROLLED_TEST_MUTATION,unknown_source,False,True,0.0403,True,0.3544,False,4.0401,EVIDENCE_ROLE_SOURCE_NOT_ALLOWED|EVIDENCE_SOURCE_ID_UNKNOWN|EVIDENCE_SOURCE_POLICY_MISSING,b2d83222fe4bab87f393b8e93c8a29f87ac2f8279ebd9de6ca63f25604bbf49f
case-00441,a4a6de83ceec84a41787ac2c1f247af4f2afb813fdebc3782e20fd8cdc4e4ea7,CONTROLLED_TEST_MUTATION,malformed_payload,False,True,0.0395,True,0.3443,False,4.3685,EVIDENCE_PAYLOAD_SCHEMA_INVALID|EVIDENCE_SNAPSHOT_CONFLICT,b2d83222fe4bab87f393b8e93c8a29f87ac2f8279ebd9de6ca63f25604bbf49f
case-00442,7bfaa2ae04d6499cd1408d514859a8e5ae30f104475c2185aea1292bd534c77d,CONTROLLED_TEST_MUTATION,root_signature_tamper_after_seal,False,True,0.0394,True,0.3493,False,4.8759,EVIDENCE_ROOT_INVALID,b2d83222fe4bab87f393b8e93c8a29f87ac2f8279ebd9de6ca63f25604bbf49f
case-00443,d4f5c471d2d492064e7517422bb9fa7d0ed8eb70b802d8529ebe3cd0d18a704f,CONTROLLED_TEST_MUTATION,future_timestamp,False,True,0.0413,False,0.3215,False,4.0199,EVIDENCE_FRESHNESS_UNKNOWN|EVIDENCE_TIMESTAMP_IN_FUTURE,b2d83222fe4bab87f393b8e93c8a29f87ac2f8279ebd9de6ca63f25604bbf49f
case-00444,537016741009b374ee6126f0ff74bc793f708a10869f47801347ebf36f964503,CONTROLLED_TEST_MUTATION,expired_import,False,True,0.0391,False,0.2936,False,4.8738,EVIDENCE_STALE,b2d83222fe4bab87f393b8e93c8a29f87ac2f8279ebd9de6ca63f25604bbf49f
case-00445,06acef143a964b3a932d724dca2043a8afa67d2b5226d767f701d343d45ff814,CONTROLLED_TEST_MUTATION,payload_tamper_after_seal,False,True,0.0399,False,0.0872,False,3.9731,CHECKSUM_INVALID|EVIDENCE_ROOT_INVALID|EVIDENCE_SNAPSHOT_CONFLICT|RECORD_ENVELOPE_INVALID,b2d83222fe4bab87f393b8e93c8a29f87ac2f8279ebd9de6ca63f25604bbf49f
case-00446,f5ab372680702894485875332725b949b3a621c5a3521ec244c5095f81bdc085,CONTROLLED_TEST_MUTATION,wrong_context,False,True,0.0437,True,0.4366,False,4.1385,EVIDENCE_CONTEXT_MISMATCH,b2d83222fe4bab87f393b8e93c8a29f87ac2f8279ebd9de6ca63f25604bbf49f
case-00447,13af78ae69c6088bd88555db381f9edd04fe8f1ad2cd53f946a4577248426f7f,CLEAN_TEST_FIXTURE,none,True,True,0.04,True,0.3573,True,4.2068,ALL_REQUIRED_EVIDENCE_TRUSTWORTHY,b2d83222fe4bab87f393b8e93c8a29f87ac2f8279ebd9de6ca63f25604bbf49f
case-00448,46da8f0a71d50c17918b1fde3614d9c29eec6b74bc789c52fe376b8b58788fe7,CLEAN_TEST_FIXTURE,none,True,True,0.0696,True,0.4981,True,4.8197,ALL_REQUIRED_EVIDENCE_TRUSTWORTHY,b2d83222fe4bab87f393b8e93c8a29f87ac2f8279ebd9de6ca63f25604bbf49f
case-00449,ee15bfced7703e0ce153a5ae69aed29d2fc715a85414cae56f3035f6b91c87ca,CONTROLLED_TEST_MUTATION,missing_lineage,False,True,0.0401,True,0.35,False,6.0987,EVIDENCE_LINEAGE_INCOMPLETE,b2d83222fe4bab87f393b8e93c8a29f87ac2f8279ebd9de6ca63f25604bbf49f
case-00450,0fb8d5c39bd576b4b25247d66ad4a5f3498ce09037b6af79a5e168bf570b0a89,CONTROLLED_TEST_MUTATION,unknown_source,False,True,0.0385,True,0.3372,False,3.9063,EVIDENCE_ROLE_SOURCE_NOT_ALLOWED|EVIDENCE_SOURCE_ID_UNKNOWN|EVIDENCE_SOURCE_POLICY_MISSING,b2d83222fe4bab87f393b8e93c8a29f87ac2f8279ebd9de6ca63f25604bbf49f
case-00451,b4e4fa3708957ad5f2480185e055f704a2e04d05bde7fb85ed348003067a2299,CONTROLLED_TEST_MUTATION,payload_tamper_after_seal,False,True,0.0426,False,0.0926,False,28.7022,CHECKSUM_INVALID|EVIDENCE_ROOT_INVALID|EVIDENCE_SNAPSHOT_CONFLICT|RECORD_ENVELOPE_INVALID,b2d83222fe4bab87f393b8e93c8a29f87ac2f8279ebd9de6ca63f25604bbf49f
case-00452,0b9b6a2538e932e16a00311dd20f1363f67a883677ade67256c1173831db403b,CLEAN_TEST_FIXTURE,none,True,True,0.0646,True,0.4519,True,6.7147,ALL_REQUIRED_EVIDENCE_TRUSTWORTHY,b2d83222fe4bab87f393b8e93c8a29f87ac2f8279ebd9de6ca63f25604bbf49f
case-00453,9170f1f658a4b2b5daa29b75c040d05075060a01a6e2ea9343c24dc95466f7cd,CONTROLLED_TEST_MUTATION,snapshot_score_conflict,False,True,0.0449,True,0.3666,False,4.4221,EVIDENCE_SNAPSHOT_CONFLICT,b2d83222fe4bab87f393b8e93c8a29f87ac2f8279ebd9de6ca63f25604bbf49f
case-00454,edc132e3530037e9085d6e295d3afeff1dd487b1873761d95b85ee99542e70c8,CONTROLLED_TEST_MUTATION,unavailable_record,False,True,0.0409,False,0.33,False,4.0119,EVIDENCE_LINEAGE_INCOMPLETE|EVIDENCE_UNAVAILABLE,b2d83222fe4bab87f393b8e93c8a29f87ac2f8279ebd9de6ca63f25604bbf49f
case-00455,44b2d254161a4364d5e4e45c741561f403d3d3bb9de8a107bc155a9cfb3dcf48,CONTROLLED_TEST_MUTATION,broken_lineage,False,True,0.039,True,0.3569,False,3.9782,EVIDENCE_LINEAGE_INVALID,b2d83222fe4bab87f393b8e93c8a29f87ac2f8279ebd9de6ca63f25604bbf49f
case-00456,4fcd2226f2b4b085858b2f766da014f87d54793cac5a4d2b4edc27e9997322ce,CONTROLLED_TEST_MUTATION,malformed_payload,False,True,0.0412,True,0.3506,False,3.9573,EVIDENCE_PAYLOAD_SCHEMA_INVALID|EVIDENCE_SNAPSHOT_CONFLICT,b2d83222fe4bab87f393b8e93c8a29f87ac2f8279ebd9de6ca63f25604bbf49f
case-00457,a86fce1876008b902bfa9ebf0a269acc25db1e50bad08f05c0c1eac310c3a1b8,CLEAN_TEST_FIXTURE,none,True,True,0.0387,True,0.3494,True,4.1786,ALL_REQUIRED_EVIDENCE_TRUSTWORTHY,b2d83222fe4bab87f393b8e93c8a29f87ac2f8279ebd9de6ca63f25604bbf49f
case-00458,c2bb549288dc370c184194a16f290a81c5e7abe1b92043409abeb9001af20c4c,CONTROLLED_TEST_MUTATION,role_conflict,False,True,0.0436,True,0.3824,False,4.2839,EVIDENCE_ROLE_CONFLICT,b2d83222fe4bab87f393b8e93c8a29f87ac2f8279ebd9de6ca63f25604bbf49f
case-00459,4ecd9113da90817aa74fbe3889cdde1fcad4ea8718495f830aa751a74301d86e,CONTROLLED_TEST_MUTATION,source_type_impersonation,False,True,0.0381,True,0.3502,False,5.1298,EVIDENCE_ROLE_SOURCE_NOT_ALLOWED|OPERATOR_EVIDENCE_UNVERIFIED,b2d83222fe4bab87f393b8e93c8a29f87ac2f8279ebd9de6ca63f25604bbf49f
case-00460,fc022512ac73804e4410cadd5875fbb551fab120bf91d031eb47979be8c500cb,CONTROLLED_TEST_MUTATION,role_conflict,False,True,0.0447,True,0.3799,False,4.8957,EVIDENCE_ROLE_CONFLICT,b2d83222fe4bab87f393b8e93c8a29f87ac2f8279ebd9de6ca63f25604bbf49f
case-00461,4bae3544f2c2d07743738bac0c8dffc489eb61cb86cdb22d3d9171e1d7f5b54d,CONTROLLED_TEST_MUTATION,unavailable_record,False,True,0.0395,False,0.3149,False,3.8669,EVIDENCE_LINEAGE_INCOMPLETE|EVIDENCE_UNAVAILABLE,b2d83222fe4bab87f393b8e93c8a29f87ac2f8279ebd9de6ca63f25604bbf49f
case-00462,66a155d97e6b688b6ef41036b88a63f9ad0270ce97d88bee813bfd08c225fcb8,CONTROLLED_TEST_MUTATION,missing_direct_role,False,False,0.0201,False,0.0145,False,3.5359,REQUIRED_ROLE_MISSING,b2d83222fe4bab87f393b8e93c8a29f87ac2f8279ebd9de6ca63f25604bbf49f
case-00463,28fa13e0d4a84be676f47b9901388c4f200fd46f6408bbec771558564b2502e6,CLEAN_TEST_FIXTURE,none,True,True,0.0534,True,0.3516,True,4.2985,ALL_REQUIRED_EVIDENCE_TRUSTWORTHY,b2d83222fe4bab87f393b8e93c8a29f87ac2f8279ebd9de6ca63f25604bbf49f
case-00464,53dbc0126bfa15eb0de166a5dc6291236c0de1228d3b65f106ed5fed946eb48e,CLEAN_TEST_FIXTURE,none,True,True,0.0426,True,0.3954,True,4.0007,ALL_REQUIRED_EVIDENCE_TRUSTWORTHY,b2d83222fe4bab87f393b8e93c8a29f87ac2f8279ebd9de6ca63f25604bbf49f
case-00465,7e527a5cf4ec9603659119b6af388443fd84a887f4af1d7290f9bc420b444ba8,CONTROLLED_TEST_MUTATION,root_signature_tamper_after_seal,False,True,0.0364,True,0.324,False,3.7796,EVIDENCE_ROOT_INVALID,b2d83222fe4bab87f393b8e93c8a29f87ac2f8279ebd9de6ca63f25604bbf49f
case-00466,b73cf49a882aa95c282b5b346552cfbd863f065ee8f361e905f31dec72245c2a,CONTROLLED_TEST_MUTATION,role_conflict,False,True,0.0392,True,0.3448,False,6.2061,EVIDENCE_ROLE_CONFLICT,b2d83222fe4bab87f393b8e93c8a29f87ac2f8279ebd9de6ca63f25604bbf49f
case-00467,b4210497388baa2c6029918a5072857fe5377a5d23320299bf1f82b5849f8279,CONTROLLED_TEST_MUTATION,snapshot_score_conflict,False,True,0.0416,True,0.3782,False,3.7249,EVIDENCE_SNAPSHOT_CONFLICT,b2d83222fe4bab87f393b8e93c8a29f87ac2f8279ebd9de6ca63f25604bbf49f
case-00468,e498101df6f2778fc910a5613768a84b495ac90f07d64c6670e23faf14dbe1e8,CONTROLLED_TEST_MUTATION,payload_tamper_after_seal,False,True,0.0348,False,0.0788,False,4.3214,CHECKSUM_INVALID|EVIDENCE_ROOT_INVALID|EVIDENCE_SNAPSHOT_CONFLICT|RECORD_ENVELOPE_INVALID,b2d83222fe4bab87f393b8e93c8a29f87ac2f8279ebd9de6ca63f25604bbf49f
case-00469,85e25b95dd83f3be9769194ba7e4f111a68dc17663c366e0a11b21bc96869708,CONTROLLED_TEST_MUTATION,excluded_ancestor,False,True,0.0349,True,0.3187,False,3.6652,REQUIRED_INPUT_EXCLUDED,b2d83222fe4bab87f393b8e93c8a29f87ac2f8279ebd9de6ca63f25604bbf49f
case-00470,f3b26ede231a483ba986503e7944033c5d172cfe3449b5bc6e9d349eb77edda3,CONTROLLED_TEST_MUTATION,expired_import,False,True,0.0366,False,0.2648,False,5.3896,EVIDENCE_STALE,b2d83222fe4bab87f393b8e93c8a29f87ac2f8279ebd9de6ca63f25604bbf49f
case-00471,1dc48433179f9b974508f871413fd6e78a77eabcf9e05e7d6a82cbf73c8d9813,CONTROLLED_TEST_MUTATION,payload_tamper_after_seal,False,True,0.036,False,0.0797,False,3.6064,CHECKSUM_INVALID|EVIDENCE_ROOT_INVALID|EVIDENCE_SNAPSHOT_CONFLICT|RECORD_ENVELOPE_INVALID,b2d83222fe4bab87f393b8e93c8a29f87ac2f8279ebd9de6ca63f25604bbf49f
case-00472,b7e879f0fcac23ab91c0bcff21283475e82b1e7122ce814396cfc01680f77a17,CONTROLLED_TEST_MUTATION,incomplete_payload,False,True,0.039,False,0.1627,False,3.8346,EVIDENCE_PAYLOAD_INCOMPLETE,b2d83222fe4bab87f393b8e93c8a29f87ac2f8279ebd9de6ca63f25604bbf49f
case-00473,6a66ccca16a648ae94b0fa247aac8e6040e2972a50d518b21522f1ab55569076,CONTROLLED_TEST_MUTATION,empty_payload,False,False,0.049,False,0.0395,False,3.7975,EVIDENCE_PAYLOAD_EMPTY|EVIDENCE_PAYLOAD_SCHEMA_INVALID|EVIDENCE_SNAPSHOT_CONFLICT,b2d83222fe4bab87f393b8e93c8a29f87ac2f8279ebd9de6ca63f25604bbf49f
case-00474,afab637ecea1d33d523a3f5f9449c42e173bd1cc89e38b01227b19fa5e270eee,CLEAN_TEST_FIXTURE,none,True,True,0.0422,True,0.4315,True,3.98,ALL_REQUIRED_EVIDENCE_TRUSTWORTHY,b2d83222fe4bab87f393b8e93c8a29f87ac2f8279ebd9de6ca63f25604bbf49f
case-00475,6b9a73d2f081c05815ccf7455c35644b6910701864634198fac87a6ad1649de0,CLEAN_TEST_FIXTURE,none,True,True,0.0391,True,0.5183,True,3.9446,ALL_REQUIRED_EVIDENCE_TRUSTWORTHY,b2d83222fe4bab87f393b8e93c8a29f87ac2f8279ebd9de6ca63f25604bbf49f
case-00476,4699456fb70110f79878d5ecba9de11ef919e5e5f92984ea65fc178f35c7e64a,CLEAN_TEST_FIXTURE,none,True,True,0.0352,True,0.3161,True,3.9511,ALL_REQUIRED_EVIDENCE_TRUSTWORTHY,b2d83222fe4bab87f393b8e93c8a29f87ac2f8279ebd9de6ca63f25604bbf49f
case-00477,00b903e714543b59d230491c3c1ba23af301f094eb8e174527a6b8b5a2c77580,CONTROLLED_TEST_MUTATION,broken_lineage,False,True,0.0385,True,0.3378,False,4.4036,EVIDENCE_LINEAGE_INVALID,b2d83222fe4bab87f393b8e93c8a29f87ac2f8279ebd9de6ca63f25604bbf49f
case-00478,053ad763c60367b503d5554e0211b9ef58453be1b4db569bb862f6038f452158,CONTROLLED_TEST_MUTATION,unknown_source,False,True,0.0363,True,0.3237,False,3.7066,EVIDENCE_ROLE_SOURCE_NOT_ALLOWED|EVIDENCE_SOURCE_ID_UNKNOWN|EVIDENCE_SOURCE_POLICY_MISSING,b2d83222fe4bab87f393b8e93c8a29f87ac2f8279ebd9de6ca63f25604bbf49f
case-00479,27002656a988438473884f8bd43d6fefa8ab08ad7dccb4735c487af9df5e2cc5,CONTROLLED_TEST_MUTATION,broken_lineage,False,True,0.0351,True,0.3242,False,3.8577,EVIDENCE_LINEAGE_INVALID,b2d83222fe4bab87f393b8e93c8a29f87ac2f8279ebd9de6ca63f25604bbf49f
case-00480,f0de6bdaf06274650d4a3f1ffb7ec3702ccca63629bb9c90a2f15bd4342900ac,CLEAN_TEST_FIXTURE,none,True,True,0.0356,True,0.3229,True,3.629,ALL_REQUIRED_EVIDENCE_TRUSTWORTHY,b2d83222fe4bab87f393b8e93c8a29f87ac2f8279ebd9de6ca63f25604bbf49f
case-00481,5238ab9d18e5199977636f6535f0dba16be5d340d239e256350add64123238ee,CONTROLLED_TEST_MUTATION,broken_lineage,False,True,0.035,True,0.3191,False,5.2018,EVIDENCE_LINEAGE_INVALID,b2d83222fe4bab87f393b8e93c8a29f87ac2f8279ebd9de6ca63f25604bbf49f
case-00482,71bc2b5b89294995ff449d7958e5bba9787309af0cb9a5ae0495e061c7aee618,CONTROLLED_TEST_MUTATION,broken_lineage,False,True,0.0366,True,0.3224,False,3.854,EVIDENCE_LINEAGE_INVALID,b2d83222fe4bab87f393b8e93c8a29f87ac2f8279ebd9de6ca63f25604bbf49f
case-00483,11b9a8d51fd1065c56f34210d2d31699ee973a0009a9bd592b29adfd12808bc2,CLEAN_TEST_FIXTURE,none,True,True,0.0351,True,0.3256,True,3.8317,ALL_REQUIRED_EVIDENCE_TRUSTWORTHY,b2d83222fe4bab87f393b8e93c8a29f87ac2f8279ebd9de6ca63f25604bbf49f
case-00484,eb2cb846c989a93e045813ba7ce13e19c8a9a01ab3f934484e170cc4d77b7797,CONTROLLED_TEST_MUTATION,wrong_context,False,True,0.0348,True,0.3168,False,3.801,EVIDENCE_CONTEXT_MISMATCH,b2d83222fe4bab87f393b8e93c8a29f87ac2f8279ebd9de6ca63f25604bbf49f
case-00485,1362edb52ce69cd01c67fc88970b31936e3c4bc4456333d2e22a935c0bd8dd66,CLEAN_TEST_FIXTURE,none,True,True,0.0338,True,0.3073,True,6.3574,ALL_REQUIRED_EVIDENCE_TRUSTWORTHY,b2d83222fe4bab87f393b8e93c8a29f87ac2f8279ebd9de6ca63f25604bbf49f
case-00486,793815e0769914feb9fa15c387618c4df1bbdc8cfda5dc0c715b424ab78e342f,CONTROLLED_TEST_MUTATION,unknown_source,False,True,0.0366,True,0.3216,False,3.901,EVIDENCE_ROLE_SOURCE_NOT_ALLOWED|EVIDENCE_SOURCE_ID_UNKNOWN|EVIDENCE_SOURCE_POLICY_MISSING,b2d83222fe4bab87f393b8e93c8a29f87ac2f8279ebd9de6ca63f25604bbf49f
case-00487,e8bfa94f3bef2dd9852f07d20f71aabae1be9c7443ef12717ce80f3bdc720391,CONTROLLED_TEST_MUTATION,unknown_source,False,True,0.0365,True,0.344,False,3.6953,EVIDENCE_ROLE_SOURCE_NOT_ALLOWED|EVIDENCE_SOURCE_ID_UNKNOWN|EVIDENCE_SOURCE_POLICY_MISSING,b2d83222fe4bab87f393b8e93c8a29f87ac2f8279ebd9de6ca63f25604bbf49f
case-00488,ad591352d59f7530b889eb717dfec5ea5f3aec8dba9b05208ef2fccf38d21f54,CONTROLLED_TEST_MUTATION,incomplete_payload,False,True,0.0355,False,0.1498,False,3.6096,EVIDENCE_PAYLOAD_INCOMPLETE,b2d83222fe4bab87f393b8e93c8a29f87ac2f8279ebd9de6ca63f25604bbf49f
case-00489,6d92e94a13c5f4f1417cd54da71e1037a77688f4d9972b4f89cb93c25aba0cd6,CONTROLLED_TEST_MUTATION,missing_direct_role,False,False,0.0331,False,0.014,False,3.4865,REQUIRED_ROLE_MISSING,b2d83222fe4bab87f393b8e93c8a29f87ac2f8279ebd9de6ca63f25604bbf49f
case-00490,d58122a9a7f425506c32d8c39eac2eac21af855cbfc675d1d7432f2b5c33076c,CONTROLLED_TEST_MUTATION,missing_lineage,False,True,0.0367,True,0.3214,False,3.6288,EVIDENCE_LINEAGE_INCOMPLETE,b2d83222fe4bab87f393b8e93c8a29f87ac2f8279ebd9de6ca63f25604bbf49f
case-00491,639e971ef471bc34098d089274b6f1ada20ac4bf69850b524a31526279d4459e,CONTROLLED_TEST_MUTATION,empty_payload,False,False,0.0424,False,0.0316,False,3.7249,EVIDENCE_PAYLOAD_EMPTY|EVIDENCE_PAYLOAD_SCHEMA_INVALID|EVIDENCE_SNAPSHOT_CONFLICT,b2d83222fe4bab87f393b8e93c8a29f87ac2f8279ebd9de6ca63f25604bbf49f
case-00492,5bd9e0aaba4aec446f4816f1b284547f3d01f52bfc48fbea31fb06d9d3d42f89,CONTROLLED_TEST_MUTATION,expired_import,False,True,0.0349,False,0.2652,False,3.7633,EVIDENCE_STALE,b2d83222fe4bab87f393b8e93c8a29f87ac2f8279ebd9de6ca63f25604bbf49f
case-00493,efc5d9c8a7869f159df6221f4de165796d0d636914d7099abc5598edb2ae1fb6,CONTROLLED_TEST_MUTATION,future_timestamp,False,True,0.0419,False,0.3229,False,4.4575,EVIDENCE_FRESHNESS_UNKNOWN|EVIDENCE_TIMESTAMP_IN_FUTURE,b2d83222fe4bab87f393b8e93c8a29f87ac2f8279ebd9de6ca63f25604bbf49f
case-00494,d133a92c7c289ffb798ce9f6d679a02cfe514d12b11c6347f9b2abab9e22b733,CONTROLLED_TEST_MUTATION,unavailable_record,False,True,0.0373,False,0.2946,False,3.6601,EVIDENCE_LINEAGE_INCOMPLETE|EVIDENCE_UNAVAILABLE,b2d83222fe4bab87f393b8e93c8a29f87ac2f8279ebd9de6ca63f25604bbf49f
case-00495,12b70b5e5e5ea0fed730a927c20d7dd9e24a59044a558f0d8f798e986728bc21,CONTROLLED_TEST_MUTATION,wrong_context,False,True,0.0381,True,0.3498,False,3.8997,EVIDENCE_CONTEXT_MISMATCH,b2d83222fe4bab87f393b8e93c8a29f87ac2f8279ebd9de6ca63f25604bbf49f
case-00496,ca9dcc8045af3930109c0de2b83b44c9dda23fcb18d34532d2f352126c520566,CONTROLLED_TEST_MUTATION,wrong_context,False,True,0.0369,True,0.3362,False,5.9629,EVIDENCE_CONTEXT_MISMATCH,b2d83222fe4bab87f393b8e93c8a29f87ac2f8279ebd9de6ca63f25604bbf49f
case-00497,53a881371672eeb67b3b7a0d87032c301ff6fbd5d1c0bffffefed0b461df4974,CONTROLLED_TEST_MUTATION,lineage_cycle,False,True,0.0396,True,0.3523,False,3.8699,EVIDENCE_LINEAGE_INVALID,b2d83222fe4bab87f393b8e93c8a29f87ac2f8279ebd9de6ca63f25604bbf49f
case-00498,8d3eb84011ee7072447f55b6329eb8420eca935f11da8ad56bbcc23915d235de,CONTROLLED_TEST_MUTATION,unavailable_record,False,True,0.0351,False,0.4077,False,4.1773,EVIDENCE_LINEAGE_INCOMPLETE|EVIDENCE_UNAVAILABLE,b2d83222fe4bab87f393b8e93c8a29f87ac2f8279ebd9de6ca63f25604bbf49f
case-00499,ec8b203066a53d0926dd1054056c7f7b493723a536bb8ca223be0acd9cdf4a7c,CONTROLLED_TEST_MUTATION,incomplete_payload,False,True,0.0357,False,0.1493,False,3.6866,EVIDENCE_PAYLOAD_INCOMPLETE,b2d83222fe4bab87f393b8e93c8a29f87ac2f8279ebd9de6ca63f25604bbf49f
case-00500,fc91fcfc806d211dd9cecd78d290e3915f5b1b44c3ccfd6f829d82a0f82e0700,CONTROLLED_TEST_MUTATION,missing_lineage,False,True,0.0386,True,0.3579,False,5.0765,EVIDENCE_LINEAGE_INCOMPLETE,b2d83222fe4bab87f393b8e93c8a29f87ac2f8279ebd9de6ca63f25604bbf49f
case-00501,b22193900e5d71fc3113a7fcec58551638423796783957771d51e1ac4046e819,CONTROLLED_TEST_MUTATION,payload_tamper_after_seal,False,True,0.0367,False,0.0793,False,3.7218,CHECKSUM_INVALID|EVIDENCE_ROOT_INVALID|EVIDENCE_SNAPSHOT_CONFLICT|RECORD_ENVELOPE_INVALID,b2d83222fe4bab87f393b8e93c8a29f87ac2f8279ebd9de6ca63f25604bbf49f
case-00502,5dfc1a10854aa845b6d566d4583ddd2d5d6ad6c3a8de7cec9a13fea392fc6cb3,CONTROLLED_TEST_MUTATION,broken_lineage,False,True,0.0407,True,0.4113,False,3.977,EVIDENCE_LINEAGE_INVALID,b2d83222fe4bab87f393b8e93c8a29f87ac2f8279ebd9de6ca63f25604bbf49f
case-00503,f899fad5a51b28d9046e4eb0d04263ec3b8b6d23660c288be7139076a09399db,CONTROLLED_TEST_MUTATION,empty_payload,False,False,0.0374,False,0.0291,False,3.6289,EVIDENCE_PAYLOAD_EMPTY|EVIDENCE_PAYLOAD_SCHEMA_INVALID|EVIDENCE_SNAPSHOT_CONFLICT,b2d83222fe4bab87f393b8e93c8a29f87ac2f8279ebd9de6ca63f25604bbf49f
case-00504,5f813e647a2159636153c55356a8a157fac77e9dcae81c51f2c26d03aff49a48,CONTROLLED_TEST_MUTATION,expired_import,False,True,0.042,False,1.1094,False,4.0399,EVIDENCE_STALE,b2d83222fe4bab87f393b8e93c8a29f87ac2f8279ebd9de6ca63f25604bbf49f
case-00505,ed74a90fdd1d51a59a1e57800b0c7872361389895b5e8572c71cd0b76bef521d,CONTROLLED_TEST_MUTATION,snapshot_score_conflict,False,True,0.0344,True,0.3288,False,3.9484,EVIDENCE_SNAPSHOT_CONFLICT,b2d83222fe4bab87f393b8e93c8a29f87ac2f8279ebd9de6ca63f25604bbf49f
case-00506,5060bcbb296cad6ddf571d727d27994a4d6aa86be19329f76273ec592c180761,CONTROLLED_TEST_MUTATION,role_conflict,False,True,0.039,True,0.3658,False,4.0017,EVIDENCE_ROLE_CONFLICT,b2d83222fe4bab87f393b8e93c8a29f87ac2f8279ebd9de6ca63f25604bbf49f
case-00507,5d7d1b1527bb89665889d2a69781924bd29f11844375171635b89698f8334a09,CONTROLLED_TEST_MUTATION,missing_lineage,False,True,0.0349,True,0.3152,False,3.601,EVIDENCE_LINEAGE_INCOMPLETE,b2d83222fe4bab87f393b8e93c8a29f87ac2f8279ebd9de6ca63f25604bbf49f
case-00508,0149e2472e82425bcab62998514645b62c72ea74c1ed2672dea5dad575c58cec,CONTROLLED_TEST_MUTATION,role_conflict,False,True,0.0397,True,0.3417,False,3.9629,EVIDENCE_ROLE_CONFLICT,b2d83222fe4bab87f393b8e93c8a29f87ac2f8279ebd9de6ca63f25604bbf49f
case-00509,8047ae3ef269616eb843caae206425e4c92526ad5ee390f37855d8987c87e0b5,CONTROLLED_TEST_MUTATION,expired_import,False,True,0.035,False,0.338,False,3.7232,EVIDENCE_STALE,b2d83222fe4bab87f393b8e93c8a29f87ac2f8279ebd9de6ca63f25604bbf49f
case-00510,9f9f75c80d9acc862c4c43bf8108cc559b357ddea1b014d0f67f4e8b5f12027d,CONTROLLED_TEST_MUTATION,snapshot_score_conflict,False,True,0.0356,True,0.3192,False,3.6547,EVIDENCE_SNAPSHOT_CONFLICT,b2d83222fe4bab87f393b8e93c8a29f87ac2f8279ebd9de6ca63f25604bbf49f
case-00511,e0b58d57e86022b925b981df8f3e505b2fb7db3c8841e96309f38939f6ab1f3f,CLEAN_TEST_FIXTURE,none,True,True,0.0364,True,0.3253,True,3.7367,ALL_REQUIRED_EVIDENCE_TRUSTWORTHY,b2d83222fe4bab87f393b8e93c8a29f87ac2f8279ebd9de6ca63f25604bbf49f
case-00512,a5b08da7780408dd021a9bdb41e04cc9c539d3df7ff14a1d386ab6cbe8a484d9,CONTROLLED_TEST_MUTATION,lineage_cycle,False,True,0.0375,True,0.324,False,4.1552,EVIDENCE_LINEAGE_INVALID,b2d83222fe4bab87f393b8e93c8a29f87ac2f8279ebd9de6ca63f25604bbf49f
case-00513,d047dd8f568b023d7cc863480d4787511b429d3e03f721319f662cfc6be40386,CONTROLLED_TEST_MUTATION,malformed_payload,False,True,0.0353,True,0.3133,False,3.7236,EVIDENCE_PAYLOAD_SCHEMA_INVALID|EVIDENCE_SNAPSHOT_CONFLICT,b2d83222fe4bab87f393b8e93c8a29f87ac2f8279ebd9de6ca63f25604bbf49f
case-00514,b79614f74b10ef35d1b39e76b1a4d6798650f2e90c95f2c216d3086e7b1ea00b,CONTROLLED_TEST_MUTATION,lineage_cycle,False,True,0.0336,True,0.3151,False,3.6538,EVIDENCE_LINEAGE_INVALID,b2d83222fe4bab87f393b8e93c8a29f87ac2f8279ebd9de6ca63f25604bbf49f
case-00515,1de5c655a2927debabaefc57e130051f63d45a943aa324a24e43653a06c029c2,CONTROLLED_TEST_MUTATION,malformed_payload,False,True,0.034,True,0.3224,False,3.5287,EVIDENCE_PAYLOAD_SCHEMA_INVALID|EVIDENCE_SNAPSHOT_CONFLICT,b2d83222fe4bab87f393b8e93c8a29f87ac2f8279ebd9de6ca63f25604bbf49f
case-00516,15234e95fdd8ee81c7b19364457c664002ae00ad76e6bd5f4137783b37418893,CONTROLLED_TEST_MUTATION,expired_import,False,True,0.045,False,0.3312,False,3.7635,EVIDENCE_STALE,b2d83222fe4bab87f393b8e93c8a29f87ac2f8279ebd9de6ca63f25604bbf49f
case-00517,2b83f41db58b68e524d4a78a07b85a192b7f86f5710c6788fd9316cc64419bdc,CONTROLLED_TEST_MUTATION,lineage_cycle,False,True,0.0354,True,0.3488,False,3.9606,EVIDENCE_LINEAGE_INVALID,b2d83222fe4bab87f393b8e93c8a29f87ac2f8279ebd9de6ca63f25604bbf49f
case-00518,b51b97a76e7dc7c0a482e30a89895bcd2e0ba873fc28b4afa33301c0a1598004,CONTROLLED_TEST_MUTATION,incomplete_payload,False,True,0.0358,False,0.1518,False,3.8374,EVIDENCE_PAYLOAD_INCOMPLETE,b2d83222fe4bab87f393b8e93c8a29f87ac2f8279ebd9de6ca63f25604bbf49f
case-00519,c048cd56f80a4560a498f56da3796bade5d4fc2d854e1ef784e1717de97ebe23,CONTROLLED_TEST_MUTATION,source_type_impersonation,False,True,0.0355,True,0.3209,False,4.7629,EVIDENCE_ROLE_SOURCE_NOT_ALLOWED|OPERATOR_EVIDENCE_UNVERIFIED,b2d83222fe4bab87f393b8e93c8a29f87ac2f8279ebd9de6ca63f25604bbf49f
case-00520,3ab4bfb3c2c84a04a3d25c5b359a8421bff7c0f8ab008a9014f3c302f9a6f222,CONTROLLED_TEST_MUTATION,excluded_ancestor,False,True,0.0367,True,0.3215,False,3.6968,REQUIRED_INPUT_EXCLUDED,b2d83222fe4bab87f393b8e93c8a29f87ac2f8279ebd9de6ca63f25604bbf49f
case-00521,9d5816b37383ffe65620c37f2f0abdba9e7001a227abcc945e9e3a5b364e71f7,CONTROLLED_TEST_MUTATION,incomplete_payload,False,True,0.0358,False,0.1487,False,4.0087,EVIDENCE_PAYLOAD_INCOMPLETE,b2d83222fe4bab87f393b8e93c8a29f87ac2f8279ebd9de6ca63f25604bbf49f
case-00522,6801fdbc64032e1017e10311c783b59aa3169872c7be8df093bd0c3374f3e720,CLEAN_TEST_FIXTURE,none,True,True,0.0349,True,0.32,True,3.5879,ALL_REQUIRED_EVIDENCE_TRUSTWORTHY,b2d83222fe4bab87f393b8e93c8a29f87ac2f8279ebd9de6ca63f25604bbf49f
case-00523,437c2a6266ae5911e421e3db7356003e79f1462fe36cdff6799c59b3ae65ebb1,CONTROLLED_TEST_MUTATION,excluded_ancestor,False,True,0.0521,True,0.396,False,4.9026,REQUIRED_INPUT_EXCLUDED,b2d83222fe4bab87f393b8e93c8a29f87ac2f8279ebd9de6ca63f25604bbf49f
case-00524,ca407ac95fabfaf1e422e572a4884acbcf426f766af1e8fcb8c6a7654d9b8968,CONTROLLED_TEST_MUTATION,unknown_source,False,True,0.0346,True,0.3145,False,3.5138,EVIDENCE_ROLE_SOURCE_NOT_ALLOWED|EVIDENCE_SOURCE_ID_UNKNOWN|EVIDENCE_SOURCE_POLICY_MISSING,b2d83222fe4bab87f393b8e93c8a29f87ac2f8279ebd9de6ca63f25604bbf49f
case-00525,44b553e8acbe720a456161ee8851d78c6192441a10865bd0ff2cb8c216316f43,CONTROLLED_TEST_MUTATION,wrong_context,False,True,0.0344,True,0.3136,False,4.2817,EVIDENCE_CONTEXT_MISMATCH,b2d83222fe4bab87f393b8e93c8a29f87ac2f8279ebd9de6ca63f25604bbf49f
case-00526,dc6e8a340c9db71edb043028483a6ef0cfd905ad0b3e8ac2eabfa26e2df90997,CONTROLLED_TEST_MUTATION,wrong_context,False,True,0.0355,True,0.32,False,3.6447,EVIDENCE_CONTEXT_MISMATCH,b2d83222fe4bab87f393b8e93c8a29f87ac2f8279ebd9de6ca63f25604bbf49f
case-00527,e011e0d37f75412ed9af9cb9b5c5851b3f1738712134ab89af07bd0296d41d74,CONTROLLED_TEST_MUTATION,future_timestamp,False,True,0.0345,False,0.3341,False,5.1647,EVIDENCE_FRESHNESS_UNKNOWN|EVIDENCE_TIMESTAMP_IN_FUTURE,b2d83222fe4bab87f393b8e93c8a29f87ac2f8279ebd9de6ca63f25604bbf49f
case-00528,5b0975d6fbb785baff876456f84d6baa93d688044b6f0215f101ebf48bfe21e9,CLEAN_TEST_FIXTURE,none,True,True,0.034,True,0.3165,True,3.7189,ALL_REQUIRED_EVIDENCE_TRUSTWORTHY,b2d83222fe4bab87f393b8e93c8a29f87ac2f8279ebd9de6ca63f25604bbf49f
case-00529,29430a4b58f170fc3a6e4e8fa607d1123ffede80a170fdab20bf33bcfc0d7664,CONTROLLED_TEST_MUTATION,root_signature_tamper_after_seal,False,True,0.0505,True,0.3574,False,3.6523,EVIDENCE_ROOT_INVALID,b2d83222fe4bab87f393b8e93c8a29f87ac2f8279ebd9de6ca63f25604bbf49f
case-00530,32d5a03c08932fbeda4437bc5e9003dc721f1460886859ee063047d351d3a6dc,CLEAN_TEST_FIXTURE,none,True,True,0.0343,True,0.3138,True,3.5691,ALL_REQUIRED_EVIDENCE_TRUSTWORTHY,b2d83222fe4bab87f393b8e93c8a29f87ac2f8279ebd9de6ca63f25604bbf49f
case-00531,d47f4d05788ac044991b660ed79a726b61cd82a0a62347d532a4d239649c7090,CLEAN_TEST_FIXTURE,none,True,True,0.0439,True,0.3817,True,3.7598,ALL_REQUIRED_EVIDENCE_TRUSTWORTHY,b2d83222fe4bab87f393b8e93c8a29f87ac2f8279ebd9de6ca63f25604bbf49f
case-00532,4eb674bad9ba1d8d8da2832fea40dfb013c0243dbfa198615cf34873a303d6a9,CONTROLLED_TEST_MUTATION,malformed_payload,False,True,0.0351,True,0.3105,False,3.7906,EVIDENCE_PAYLOAD_SCHEMA_INVALID|EVIDENCE_SNAPSHOT_CONFLICT,b2d83222fe4bab87f393b8e93c8a29f87ac2f8279ebd9de6ca63f25604bbf49f
case-00533,bf90fda62d982791ef2f353b2e6d09565abe5f39f012847ecb8f5f0a83296409,CONTROLLED_TEST_MUTATION,future_timestamp,False,True,0.037,False,0.3081,False,3.6817,EVIDENCE_FRESHNESS_UNKNOWN|EVIDENCE_TIMESTAMP_IN_FUTURE,b2d83222fe4bab87f393b8e93c8a29f87ac2f8279ebd9de6ca63f25604bbf49f
case-00534,9596a7f62784a3f417f9e348c4ca4e933c043f636016e4753e8b9a1457475edf,CLEAN_TEST_FIXTURE,none,True,True,0.0344,True,0.3126,True,3.7332,ALL_REQUIRED_EVIDENCE_TRUSTWORTHY,b2d83222fe4bab87f393b8e93c8a29f87ac2f8279ebd9de6ca63f25604bbf49f
case-00535,588e0dc5bd235e71ddb335049d8e6a186a7ddf0cd4a502bb9f9884eec2014216,CONTROLLED_TEST_MUTATION,snapshot_score_conflict,False,True,0.0492,True,0.447,False,4.0166,EVIDENCE_SNAPSHOT_CONFLICT,b2d83222fe4bab87f393b8e93c8a29f87ac2f8279ebd9de6ca63f25604bbf49f
case-00536,da75c067b360fae28dc7855fa64a51b023914fbe74a589b45f41164bdb351e5f,CONTROLLED_TEST_MUTATION,incomplete_payload,False,True,0.0345,False,0.1425,False,3.8134,EVIDENCE_PAYLOAD_INCOMPLETE,b2d83222fe4bab87f393b8e93c8a29f87ac2f8279ebd9de6ca63f25604bbf49f
case-00537,360574f9cb27d5d74617ebb25e34b8136a31d7b8d670ab4320de8d26154660e8,CLEAN_TEST_FIXTURE,none,True,True,0.0357,True,0.3212,True,3.5971,ALL_REQUIRED_EVIDENCE_TRUSTWORTHY,b2d83222fe4bab87f393b8e93c8a29f87ac2f8279ebd9de6ca63f25604bbf49f
case-00538,9919a9fcf05fd8bfba1bab5b975f5e408638b47a1e60bd17dec17065851a906d,CONTROLLED_TEST_MUTATION,missing_lineage,False,True,0.0347,True,0.3652,False,3.6841,EVIDENCE_LINEAGE_INCOMPLETE,b2d83222fe4bab87f393b8e93c8a29f87ac2f8279ebd9de6ca63f25604bbf49f
case-00539,40ab204d3ac2b60d41e5dc00ee04a97f18275411f17d9d8d82b978fc8eeb770a,CONTROLLED_TEST_MUTATION,unknown_source,False,True,0.0374,True,0.3328,False,3.8838,EVIDENCE_ROLE_SOURCE_NOT_ALLOWED|EVIDENCE_SOURCE_ID_UNKNOWN|EVIDENCE_SOURCE_POLICY_MISSING,b2d83222fe4bab87f393b8e93c8a29f87ac2f8279ebd9de6ca63f25604bbf49f
case-00540,f85ef0ec4aa3d24fca7b5ac8802fad64672d86bd22067533d1d1887769556692,CONTROLLED_TEST_MUTATION,missing_direct_role,False,False,0.0492,False,0.0149,False,3.4152,REQUIRED_ROLE_MISSING,b2d83222fe4bab87f393b8e93c8a29f87ac2f8279ebd9de6ca63f25604bbf49f
case-00541,f04d6579576efd2ca5d76bc5c569651579995bb79e6cb70a3749ce4f25984e0c,CONTROLLED_TEST_MUTATION,future_timestamp,False,True,0.0357,False,0.2948,False,3.605,EVIDENCE_FRESHNESS_UNKNOWN|EVIDENCE_TIMESTAMP_IN_FUTURE,b2d83222fe4bab87f393b8e93c8a29f87ac2f8279ebd9de6ca63f25604bbf49f
case-00542,ff8836492645c38c66daf5373b70f0be31ac761ed8f6c1b917588a0c933bbec0,CONTROLLED_TEST_MUTATION,unknown_source,False,True,0.0361,True,0.3215,False,3.627,EVIDENCE_ROLE_SOURCE_NOT_ALLOWED|EVIDENCE_SOURCE_ID_UNKNOWN|EVIDENCE_SOURCE_POLICY_MISSING,b2d83222fe4bab87f393b8e93c8a29f87ac2f8279ebd9de6ca63f25604bbf49f
case-00543,cf444a888283e5bee53d583783ac50bdc64d109e979ac9d3a017d264d7295eed,CONTROLLED_TEST_MUTATION,source_type_impersonation,False,True,0.0377,True,0.3729,False,3.6437,EVIDENCE_ROLE_SOURCE_NOT_ALLOWED|OPERATOR_EVIDENCE_UNVERIFIED,b2d83222fe4bab87f393b8e93c8a29f87ac2f8279ebd9de6ca63f25604bbf49f
case-00544,6dc022900b90a1aedd98487238c086b4cae77a9493894253b66eb48b0893ce1c,CONTROLLED_TEST_MUTATION,payload_tamper_after_seal,False,True,0.0387,False,0.0895,False,3.6277,CHECKSUM_INVALID|EVIDENCE_ROOT_INVALID|EVIDENCE_SNAPSHOT_CONFLICT|RECORD_ENVELOPE_INVALID,b2d83222fe4bab87f393b8e93c8a29f87ac2f8279ebd9de6ca63f25604bbf49f
case-00545,650ae992c14df4536f0d9b2281fd539a71a24a27f3f2ac381460cf39d7387267,CLEAN_TEST_FIXTURE,none,True,True,0.0353,True,0.3205,True,3.6738,ALL_REQUIRED_EVIDENCE_TRUSTWORTHY,b2d83222fe4bab87f393b8e93c8a29f87ac2f8279ebd9de6ca63f25604bbf49f
case-00546,b55dbd3b2963603c1754c73ed19ce65fe4e0bc5a572638f4d2b06d66ee9a352f,CONTROLLED_TEST_MUTATION,unknown_source,False,True,0.0345,True,0.317,False,3.7905,EVIDENCE_ROLE_SOURCE_NOT_ALLOWED|EVIDENCE_SOURCE_ID_UNKNOWN|EVIDENCE_SOURCE_POLICY_MISSING,b2d83222fe4bab87f393b8e93c8a29f87ac2f8279ebd9de6ca63f25604bbf49f
case-00547,256288c52dfe685a236da5f3eff7bf312413bd897c9df31dcf05fd702104ad6b,CONTROLLED_TEST_MUTATION,snapshot_score_conflict,False,True,0.0381,True,0.3203,False,4.0474,EVIDENCE_SNAPSHOT_CONFLICT,b2d83222fe4bab87f393b8e93c8a29f87ac2f8279ebd9de6ca63f25604bbf49f
case-00548,68c57712c0b99b1c4a54437364546c6a5feac6d143660ca3b3ac518d232e9dc0,CONTROLLED_TEST_MUTATION,missing_direct_role,False,False,0.018,False,0.0132,False,3.2846,REQUIRED_ROLE_MISSING,b2d83222fe4bab87f393b8e93c8a29f87ac2f8279ebd9de6ca63f25604bbf49f
case-00549,1145d1a64db1721894e4387266e841433921abdf87e8360520e63625daa7e4bb,CONTROLLED_TEST_MUTATION,wrong_context,False,True,0.0346,True,0.4405,False,3.5945,EVIDENCE_CONTEXT_MISMATCH,b2d83222fe4bab87f393b8e93c8a29f87ac2f8279ebd9de6ca63f25604bbf49f
case-00550,0c4a66b497c00b0a9efb33baf4207d854b3fa15b30de51f007321a45babb7378,CONTROLLED_TEST_MUTATION,future_timestamp,False,True,0.0339,False,0.3266,False,3.5284,EVIDENCE_FRESHNESS_UNKNOWN|EVIDENCE_TIMESTAMP_IN_FUTURE,b2d83222fe4bab87f393b8e93c8a29f87ac2f8279ebd9de6ca63f25604bbf49f
case-00551,38bf554c983db05ddff07b5b7d99b35d6ba7dfd8c3d1cbc562c043ca17be3a09,CONTROLLED_TEST_MUTATION,expired_import,False,True,0.0454,False,0.2916,False,3.5474,EVIDENCE_STALE,b2d83222fe4bab87f393b8e93c8a29f87ac2f8279ebd9de6ca63f25604bbf49f
case-00552,ec969ef63a2a219e6dba4bf285d32469a5c216c679b54d6d0a7276e0ad4e56af,CONTROLLED_TEST_MUTATION,root_signature_tamper_after_seal,False,True,0.0343,True,0.337,False,3.6929,EVIDENCE_ROOT_INVALID,b2d83222fe4bab87f393b8e93c8a29f87ac2f8279ebd9de6ca63f25604bbf49f
case-00553,47332616f322df0d6570b30a4d17dd420e54d7c5f865fad0ba9958b5e6885026,CONTROLLED_TEST_MUTATION,future_timestamp,False,True,0.0348,False,0.2839,False,4.2467,EVIDENCE_FRESHNESS_UNKNOWN|EVIDENCE_TIMESTAMP_IN_FUTURE,b2d83222fe4bab87f393b8e93c8a29f87ac2f8279ebd9de6ca63f25604bbf49f
case-00554,dd141e81bcaece7e7d9c6e8245d5f0c2441256f7e47f89edb12ba1015c6f3b05,CONTROLLED_TEST_MUTATION,wrong_context,False,True,0.0389,True,0.3298,False,5.4431,EVIDENCE_CONTEXT_MISMATCH,b2d83222fe4bab87f393b8e93c8a29f87ac2f8279ebd9de6ca63f25604bbf49f
case-00555,11f9ef57558f02f9dc2edc8ec214343cfd3ce6615e943c7a374b9032a1cf6d34,CONTROLLED_TEST_MUTATION,missing_direct_role,False,False,0.0192,False,0.0138,False,3.247,REQUIRED_ROLE_MISSING,b2d83222fe4bab87f393b8e93c8a29f87ac2f8279ebd9de6ca63f25604bbf49f
case-00556,91463909bb36e0112dd6eabf354d0832a8ab592ac24a56a9155211abda79dd14,CONTROLLED_TEST_MUTATION,unavailable_record,False,True,0.0354,False,0.2892,False,4.2981,EVIDENCE_LINEAGE_INCOMPLETE|EVIDENCE_UNAVAILABLE,b2d83222fe4bab87f393b8e93c8a29f87ac2f8279ebd9de6ca63f25604bbf49f
case-00557,ab1d37b319158beb5c730e296e95712e1b0acd62bb6d1c40f06a2bf81510a6aa,CONTROLLED_TEST_MUTATION,broken_lineage,False,True,0.0352,True,0.3098,False,3.5315,EVIDENCE_LINEAGE_INVALID,b2d83222fe4bab87f393b8e93c8a29f87ac2f8279ebd9de6ca63f25604bbf49f
case-00558,ed21b833411bc7b9c0689f7234aef8258d3cd28420c2fe282b6be40ff6e4ccf3,CONTROLLED_TEST_MUTATION,wrong_context,False,True,0.0392,True,0.3512,False,4.8022,EVIDENCE_CONTEXT_MISMATCH,b2d83222fe4bab87f393b8e93c8a29f87ac2f8279ebd9de6ca63f25604bbf49f
case-00559,0f9b568ac68750fd9ae8708b7bc5d72b023d8c3274f85c39842811bd37d820f6,CONTROLLED_TEST_MUTATION,expired_import,False,True,0.0359,False,0.3113,False,3.6211,EVIDENCE_STALE,b2d83222fe4bab87f393b8e93c8a29f87ac2f8279ebd9de6ca63f25604bbf49f
case-00560,ef87a0849bef6fb4a813a20211e0877b1c4eddaec5116183a991f5d276481768,CONTROLLED_TEST_MUTATION,missing_direct_role,False,False,0.019,False,0.0136,False,3.9627,REQUIRED_ROLE_MISSING,b2d83222fe4bab87f393b8e93c8a29f87ac2f8279ebd9de6ca63f25604bbf49f
case-00561,7b1391208f7a1e0646f057ef510c9936f2e5b5494c830a0bd2c07d81f89a569f,CLEAN_TEST_FIXTURE,none,True,True,0.0358,True,0.3194,True,3.6173,ALL_REQUIRED_EVIDENCE_TRUSTWORTHY,b2d83222fe4bab87f393b8e93c8a29f87ac2f8279ebd9de6ca63f25604bbf49f
case-00562,8dcc1d5f7ba0765c220bddee351ac9df5420f5876b64c406c89efdee6fd1ec42,CLEAN_TEST_FIXTURE,none,True,True,0.0346,True,0.4508,True,4.8782,ALL_REQUIRED_EVIDENCE_TRUSTWORTHY,b2d83222fe4bab87f393b8e93c8a29f87ac2f8279ebd9de6ca63f25604bbf49f
case-00563,36ac232923af8cde06b91dddad24de67ad3ef7f80ca6c09dde64c43330c40e44,CONTROLLED_TEST_MUTATION,role_conflict,False,True,0.0393,True,0.3468,False,3.9581,EVIDENCE_ROLE_CONFLICT,b2d83222fe4bab87f393b8e93c8a29f87ac2f8279ebd9de6ca63f25604bbf49f
case-00564,22137e7e4fd58cb6de99f86d1bf8993fbac3ac2c893958919a8d7c92b0fa506b,CONTROLLED_TEST_MUTATION,excluded_ancestor,False,True,0.0353,True,0.4968,False,3.787,REQUIRED_INPUT_EXCLUDED,b2d83222fe4bab87f393b8e93c8a29f87ac2f8279ebd9de6ca63f25604bbf49f
case-00565,33208cf277f0164a140545c5f41291e7cc1b24da3b28df257d2cb309697c83d0,CONTROLLED_TEST_MUTATION,empty_payload,False,False,0.04,False,0.0313,False,3.5986,EVIDENCE_PAYLOAD_EMPTY|EVIDENCE_PAYLOAD_SCHEMA_INVALID|EVIDENCE_SNAPSHOT_CONFLICT,b2d83222fe4bab87f393b8e93c8a29f87ac2f8279ebd9de6ca63f25604bbf49f
case-00566,a3b51226fe2a683820a65454e7bc648502cbb827ef96b8d6fdc9bc26265c1a42,CONTROLLED_TEST_MUTATION,payload_tamper_after_seal,False,True,0.0344,False,0.0789,False,4.6538,CHECKSUM_INVALID|EVIDENCE_ROOT_INVALID|EVIDENCE_SNAPSHOT_CONFLICT|RECORD_ENVELOPE_INVALID,b2d83222fe4bab87f393b8e93c8a29f87ac2f8279ebd9de6ca63f25604bbf49f
case-00567,b9b6efe33fb039059bc24b73700665501c196a753d7237ae8e42a0d888ba11f9,CONTROLLED_TEST_MUTATION,payload_tamper_after_seal,False,True,0.0346,False,0.0762,False,3.7856,CHECKSUM_INVALID|EVIDENCE_ROOT_INVALID|EVIDENCE_SNAPSHOT_CONFLICT|RECORD_ENVELOPE_INVALID,b2d83222fe4bab87f393b8e93c8a29f87ac2f8279ebd9de6ca63f25604bbf49f
case-00568,aac1597c8834f6c59a1355ef459b7939423bf25f056c51a3508f63921cd4bc2a,CONTROLLED_TEST_MUTATION,future_timestamp,False,True,0.034,False,0.3036,False,3.8564,EVIDENCE_FRESHNESS_UNKNOWN|EVIDENCE_TIMESTAMP_IN_FUTURE,b2d83222fe4bab87f393b8e93c8a29f87ac2f8279ebd9de6ca63f25604bbf49f
case-00569,fabf8d5cfade185d99b719338b69c062231196a6896f66a9f93b91617bb94b71,CONTROLLED_TEST_MUTATION,missing_lineage,False,True,0.0349,True,0.3196,False,3.5099,EVIDENCE_LINEAGE_INCOMPLETE,b2d83222fe4bab87f393b8e93c8a29f87ac2f8279ebd9de6ca63f25604bbf49f
case-00570,4a5ad1b3cf1e071bb753557c3b861b2cd28c23f659e7a4144cb4d2adf0334048,CONTROLLED_TEST_MUTATION,stale_live_observation,False,True,0.035,False,0.2917,False,5.9599,EVIDENCE_STALE,b2d83222fe4bab87f393b8e93c8a29f87ac2f8279ebd9de6ca63f25604bbf49f
case-00571,90774e8f31d67f4ec9b5a2a3282fe9d484c6105bf5ac64794ff649b3ae51678a,CONTROLLED_TEST_MUTATION,broken_lineage,False,True,0.0375,True,0.3228,False,4.3011,EVIDENCE_LINEAGE_INVALID,b2d83222fe4bab87f393b8e93c8a29f87ac2f8279ebd9de6ca63f25604bbf49f
case-00572,71946133945ee1ae78282c3b719fca2f1fa73f61e1b59ee00a6aa0b44f29baa7,CONTROLLED_TEST_MUTATION,incomplete_payload,False,True,0.0363,False,0.1529,False,3.8086,EVIDENCE_PAYLOAD_INCOMPLETE,b2d83222fe4bab87f393b8e93c8a29f87ac2f8279ebd9de6ca63f25604bbf49f
case-00573,1ea8c782c8eef2f955b0fda7c9da78fe34b71c0fc9a063802df132fe7b2cd08e,CONTROLLED_TEST_MUTATION,root_signature_tamper_after_seal,False,True,0.0425,True,0.3581,False,3.8444,EVIDENCE_ROOT_INVALID,b2d83222fe4bab87f393b8e93c8a29f87ac2f8279ebd9de6ca63f25604bbf49f
case-00574,70c69ba42356096d840b9bb0d81894b8828eba6ce11071153b96c276b0b4929d,CONTROLLED_TEST_MUTATION,future_timestamp,False,True,0.0411,False,0.3187,False,3.6338,EVIDENCE_FRESHNESS_UNKNOWN|EVIDENCE_TIMESTAMP_IN_FUTURE,b2d83222fe4bab87f393b8e93c8a29f87ac2f8279ebd9de6ca63f25604bbf49f
case-00575,a9fb16199e81b1ddc4f4b2372aedde05f4a4dd9e96624712aa2a0257f5cf5c34,CONTROLLED_TEST_MUTATION,wrong_context,False,True,0.0349,True,0.3123,False,3.9904,EVIDENCE_CONTEXT_MISMATCH,b2d83222fe4bab87f393b8e93c8a29f87ac2f8279ebd9de6ca63f25604bbf49f
case-00576,b58341f5c5eb26e1e1132a6779c44025922e10de3558c19aea74fbb528c4c952,CLEAN_TEST_FIXTURE,none,True,True,0.0344,True,0.3083,True,3.8763,ALL_REQUIRED_EVIDENCE_TRUSTWORTHY,b2d83222fe4bab87f393b8e93c8a29f87ac2f8279ebd9de6ca63f25604bbf49f
case-00577,1b3e2e19be286ff774c287bb685653f615f232c0133ffe09c90415a3e6dc5c0b,CONTROLLED_TEST_MUTATION,missing_lineage,False,True,0.0338,True,0.3119,False,3.8977,EVIDENCE_LINEAGE_INCOMPLETE,b2d83222fe4bab87f393b8e93c8a29f87ac2f8279ebd9de6ca63f25604bbf49f
case-00578,a47b153d01f8a04b1b613b56c406ed34d312ab34dc81e8836a80ef9415a07eb4,CONTROLLED_TEST_MUTATION,broken_lineage,False,True,0.036,True,0.3177,False,3.6481,EVIDENCE_LINEAGE_INVALID,b2d83222fe4bab87f393b8e93c8a29f87ac2f8279ebd9de6ca63f25604bbf49f
case-00579,02431ed66ceb2a1031b847d63fadad1021e8b3dbfb4e122f06a06aa492091c4c,CONTROLLED_TEST_MUTATION,empty_payload,False,False,0.0371,False,0.0292,False,4.1255,EVIDENCE_PAYLOAD_EMPTY|EVIDENCE_PAYLOAD_SCHEMA_INVALID|EVIDENCE_SNAPSHOT_CONFLICT,b2d83222fe4bab87f393b8e93c8a29f87ac2f8279ebd9de6ca63f25604bbf49f
case-00580,0eb496040a5542914fa84e4484b84bb39169835b8c2ced1e93dbc0b50ffca736,CONTROLLED_TEST_MUTATION,broken_lineage,False,True,0.0335,True,0.3199,False,3.5916,EVIDENCE_LINEAGE_INVALID,b2d83222fe4bab87f393b8e93c8a29f87ac2f8279ebd9de6ca63f25604bbf49f
case-00581,36fa4d533c432b03e10fcd6f8a7cdb8fc8b65a56ba2ab134586f311cc5965e18,CLEAN_TEST_FIXTURE,none,True,True,0.0337,True,0.3066,True,4.6465,ALL_REQUIRED_EVIDENCE_TRUSTWORTHY,b2d83222fe4bab87f393b8e93c8a29f87ac2f8279ebd9de6ca63f25604bbf49f
case-00582,4e346c33d0401ef0b48c69c2cd68ae7ba01a1aa0e5b3dda7329c6a21d03c3e83,CLEAN_TEST_FIXTURE,none,True,True,0.0358,True,0.6034,True,3.8473,ALL_REQUIRED_EVIDENCE_TRUSTWORTHY,b2d83222fe4bab87f393b8e93c8a29f87ac2f8279ebd9de6ca63f25604bbf49f
case-00583,a4daac02ff9834e664d133ac8a968485339c6e64ce31bd7bb8074a96dcc8de58,CLEAN_TEST_FIXTURE,none,True,True,0.0355,True,0.3184,True,3.9525,ALL_REQUIRED_EVIDENCE_TRUSTWORTHY,b2d83222fe4bab87f393b8e93c8a29f87ac2f8279ebd9de6ca63f25604bbf49f
case-00584,2f6e486d5cb7362987bbe1e01c6ba6f29349e9a478caf05e5f09963017375461,CONTROLLED_TEST_MUTATION,wrong_context,False,True,0.0339,True,0.3321,False,3.5598,EVIDENCE_CONTEXT_MISMATCH,b2d83222fe4bab87f393b8e93c8a29f87ac2f8279ebd9de6ca63f25604bbf49f
case-00585,0786e8f2bdd81b31923f6408dc093ca9d7e601e681f0b1b768dd2402a313edf9,CONTROLLED_TEST_MUTATION,role_conflict,False,True,0.0384,True,0.3414,False,5.9442,EVIDENCE_ROLE_CONFLICT,b2d83222fe4bab87f393b8e93c8a29f87ac2f8279ebd9de6ca63f25604bbf49f
case-00586,61acfadf9d6cfb9ce1bd3d4575123d152c48f8abf18be390ace721b042441f16,CONTROLLED_TEST_MUTATION,unavailable_record,False,True,0.0374,False,0.2943,False,3.6704,EVIDENCE_LINEAGE_INCOMPLETE|EVIDENCE_UNAVAILABLE,b2d83222fe4bab87f393b8e93c8a29f87ac2f8279ebd9de6ca63f25604bbf49f
case-00587,0dc2c82d282d80f3ff36d70c03126ee18faccf663f5426f93e94fca1031bff6f,CONTROLLED_TEST_MUTATION,wrong_context,False,True,0.0392,True,0.3384,False,3.9841,EVIDENCE_CONTEXT_MISMATCH,b2d83222fe4bab87f393b8e93c8a29f87ac2f8279ebd9de6ca63f25604bbf49f
case-00588,c0b349719c010362815bab180ce45a1e8b6a72327ec3640cc4d997fa8d77d8be,CONTROLLED_TEST_MUTATION,root_signature_tamper_after_seal,False,True,0.0346,True,0.3125,False,3.5107,EVIDENCE_ROOT_INVALID,b2d83222fe4bab87f393b8e93c8a29f87ac2f8279ebd9de6ca63f25604bbf49f
case-00589,31f7921fbe6ee4142b38c38054b40e9b9e4ff094804ed254d80a72d61cd5bbe1,CONTROLLED_TEST_MUTATION,expired_import,False,True,0.0357,False,0.317,False,4.9596,EVIDENCE_STALE,b2d83222fe4bab87f393b8e93c8a29f87ac2f8279ebd9de6ca63f25604bbf49f
case-00590,d9ef8cc5cf583f55197d9a0363b37ca5d560735074d6f2cf930217f79ab4a260,CONTROLLED_TEST_MUTATION,missing_direct_role,False,False,0.0275,False,0.0134,False,3.3881,REQUIRED_ROLE_MISSING,b2d83222fe4bab87f393b8e93c8a29f87ac2f8279ebd9de6ca63f25604bbf49f
case-00591,2a0a7f10df40edf552920a486c722326a934bccdfe4a4a667aa5b3d983f5bdfc,CONTROLLED_TEST_MUTATION,missing_lineage,False,True,0.0358,True,0.3441,False,3.8223,EVIDENCE_LINEAGE_INCOMPLETE,b2d83222fe4bab87f393b8e93c8a29f87ac2f8279ebd9de6ca63f25604bbf49f
case-00592,760bdaf2933654172aadbd7dcb47d488701705b977c401d8a08838cd37e8c39b,CLEAN_TEST_FIXTURE,none,True,True,0.0359,True,0.325,True,3.6334,ALL_REQUIRED_EVIDENCE_TRUSTWORTHY,b2d83222fe4bab87f393b8e93c8a29f87ac2f8279ebd9de6ca63f25604bbf49f
case-00593,e3b5bb53f36931175ed9e17aaff5fef7f04bc3a2554b5d1ddbe72d442d83e25c,CLEAN_TEST_FIXTURE,none,True,True,0.0354,True,0.3359,True,4.2909,ALL_REQUIRED_EVIDENCE_TRUSTWORTHY,b2d83222fe4bab87f393b8e93c8a29f87ac2f8279ebd9de6ca63f25604bbf49f
case-00594,e0b254b0a8f57662504a5ea11da9d329a500a5958da8f2e9ca68be5e8be1e911,CONTROLLED_TEST_MUTATION,role_conflict,False,True,0.0384,True,0.3303,False,4.0186,EVIDENCE_ROLE_CONFLICT,b2d83222fe4bab87f393b8e93c8a29f87ac2f8279ebd9de6ca63f25604bbf49f
case-00595,707c16b101eef663e25202b0d632681f5d732e6e4ba3f092c1380528361230f0,CONTROLLED_TEST_MUTATION,future_timestamp,False,True,0.0451,False,0.2852,False,3.5522,EVIDENCE_FRESHNESS_UNKNOWN|EVIDENCE_TIMESTAMP_IN_FUTURE,b2d83222fe4bab87f393b8e93c8a29f87ac2f8279ebd9de6ca63f25604bbf49f
case-00596,9689dfe82a331eab1b9329bfa71f3078fd93d7ce9e21ca61ab29a18b45a279c0,CONTROLLED_TEST_MUTATION,unavailable_record,False,True,0.0347,False,0.327,False,3.9789,EVIDENCE_LINEAGE_INCOMPLETE|EVIDENCE_UNAVAILABLE,b2d83222fe4bab87f393b8e93c8a29f87ac2f8279ebd9de6ca63f25604bbf49f
case-00597,a3e02592f144302f3ad82823af6afd3a67952fb864ef13e0c8d57c61b714d87e,CONTROLLED_TEST_MUTATION,stale_live_observation,False,True,0.0494,False,0.4394,False,3.9469,EVIDENCE_STALE,b2d83222fe4bab87f393b8e93c8a29f87ac2f8279ebd9de6ca63f25604bbf49f
case-00598,7cad558d03c0da7d467b6289614d99d1107986102a0569fa6591ec973246553a,CONTROLLED_TEST_MUTATION,root_signature_tamper_after_seal,False,True,0.0379,True,0.3291,False,3.8797,EVIDENCE_ROOT_INVALID,b2d83222fe4bab87f393b8e93c8a29f87ac2f8279ebd9de6ca63f25604bbf49f
case-00599,b3a95ca62b139465c419573f27107984427e2e31b2f05077e0d609f4993178fa,CLEAN_TEST_FIXTURE,none,True,True,0.0342,True,0.3125,True,3.5426,ALL_REQUIRED_EVIDENCE_TRUSTWORTHY,b2d83222fe4bab87f393b8e93c8a29f87ac2f8279ebd9de6ca63f25604bbf49f
case-00600,46efe8cfa646460cc425346270e576248206834520e2fb1a4b291107b46943b3,CONTROLLED_TEST_MUTATION,future_timestamp,False,True,0.0347,False,0.3238,False,3.6046,EVIDENCE_FRESHNESS_UNKNOWN|EVIDENCE_TIMESTAMP_IN_FUTURE,b2d83222fe4bab87f393b8e93c8a29f87ac2f8279ebd9de6ca63f25604bbf49f
case-00601,ac775e098cbfb064f1ee580673494ebf3f0c2cc16703725f74f74a49700b9949,CONTROLLED_TEST_MUTATION,payload_tamper_after_seal,False,True,0.0363,False,0.0814,False,3.7192,CHECKSUM_INVALID|EVIDENCE_ROOT_INVALID|EVIDENCE_SNAPSHOT_CONFLICT|RECORD_ENVELOPE_INVALID,b2d83222fe4bab87f393b8e93c8a29f87ac2f8279ebd9de6ca63f25604bbf49f
case-00602,ad8bef41df0b72403759c8f07f770d496b68d2f16eb204fb9bc725b4714b7a33,CONTROLLED_TEST_MUTATION,role_conflict,False,True,0.0397,True,0.3476,False,4.0949,EVIDENCE_ROLE_CONFLICT,b2d83222fe4bab87f393b8e93c8a29f87ac2f8279ebd9de6ca63f25604bbf49f
case-00603,55365439139a0fb46c6f8872b77f1551eb9881c89ff3738c7f888c6030a98e29,CONTROLLED_TEST_MUTATION,missing_lineage,False,True,0.0358,True,0.3142,False,3.6422,EVIDENCE_LINEAGE_INCOMPLETE,b2d83222fe4bab87f393b8e93c8a29f87ac2f8279ebd9de6ca63f25604bbf49f
case-00604,3ecbeebeb810ba8694e54557a9751ff4c507c92d2106f45a24a511c085e912e6,CLEAN_TEST_FIXTURE,none,True,True,0.0337,True,0.308,True,3.7855,ALL_REQUIRED_EVIDENCE_TRUSTWORTHY,b2d83222fe4bab87f393b8e93c8a29f87ac2f8279ebd9de6ca63f25604bbf49f
case-00605,41f866b6f0e71f59675821c954cdf41a66167d76a6a0bb51a929c7b073162133,CONTROLLED_TEST_MUTATION,unavailable_record,False,True,0.037,False,0.3281,False,4.3803,EVIDENCE_LINEAGE_INCOMPLETE|EVIDENCE_UNAVAILABLE,b2d83222fe4bab87f393b8e93c8a29f87ac2f8279ebd9de6ca63f25604bbf49f
case-00606,c2699a5cf553bde4866672db42862dda689e9c68bb5095304a91a19bc2968d8f,CONTROLLED_TEST_MUTATION,stale_live_observation,False,True,0.0362,False,0.2931,False,4.1273,EVIDENCE_STALE,b2d83222fe4bab87f393b8e93c8a29f87ac2f8279ebd9de6ca63f25604bbf49f
case-00607,686e868c18c29b3eb6a79ef1369fdd9220c761034bf1ce10e8f0f21f9adf814e,CONTROLLED_TEST_MUTATION,empty_payload,False,False,0.0369,False,0.0282,False,3.6343,EVIDENCE_PAYLOAD_EMPTY|EVIDENCE_PAYLOAD_SCHEMA_INVALID|EVIDENCE_SNAPSHOT_CONFLICT,b2d83222fe4bab87f393b8e93c8a29f87ac2f8279ebd9de6ca63f25604bbf49f
case-00608,87fdddd295030a76bfbce9b86819171c1b963a7c1c38a5a672dd5ee7942e19b8,CONTROLLED_TEST_MUTATION,wrong_context,False,True,0.0336,True,0.3106,False,4.6193,EVIDENCE_CONTEXT_MISMATCH,b2d83222fe4bab87f393b8e93c8a29f87ac2f8279ebd9de6ca63f25604bbf49f
case-00609,45b76d8e4a942436c9f9a35b6f1a3e64996094d18e6841476834a55c440184e5,CONTROLLED_TEST_MUTATION,malformed_payload,False,True,0.0373,True,0.3236,False,3.6337,EVIDENCE_PAYLOAD_SCHEMA_INVALID|EVIDENCE_SNAPSHOT_CONFLICT,b2d83222fe4bab87f393b8e93c8a29f87ac2f8279ebd9de6ca63f25604bbf49f
case-00610,6140cef6ec434e65d6ffbb5a2a63eb5baa359337bf9ef4bc712daf70e49998a0,CONTROLLED_TEST_MUTATION,future_timestamp,False,True,0.0353,False,0.2951,False,3.9726,EVIDENCE_FRESHNESS_UNKNOWN|EVIDENCE_TIMESTAMP_IN_FUTURE,b2d83222fe4bab87f393b8e93c8a29f87ac2f8279ebd9de6ca63f25604bbf49f
case-00611,b39cccb82daf8cdea8afd565172c558a9a9295ee38680586e78a4a8dd4b09fbd,CONTROLLED_TEST_MUTATION,lineage_cycle,False,True,0.0553,True,0.351,False,3.6922,EVIDENCE_LINEAGE_INVALID,b2d83222fe4bab87f393b8e93c8a29f87ac2f8279ebd9de6ca63f25604bbf49f
case-00612,66988b7771bf6cb3404797face5e462f2f97566027f262680d298b64a91c4f28,CONTROLLED_TEST_MUTATION,payload_tamper_after_seal,False,True,0.0353,False,0.0793,False,4.8855,CHECKSUM_INVALID|EVIDENCE_ROOT_INVALID|EVIDENCE_SNAPSHOT_CONFLICT|RECORD_ENVELOPE_INVALID,b2d83222fe4bab87f393b8e93c8a29f87ac2f8279ebd9de6ca63f25604bbf49f
case-00613,e27f6b70f3d616f93ca2883aef2a512f7461bf51c4803757b1b1eff8f58ab743,CONTROLLED_TEST_MUTATION,expired_import,False,True,0.0366,False,0.2672,False,3.8321,EVIDENCE_STALE,b2d83222fe4bab87f393b8e93c8a29f87ac2f8279ebd9de6ca63f25604bbf49f
case-00614,14fc75321dabaf2854a57984ef02bced7824725f0ad9b47fb30f6626e8b3e137,CONTROLLED_TEST_MUTATION,malformed_payload,False,True,0.0355,True,0.3345,False,3.9453,EVIDENCE_PAYLOAD_SCHEMA_INVALID|EVIDENCE_SNAPSHOT_CONFLICT,b2d83222fe4bab87f393b8e93c8a29f87ac2f8279ebd9de6ca63f25604bbf49f
case-00615,f0b64b53d00bddd0d2422c8e18bd59ad099470e427ab1284dbe4aaac6243dae6,CONTROLLED_TEST_MUTATION,future_timestamp,False,True,0.0358,False,0.2944,False,3.8869,EVIDENCE_FRESHNESS_UNKNOWN|EVIDENCE_TIMESTAMP_IN_FUTURE,b2d83222fe4bab87f393b8e93c8a29f87ac2f8279ebd9de6ca63f25604bbf49f
case-00616,24dfd153c5ca9d3e90ad9ab3b9c2cc42004a16888a998e9e9870bf716794da26,CONTROLLED_TEST_MUTATION,stale_live_observation,False,True,0.1549,False,1.4196,False,3.8812,EVIDENCE_STALE,b2d83222fe4bab87f393b8e93c8a29f87ac2f8279ebd9de6ca63f25604bbf49f
case-00617,42688588ad82e6d78f44b42f916c71c33755236aba8e6e6b2b9221ea845aa5f1,CLEAN_TEST_FIXTURE,none,True,True,0.036,True,0.3183,True,3.5841,ALL_REQUIRED_EVIDENCE_TRUSTWORTHY,b2d83222fe4bab87f393b8e93c8a29f87ac2f8279ebd9de6ca63f25604bbf49f
case-00618,981a6abc583278468daf958217e70c15aa6f86719b719b4a24c600d168dc72ef,CONTROLLED_TEST_MUTATION,future_timestamp,False,True,0.0402,False,0.3362,False,4.0074,EVIDENCE_FRESHNESS_UNKNOWN|EVIDENCE_TIMESTAMP_IN_FUTURE,b2d83222fe4bab87f393b8e93c8a29f87ac2f8279ebd9de6ca63f25604bbf49f
case-00619,63972dfef828d2c2ae29f609963cc551b1a7b5dffd8680d7c92a57fffa28aaf0,CONTROLLED_TEST_MUTATION,role_conflict,False,True,0.0491,True,0.377,False,4.0195,EVIDENCE_ROLE_CONFLICT,b2d83222fe4bab87f393b8e93c8a29f87ac2f8279ebd9de6ca63f25604bbf49f
case-00620,5d998641bdf192aad465391d097d717ad702f49fd40726b7779d006487b751fa,CONTROLLED_TEST_MUTATION,missing_direct_role,False,False,0.0247,False,0.0153,False,3.6832,REQUIRED_ROLE_MISSING,b2d83222fe4bab87f393b8e93c8a29f87ac2f8279ebd9de6ca63f25604bbf49f
case-00621,f625512ee466784902381aee1fd730b3c839509232902ac72c14336d4647fc0d,CLEAN_TEST_FIXTURE,none,True,True,0.0367,True,0.324,True,3.7146,ALL_REQUIRED_EVIDENCE_TRUSTWORTHY,b2d83222fe4bab87f393b8e93c8a29f87ac2f8279ebd9de6ca63f25604bbf49f
case-00622,0e1ae32fffd92d74baba81eb91d23b3706a703fa382158955f239c8326ba6000,CONTROLLED_TEST_MUTATION,future_timestamp,False,True,0.0346,False,0.2833,False,3.6205,EVIDENCE_FRESHNESS_UNKNOWN|EVIDENCE_TIMESTAMP_IN_FUTURE,b2d83222fe4bab87f393b8e93c8a29f87ac2f8279ebd9de6ca63f25604bbf49f
case-00623,ef31f47594fcb2e85172d2a402f3273a5001f2c8d706920be99a425d62088b4b,CONTROLLED_TEST_MUTATION,stale_live_observation,False,True,0.0338,False,0.3031,False,3.5344,EVIDENCE_STALE,b2d83222fe4bab87f393b8e93c8a29f87ac2f8279ebd9de6ca63f25604bbf49f
case-00624,e0e10fd7c8443205b46fbe4e03ef776d5868537223c534cde0fd040b3eece9b1,CONTROLLED_TEST_MUTATION,excluded_ancestor,False,True,0.0384,True,0.3274,False,3.6775,REQUIRED_INPUT_EXCLUDED,b2d83222fe4bab87f393b8e93c8a29f87ac2f8279ebd9de6ca63f25604bbf49f
case-00625,171312c4c5d0c9ff6be7cfbf27e434debc3a748b388ccc58036cc3a39d9921ed,CONTROLLED_TEST_MUTATION,empty_payload,False,False,0.0358,False,0.028,False,3.9968,EVIDENCE_PAYLOAD_EMPTY|EVIDENCE_PAYLOAD_SCHEMA_INVALID|EVIDENCE_SNAPSHOT_CONFLICT,b2d83222fe4bab87f393b8e93c8a29f87ac2f8279ebd9de6ca63f25604bbf49f
case-00626,c6b9247077010845a85949a7d7bd4449d6f3d9d23ed423c61bc30a18ffccf846,CONTROLLED_TEST_MUTATION,expired_import,False,True,0.0344,False,0.3108,False,3.6367,EVIDENCE_STALE,b2d83222fe4bab87f393b8e93c8a29f87ac2f8279ebd9de6ca63f25604bbf49f
case-00627,4cd78996a50cb769b62bf828fefa9115827beb59fbd3d0c4e7a3516e0fe5a797,CONTROLLED_TEST_MUTATION,empty_payload,False,False,0.0373,False,0.0289,False,3.8116,EVIDENCE_PAYLOAD_EMPTY|EVIDENCE_PAYLOAD_SCHEMA_INVALID|EVIDENCE_SNAPSHOT_CONFLICT,b2d83222fe4bab87f393b8e93c8a29f87ac2f8279ebd9de6ca63f25604bbf49f
case-00628,103b0b4dc286a4b426fb666c665367aee1f2ca6c6737da5b5a21a4f37bfd68ee,CLEAN_TEST_FIXTURE,none,True,True,0.0437,True,0.5025,True,3.9204,ALL_REQUIRED_EVIDENCE_TRUSTWORTHY,b2d83222fe4bab87f393b8e93c8a29f87ac2f8279ebd9de6ca63f25604bbf49f
case-00629,5b9fcf7f665058528f5c6b6ce74be5f23493ab33b1fdbdbf2c9a699b2f7ec045,CONTROLLED_TEST_MUTATION,root_signature_tamper_after_seal,False,True,0.0354,True,0.3206,False,3.6883,EVIDENCE_ROOT_INVALID,b2d83222fe4bab87f393b8e93c8a29f87ac2f8279ebd9de6ca63f25604bbf49f
case-00630,55f42c6b8cacd553648cb28d8abcdf03aa287085a65ffdec7a7a0ce1e7871ee2,CLEAN_TEST_FIXTURE,none,True,True,0.0343,True,0.3074,True,3.5761,ALL_REQUIRED_EVIDENCE_TRUSTWORTHY,b2d83222fe4bab87f393b8e93c8a29f87ac2f8279ebd9de6ca63f25604bbf49f
case-00631,cb139dd7fd92da32cc305bc8da94282a186922380bb5f190815fbcedec740e60,CONTROLLED_TEST_MUTATION,excluded_ancestor,False,True,0.0345,True,0.3147,False,4.0898,REQUIRED_INPUT_EXCLUDED,b2d83222fe4bab87f393b8e93c8a29f87ac2f8279ebd9de6ca63f25604bbf49f
case-00632,7e23fcb3828ea2266ef4084215d3d73bef580b2f53dbec67a094d41c221528be,CONTROLLED_TEST_MUTATION,missing_lineage,False,True,0.0623,True,0.322,False,3.5395,EVIDENCE_LINEAGE_INCOMPLETE,b2d83222fe4bab87f393b8e93c8a29f87ac2f8279ebd9de6ca63f25604bbf49f
case-00633,ca4067a17dc1eb6ae6935d5471f3816c72cb8f0078e6a6f001856c672e69da6b,CONTROLLED_TEST_MUTATION,excluded_ancestor,False,True,0.0355,True,0.3691,False,3.8132,REQUIRED_INPUT_EXCLUDED,b2d83222fe4bab87f393b8e93c8a29f87ac2f8279ebd9de6ca63f25604bbf49f
case-00634,439606dc78048fd9445781c5fe4b13f25be52cee0ee558b346861bc53a089d77,CONTROLLED_TEST_MUTATION,missing_direct_role,False,False,0.0273,False,0.0131,False,3.3435,REQUIRED_ROLE_MISSING,b2d83222fe4bab87f393b8e93c8a29f87ac2f8279ebd9de6ca63f25604bbf49f
case-00635,410901d9a67845e345663da0313b5cb23eade3019d9d19f7fcf6e8bc918371df,CONTROLLED_TEST_MUTATION,missing_direct_role,False,False,0.0181,False,0.0133,False,3.1114,REQUIRED_ROLE_MISSING,b2d83222fe4bab87f393b8e93c8a29f87ac2f8279ebd9de6ca63f25604bbf49f
case-00636,52788d53191e747e6d578162100fbfb0eb0c0dae259c17348fc5c9f3b3accf01,CONTROLLED_TEST_MUTATION,missing_lineage,False,True,0.0382,True,0.3372,False,3.8784,EVIDENCE_LINEAGE_INCOMPLETE,b2d83222fe4bab87f393b8e93c8a29f87ac2f8279ebd9de6ca63f25604bbf49f
case-00637,0741f9ae8b7ab5fe489ea04900b61a8690bfa5dec0dddc2484a08c921fe3e0b4,CONTROLLED_TEST_MUTATION,payload_tamper_after_seal,False,True,0.0356,False,0.0785,False,3.5981,CHECKSUM_INVALID|EVIDENCE_ROOT_INVALID|EVIDENCE_SNAPSHOT_CONFLICT|RECORD_ENVELOPE_INVALID,b2d83222fe4bab87f393b8e93c8a29f87ac2f8279ebd9de6ca63f25604bbf49f
case-00638,f256d2acbe699deed51d29d3ef0732bf7762277e13a5d316518b5a7780875d86,CONTROLLED_TEST_MUTATION,future_timestamp,False,True,0.0387,False,0.3344,False,3.7736,EVIDENCE_FRESHNESS_UNKNOWN|EVIDENCE_TIMESTAMP_IN_FUTURE,b2d83222fe4bab87f393b8e93c8a29f87ac2f8279ebd9de6ca63f25604bbf49f
case-00639,32a92508d79c56bea7eb8697afe605d18ec47989abd26fe6455972734ace80d6,CONTROLLED_TEST_MUTATION,payload_tamper_after_seal,False,True,0.0352,False,0.0799,False,3.8103,CHECKSUM_INVALID|EVIDENCE_ROOT_INVALID|EVIDENCE_SNAPSHOT_CONFLICT|RECORD_ENVELOPE_INVALID,b2d83222fe4bab87f393b8e93c8a29f87ac2f8279ebd9de6ca63f25604bbf49f
case-00640,944171a2498202b919521463f7505ec6110d84001648aa71e749b41d176d88c3,CONTROLLED_TEST_MUTATION,missing_direct_role,False,False,0.0217,False,0.0142,False,3.3011,REQUIRED_ROLE_MISSING,b2d83222fe4bab87f393b8e93c8a29f87ac2f8279ebd9de6ca63f25604bbf49f
case-00641,fc1ec638d182435fe2ccb2f8b7b597ef7d15009a4bc4d76ea4ae1812b054e301,CONTROLLED_TEST_MUTATION,source_type_impersonation,False,True,0.0361,True,0.3218,False,3.6212,EVIDENCE_ROLE_SOURCE_NOT_ALLOWED|OPERATOR_EVIDENCE_UNVERIFIED,b2d83222fe4bab87f393b8e93c8a29f87ac2f8279ebd9de6ca63f25604bbf49f
case-00642,2cdd3f4c49ab116397ed9f7736bbf1cd5a0bd1f88d60707c17dc65d34192a530,CONTROLLED_TEST_MUTATION,malformed_payload,False,True,0.0362,True,0.3184,False,3.6016,EVIDENCE_PAYLOAD_SCHEMA_INVALID|EVIDENCE_SNAPSHOT_CONFLICT,b2d83222fe4bab87f393b8e93c8a29f87ac2f8279ebd9de6ca63f25604bbf49f
case-00643,d69d453a102a396bebc920587b62fca3fa5fd4bb75b06acba78e196f509230fe,CONTROLLED_TEST_MUTATION,unknown_source,False,True,0.0349,True,0.3277,False,3.5873,EVIDENCE_ROLE_SOURCE_NOT_ALLOWED|EVIDENCE_SOURCE_ID_UNKNOWN|EVIDENCE_SOURCE_POLICY_MISSING,b2d83222fe4bab87f393b8e93c8a29f87ac2f8279ebd9de6ca63f25604bbf49f
case-00644,582230dd565ab6383897a46dc76e05323a09049d3b94768aafc6e49547279d44,CLEAN_TEST_FIXTURE,none,True,True,0.0414,True,0.3624,True,3.5539,ALL_REQUIRED_EVIDENCE_TRUSTWORTHY,b2d83222fe4bab87f393b8e93c8a29f87ac2f8279ebd9de6ca63f25604bbf49f
case-00645,69728e7f2783f51606669302befe9a21b1c79df3804e3ec9d800c1746eac5a07,CONTROLLED_TEST_MUTATION,root_signature_tamper_after_seal,False,True,0.0358,True,0.3215,False,3.8136,EVIDENCE_ROOT_INVALID,b2d83222fe4bab87f393b8e93c8a29f87ac2f8279ebd9de6ca63f25604bbf49f
case-00646,3032fcc582c10c0fc9be4a3e38157fce4413598e9541983a49aaf7e8f68580af,CLEAN_TEST_FIXTURE,none,True,True,0.0343,True,0.31,True,4.4282,ALL_REQUIRED_EVIDENCE_TRUSTWORTHY,b2d83222fe4bab87f393b8e93c8a29f87ac2f8279ebd9de6ca63f25604bbf49f
case-00647,f6be3369600cd19a84e36af715c1c8a0d85e1d65b2e959efd8c3e1ed6dd6529c,CONTROLLED_TEST_MUTATION,missing_direct_role,False,False,0.0219,False,0.0147,False,3.8248,REQUIRED_ROLE_MISSING,b2d83222fe4bab87f393b8e93c8a29f87ac2f8279ebd9de6ca63f25604bbf49f
case-00648,eef547e7daa61709c282e2c08be9ea7881ef4d87127ec44fc6ec0826e0503f81,CONTROLLED_TEST_MUTATION,source_type_impersonation,False,True,0.0461,True,0.4063,False,3.8149,EVIDENCE_ROLE_SOURCE_NOT_ALLOWED|OPERATOR_EVIDENCE_UNVERIFIED,b2d83222fe4bab87f393b8e93c8a29f87ac2f8279ebd9de6ca63f25604bbf49f
case-00649,afa894edfa84fd25104dd877ecbd4123d02f89e95959fa274bb0dcd63059ad20,CONTROLLED_TEST_MUTATION,incomplete_payload,False,True,0.0351,False,0.1483,False,4.0251,EVIDENCE_PAYLOAD_INCOMPLETE,b2d83222fe4bab87f393b8e93c8a29f87ac2f8279ebd9de6ca63f25604bbf49f
case-00650,f8dd895ed5aa0b841d88ae3eba3885d67443a6c1825272d7823184afb6b47876,CONTROLLED_TEST_MUTATION,future_timestamp,False,True,0.0352,False,0.2898,False,3.606,EVIDENCE_FRESHNESS_UNKNOWN|EVIDENCE_TIMESTAMP_IN_FUTURE,b2d83222fe4bab87f393b8e93c8a29f87ac2f8279ebd9de6ca63f25604bbf49f
case-00651,2b645eb801e1eec2d374b7377029778d0000b68b1b96c5c6db4bedf147c0912f,CONTROLLED_TEST_MUTATION,source_type_impersonation,False,True,0.0405,True,0.3604,False,5.7411,EVIDENCE_ROLE_SOURCE_NOT_ALLOWED|OPERATOR_EVIDENCE_UNVERIFIED,b2d83222fe4bab87f393b8e93c8a29f87ac2f8279ebd9de6ca63f25604bbf49f
case-00652,e195a5dfbfb2ff211e8a77f7af2174da2a238d1f8893a35a62dee40e54c21664,CLEAN_TEST_FIXTURE,none,True,True,0.0361,True,0.3337,True,3.6103,ALL_REQUIRED_EVIDENCE_TRUSTWORTHY,b2d83222fe4bab87f393b8e93c8a29f87ac2f8279ebd9de6ca63f25604bbf49f
case-00653,c78c051c8a88dc0d63f4590c4ecce7a4a1a835b9f22756c75464287e77df69bb,CONTROLLED_TEST_MUTATION,malformed_payload,False,True,0.0787,True,0.3705,False,4.1104,EVIDENCE_PAYLOAD_SCHEMA_INVALID|EVIDENCE_SNAPSHOT_CONFLICT,b2d83222fe4bab87f393b8e93c8a29f87ac2f8279ebd9de6ca63f25604bbf49f
case-00654,63a4d2afc4b8b1127b48f56ed72ff2e9a6ca5989056a20798aaa512e3283c5b2,CONTROLLED_TEST_MUTATION,missing_lineage,False,True,0.0341,True,0.3098,False,3.5874,EVIDENCE_LINEAGE_INCOMPLETE,b2d83222fe4bab87f393b8e93c8a29f87ac2f8279ebd9de6ca63f25604bbf49f
case-00655,c88a072d5f505435f1331ed8ec68126019b33d0acace1e7ec79d28baa0974a91,CONTROLLED_TEST_MUTATION,wrong_context,False,True,0.0341,True,0.3074,False,5.303,EVIDENCE_CONTEXT_MISMATCH,b2d83222fe4bab87f393b8e93c8a29f87ac2f8279ebd9de6ca63f25604bbf49f
case-00656,e26ae15e94c6c328054ee7e870349e3da9f542377dc4ab4e04af2714dfa6c498,CONTROLLED_TEST_MUTATION,snapshot_score_conflict,False,True,0.036,True,0.3191,False,3.9419,EVIDENCE_SNAPSHOT_CONFLICT,b2d83222fe4bab87f393b8e93c8a29f87ac2f8279ebd9de6ca63f25604bbf49f
case-00657,5bf1b0a7c2a0f497af1cc5cdf8691912476b8c428e1ec72bf0da7e9e2e11b193,CONTROLLED_TEST_MUTATION,lineage_cycle,False,True,0.0347,True,0.5288,False,3.9145,EVIDENCE_LINEAGE_INVALID,b2d83222fe4bab87f393b8e93c8a29f87ac2f8279ebd9de6ca63f25604bbf49f
case-00658,18c24e582edc6c9771535615339756f6a8b79a23c999b2e67b9d522147a803e6,CONTROLLED_TEST_MUTATION,wrong_context,False,True,0.0454,True,0.3199,False,3.6779,EVIDENCE_CONTEXT_MISMATCH,b2d83222fe4bab87f393b8e93c8a29f87ac2f8279ebd9de6ca63f25604bbf49f
case-00659,d774036c5dda1f9ff286310b8119f178f57dc92e5e517cbe2fd99532b3afa2c7,CONTROLLED_TEST_MUTATION,expired_import,False,True,0.0475,False,2.5678,False,3.7933,EVIDENCE_STALE,b2d83222fe4bab87f393b8e93c8a29f87ac2f8279ebd9de6ca63f25604bbf49f
case-00660,a5538544d0343967a32dcaedbc4ccbca04602c255e806e5a61d3cd040b7639f0,CONTROLLED_TEST_MUTATION,wrong_context,False,True,0.0362,True,0.321,False,3.6017,EVIDENCE_CONTEXT_MISMATCH,b2d83222fe4bab87f393b8e93c8a29f87ac2f8279ebd9de6ca63f25604bbf49f
case-00661,0b1ddfc4f1725949b575ea2339c7d48a6b38ec1bf93a96b219a59d7653f6e78f,CONTROLLED_TEST_MUTATION,payload_tamper_after_seal,False,True,0.0355,False,0.0794,False,3.639,CHECKSUM_INVALID|EVIDENCE_ROOT_INVALID|EVIDENCE_SNAPSHOT_CONFLICT|RECORD_ENVELOPE_INVALID,b2d83222fe4bab87f393b8e93c8a29f87ac2f8279ebd9de6ca63f25604bbf49f
case-00662,e78d1988d8c5991650817c7ea1fb76fd8ec7730a192afdb342c4bf18a006f5f5,CONTROLLED_TEST_MUTATION,payload_tamper_after_seal,False,True,0.0352,False,0.0774,False,3.7341,CHECKSUM_INVALID|EVIDENCE_ROOT_INVALID|EVIDENCE_SNAPSHOT_CONFLICT|RECORD_ENVELOPE_INVALID,b2d83222fe4bab87f393b8e93c8a29f87ac2f8279ebd9de6ca63f25604bbf49f
case-00663,352e0d4caf03b0ce11574d0a772895836b22f05684775a74931d96c7f34e3d1b,CLEAN_TEST_FIXTURE,none,True,True,0.0368,True,0.3192,True,3.8009,ALL_REQUIRED_EVIDENCE_TRUSTWORTHY,b2d83222fe4bab87f393b8e93c8a29f87ac2f8279ebd9de6ca63f25604bbf49f
case-00664,d12b77518f89b8e74c9264851e5b5135056391f9eed7657387150ad59aaa7908,CLEAN_TEST_FIXTURE,none,True,True,0.0346,True,0.3249,True,3.6219,ALL_REQUIRED_EVIDENCE_TRUSTWORTHY,b2d83222fe4bab87f393b8e93c8a29f87ac2f8279ebd9de6ca63f25604bbf49f
case-00665,5083af98372cd8703b8594a0d0329cd722aa6b12e59e654eb64191ecf50be4fe,CONTROLLED_TEST_MUTATION,wrong_context,False,True,0.0351,True,0.3131,False,3.626,EVIDENCE_CONTEXT_MISMATCH,b2d83222fe4bab87f393b8e93c8a29f87ac2f8279ebd9de6ca63f25604bbf49f
case-00666,ff73de896f00c6ae28ee966a9e40e0ba15bf47d0714b7a953bbfa909294b1b96,CONTROLLED_TEST_MUTATION,broken_lineage,False,True,0.0347,True,0.3103,False,3.5169,EVIDENCE_LINEAGE_INVALID,b2d83222fe4bab87f393b8e93c8a29f87ac2f8279ebd9de6ca63f25604bbf49f
case-00667,c44fba7d2d7191a1c6a804682af0f7c3148d41ba8e3e95d48e7a26d50301d570,CONTROLLED_TEST_MUTATION,payload_tamper_after_seal,False,True,0.0363,False,0.089,False,3.9864,CHECKSUM_INVALID|EVIDENCE_ROOT_INVALID|EVIDENCE_SNAPSHOT_CONFLICT|RECORD_ENVELOPE_INVALID,b2d83222fe4bab87f393b8e93c8a29f87ac2f8279ebd9de6ca63f25604bbf49f
case-00668,a3fca84e9844625c4fd37b335ca7d61914858ffc6250e1989d6944deb7e527d1,CONTROLLED_TEST_MUTATION,excluded_ancestor,False,True,0.0347,True,0.3458,False,3.6539,REQUIRED_INPUT_EXCLUDED,b2d83222fe4bab87f393b8e93c8a29f87ac2f8279ebd9de6ca63f25604bbf49f
case-00669,308b2bc2af080122747392907953385e750401c7fc7eefe5333d22bb18af58ff,CONTROLLED_TEST_MUTATION,excluded_ancestor,False,True,0.0339,True,0.3129,False,4.0069,REQUIRED_INPUT_EXCLUDED,b2d83222fe4bab87f393b8e93c8a29f87ac2f8279ebd9de6ca63f25604bbf49f
case-00670,04536787eaa0e8d835af0404a4b03275004cd1f7e73af9a97c7c456d32bd84a8,CONTROLLED_TEST_MUTATION,unknown_source,False,True,0.035,True,0.3192,False,3.6278,EVIDENCE_ROLE_SOURCE_NOT_ALLOWED|EVIDENCE_SOURCE_ID_UNKNOWN|EVIDENCE_SOURCE_POLICY_MISSING,b2d83222fe4bab87f393b8e93c8a29f87ac2f8279ebd9de6ca63f25604bbf49f
case-00671,753942082e496fbbff9c0012d608f020f8e3d3ae7b659babd92e8fd0c2be80b3,CONTROLLED_TEST_MUTATION,unavailable_record,False,True,0.0482,False,0.297,False,3.5951,EVIDENCE_LINEAGE_INCOMPLETE|EVIDENCE_UNAVAILABLE,b2d83222fe4bab87f393b8e93c8a29f87ac2f8279ebd9de6ca63f25604bbf49f
case-00672,c80ee66742af8775f80a6f2e58f8791de909c1ccff5a87db77d4d89e4c69297a,CONTROLLED_TEST_MUTATION,missing_direct_role,False,False,0.0181,False,0.0133,False,3.1338,REQUIRED_ROLE_MISSING,b2d83222fe4bab87f393b8e93c8a29f87ac2f8279ebd9de6ca63f25604bbf49f
case-00673,b8728daeecbf4910ac03501b1910b50bfcb78e869f5bb680b5be1876e6d18852,CONTROLLED_TEST_MUTATION,unavailable_record,False,True,0.0348,False,0.2896,False,3.5754,EVIDENCE_LINEAGE_INCOMPLETE|EVIDENCE_UNAVAILABLE,b2d83222fe4bab87f393b8e93c8a29f87ac2f8279ebd9de6ca63f25604bbf49f
case-00674,7d3eb0aacf76513cae06f69558406d92c6e67215c7c124d4f06160b3fa598ba8,CONTROLLED_TEST_MUTATION,snapshot_score_conflict,False,True,0.0342,True,0.3126,False,3.7683,EVIDENCE_SNAPSHOT_CONFLICT,b2d83222fe4bab87f393b8e93c8a29f87ac2f8279ebd9de6ca63f25604bbf49f
case-00675,a56ba69e5ab53fadb3f2b445eddc6121ba7c9d8b7a928453d56439917a7a3d46,CONTROLLED_TEST_MUTATION,wrong_context,False,True,0.0448,True,0.3771,False,3.8162,EVIDENCE_CONTEXT_MISMATCH,b2d83222fe4bab87f393b8e93c8a29f87ac2f8279ebd9de6ca63f25604bbf49f
case-00676,8b9a3f25d9a4e1f22f4fbf3f44f5a3756e73fc3a33e4e20278a77e6037351790,CLEAN_TEST_FIXTURE,none,True,True,0.0349,True,0.3171,True,3.8726,ALL_REQUIRED_EVIDENCE_TRUSTWORTHY,b2d83222fe4bab87f393b8e93c8a29f87ac2f8279ebd9de6ca63f25604bbf49f
case-00677,fa0508a95e4a0c3cb9343f1943c1500a141f555376eac825a33b547bfd30eca7,CONTROLLED_TEST_MUTATION,payload_tamper_after_seal,False,True,0.0465,False,0.1019,False,4.2962,CHECKSUM_INVALID|EVIDENCE_ROOT_INVALID|EVIDENCE_SNAPSHOT_CONFLICT|RECORD_ENVELOPE_INVALID,b2d83222fe4bab87f393b8e93c8a29f87ac2f8279ebd9de6ca63f25604bbf49f
case-00678,cd9dc0a5fee05874682b0699a04a166ee8f90a026d6d9337148f33fb2df39d8f,CONTROLLED_TEST_MUTATION,future_timestamp,False,True,0.0357,False,0.2936,False,5.1376,EVIDENCE_FRESHNESS_UNKNOWN|EVIDENCE_TIMESTAMP_IN_FUTURE,b2d83222fe4bab87f393b8e93c8a29f87ac2f8279ebd9de6ca63f25604bbf49f
case-00679,369feccd9d7c7be112ca590b543c9c2dc5a67b8a146f0f46bb14a6269a129ff0,CONTROLLED_TEST_MUTATION,expired_import,False,True,0.0357,False,0.2774,False,3.6408,EVIDENCE_STALE,b2d83222fe4bab87f393b8e93c8a29f87ac2f8279ebd9de6ca63f25604bbf49f
case-00680,246ef23d29b98a6857c8f7a2c8e594a4286de9ccb0d675385342c823ee2b474b,CLEAN_TEST_FIXTURE,none,True,True,0.0467,True,0.3302,True,4.0926,ALL_REQUIRED_EVIDENCE_TRUSTWORTHY,b2d83222fe4bab87f393b8e93c8a29f87ac2f8279ebd9de6ca63f25604bbf49f
case-00681,5991e2f17e11e4d3c8c706f0119a6bdc87aed0dbfdaef569368d0890d2ebaf01,CONTROLLED_TEST_MUTATION,payload_tamper_after_seal,False,True,0.0346,False,0.077,False,3.5911,CHECKSUM_INVALID|EVIDENCE_ROOT_INVALID|EVIDENCE_SNAPSHOT_CONFLICT|RECORD_ENVELOPE_INVALID,b2d83222fe4bab87f393b8e93c8a29f87ac2f8279ebd9de6ca63f25604bbf49f
case-00682,de47ce7b0e12c9f30f06f19f438288dd308c8425d98e6c599deb5fa51d2a6917,CONTROLLED_TEST_MUTATION,excluded_ancestor,False,True,0.0365,True,0.316,False,4.2261,REQUIRED_INPUT_EXCLUDED,b2d83222fe4bab87f393b8e93c8a29f87ac2f8279ebd9de6ca63f25604bbf49f
case-00683,a30c34eac8c926b76ce5e34d6d2b0f350294316d880695d73ccb709a45172d29,CLEAN_TEST_FIXTURE,none,True,True,0.0355,True,0.33,True,3.7805,ALL_REQUIRED_EVIDENCE_TRUSTWORTHY,b2d83222fe4bab87f393b8e93c8a29f87ac2f8279ebd9de6ca63f25604bbf49f
case-00684,99ac50a497f56a01be76d842d657f0e7eed89d3966f469bbda5da49f007e859a,CONTROLLED_TEST_MUTATION,missing_direct_role,False,False,0.0183,False,0.0135,False,3.3811,REQUIRED_ROLE_MISSING,b2d83222fe4bab87f393b8e93c8a29f87ac2f8279ebd9de6ca63f25604bbf49f
case-00685,461fdb99b4efccae6f03022e233d5d40f6c61ed375e83d3f0c03cf2217a4d360,CONTROLLED_TEST_MUTATION,stale_live_observation,False,True,0.0345,False,0.3021,False,3.5848,EVIDENCE_STALE,b2d83222fe4bab87f393b8e93c8a29f87ac2f8279ebd9de6ca63f25604bbf49f
case-00686,8386aa28e07613f2729214388d221c195fc12b3919b6e80a54e534b868048108,CONTROLLED_TEST_MUTATION,stale_live_observation,False,True,0.0432,False,0.3423,False,5.1119,EVIDENCE_STALE,b2d83222fe4bab87f393b8e93c8a29f87ac2f8279ebd9de6ca63f25604bbf49f
case-00687,62256e7da8d32f04d29e40a642b68e556631409f085f96bbfd8b27f3fd33af7f,CLEAN_TEST_FIXTURE,none,True,True,0.0392,True,0.3279,True,3.6684,ALL_REQUIRED_EVIDENCE_TRUSTWORTHY,b2d83222fe4bab87f393b8e93c8a29f87ac2f8279ebd9de6ca63f25604bbf49f
case-00688,cdbb21f4291f0cc7e6f1c4b347a407c081fb96c986702bbdddce88af79988c9e,CONTROLLED_TEST_MUTATION,incomplete_payload,False,True,0.0579,False,0.1787,False,4.677,EVIDENCE_PAYLOAD_INCOMPLETE,b2d83222fe4bab87f393b8e93c8a29f87ac2f8279ebd9de6ca63f25604bbf49f
case-00689,10ce4036a9be716f09f1b94a39f5fda642f6eec776126f262b7d6e03644c6a0a,CONTROLLED_TEST_MUTATION,unavailable_record,False,True,0.0357,False,0.2924,False,3.6877,EVIDENCE_LINEAGE_INCOMPLETE|EVIDENCE_UNAVAILABLE,b2d83222fe4bab87f393b8e93c8a29f87ac2f8279ebd9de6ca63f25604bbf49f
case-00690,e32c233d0f668a8ff282b36b529288ec0a9d5e5dbeb2e555ffb27878d8a6ddca,CONTROLLED_TEST_MUTATION,incomplete_payload,False,True,0.0355,False,0.1488,False,5.603,EVIDENCE_PAYLOAD_INCOMPLETE,b2d83222fe4bab87f393b8e93c8a29f87ac2f8279ebd9de6ca63f25604bbf49f
case-00691,70b9a97ea7d5b6e5ae5545796592db7d0b12f0b10581bbeb5d744bf3676462c6,CONTROLLED_TEST_MUTATION,root_signature_tamper_after_seal,False,True,0.0354,True,0.3196,False,3.8567,EVIDENCE_ROOT_INVALID,b2d83222fe4bab87f393b8e93c8a29f87ac2f8279ebd9de6ca63f25604bbf49f
case-00692,0573af8552f2cff7df0d82fd2dd334c6775302ed904fe6a4c8a6ea6fe7df7ee5,CONTROLLED_TEST_MUTATION,missing_lineage,False,True,0.0348,True,0.459,False,3.8759,EVIDENCE_LINEAGE_INCOMPLETE,b2d83222fe4bab87f393b8e93c8a29f87ac2f8279ebd9de6ca63f25604bbf49f
case-00693,989fa1634486a2568ee3d680cfc74e357cd85134f6a7afa1c6d1125bc54099ce,CONTROLLED_TEST_MUTATION,missing_direct_role,False,False,0.0185,False,0.0138,False,3.238,REQUIRED_ROLE_MISSING,b2d83222fe4bab87f393b8e93c8a29f87ac2f8279ebd9de6ca63f25604bbf49f
case-00694,c2a22ef1c6c8e1898d7fa4d7594b3f9d83e9eab88b98825abfc1a762c0a5e1a6,CONTROLLED_TEST_MUTATION,payload_tamper_after_seal,False,True,0.0358,False,0.0791,False,4.8294,CHECKSUM_INVALID|EVIDENCE_ROOT_INVALID|EVIDENCE_SNAPSHOT_CONFLICT|RECORD_ENVELOPE_INVALID,b2d83222fe4bab87f393b8e93c8a29f87ac2f8279ebd9de6ca63f25604bbf49f
case-00695,617ad86dc0a53277d8bbc0d4abfba57d73a355be34fe654d1fc5b3dd23e5eb60,CONTROLLED_TEST_MUTATION,expired_import,False,True,0.0344,False,0.3341,False,3.8713,EVIDENCE_STALE,b2d83222fe4bab87f393b8e93c8a29f87ac2f8279ebd9de6ca63f25604bbf49f
case-00696,3b2938db1186f1dc9063792cf4cb216eb74ccf1afe3bbb9fad2f086ac828a44e,CONTROLLED_TEST_MUTATION,broken_lineage,False,True,0.0343,True,0.3091,False,4.0191,EVIDENCE_LINEAGE_INVALID,b2d83222fe4bab87f393b8e93c8a29f87ac2f8279ebd9de6ca63f25604bbf49f
case-00697,9ba2c8324abfa6fce15e58572416ef8056672da3515e993fbf15004a98c0e85d,CONTROLLED_TEST_MUTATION,root_signature_tamper_after_seal,False,True,0.0341,True,0.3097,False,4.0258,EVIDENCE_ROOT_INVALID,b2d83222fe4bab87f393b8e93c8a29f87ac2f8279ebd9de6ca63f25604bbf49f
case-00698,3f5ae61bfa0389d05f0139629757c612b305d2baa1b6ce17ef14b34c32b33736,CONTROLLED_TEST_MUTATION,root_signature_tamper_after_seal,False,True,0.0345,True,0.3182,False,4.5133,EVIDENCE_ROOT_INVALID,b2d83222fe4bab87f393b8e93c8a29f87ac2f8279ebd9de6ca63f25604bbf49f
case-00699,40800a7048177ea5c4239cbe770dc42531ce4e77d39fa361ab284d3f05a74653,CONTROLLED_TEST_MUTATION,empty_payload,False,False,0.0381,False,0.029,False,3.5808,EVIDENCE_PAYLOAD_EMPTY|EVIDENCE_PAYLOAD_SCHEMA_INVALID|EVIDENCE_SNAPSHOT_CONFLICT,b2d83222fe4bab87f393b8e93c8a29f87ac2f8279ebd9de6ca63f25604bbf49f
case-00700,9973770129c95e01441e352b3fa3adc3814501e71844aed61e60f52d005e4fef,CONTROLLED_TEST_MUTATION,future_timestamp,False,True,0.0352,False,0.3173,False,3.7521,EVIDENCE_FRESHNESS_UNKNOWN|EVIDENCE_TIMESTAMP_IN_FUTURE,b2d83222fe4bab87f393b8e93c8a29f87ac2f8279ebd9de6ca63f25604bbf49f
case-00701,8da6826dfe99aca225b92e130f34f525da6e181a2786d600234e532ecfef3acb,CLEAN_TEST_FIXTURE,none,True,True,0.0447,True,0.3587,True,3.5346,ALL_REQUIRED_EVIDENCE_TRUSTWORTHY,b2d83222fe4bab87f393b8e93c8a29f87ac2f8279ebd9de6ca63f25604bbf49f
case-00702,8cbe79472985b66c725e000182dc9c1d35345be44c4aab5e3ea207ce5b167b3b,CONTROLLED_TEST_MUTATION,source_type_impersonation,False,True,0.0341,True,0.3049,False,5.4392,EVIDENCE_ROLE_SOURCE_NOT_ALLOWED|OPERATOR_EVIDENCE_UNVERIFIED,b2d83222fe4bab87f393b8e93c8a29f87ac2f8279ebd9de6ca63f25604bbf49f
case-00703,270111ddea6ba64b8d74e149d98fb6ea61709be752241efea4b54152dd6e95e5,CONTROLLED_TEST_MUTATION,empty_payload,False,False,0.0387,False,0.0293,False,3.6546,EVIDENCE_PAYLOAD_EMPTY|EVIDENCE_PAYLOAD_SCHEMA_INVALID|EVIDENCE_SNAPSHOT_CONFLICT,b2d83222fe4bab87f393b8e93c8a29f87ac2f8279ebd9de6ca63f25604bbf49f
case-00704,1cf4862b8fd6d5f5d25ffb8a1bd6bea96fb6f7d666f341cad62d6d3f403a16ee,CONTROLLED_TEST_MUTATION,expired_import,False,True,0.0376,False,0.3384,False,3.6481,EVIDENCE_STALE,b2d83222fe4bab87f393b8e93c8a29f87ac2f8279ebd9de6ca63f25604bbf49f
case-00705,9bded2c587da193244268bc85611f327b1798bc88ba2aef9e9d6f4f34bed46b4,CONTROLLED_TEST_MUTATION,unavailable_record,False,True,0.0344,False,0.2879,False,3.5913,EVIDENCE_LINEAGE_INCOMPLETE|EVIDENCE_UNAVAILABLE,b2d83222fe4bab87f393b8e93c8a29f87ac2f8279ebd9de6ca63f25604bbf49f
case-00706,59652e92ceffafb4348ae5a39c4dec64aee9c539bd3043815544b8eb785de40a,CONTROLLED_TEST_MUTATION,future_timestamp,False,True,0.0335,False,0.3923,False,4.8059,EVIDENCE_FRESHNESS_UNKNOWN|EVIDENCE_TIMESTAMP_IN_FUTURE,b2d83222fe4bab87f393b8e93c8a29f87ac2f8279ebd9de6ca63f25604bbf49f
case-00707,fe161c36c6a19c473a6b87bef8cb83f4d661c14f481f90d392d5b0cba9779b65,CONTROLLED_TEST_MUTATION,payload_tamper_after_seal,False,True,0.0348,False,0.0818,False,3.9356,CHECKSUM_INVALID|EVIDENCE_ROOT_INVALID|EVIDENCE_SNAPSHOT_CONFLICT|RECORD_ENVELOPE_INVALID,b2d83222fe4bab87f393b8e93c8a29f87ac2f8279ebd9de6ca63f25604bbf49f
case-00708,902312ecc87ca8815c6e0e9cdf658d0f637aeff27b10f25337f73abb1a1be707,CLEAN_TEST_FIXTURE,none,True,True,0.0397,True,0.4158,True,3.8641,ALL_REQUIRED_EVIDENCE_TRUSTWORTHY,b2d83222fe4bab87f393b8e93c8a29f87ac2f8279ebd9de6ca63f25604bbf49f
case-00709,46483b7008eebce6208bf7091ca979c57a5e93f545a8e2e5e13b5cb34b6c4674,CONTROLLED_TEST_MUTATION,unavailable_record,False,True,0.0355,False,0.2893,False,3.8413,EVIDENCE_LINEAGE_INCOMPLETE|EVIDENCE_UNAVAILABLE,b2d83222fe4bab87f393b8e93c8a29f87ac2f8279ebd9de6ca63f25604bbf49f
case-00710,1b593d40fec9f69397e673ceeaf8a8904a8b1d04930da7165ccf04794b432a83,CONTROLLED_TEST_MUTATION,unknown_source,False,True,0.0392,True,0.3678,False,3.7284,EVIDENCE_ROLE_SOURCE_NOT_ALLOWED|EVIDENCE_SOURCE_ID_UNKNOWN|EVIDENCE_SOURCE_POLICY_MISSING,b2d83222fe4bab87f393b8e93c8a29f87ac2f8279ebd9de6ca63f25604bbf49f
case-00711,352e68791c9b3c860f571a79d60e6b51af0f78d6330399000e312c2728133a0d,CONTROLLED_TEST_MUTATION,future_timestamp,False,True,0.0356,False,0.2872,False,3.8346,EVIDENCE_FRESHNESS_UNKNOWN|EVIDENCE_TIMESTAMP_IN_FUTURE,b2d83222fe4bab87f393b8e93c8a29f87ac2f8279ebd9de6ca63f25604bbf49f
case-00712,7ac8d51737130e916c5104f8e337fa9f418c9c1b4b6f0b56564c5fad6c328536,CONTROLLED_TEST_MUTATION,unavailable_record,False,True,0.0341,False,0.3039,False,3.5309,EVIDENCE_LINEAGE_INCOMPLETE|EVIDENCE_UNAVAILABLE,b2d83222fe4bab87f393b8e93c8a29f87ac2f8279ebd9de6ca63f25604bbf49f
case-00713,e6f1231f634558309d77819c980d6be230a3f0ead03449ae381e968c32f174f9,CONTROLLED_TEST_MUTATION,incomplete_payload,False,True,0.0339,False,0.1439,False,3.7743,EVIDENCE_PAYLOAD_INCOMPLETE,b2d83222fe4bab87f393b8e93c8a29f87ac2f8279ebd9de6ca63f25604bbf49f
case-00714,76918ccbdd1190f94ab4d76fadf4275492716bedc5eae934efbaeac3e5b624bc,CONTROLLED_TEST_MUTATION,unknown_source,False,True,0.0386,True,0.3657,False,3.6281,EVIDENCE_ROLE_SOURCE_NOT_ALLOWED|EVIDENCE_SOURCE_ID_UNKNOWN|EVIDENCE_SOURCE_POLICY_MISSING,b2d83222fe4bab87f393b8e93c8a29f87ac2f8279ebd9de6ca63f25604bbf49f
case-00715,55c0433bd6fb7b078dc9fd292874f5fc9013102d9a305f2b60dcf1b9377ae17a,CLEAN_TEST_FIXTURE,none,True,True,0.0352,True,0.4783,True,3.7603,ALL_REQUIRED_EVIDENCE_TRUSTWORTHY,b2d83222fe4bab87f393b8e93c8a29f87ac2f8279ebd9de6ca63f25604bbf49f
case-00716,988e84878a099932faa25c263ed9c237dd1ce7ee328289cd71d185b05ebf2c87,CONTROLLED_TEST_MUTATION,source_type_impersonation,False,True,0.0341,True,0.3099,False,3.7616,EVIDENCE_ROLE_SOURCE_NOT_ALLOWED|OPERATOR_EVIDENCE_UNVERIFIED,b2d83222fe4bab87f393b8e93c8a29f87ac2f8279ebd9de6ca63f25604bbf49f
case-00717,d6c42234341b8e5f1bc6c5bb588b1e00499a78300002d2b94e4430b0594b3f59,CLEAN_TEST_FIXTURE,none,True,True,0.0349,True,0.3812,True,3.7966,ALL_REQUIRED_EVIDENCE_TRUSTWORTHY,b2d83222fe4bab87f393b8e93c8a29f87ac2f8279ebd9de6ca63f25604bbf49f
case-00718,192589b0e4c5915aceeed01003fc4f962e74ebb84d59535fb1369c1e6a3b3188,CONTROLLED_TEST_MUTATION,payload_tamper_after_seal,False,True,0.0361,False,0.0781,False,3.8,CHECKSUM_INVALID|EVIDENCE_ROOT_INVALID|EVIDENCE_SNAPSHOT_CONFLICT|RECORD_ENVELOPE_INVALID,b2d83222fe4bab87f393b8e93c8a29f87ac2f8279ebd9de6ca63f25604bbf49f
case-00719,38bd96d35a4463909eeb24fddec64a8186bf0c87b37c70c32f0e868e3e9cc11c,CLEAN_TEST_FIXTURE,none,True,True,0.0347,True,0.3188,True,3.7848,ALL_REQUIRED_EVIDENCE_TRUSTWORTHY,b2d83222fe4bab87f393b8e93c8a29f87ac2f8279ebd9de6ca63f25604bbf49f
case-00720,06eed56dcac1e7f865caca8ada249e9e0212e5b83cbc3e3696a51586acf06f9b,CONTROLLED_TEST_MUTATION,expired_import,False,True,0.0341,False,0.2805,False,3.5462,EVIDENCE_STALE,b2d83222fe4bab87f393b8e93c8a29f87ac2f8279ebd9de6ca63f25604bbf49f
case-00721,a75024732445e59b856d06eb902cc146e4bb8cdbf0b94489dd542a41a91564d5,CONTROLLED_TEST_MUTATION,expired_import,False,True,0.0342,False,0.2757,False,3.5699,EVIDENCE_STALE,b2d83222fe4bab87f393b8e93c8a29f87ac2f8279ebd9de6ca63f25604bbf49f
case-00722,b114ec0373ceaf8916fba406e434c8c8ba20fe2c2a161d1492abdbfb8cfaa252,CONTROLLED_TEST_MUTATION,excluded_ancestor,False,True,0.0363,True,0.3344,False,3.7306,REQUIRED_INPUT_EXCLUDED,b2d83222fe4bab87f393b8e93c8a29f87ac2f8279ebd9de6ca63f25604bbf49f
case-00723,6d263d0943dff003694d46d4cfbadb22999292cd936c069d02e2522c31738fc1,CONTROLLED_TEST_MUTATION,empty_payload,False,False,0.037,False,0.0434,False,3.9953,EVIDENCE_PAYLOAD_EMPTY|EVIDENCE_PAYLOAD_SCHEMA_INVALID|EVIDENCE_SNAPSHOT_CONFLICT,b2d83222fe4bab87f393b8e93c8a29f87ac2f8279ebd9de6ca63f25604bbf49f
case-00724,1a5e2674d27bd02e6d6c76193572438597839a7fa6140727803d23bd6de20144,CLEAN_TEST_FIXTURE,none,True,True,0.0352,True,0.3216,True,3.7393,ALL_REQUIRED_EVIDENCE_TRUSTWORTHY,b2d83222fe4bab87f393b8e93c8a29f87ac2f8279ebd9de6ca63f25604bbf49f
case-00725,43b75b8cc0dbe3befd8e26c1a2b60f60fd8b66473005035050e7a88cd5908d5b,CONTROLLED_TEST_MUTATION,unknown_source,False,True,0.0355,True,0.3169,False,4.1604,EVIDENCE_ROLE_SOURCE_NOT_ALLOWED|EVIDENCE_SOURCE_ID_UNKNOWN|EVIDENCE_SOURCE_POLICY_MISSING,b2d83222fe4bab87f393b8e93c8a29f87ac2f8279ebd9de6ca63f25604bbf49f
case-00726,f0eb313b2f82965c46d30c73a038b45c96a49c70288848987251b8b70a67ee24,CLEAN_TEST_FIXTURE,none,True,True,0.036,True,0.3292,True,3.8994,ALL_REQUIRED_EVIDENCE_TRUSTWORTHY,b2d83222fe4bab87f393b8e93c8a29f87ac2f8279ebd9de6ca63f25604bbf49f
case-00727,6fbe8c878062689a56b595e81930f71191d2fd296747aeed412d7e2a443fbcf3,CONTROLLED_TEST_MUTATION,empty_payload,False,False,0.045,False,0.0282,False,3.7637,EVIDENCE_PAYLOAD_EMPTY|EVIDENCE_PAYLOAD_SCHEMA_INVALID|EVIDENCE_SNAPSHOT_CONFLICT,b2d83222fe4bab87f393b8e93c8a29f87ac2f8279ebd9de6ca63f25604bbf49f
case-00728,d1adba59ab1cf1704fa1ff02f0598861a0a66b2978afd1dc9ccf04378d1fbd4e,CONTROLLED_TEST_MUTATION,snapshot_score_conflict,False,True,0.0347,True,0.3109,False,3.7714,EVIDENCE_SNAPSHOT_CONFLICT,b2d83222fe4bab87f393b8e93c8a29f87ac2f8279ebd9de6ca63f25604bbf49f
case-00729,44a955b3739ca115c1574c5f473b47ca1e911a7a454bdf31c6dc4daad2ccfa49,CONTROLLED_TEST_MUTATION,stale_live_observation,False,True,0.0357,False,0.2906,False,4.8878,EVIDENCE_STALE,b2d83222fe4bab87f393b8e93c8a29f87ac2f8279ebd9de6ca63f25604bbf49f
case-00730,9f00c2004ba120ee892dab6aa51a113ef835fb27afdec06a801e62e1d40e32df,CONTROLLED_TEST_MUTATION,wrong_context,False,True,0.0535,True,0.5017,False,4.7672,EVIDENCE_CONTEXT_MISMATCH,b2d83222fe4bab87f393b8e93c8a29f87ac2f8279ebd9de6ca63f25604bbf49f
case-00731,4486947bd4acf3b570e6d60f18e04767d0d2e6a1f7a67701a09ebfecf10c3cc6,CLEAN_TEST_FIXTURE,none,True,True,0.0382,True,0.4417,True,3.8764,ALL_REQUIRED_EVIDENCE_TRUSTWORTHY,b2d83222fe4bab87f393b8e93c8a29f87ac2f8279ebd9de6ca63f25604bbf49f
case-00732,04d9c1d468c88944a8194fa377f56789e8988a08ab002635f39cf541983e7397,CONTROLLED_TEST_MUTATION,payload_tamper_after_seal,False,True,0.0357,False,0.078,False,3.7531,CHECKSUM_INVALID|EVIDENCE_ROOT_INVALID|EVIDENCE_SNAPSHOT_CONFLICT|RECORD_ENVELOPE_INVALID,b2d83222fe4bab87f393b8e93c8a29f87ac2f8279ebd9de6ca63f25604bbf49f
case-00733,fcbe2870c492e3c2d5821391d697eff601b18b153dfafa00249d8cfe05d0ae7c,CONTROLLED_TEST_MUTATION,excluded_ancestor,False,True,0.0336,True,1.3052,False,4.7838,REQUIRED_INPUT_EXCLUDED,b2d83222fe4bab87f393b8e93c8a29f87ac2f8279ebd9de6ca63f25604bbf49f
case-00734,0c4e8675326b24cb6576ec10fe550c544d4af2b02a617eee2a5a24fcd4b817ad,CLEAN_TEST_FIXTURE,none,True,True,0.0369,True,0.3753,True,3.807,ALL_REQUIRED_EVIDENCE_TRUSTWORTHY,b2d83222fe4bab87f393b8e93c8a29f87ac2f8279ebd9de6ca63f25604bbf49f
case-00735,7b224dbd393d8950efab155e2bbddd36e6f1a45e71f083e9cfa0176b919dd977,CONTROLLED_TEST_MUTATION,missing_direct_role,False,False,0.0411,False,0.0232,False,3.4421,REQUIRED_ROLE_MISSING,b2d83222fe4bab87f393b8e93c8a29f87ac2f8279ebd9de6ca63f25604bbf49f
case-00736,3eea7849e259f637ef312b82ee5875922fcf22b7a24a40c9167408a2632f0f23,CONTROLLED_TEST_MUTATION,empty_payload,False,False,0.0412,False,0.0291,False,4.5671,EVIDENCE_PAYLOAD_EMPTY|EVIDENCE_PAYLOAD_SCHEMA_INVALID|EVIDENCE_SNAPSHOT_CONFLICT,b2d83222fe4bab87f393b8e93c8a29f87ac2f8279ebd9de6ca63f25604bbf49f
case-00737,f269577a07e3b1238ea5288c4eee3d57365c61e14110749826c46c269bc37786,CONTROLLED_TEST_MUTATION,unknown_source,False,True,0.0605,True,0.3437,False,3.8859,EVIDENCE_ROLE_SOURCE_NOT_ALLOWED|EVIDENCE_SOURCE_ID_UNKNOWN|EVIDENCE_SOURCE_POLICY_MISSING,b2d83222fe4bab87f393b8e93c8a29f87ac2f8279ebd9de6ca63f25604bbf49f
case-00738,b56e2e955bef86242ce169675f41c8d919d54ac7cc2c202da6937e8c424f145b,CONTROLLED_TEST_MUTATION,missing_direct_role,False,False,0.0199,False,0.0145,False,3.3057,REQUIRED_ROLE_MISSING,b2d83222fe4bab87f393b8e93c8a29f87ac2f8279ebd9de6ca63f25604bbf49f
case-00739,4e1888af6456ec806c281422b1a924a1791101a65f585a79ccadd859faeb1cb6,CLEAN_TEST_FIXTURE,none,True,True,0.1209,True,0.5252,True,5.9604,ALL_REQUIRED_EVIDENCE_TRUSTWORTHY,b2d83222fe4bab87f393b8e93c8a29f87ac2f8279ebd9de6ca63f25604bbf49f
case-00740,d19ebab90d9473ffdc33f59f20e315e939c0e3135e80992164158838826db6a7,CONTROLLED_TEST_MUTATION,snapshot_score_conflict,False,True,0.0398,True,1.3343,False,4.8716,EVIDENCE_SNAPSHOT_CONFLICT,b2d83222fe4bab87f393b8e93c8a29f87ac2f8279ebd9de6ca63f25604bbf49f
case-00741,27e589e58213e432bb673a3a4516e72192260311e06c2ccae72232f6355df5ed,CONTROLLED_TEST_MUTATION,expired_import,False,True,0.0399,False,0.2855,False,4.1025,EVIDENCE_STALE,b2d83222fe4bab87f393b8e93c8a29f87ac2f8279ebd9de6ca63f25604bbf49f
case-00742,a6aeba94d20c4d6cab8cee0f1bdda634d2f9589d3ee579fdeaa8ef22eb3d6d25,CONTROLLED_TEST_MUTATION,empty_payload,False,False,0.068,False,0.0511,False,4.1219,EVIDENCE_PAYLOAD_EMPTY|EVIDENCE_PAYLOAD_SCHEMA_INVALID|EVIDENCE_SNAPSHOT_CONFLICT,b2d83222fe4bab87f393b8e93c8a29f87ac2f8279ebd9de6ca63f25604bbf49f
case-00743,f447f14ee8df56aa1fedf2147fbec4a4ae0e29e94a9c31c36ddee34902a2ebf2,CONTROLLED_TEST_MUTATION,lineage_cycle,False,True,0.1431,True,0.4941,False,6.5293,EVIDENCE_LINEAGE_INVALID,b2d83222fe4bab87f393b8e93c8a29f87ac2f8279ebd9de6ca63f25604bbf49f
case-00744,eeeaa8756f8c212d3947ee1c2c9f9a680d69088b305b9569066b478c1ff4826d,CONTROLLED_TEST_MUTATION,unavailable_record,False,True,0.0391,False,0.3133,False,3.9496,EVIDENCE_LINEAGE_INCOMPLETE|EVIDENCE_UNAVAILABLE,b2d83222fe4bab87f393b8e93c8a29f87ac2f8279ebd9de6ca63f25604bbf49f
case-00745,1d48b9646a51ee136063f1fdd9865d1a075d011c8287f57550d10c03736760bb,CONTROLLED_TEST_MUTATION,root_signature_tamper_after_seal,False,True,0.0462,True,0.3985,False,4.6149,EVIDENCE_ROOT_INVALID,b2d83222fe4bab87f393b8e93c8a29f87ac2f8279ebd9de6ca63f25604bbf49f
case-00746,2ed5afdd3f34627b965d1f61cc90a9e829f141b5094645c61aacc2fa7dfa1c08,CONTROLLED_TEST_MUTATION,incomplete_payload,False,True,0.0354,False,0.1477,False,3.6842,EVIDENCE_PAYLOAD_INCOMPLETE,b2d83222fe4bab87f393b8e93c8a29f87ac2f8279ebd9de6ca63f25604bbf49f
case-00747,f0f23d22947c4bb521becedc0050d160d46eae5eeab291ba0f469f3bb0409b35,CONTROLLED_TEST_MUTATION,broken_lineage,False,True,0.039,True,0.3346,False,4.6279,EVIDENCE_LINEAGE_INVALID,b2d83222fe4bab87f393b8e93c8a29f87ac2f8279ebd9de6ca63f25604bbf49f
case-00748,d57d7d6df5e8e59ea21e5f14300a710749a324cf75a6c4904cef1b737154742e,CONTROLLED_TEST_MUTATION,malformed_payload,False,True,0.0394,True,0.3467,False,4.9109,EVIDENCE_PAYLOAD_SCHEMA_INVALID|EVIDENCE_SNAPSHOT_CONFLICT,b2d83222fe4bab87f393b8e93c8a29f87ac2f8279ebd9de6ca63f25604bbf49f
case-00749,905eca403a2a3c48194c74288e173e9996adffd0020c2ccd38014318e9b89db5,CONTROLLED_TEST_MUTATION,future_timestamp,False,True,0.0389,False,0.3354,False,3.7918,EVIDENCE_FRESHNESS_UNKNOWN|EVIDENCE_TIMESTAMP_IN_FUTURE,b2d83222fe4bab87f393b8e93c8a29f87ac2f8279ebd9de6ca63f25604bbf49f
case-00750,176d24d167ba5571a2b7d3d23d3c5caca937b679f457df3f4e2f7f826405b7e6,CONTROLLED_TEST_MUTATION,payload_tamper_after_seal,False,True,0.0562,False,0.9008,False,4.0412,CHECKSUM_INVALID|EVIDENCE_ROOT_INVALID|EVIDENCE_SNAPSHOT_CONFLICT|RECORD_ENVELOPE_INVALID,b2d83222fe4bab87f393b8e93c8a29f87ac2f8279ebd9de6ca63f25604bbf49f
case-00751,7b87058c13258dcb037b9e13f4c09d1a32992d1c5e99f3d9a24d2a990084d56d,CONTROLLED_TEST_MUTATION,source_type_impersonation,False,True,0.043,True,0.3829,False,4.0244,EVIDENCE_ROLE_SOURCE_NOT_ALLOWED|OPERATOR_EVIDENCE_UNVERIFIED,b2d83222fe4bab87f393b8e93c8a29f87ac2f8279ebd9de6ca63f25604bbf49f
case-00752,36d83f6762a57b6080d29e01e1dd2a573865e27919de73f816015ab0fcaf3edd,CONTROLLED_TEST_MUTATION,incomplete_payload,False,True,0.0357,False,0.1713,False,4.3149,EVIDENCE_PAYLOAD_INCOMPLETE,b2d83222fe4bab87f393b8e93c8a29f87ac2f8279ebd9de6ca63f25604bbf49f
case-00753,2441b1b9d8eb2757db7ea1b4627c2ed98fcb6eed9c69f586d7702bdd502514d8,CONTROLLED_TEST_MUTATION,malformed_payload,False,True,0.0415,True,0.3491,False,3.9718,EVIDENCE_PAYLOAD_SCHEMA_INVALID|EVIDENCE_SNAPSHOT_CONFLICT,b2d83222fe4bab87f393b8e93c8a29f87ac2f8279ebd9de6ca63f25604bbf49f
case-00754,2af844aa1c902f49ec24cc0034cedf66e60947c33cfc7180f4f818084c8b1aaa,CLEAN_TEST_FIXTURE,none,True,True,0.0371,True,0.326,True,3.6458,ALL_REQUIRED_EVIDENCE_TRUSTWORTHY,b2d83222fe4bab87f393b8e93c8a29f87ac2f8279ebd9de6ca63f25604bbf49f
case-00755,def599cdfc22ba4d12710b65bc6669a3e92d59a4d4f7a5d4fd479382b9414b46,CLEAN_TEST_FIXTURE,none,True,True,0.0352,True,0.3212,True,4.1049,ALL_REQUIRED_EVIDENCE_TRUSTWORTHY,b2d83222fe4bab87f393b8e93c8a29f87ac2f8279ebd9de6ca63f25604bbf49f
case-00756,fcc12a628bb552b8aa8a655f84a55085d748f219d346373669094463d7587dac,CONTROLLED_TEST_MUTATION,source_type_impersonation,False,True,0.0354,True,0.3188,False,3.689,EVIDENCE_ROLE_SOURCE_NOT_ALLOWED|OPERATOR_EVIDENCE_UNVERIFIED,b2d83222fe4bab87f393b8e93c8a29f87ac2f8279ebd9de6ca63f25604bbf49f
case-00757,ebdc6131f7918f95a1b69bb7e65981da1d3fa040daf6ebfd6d036b23bb792e9d,CONTROLLED_TEST_MUTATION,payload_tamper_after_seal,False,True,0.0376,False,0.0814,False,3.6784,CHECKSUM_INVALID|EVIDENCE_ROOT_INVALID|EVIDENCE_SNAPSHOT_CONFLICT|RECORD_ENVELOPE_INVALID,b2d83222fe4bab87f393b8e93c8a29f87ac2f8279ebd9de6ca63f25604bbf49f
case-00758,2deea61f688af9b30d7a4503b58b6a395437de61e13e50a3d916654c0687bfaa,CONTROLLED_TEST_MUTATION,unavailable_record,False,True,0.039,False,0.3164,False,4.1711,EVIDENCE_LINEAGE_INCOMPLETE|EVIDENCE_UNAVAILABLE,b2d83222fe4bab87f393b8e93c8a29f87ac2f8279ebd9de6ca63f25604bbf49f
case-00759,84b47d3edcd4874c5b0f19213e368a1ab048e26a832cdcf9d83a89a4ad801caf,CONTROLLED_TEST_MUTATION,payload_tamper_after_seal,False,True,0.0359,False,0.0797,False,4.08,CHECKSUM_INVALID|EVIDENCE_ROOT_INVALID|EVIDENCE_SNAPSHOT_CONFLICT|RECORD_ENVELOPE_INVALID,b2d83222fe4bab87f393b8e93c8a29f87ac2f8279ebd9de6ca63f25604bbf49f
case-00760,947fc2231b79a01dc9cef129f27748868f668109136388662042f2a3dd7b84ef,CONTROLLED_TEST_MUTATION,empty_payload,False,False,0.0408,False,0.0308,False,3.7613,EVIDENCE_PAYLOAD_EMPTY|EVIDENCE_PAYLOAD_SCHEMA_INVALID|EVIDENCE_SNAPSHOT_CONFLICT,b2d83222fe4bab87f393b8e93c8a29f87ac2f8279ebd9de6ca63f25604bbf49f
case-00761,bdbdb00b1a61a3a1280a4a99788879073b018d09153994402ae9c69765f0e477,CONTROLLED_TEST_MUTATION,broken_lineage,False,True,0.0352,True,0.3195,False,4.7132,EVIDENCE_LINEAGE_INVALID,b2d83222fe4bab87f393b8e93c8a29f87ac2f8279ebd9de6ca63f25604bbf49f
case-00762,974e4c79130b2083a994d9b0e0953a44b103f1e52b76759458c2f505e3ca94b8,CLEAN_TEST_FIXTURE,none,True,True,0.038,True,0.4718,True,3.9386,ALL_REQUIRED_EVIDENCE_TRUSTWORTHY,b2d83222fe4bab87f393b8e93c8a29f87ac2f8279ebd9de6ca63f25604bbf49f
case-00763,c760c8998dc1a7104905f941a8714865217397d68bcffdecee3ca3c8bc0f8b6a,CONTROLLED_TEST_MUTATION,future_timestamp,False,True,0.0369,False,0.2933,False,4.0911,EVIDENCE_FRESHNESS_UNKNOWN|EVIDENCE_TIMESTAMP_IN_FUTURE,b2d83222fe4bab87f393b8e93c8a29f87ac2f8279ebd9de6ca63f25604bbf49f
case-00764,bf3c38b00372de5af62c50316c6174501e933b810bdc13922be8424487c03e12,CONTROLLED_TEST_MUTATION,excluded_ancestor,False,True,0.0359,True,0.3519,False,3.7268,REQUIRED_INPUT_EXCLUDED,b2d83222fe4bab87f393b8e93c8a29f87ac2f8279ebd9de6ca63f25604bbf49f
case-00765,f00f799af8d70d88a1a2478462017468f1116639c5817c90218fa4e7a75c87c8,CONTROLLED_TEST_MUTATION,unknown_source,False,True,0.0346,True,0.3201,False,4.8588,EVIDENCE_ROLE_SOURCE_NOT_ALLOWED|EVIDENCE_SOURCE_ID_UNKNOWN|EVIDENCE_SOURCE_POLICY_MISSING,b2d83222fe4bab87f393b8e93c8a29f87ac2f8279ebd9de6ca63f25604bbf49f
case-00766,d2702e0d3bbe8b9fb9016af28bbfc79405c2e8568a0255d2e8ed935ec8e9aba5,CONTROLLED_TEST_MUTATION,role_conflict,False,True,0.0381,True,0.3345,False,3.8888,EVIDENCE_ROLE_CONFLICT,b2d83222fe4bab87f393b8e93c8a29f87ac2f8279ebd9de6ca63f25604bbf49f
case-00767,f3fa4994efed394d9c30428540d6584b5f7520c07eb2796d4fd8a375b408479c,CONTROLLED_TEST_MUTATION,empty_payload,False,False,0.058,False,0.043,False,4.1864,EVIDENCE_PAYLOAD_EMPTY|EVIDENCE_PAYLOAD_SCHEMA_INVALID|EVIDENCE_SNAPSHOT_CONFLICT,b2d83222fe4bab87f393b8e93c8a29f87ac2f8279ebd9de6ca63f25604bbf49f
case-00768,2723a07d3cf65e17492f635e130414912d344b8a53c4f19e16f687231fddcd9b,CONTROLLED_TEST_MUTATION,snapshot_score_conflict,False,True,0.0469,True,0.3235,False,3.6371,EVIDENCE_SNAPSHOT_CONFLICT,b2d83222fe4bab87f393b8e93c8a29f87ac2f8279ebd9de6ca63f25604bbf49f
case-00769,9c138d4958a7b129e0717ab37d2c8c2ad85abad1d22dc516439106b2298dd8ab,CLEAN_TEST_FIXTURE,none,True,True,0.0483,True,0.3979,True,3.8023,ALL_REQUIRED_EVIDENCE_TRUSTWORTHY,b2d83222fe4bab87f393b8e93c8a29f87ac2f8279ebd9de6ca63f25604bbf49f
case-00770,f888e08f41a945ea55c5bf7ae27f3532e7b95caae6413faac0a776f07370fbc9,CONTROLLED_TEST_MUTATION,unknown_source,False,True,0.0352,True,0.3151,False,3.6336,EVIDENCE_ROLE_SOURCE_NOT_ALLOWED|EVIDENCE_SOURCE_ID_UNKNOWN|EVIDENCE_SOURCE_POLICY_MISSING,b2d83222fe4bab87f393b8e93c8a29f87ac2f8279ebd9de6ca63f25604bbf49f
case-00771,eb13567b6056448456bb67efc16e03ea59248d991ffc76b0dae493ae4baa9206,CONTROLLED_TEST_MUTATION,missing_direct_role,False,False,0.0192,False,0.0133,False,3.5086,REQUIRED_ROLE_MISSING,b2d83222fe4bab87f393b8e93c8a29f87ac2f8279ebd9de6ca63f25604bbf49f
case-00772,0b08f609cdf829f753e5a70269fd227e121dca11e57c6fd76bcf55c60ce826b4,CONTROLLED_TEST_MUTATION,role_conflict,False,True,0.0389,True,0.3417,False,3.9553,EVIDENCE_ROLE_CONFLICT,b2d83222fe4bab87f393b8e93c8a29f87ac2f8279ebd9de6ca63f25604bbf49f
case-00773,6f790c7d0da17de4b38552befff80baff2aba6e523798296e6511e4a193d3fdf,CONTROLLED_TEST_MUTATION,future_timestamp,False,True,0.0495,False,0.3579,False,3.8311,EVIDENCE_FRESHNESS_UNKNOWN|EVIDENCE_TIMESTAMP_IN_FUTURE,b2d83222fe4bab87f393b8e93c8a29f87ac2f8279ebd9de6ca63f25604bbf49f
case-00774,7759b02ebcb778ba91242094aa35c844e31c4da86d65b492ad20d329cdffd447,CLEAN_TEST_FIXTURE,none,True,True,0.0355,True,0.3181,True,3.8547,ALL_REQUIRED_EVIDENCE_TRUSTWORTHY,b2d83222fe4bab87f393b8e93c8a29f87ac2f8279ebd9de6ca63f25604bbf49f
case-00775,42b3bd8a2cae03a4a14b5617478a7c0e7bc9cdcdc3d992dad40b52039d98bc3c,CONTROLLED_TEST_MUTATION,payload_tamper_after_seal,False,True,0.0353,False,0.0802,False,3.5773,CHECKSUM_INVALID|EVIDENCE_ROOT_INVALID|EVIDENCE_SNAPSHOT_CONFLICT|RECORD_ENVELOPE_INVALID,b2d83222fe4bab87f393b8e93c8a29f87ac2f8279ebd9de6ca63f25604bbf49f
case-00776,d805eba859c1260cc989535d74584cf0561974a1e28f22f8304afeca30182c5e,CLEAN_TEST_FIXTURE,none,True,True,0.038,True,0.3543,True,3.6286,ALL_REQUIRED_EVIDENCE_TRUSTWORTHY,b2d83222fe4bab87f393b8e93c8a29f87ac2f8279ebd9de6ca63f25604bbf49f
case-00777,9045439f722037ce4a8a6b90964be4b930eeaaf5b9d36bc705e17dd8b2585bd1,CLEAN_TEST_FIXTURE,none,True,True,0.0498,True,0.3883,True,3.6279,ALL_REQUIRED_EVIDENCE_TRUSTWORTHY,b2d83222fe4bab87f393b8e93c8a29f87ac2f8279ebd9de6ca63f25604bbf49f
case-00778,2dda93fd982bd38a3ad8dce9686fc1b0475f9cb9aebc0f544ee6252e1c58b477,CONTROLLED_TEST_MUTATION,missing_lineage,False,True,0.0353,True,0.3168,False,3.7204,EVIDENCE_LINEAGE_INCOMPLETE,b2d83222fe4bab87f393b8e93c8a29f87ac2f8279ebd9de6ca63f25604bbf49f
case-00779,5a609439ed926645b6fe8d74d6645f936356f841f69d0d5ce99b02c1516ea0a5,CONTROLLED_TEST_MUTATION,snapshot_score_conflict,False,True,0.0347,True,0.3131,False,3.7013,EVIDENCE_SNAPSHOT_CONFLICT,b2d83222fe4bab87f393b8e93c8a29f87ac2f8279ebd9de6ca63f25604bbf49f
case-00780,0f502802804b43b5acf9ccc890560d4fe64328b03f91c82bc8d463f5b387397e,CLEAN_TEST_FIXTURE,none,True,True,0.0351,True,0.3206,True,3.689,ALL_REQUIRED_EVIDENCE_TRUSTWORTHY,b2d83222fe4bab87f393b8e93c8a29f87ac2f8279ebd9de6ca63f25604bbf49f
case-00781,0fd2cd94e3034b5d6659b01ff64899c99bdd9f9a4bc81480be4f1d15f8adda30,CONTROLLED_TEST_MUTATION,missing_direct_role,False,False,0.0196,False,0.0139,False,3.1943,REQUIRED_ROLE_MISSING,b2d83222fe4bab87f393b8e93c8a29f87ac2f8279ebd9de6ca63f25604bbf49f
case-00782,8cd8df9eaf7d7aad41c40dead4054a08d05a13e1978716b17629a7f920aaa2df,CONTROLLED_TEST_MUTATION,unavailable_record,False,True,0.038,False,0.3075,False,3.8311,EVIDENCE_LINEAGE_INCOMPLETE|EVIDENCE_UNAVAILABLE,b2d83222fe4bab87f393b8e93c8a29f87ac2f8279ebd9de6ca63f25604bbf49f
case-00783,1d04fa65928e2b29f075af18962f77d0897c8ca9443838053400d231d3362b21,CLEAN_TEST_FIXTURE,none,True,True,0.0392,True,0.3624,True,3.9836,ALL_REQUIRED_EVIDENCE_TRUSTWORTHY,b2d83222fe4bab87f393b8e93c8a29f87ac2f8279ebd9de6ca63f25604bbf49f
case-00784,6fef1aa8112a1a8f5e1836516e2365dfc95be6f78ea26038c8aeabeb5d6cf1bc,CONTROLLED_TEST_MUTATION,broken_lineage,False,True,0.0391,True,0.3406,False,4.8696,EVIDENCE_LINEAGE_INVALID,b2d83222fe4bab87f393b8e93c8a29f87ac2f8279ebd9de6ca63f25604bbf49f
case-00785,60f4e0a407533edcccea83ea4035c02ead952caf18a58031d8ab838757ca8a04,CONTROLLED_TEST_MUTATION,root_signature_tamper_after_seal,False,True,0.0426,True,0.4127,False,3.9408,EVIDENCE_ROOT_INVALID,b2d83222fe4bab87f393b8e93c8a29f87ac2f8279ebd9de6ca63f25604bbf49f
case-00786,7399d2bcea06d57968ac93e2414130f3bea5f4320f2576d6ec115f637d4803b8,CONTROLLED_TEST_MUTATION,broken_lineage,False,True,0.0372,True,0.3678,False,4.3015,EVIDENCE_LINEAGE_INVALID,b2d83222fe4bab87f393b8e93c8a29f87ac2f8279ebd9de6ca63f25604bbf49f
case-00787,2d824e7710d43c66eedafb24fc9c7be283fdd320e151b868c041b34f419e0cb9,CLEAN_TEST_FIXTURE,none,True,True,0.0357,True,0.3345,True,3.8605,ALL_REQUIRED_EVIDENCE_TRUSTWORTHY,b2d83222fe4bab87f393b8e93c8a29f87ac2f8279ebd9de6ca63f25604bbf49f
case-00788,8aafde45c45790ec455fa20ab767b0e7dcac6b8c7c4fd7842d5edc3aa23b4c02,CONTROLLED_TEST_MUTATION,unknown_source,False,True,0.0353,True,0.3171,False,4.9382,EVIDENCE_ROLE_SOURCE_NOT_ALLOWED|EVIDENCE_SOURCE_ID_UNKNOWN|EVIDENCE_SOURCE_POLICY_MISSING,b2d83222fe4bab87f393b8e93c8a29f87ac2f8279ebd9de6ca63f25604bbf49f
case-00789,951c52edf0c89f2a7dc790d5037eafa661b4916e726c191b58cec2cced0bc127,CONTROLLED_TEST_MUTATION,incomplete_payload,False,True,0.0585,False,0.151,False,3.6864,EVIDENCE_PAYLOAD_INCOMPLETE,b2d83222fe4bab87f393b8e93c8a29f87ac2f8279ebd9de6ca63f25604bbf49f
case-00790,013022164b25d1f74bd1cffe68856ba516e0300ae66e4a1a5f585a83dace052a,CONTROLLED_TEST_MUTATION,payload_tamper_after_seal,False,True,0.0354,False,0.0935,False,3.7398,CHECKSUM_INVALID|EVIDENCE_ROOT_INVALID|EVIDENCE_SNAPSHOT_CONFLICT|RECORD_ENVELOPE_INVALID,b2d83222fe4bab87f393b8e93c8a29f87ac2f8279ebd9de6ca63f25604bbf49f
case-00791,19a052f6cb877109385fbd8372c55405ed23893677c33db5bb5e1a0723fd74a6,CLEAN_TEST_FIXTURE,none,True,True,0.0355,True,0.3177,True,3.9238,ALL_REQUIRED_EVIDENCE_TRUSTWORTHY,b2d83222fe4bab87f393b8e93c8a29f87ac2f8279ebd9de6ca63f25604bbf49f
case-00792,aab218de7fdfb9487e66a8dc9796ba74e5a3aa899e40fbc1fe02d470b2f4b688,CONTROLLED_TEST_MUTATION,malformed_payload,False,True,0.0468,True,0.3672,False,4.0121,EVIDENCE_PAYLOAD_SCHEMA_INVALID|EVIDENCE_SNAPSHOT_CONFLICT,b2d83222fe4bab87f393b8e93c8a29f87ac2f8279ebd9de6ca63f25604bbf49f
case-00793,d6eea062f761ee6f80806729900c0edbe8979c89285330899d668db30b595934,CONTROLLED_TEST_MUTATION,source_type_impersonation,False,True,0.0356,True,0.3592,False,3.6725,EVIDENCE_ROLE_SOURCE_NOT_ALLOWED|OPERATOR_EVIDENCE_UNVERIFIED,b2d83222fe4bab87f393b8e93c8a29f87ac2f8279ebd9de6ca63f25604bbf49f
case-00794,b519d2facb1522f737e12ada6542594a9622f9ea7ede4ddde37ee7dcb68a5394,CONTROLLED_TEST_MUTATION,excluded_ancestor,False,True,0.0375,True,0.3518,False,3.9509,REQUIRED_INPUT_EXCLUDED,b2d83222fe4bab87f393b8e93c8a29f87ac2f8279ebd9de6ca63f25604bbf49f
case-00795,d68d3c54a0b422fe382e6d27e7fe2ecaf7df9422a79715858db79f94816414fb,CONTROLLED_TEST_MUTATION,expired_import,False,True,0.0377,False,0.2795,False,3.9041,EVIDENCE_STALE,b2d83222fe4bab87f393b8e93c8a29f87ac2f8279ebd9de6ca63f25604bbf49f
case-00796,d5c8523895f01e4791d7ddc54bd18c7cc6d4fcd3c440ff6d47c164fd472a9ba1,CONTROLLED_TEST_MUTATION,role_conflict,False,True,0.0615,True,0.3665,False,4.1515,EVIDENCE_ROLE_CONFLICT,b2d83222fe4bab87f393b8e93c8a29f87ac2f8279ebd9de6ca63f25604bbf49f
case-00797,6ff943dbb8b3b8aac6fd65317464fb3f61623c4764bcf4b83351e35d40171585,CONTROLLED_TEST_MUTATION,unavailable_record,False,True,0.04,False,0.3203,False,4.9361,EVIDENCE_LINEAGE_INCOMPLETE|EVIDENCE_UNAVAILABLE,b2d83222fe4bab87f393b8e93c8a29f87ac2f8279ebd9de6ca63f25604bbf49f
case-00798,811779bd6a8eea2e48ac14168f153deca9da8b23c4b1dd3a6705f55a59276edb,CONTROLLED_TEST_MUTATION,excluded_ancestor,False,True,0.0367,True,0.3185,False,3.7663,REQUIRED_INPUT_EXCLUDED,b2d83222fe4bab87f393b8e93c8a29f87ac2f8279ebd9de6ca63f25604bbf49f
case-00799,19cd2ad1075ee1d80b957596e4e47291c0d01fb2048f6768a752cd50529359e2,CONTROLLED_TEST_MUTATION,future_timestamp,False,True,0.0364,False,0.3166,False,5.159,EVIDENCE_FRESHNESS_UNKNOWN|EVIDENCE_TIMESTAMP_IN_FUTURE,b2d83222fe4bab87f393b8e93c8a29f87ac2f8279ebd9de6ca63f25604bbf49f
case-00800,bc07d7470aa4a11ce6883677b2ae55f87895712e8b82b0d4e136b0bc52d8dcb2,CONTROLLED_TEST_MUTATION,future_timestamp,False,True,0.0354,False,0.2823,False,3.5947,EVIDENCE_FRESHNESS_UNKNOWN|EVIDENCE_TIMESTAMP_IN_FUTURE,b2d83222fe4bab87f393b8e93c8a29f87ac2f8279ebd9de6ca63f25604bbf49f
case-00801,4db5774eeeefd691d7dc3b4652fe3931f29213d05f7e2b1af11ed48fdfaa6b67,CONTROLLED_TEST_MUTATION,missing_lineage,False,True,0.0342,True,0.3103,False,3.9337,EVIDENCE_LINEAGE_INCOMPLETE,b2d83222fe4bab87f393b8e93c8a29f87ac2f8279ebd9de6ca63f25604bbf49f
case-00802,8aeded1f1e6b74c54fba51dcecf1534ab85b4c56dbe81f1de9951a6fc09a161d,CONTROLLED_TEST_MUTATION,root_signature_tamper_after_seal,False,True,0.0574,True,0.3189,False,3.813,EVIDENCE_ROOT_INVALID,b2d83222fe4bab87f393b8e93c8a29f87ac2f8279ebd9de6ca63f25604bbf49f
case-00803,d6ebfc6c9a4597ffbf94a7ef77fefdb2de74a286fe40eb1223b77eef1b03cd7f,CONTROLLED_TEST_MUTATION,incomplete_payload,False,True,0.0349,False,0.1506,False,5.382,EVIDENCE_PAYLOAD_INCOMPLETE,b2d83222fe4bab87f393b8e93c8a29f87ac2f8279ebd9de6ca63f25604bbf49f
case-00804,4e5fdbb1ae88ed7324037b0d763f635e8f5c32071fc63c02480eaeb87d087e08,CONTROLLED_TEST_MUTATION,unknown_source,False,True,0.0353,True,0.3263,False,3.7156,EVIDENCE_ROLE_SOURCE_NOT_ALLOWED|EVIDENCE_SOURCE_ID_UNKNOWN|EVIDENCE_SOURCE_POLICY_MISSING,b2d83222fe4bab87f393b8e93c8a29f87ac2f8279ebd9de6ca63f25604bbf49f
case-00805,1db7d9471cae498079cc08a4c7bd445034ed833a452ac9863ff517397da77056,CONTROLLED_TEST_MUTATION,incomplete_payload,False,True,0.0355,False,0.1524,False,4.0256,EVIDENCE_PAYLOAD_INCOMPLETE,b2d83222fe4bab87f393b8e93c8a29f87ac2f8279ebd9de6ca63f25604bbf49f
case-00806,bb16142107df7d5413a2f21790a3adbbdb00d103b3809c16d41b4d12d2e0a7bb,CONTROLLED_TEST_MUTATION,root_signature_tamper_after_seal,False,True,0.0345,True,0.3089,False,3.5855,EVIDENCE_ROOT_INVALID,b2d83222fe4bab87f393b8e93c8a29f87ac2f8279ebd9de6ca63f25604bbf49f
case-00807,52a0c8c11daecbac2d834138bae19907db00f05d374d5edcd27ebec875ff5604,CONTROLLED_TEST_MUTATION,future_timestamp,False,True,0.0351,False,0.2949,False,6.1785,EVIDENCE_FRESHNESS_UNKNOWN|EVIDENCE_TIMESTAMP_IN_FUTURE,b2d83222fe4bab87f393b8e93c8a29f87ac2f8279ebd9de6ca63f25604bbf49f
case-00808,737ebe991cc38e4f7634d7758f26909677eb9f0ca406c7d71d937d3807d4d064,CONTROLLED_TEST_MUTATION,unavailable_record,False,True,0.0345,False,0.308,False,3.5286,EVIDENCE_LINEAGE_INCOMPLETE|EVIDENCE_UNAVAILABLE,b2d83222fe4bab87f393b8e93c8a29f87ac2f8279ebd9de6ca63f25604bbf49f
case-00809,1383d3b1b210f5051d45e673cb9c8c4eeecf5c4a427d417ab0702a0441debee0,CLEAN_TEST_FIXTURE,none,True,True,0.0354,True,0.315,True,3.5582,ALL_REQUIRED_EVIDENCE_TRUSTWORTHY,b2d83222fe4bab87f393b8e93c8a29f87ac2f8279ebd9de6ca63f25604bbf49f
case-00810,f1da500619df2c6a468a95741a69faac8ad6bc75e4137443c52675eec9e1a1f1,CONTROLLED_TEST_MUTATION,snapshot_score_conflict,False,True,0.0352,True,0.3192,False,3.7619,EVIDENCE_SNAPSHOT_CONFLICT,b2d83222fe4bab87f393b8e93c8a29f87ac2f8279ebd9de6ca63f25604bbf49f
case-00811,0d1f413b6e2ccf093d264029edd65bee3f19654b65079f2c4720cff34526f1b2,CONTROLLED_TEST_MUTATION,future_timestamp,False,True,0.0525,False,0.3365,False,3.7841,EVIDENCE_FRESHNESS_UNKNOWN|EVIDENCE_TIMESTAMP_IN_FUTURE,b2d83222fe4bab87f393b8e93c8a29f87ac2f8279ebd9de6ca63f25604bbf49f
case-00812,8ea8c5f0170c34a5a232e66ce3a78220aa686b335437881d5c4c72c851e71dfd,CONTROLLED_TEST_MUTATION,unavailable_record,False,True,0.0345,False,0.2858,False,3.7372,EVIDENCE_LINEAGE_INCOMPLETE|EVIDENCE_UNAVAILABLE,b2d83222fe4bab87f393b8e93c8a29f87ac2f8279ebd9de6ca63f25604bbf49f
case-00813,fd43c8592cde12020e0e0fd52f37aca7cfbf544c1dd020b4f5c7e6743741366c,CONTROLLED_TEST_MUTATION,unavailable_record,False,True,0.0357,False,0.2899,False,3.7853,EVIDENCE_LINEAGE_INCOMPLETE|EVIDENCE_UNAVAILABLE,b2d83222fe4bab87f393b8e93c8a29f87ac2f8279ebd9de6ca63f25604bbf49f
case-00814,31cb0d4adcd6090c17d6377f48957c84848c56c26a57616899c5fa1f98e3d5ea,CONTROLLED_TEST_MUTATION,incomplete_payload,False,True,0.0355,False,0.1525,False,3.596,EVIDENCE_PAYLOAD_INCOMPLETE,b2d83222fe4bab87f393b8e93c8a29f87ac2f8279ebd9de6ca63f25604bbf49f
case-00815,f2793ffcd91a2eebb3ff920bb02b50e16dba0af5e60ed93d145f3f4d5c6ab488,CONTROLLED_TEST_MUTATION,role_conflict,False,True,0.0422,True,0.394,False,3.9795,EVIDENCE_ROLE_CONFLICT,b2d83222fe4bab87f393b8e93c8a29f87ac2f8279ebd9de6ca63f25604bbf49f
case-00816,51f2a82defb4864f9417193f665b397050bbfc17b69540fb498327791508158d,CONTROLLED_TEST_MUTATION,missing_lineage,False,True,0.0341,True,0.3326,False,3.4878,EVIDENCE_LINEAGE_INCOMPLETE,b2d83222fe4bab87f393b8e93c8a29f87ac2f8279ebd9de6ca63f25604bbf49f
case-00817,eeb386d277c9cf5761302189a9e0b9dbd65d3f13d9e6389481b62f297b95dcb8,CONTROLLED_TEST_MUTATION,payload_tamper_after_seal,False,True,0.0384,False,0.0864,False,3.6445,CHECKSUM_INVALID|EVIDENCE_ROOT_INVALID|EVIDENCE_SNAPSHOT_CONFLICT|RECORD_ENVELOPE_INVALID,b2d83222fe4bab87f393b8e93c8a29f87ac2f8279ebd9de6ca63f25604bbf49f
case-00818,cbab01943a54ac7dbfc0ee6c5b14d97b340b3a9ae83f0381e1e4fa948457c77f,CONTROLLED_TEST_MUTATION,unknown_source,False,True,0.0335,True,0.3299,False,3.6038,EVIDENCE_ROLE_SOURCE_NOT_ALLOWED|EVIDENCE_SOURCE_ID_UNKNOWN|EVIDENCE_SOURCE_POLICY_MISSING,b2d83222fe4bab87f393b8e93c8a29f87ac2f8279ebd9de6ca63f25604bbf49f
case-00819,fdc795f4e930c8919875d7c09736fcc20d43181f009b8a2f1050d3b56defba75,CONTROLLED_TEST_MUTATION,malformed_payload,False,True,0.0372,True,0.3732,False,4.1657,EVIDENCE_PAYLOAD_SCHEMA_INVALID|EVIDENCE_SNAPSHOT_CONFLICT,b2d83222fe4bab87f393b8e93c8a29f87ac2f8279ebd9de6ca63f25604bbf49f
case-00820,cde09a8ff4d588fbda87a7062bac79f28779393b9952ade3d2f7b98d79946cee,CONTROLLED_TEST_MUTATION,unknown_source,False,True,0.0356,True,0.3179,False,3.5889,EVIDENCE_ROLE_SOURCE_NOT_ALLOWED|EVIDENCE_SOURCE_ID_UNKNOWN|EVIDENCE_SOURCE_POLICY_MISSING,b2d83222fe4bab87f393b8e93c8a29f87ac2f8279ebd9de6ca63f25604bbf49f
case-00821,0f477a3eda343cebe2c24bb9a13d67dca29e771440a08e2d0b6e958626346d98,CONTROLLED_TEST_MUTATION,future_timestamp,False,True,0.0357,False,0.2886,False,3.7224,EVIDENCE_FRESHNESS_UNKNOWN|EVIDENCE_TIMESTAMP_IN_FUTURE,b2d83222fe4bab87f393b8e93c8a29f87ac2f8279ebd9de6ca63f25604bbf49f
case-00822,1cd06731d48ff08e4637f7ad278d47cb877a4e1625c09accb2104b1a2334cddc,CONTROLLED_TEST_MUTATION,lineage_cycle,False,True,0.0347,True,0.3195,False,3.5647,EVIDENCE_LINEAGE_INVALID,b2d83222fe4bab87f393b8e93c8a29f87ac2f8279ebd9de6ca63f25604bbf49f
case-00823,87287f873ac9b2034e8e0b28f18950aa38ba9a33d62aa522bfbdab681094d0d5,CONTROLLED_TEST_MUTATION,incomplete_payload,False,True,0.0382,False,0.1536,False,3.7248,EVIDENCE_PAYLOAD_INCOMPLETE,b2d83222fe4bab87f393b8e93c8a29f87ac2f8279ebd9de6ca63f25604bbf49f
case-00824,21fdb9ca8afef7a3773dc71e5e48b28df492895663e0cacdf8dc87f43fa7e37e,CONTROLLED_TEST_MUTATION,incomplete_payload,False,True,0.038,False,0.162,False,4.1347,EVIDENCE_PAYLOAD_INCOMPLETE,b2d83222fe4bab87f393b8e93c8a29f87ac2f8279ebd9de6ca63f25604bbf49f
case-00825,c74d065e5936e782c9bf66dbc9f0ab3c4b698c335bfb0ba87b061f2bf3185721,CONTROLLED_TEST_MUTATION,unknown_source,False,True,0.0343,True,0.3537,False,3.5868,EVIDENCE_ROLE_SOURCE_NOT_ALLOWED|EVIDENCE_SOURCE_ID_UNKNOWN|EVIDENCE_SOURCE_POLICY_MISSING,b2d83222fe4bab87f393b8e93c8a29f87ac2f8279ebd9de6ca63f25604bbf49f
case-00826,2c220eaae437943cdc57ab6e083131a0977bd89e56f3e99529f3c8b1f7c5581c,CONTROLLED_TEST_MUTATION,unknown_source,False,True,0.0332,True,0.3275,False,4.5136,EVIDENCE_ROLE_SOURCE_NOT_ALLOWED|EVIDENCE_SOURCE_ID_UNKNOWN|EVIDENCE_SOURCE_POLICY_MISSING,b2d83222fe4bab87f393b8e93c8a29f87ac2f8279ebd9de6ca63f25604bbf49f
case-00827,e33663a714a62c0466ceb6d4fbadd90a225da6d860401ac3408fbf998bf675ed,CONTROLLED_TEST_MUTATION,role_conflict,False,True,0.0404,True,0.3455,False,4.3517,EVIDENCE_ROLE_CONFLICT,b2d83222fe4bab87f393b8e93c8a29f87ac2f8279ebd9de6ca63f25604bbf49f
case-00828,f178f780921739554f88e598a2eb8bd3d67daf8872969bbf5da72975fd974c75,CONTROLLED_TEST_MUTATION,source_type_impersonation,False,True,0.0356,True,0.3227,False,4.3703,EVIDENCE_ROLE_SOURCE_NOT_ALLOWED|OPERATOR_EVIDENCE_UNVERIFIED,b2d83222fe4bab87f393b8e93c8a29f87ac2f8279ebd9de6ca63f25604bbf49f
case-00829,b367441e9e470581b5062807af3f8e3cefabf0da637eb95abb1a10475ee60f8b,CONTROLLED_TEST_MUTATION,broken_lineage,False,True,0.0411,True,0.3271,False,3.6806,EVIDENCE_LINEAGE_INVALID,b2d83222fe4bab87f393b8e93c8a29f87ac2f8279ebd9de6ca63f25604bbf49f
case-00830,d140426ac28f2e346be37017469dbde43a7ee04a747cf245b8aac4f85059732d,CLEAN_TEST_FIXTURE,none,True,True,0.0348,True,0.3151,True,5.787,ALL_REQUIRED_EVIDENCE_TRUSTWORTHY,b2d83222fe4bab87f393b8e93c8a29f87ac2f8279ebd9de6ca63f25604bbf49f
case-00831,60b0f0dd683fc0c58313c3305ad02247205e602cadaeef31936ac1ac3db4aa11,CONTROLLED_TEST_MUTATION,future_timestamp,False,True,0.0356,False,0.2923,False,3.7359,EVIDENCE_FRESHNESS_UNKNOWN|EVIDENCE_TIMESTAMP_IN_FUTURE,b2d83222fe4bab87f393b8e93c8a29f87ac2f8279ebd9de6ca63f25604bbf49f
case-00832,fa7d6625def941ccfa8cb89f4596d438d47ed3e25ab379ed1fb414fae4f06a33,CLEAN_TEST_FIXTURE,none,True,True,0.0358,True,0.3215,True,3.597,ALL_REQUIRED_EVIDENCE_TRUSTWORTHY,b2d83222fe4bab87f393b8e93c8a29f87ac2f8279ebd9de6ca63f25604bbf49f
case-00833,8f975513d076764423be785dcdb6628bcb55168afb846ea88083c00230a80c4b,CONTROLLED_TEST_MUTATION,source_type_impersonation,False,True,0.038,True,0.3423,False,3.6954,EVIDENCE_ROLE_SOURCE_NOT_ALLOWED|OPERATOR_EVIDENCE_UNVERIFIED,b2d83222fe4bab87f393b8e93c8a29f87ac2f8279ebd9de6ca63f25604bbf49f
case-00834,be35ff5dff0b6a6b5c72628888858519eba5ee78700cbcca90d4bd700b4327a0,CONTROLLED_TEST_MUTATION,missing_direct_role,False,False,0.0448,False,0.0225,False,3.2781,REQUIRED_ROLE_MISSING,b2d83222fe4bab87f393b8e93c8a29f87ac2f8279ebd9de6ca63f25604bbf49f
case-00835,98a8f729f63bd71c60d3c168bc77f81ee9de13a40d282ee126c91de8d692bbc1,CONTROLLED_TEST_MUTATION,snapshot_score_conflict,False,True,0.0351,True,0.3184,False,4.1367,EVIDENCE_SNAPSHOT_CONFLICT,b2d83222fe4bab87f393b8e93c8a29f87ac2f8279ebd9de6ca63f25604bbf49f
case-00836,50bb2737906d5ae75931cb047af0b65fe7e69eeaae7875dc9445ce36c749e78a,CONTROLLED_TEST_MUTATION,missing_direct_role,False,False,0.0191,False,0.0135,False,3.1759,REQUIRED_ROLE_MISSING,b2d83222fe4bab87f393b8e93c8a29f87ac2f8279ebd9de6ca63f25604bbf49f
case-00837,485c3432f5eb9a097588424b7014e6ad66ca71439bb175a9b93cc0452b9811d4,CONTROLLED_TEST_MUTATION,missing_lineage,False,True,0.0356,True,0.3153,False,3.7803,EVIDENCE_LINEAGE_INCOMPLETE,b2d83222fe4bab87f393b8e93c8a29f87ac2f8279ebd9de6ca63f25604bbf49f
case-00838,55f5dda3ae3be34878a8b65b27833b24a875bae416456b18607ce87c8887cc05,CONTROLLED_TEST_MUTATION,lineage_cycle,False,True,0.0405,True,0.4453,False,3.9922,EVIDENCE_LINEAGE_INVALID,b2d83222fe4bab87f393b8e93c8a29f87ac2f8279ebd9de6ca63f25604bbf49f
case-00839,e856590764845421f336c4fb76b9f84f8b6977eca8c8851c2eb6460c7dd41969,CONTROLLED_TEST_MUTATION,lineage_cycle,False,True,0.0349,True,0.3168,False,3.6481,EVIDENCE_LINEAGE_INVALID,b2d83222fe4bab87f393b8e93c8a29f87ac2f8279ebd9de6ca63f25604bbf49f
case-00840,2e524e2eabcbe3adf5f00bf7f67c386e2e18c40e5439153f43b9cfac8dd8ddde,CONTROLLED_TEST_MUTATION,broken_lineage,False,True,0.0344,True,0.341,False,3.75,EVIDENCE_LINEAGE_INVALID,b2d83222fe4bab87f393b8e93c8a29f87ac2f8279ebd9de6ca63f25604bbf49f
case-00841,84c6b2b8b963455a4f953bf1d4a58a46d8668c2735903c686faa22dd98daa14d,CONTROLLED_TEST_MUTATION,lineage_cycle,False,True,0.0368,True,0.3101,False,3.6221,EVIDENCE_LINEAGE_INVALID,b2d83222fe4bab87f393b8e93c8a29f87ac2f8279ebd9de6ca63f25604bbf49f
case-00842,6523ae25d539c2ab5d326110e1953d161faa40b8837aaee2ec1674995dd4705c,CONTROLLED_TEST_MUTATION,expired_import,False,True,0.0372,False,0.2719,False,3.9879,EVIDENCE_STALE,b2d83222fe4bab87f393b8e93c8a29f87ac2f8279ebd9de6ca63f25604bbf49f
case-00843,ddf9274ca0ec027f853a724d032005fea7c13c24826d64ebf1e0fb9ce287658e,CONTROLLED_TEST_MUTATION,lineage_cycle,False,True,0.0356,True,0.3216,False,3.6345,EVIDENCE_LINEAGE_INVALID,b2d83222fe4bab87f393b8e93c8a29f87ac2f8279ebd9de6ca63f25604bbf49f
case-00844,cc84a8f5901b4fb688e9aab98c48305c8dfe8ac73e19c02a3011ea6c500d88c0,CONTROLLED_TEST_MUTATION,expired_import,False,True,0.0356,False,0.2655,False,3.6297,EVIDENCE_STALE,b2d83222fe4bab87f393b8e93c8a29f87ac2f8279ebd9de6ca63f25604bbf49f
case-00845,a64f572ab8dbf08aba86df5346793f8c89742485351f7b9eb5df817d94af8bc1,CONTROLLED_TEST_MUTATION,unknown_source,False,True,0.033,True,0.3085,False,3.563,EVIDENCE_ROLE_SOURCE_NOT_ALLOWED|EVIDENCE_SOURCE_ID_UNKNOWN|EVIDENCE_SOURCE_POLICY_MISSING,b2d83222fe4bab87f393b8e93c8a29f87ac2f8279ebd9de6ca63f25604bbf49f
case-00846,600e4a0b8a5cd129d808f97aa127adef9c0a8342d8c9024e479c8fda395949a8,CLEAN_TEST_FIXTURE,none,True,True,0.0456,True,0.3271,True,3.7604,ALL_REQUIRED_EVIDENCE_TRUSTWORTHY,b2d83222fe4bab87f393b8e93c8a29f87ac2f8279ebd9de6ca63f25604bbf49f
case-00847,df936cde1e35d4c222559b6dc436c71aa76e0b6f44c72f19a2bb6c696d32a7d4,CLEAN_TEST_FIXTURE,none,True,True,0.0356,True,0.4124,True,3.6885,ALL_REQUIRED_EVIDENCE_TRUSTWORTHY,b2d83222fe4bab87f393b8e93c8a29f87ac2f8279ebd9de6ca63f25604bbf49f
case-00848,1c26e793f9a512c38f732b76c080aac7cab96e7d9135c71c9b65bbad9c6bb095,CONTROLLED_TEST_MUTATION,payload_tamper_after_seal,False,True,0.0349,False,0.0761,False,3.6518,CHECKSUM_INVALID|EVIDENCE_ROOT_INVALID|EVIDENCE_SNAPSHOT_CONFLICT|RECORD_ENVELOPE_INVALID,b2d83222fe4bab87f393b8e93c8a29f87ac2f8279ebd9de6ca63f25604bbf49f
case-00849,6a86f24c69a7155dfc7ff87430f69253b59269f8769c3cc2bcf3da0537b80b87,CLEAN_TEST_FIXTURE,none,True,True,0.0338,True,0.329,True,3.6268,ALL_REQUIRED_EVIDENCE_TRUSTWORTHY,b2d83222fe4bab87f393b8e93c8a29f87ac2f8279ebd9de6ca63f25604bbf49f
case-00850,fb921aefa2a91ea882d3484adc85da5de1f9af669ed97e9338196ffe2f42f714,CONTROLLED_TEST_MUTATION,malformed_payload,False,True,0.0373,True,0.3199,False,3.6523,EVIDENCE_PAYLOAD_SCHEMA_INVALID|EVIDENCE_SNAPSHOT_CONFLICT,b2d83222fe4bab87f393b8e93c8a29f87ac2f8279ebd9de6ca63f25604bbf49f
case-00851,ded5ce2ed4a15429e78678c395e25f9f17d3b9716489d8bbbb1d49f4a2c5a5cf,CONTROLLED_TEST_MUTATION,broken_lineage,False,True,0.0351,True,0.3222,False,3.7572,EVIDENCE_LINEAGE_INVALID,b2d83222fe4bab87f393b8e93c8a29f87ac2f8279ebd9de6ca63f25604bbf49f
case-00852,9d313402bb9b3955af150ca8799dfdb1d1cf503ab1f464093a00a1e159e83656,CLEAN_TEST_FIXTURE,none,True,True,0.0353,True,0.326,True,3.6894,ALL_REQUIRED_EVIDENCE_TRUSTWORTHY,b2d83222fe4bab87f393b8e93c8a29f87ac2f8279ebd9de6ca63f25604bbf49f
case-00853,25edbde5ee0c4256e904f541aa195cbc77bc3f5ac1d91d6c2520e194ee8780b7,CONTROLLED_TEST_MUTATION,broken_lineage,False,True,0.0341,True,0.3158,False,4.7687,EVIDENCE_LINEAGE_INVALID,b2d83222fe4bab87f393b8e93c8a29f87ac2f8279ebd9de6ca63f25604bbf49f
case-00854,6d687c37fa70786a903def16451481c275c5ef03db3449722765d5a46832cd94,CLEAN_TEST_FIXTURE,none,True,True,0.0609,True,0.3962,True,3.6787,ALL_REQUIRED_EVIDENCE_TRUSTWORTHY,b2d83222fe4bab87f393b8e93c8a29f87ac2f8279ebd9de6ca63f25604bbf49f
case-00855,e22fffe80ca2004a9ceb77326fa7fa3e804eb733e6ef72586766b2590e6063e8,CONTROLLED_TEST_MUTATION,future_timestamp,False,True,0.0342,False,0.3018,False,3.9423,EVIDENCE_FRESHNESS_UNKNOWN|EVIDENCE_TIMESTAMP_IN_FUTURE,b2d83222fe4bab87f393b8e93c8a29f87ac2f8279ebd9de6ca63f25604bbf49f
case-00856,d9dcd5dbbad793653a4f99d1556ae1f6697c0269796c4cf956333a59f01d0a0d,CLEAN_TEST_FIXTURE,none,True,True,0.0359,True,0.323,True,3.7376,ALL_REQUIRED_EVIDENCE_TRUSTWORTHY,b2d83222fe4bab87f393b8e93c8a29f87ac2f8279ebd9de6ca63f25604bbf49f
case-00857,bc19d4d9fe6b662cc8d03d0f9f1c0f5825b392afe2f9424782f547d9c4694c6a,CONTROLLED_TEST_MUTATION,missing_lineage,False,True,0.0346,True,0.3204,False,4.045,EVIDENCE_LINEAGE_INCOMPLETE,b2d83222fe4bab87f393b8e93c8a29f87ac2f8279ebd9de6ca63f25604bbf49f
case-00858,17e2bf8f95b4e727eb748947b99350b8d21bb900af9dbae7731721b6b1523531,CLEAN_TEST_FIXTURE,none,True,True,0.0368,True,0.324,True,3.6823,ALL_REQUIRED_EVIDENCE_TRUSTWORTHY,b2d83222fe4bab87f393b8e93c8a29f87ac2f8279ebd9de6ca63f25604bbf49f
case-00859,421ea3ccd480d44c81f721696f4bf5c54e262b2b5168eee446c17903ca402d68,CLEAN_TEST_FIXTURE,none,True,True,0.0419,True,0.4384,True,4.5894,ALL_REQUIRED_EVIDENCE_TRUSTWORTHY,b2d83222fe4bab87f393b8e93c8a29f87ac2f8279ebd9de6ca63f25604bbf49f
case-00860,bc147b89ff48376527edeecc105378b02f0901830c4cd82e433ca0230b95681d,CLEAN_TEST_FIXTURE,none,True,True,0.0372,True,0.3235,True,3.7287,ALL_REQUIRED_EVIDENCE_TRUSTWORTHY,b2d83222fe4bab87f393b8e93c8a29f87ac2f8279ebd9de6ca63f25604bbf49f
case-00861,3fd90ada73100e76c4aa1b0f097640fa0bcfb12699f73f33963831a42b4834f2,CONTROLLED_TEST_MUTATION,lineage_cycle,False,True,0.0541,True,0.4079,False,5.6219,EVIDENCE_LINEAGE_INVALID,b2d83222fe4bab87f393b8e93c8a29f87ac2f8279ebd9de6ca63f25604bbf49f
case-00862,30be024f640ed4a492df59ff98e1037e2819ed29fd62acd0ea437c36415254ed,CONTROLLED_TEST_MUTATION,lineage_cycle,False,True,0.0374,True,0.3195,False,3.586,EVIDENCE_LINEAGE_INVALID,b2d83222fe4bab87f393b8e93c8a29f87ac2f8279ebd9de6ca63f25604bbf49f
case-00863,2e5e3bba6a016c35a1dce4748f8acafb888bed4c0ffc55e7b17cff864648515d,CONTROLLED_TEST_MUTATION,root_signature_tamper_after_seal,False,True,0.0397,True,0.3522,False,3.806,EVIDENCE_ROOT_INVALID,b2d83222fe4bab87f393b8e93c8a29f87ac2f8279ebd9de6ca63f25604bbf49f
case-00864,72be1dc84afcec191c07b0bd9f938fb49e06c2191d684118c1388b96b8850e4f,CONTROLLED_TEST_MUTATION,stale_live_observation,False,True,0.0342,False,0.28,False,3.6421,EVIDENCE_STALE,b2d83222fe4bab87f393b8e93c8a29f87ac2f8279ebd9de6ca63f25604bbf49f
case-00865,60e2281e492b93481ecf2f1033507d70825213433d69d86d2c21987b4ba87225,CONTROLLED_TEST_MUTATION,root_signature_tamper_after_seal,False,True,0.0436,True,0.3715,False,4.059,EVIDENCE_ROOT_INVALID,b2d83222fe4bab87f393b8e93c8a29f87ac2f8279ebd9de6ca63f25604bbf49f
case-00866,1414f5270fd70c86b6718f8e280420530df2f3cb5a93dc8b4b0ffa311eeaebeb,CONTROLLED_TEST_MUTATION,role_conflict,False,True,0.0396,True,0.3652,False,4.076,EVIDENCE_ROLE_CONFLICT,b2d83222fe4bab87f393b8e93c8a29f87ac2f8279ebd9de6ca63f25604bbf49f
case-00867,601627d1249f571cf437532053ab342045bfaffe1a720118c2f218af3a167a9a,CONTROLLED_TEST_MUTATION,role_conflict,False,True,0.039,True,0.3449,False,3.9365,EVIDENCE_ROLE_CONFLICT,b2d83222fe4bab87f393b8e93c8a29f87ac2f8279ebd9de6ca63f25604bbf49f
case-00868,c0d3aa010e8a2af8fb3ef349b3d0826c83d02a8614e77a99cab36450036cfc21,CLEAN_TEST_FIXTURE,none,True,True,0.0352,True,0.3147,True,3.6691,ALL_REQUIRED_EVIDENCE_TRUSTWORTHY,b2d83222fe4bab87f393b8e93c8a29f87ac2f8279ebd9de6ca63f25604bbf49f
case-00869,a36fbdaa4171f56bcfb41247ad3beaf434ca8a3a9487f30189102657fc56dfcc,CLEAN_TEST_FIXTURE,none,True,True,0.0593,True,0.3248,True,3.7395,ALL_REQUIRED_EVIDENCE_TRUSTWORTHY,b2d83222fe4bab87f393b8e93c8a29f87ac2f8279ebd9de6ca63f25604bbf49f
case-00870,eb1c6664bd89d0b7faeb9f40c0c6b38ab4f35632611e11e11e71cc5a0fb49813,CONTROLLED_TEST_MUTATION,empty_payload,False,False,0.041,False,0.0319,False,3.8155,EVIDENCE_PAYLOAD_EMPTY|EVIDENCE_PAYLOAD_SCHEMA_INVALID|EVIDENCE_SNAPSHOT_CONFLICT,b2d83222fe4bab87f393b8e93c8a29f87ac2f8279ebd9de6ca63f25604bbf49f
case-00871,36d4098f7bb8c4ce6759bcce47563a9df4f3e9e3ecf7bd92439a154cfb9ead09,CONTROLLED_TEST_MUTATION,payload_tamper_after_seal,False,True,0.0353,False,0.0793,False,3.6707,CHECKSUM_INVALID|EVIDENCE_ROOT_INVALID|EVIDENCE_SNAPSHOT_CONFLICT|RECORD_ENVELOPE_INVALID,b2d83222fe4bab87f393b8e93c8a29f87ac2f8279ebd9de6ca63f25604bbf49f
case-00872,12a1de7f274340d1e329cf487ff66943c554f7e2ee1ff3f34bde4ae3f7c7cb74,CONTROLLED_TEST_MUTATION,missing_direct_role,False,False,0.0181,False,0.013,False,3.1158,REQUIRED_ROLE_MISSING,b2d83222fe4bab87f393b8e93c8a29f87ac2f8279ebd9de6ca63f25604bbf49f
case-00873,368b6da02ea25c72536982db6f5ae8689ff420d640f2a52cab43e4e95c7c9f92,CONTROLLED_TEST_MUTATION,missing_lineage,False,True,0.0361,True,0.3282,False,3.7344,EVIDENCE_LINEAGE_INCOMPLETE,b2d83222fe4bab87f393b8e93c8a29f87ac2f8279ebd9de6ca63f25604bbf49f
case-00874,0e7f085fe38f7f1b4f42fedaa079c9fd470b6a63a895a5724375ea1f14681071,CONTROLLED_TEST_MUTATION,excluded_ancestor,False,True,0.035,True,0.3223,False,3.5713,REQUIRED_INPUT_EXCLUDED,b2d83222fe4bab87f393b8e93c8a29f87ac2f8279ebd9de6ca63f25604bbf49f
case-00875,e6e1a5f97e641b5c9f66341adabd0b4630b0ef9a7eca8d4258cc9215683c4032,CONTROLLED_TEST_MUTATION,future_timestamp,False,True,0.035,False,0.2785,False,3.573,EVIDENCE_FRESHNESS_UNKNOWN|EVIDENCE_TIMESTAMP_IN_FUTURE,b2d83222fe4bab87f393b8e93c8a29f87ac2f8279ebd9de6ca63f25604bbf49f
case-00876,8979a93c2c8c9d8c4ed84287f10a9b2b44f8d4f74259ed1f0e5a5af73748be13,CONTROLLED_TEST_MUTATION,snapshot_score_conflict,False,True,0.0344,True,0.3734,False,3.6052,EVIDENCE_SNAPSHOT_CONFLICT,b2d83222fe4bab87f393b8e93c8a29f87ac2f8279ebd9de6ca63f25604bbf49f
case-00877,bd4c18747d72a16683ed7dcc3436c4d52e231ad52ea91bfdeb24547113285e0f,CONTROLLED_TEST_MUTATION,payload_tamper_after_seal,False,True,0.0399,False,0.0883,False,3.8578,CHECKSUM_INVALID|EVIDENCE_ROOT_INVALID|EVIDENCE_SNAPSHOT_CONFLICT|RECORD_ENVELOPE_INVALID,b2d83222fe4bab87f393b8e93c8a29f87ac2f8279ebd9de6ca63f25604bbf49f
case-00878,0f4927cb92c7aed373ad14581d7414a0fdb22cdd708cd760c018587ae4253785,CONTROLLED_TEST_MUTATION,role_conflict,False,True,0.0385,True,0.341,False,4.1384,EVIDENCE_ROLE_CONFLICT,b2d83222fe4bab87f393b8e93c8a29f87ac2f8279ebd9de6ca63f25604bbf49f
case-00879,da0d84d32193afe2403c70c95fc029a18a077605c43b02fc041a9358857f18c5,CONTROLLED_TEST_MUTATION,wrong_context,False,True,0.0352,True,0.3207,False,3.7632,EVIDENCE_CONTEXT_MISMATCH,b2d83222fe4bab87f393b8e93c8a29f87ac2f8279ebd9de6ca63f25604bbf49f
case-00880,03c5adf37660807c93ede64ea0fe927d6fa0407c10000793eaf014a4d879e81f,CONTROLLED_TEST_MUTATION,snapshot_score_conflict,False,True,0.0334,True,0.3081,False,3.6205,EVIDENCE_SNAPSHOT_CONFLICT,b2d83222fe4bab87f393b8e93c8a29f87ac2f8279ebd9de6ca63f25604bbf49f
case-00881,90788974a50e8a1ceef7af41b6910b676adc1835a27c7c385b49dd946c74e05f,CLEAN_TEST_FIXTURE,none,True,True,0.0367,True,0.3449,True,3.6655,ALL_REQUIRED_EVIDENCE_TRUSTWORTHY,b2d83222fe4bab87f393b8e93c8a29f87ac2f8279ebd9de6ca63f25604bbf49f
case-00882,675a32107be7276098b63cafc33ad8ecb46eb804128d22e645645db33c216bb2,CONTROLLED_TEST_MUTATION,root_signature_tamper_after_seal,False,True,0.0347,True,0.3175,False,4.0784,EVIDENCE_ROOT_INVALID,b2d83222fe4bab87f393b8e93c8a29f87ac2f8279ebd9de6ca63f25604bbf49f
case-00883,e92615dce534f219904bd34f1c79b448ad453263dc194b4a818a555a10e4ea2a,CONTROLLED_TEST_MUTATION,payload_tamper_after_seal,False,True,0.0358,False,0.0815,False,3.6084,CHECKSUM_INVALID|EVIDENCE_ROOT_INVALID|EVIDENCE_SNAPSHOT_CONFLICT|RECORD_ENVELOPE_INVALID,b2d83222fe4bab87f393b8e93c8a29f87ac2f8279ebd9de6ca63f25604bbf49f
case-00884,d72a4915c14973f04e3a4e730b9e7a03957f785986671930f4fa094f086c7fe6,CONTROLLED_TEST_MUTATION,future_timestamp,False,True,0.0353,False,0.2944,False,7.4489,EVIDENCE_FRESHNESS_UNKNOWN|EVIDENCE_TIMESTAMP_IN_FUTURE,b2d83222fe4bab87f393b8e93c8a29f87ac2f8279ebd9de6ca63f25604bbf49f
case-00885,4859b71cc14ed9221fa5aa2e1dc82c53e1f7862d02089c26821099f5e66b4d72,CONTROLLED_TEST_MUTATION,missing_direct_role,False,False,0.019,False,0.0135,False,3.5691,REQUIRED_ROLE_MISSING,b2d83222fe4bab87f393b8e93c8a29f87ac2f8279ebd9de6ca63f25604bbf49f
case-00886,30a103962202794839a1ae0a276bce21b751d8cef738598732750fd0e3eeea30,CLEAN_TEST_FIXTURE,none,True,True,0.0566,True,0.3994,True,3.9891,ALL_REQUIRED_EVIDENCE_TRUSTWORTHY,b2d83222fe4bab87f393b8e93c8a29f87ac2f8279ebd9de6ca63f25604bbf49f
case-00887,4a91a54c282793b971176dceb514c5975570f3b146998b27290b28e51fb2921b,CONTROLLED_TEST_MUTATION,unknown_source,False,True,0.0355,True,0.3204,False,3.6657,EVIDENCE_ROLE_SOURCE_NOT_ALLOWED|EVIDENCE_SOURCE_ID_UNKNOWN|EVIDENCE_SOURCE_POLICY_MISSING,b2d83222fe4bab87f393b8e93c8a29f87ac2f8279ebd9de6ca63f25604bbf49f
case-00888,fac6fad31a97e7ed9437aca1d84c54ce951b232e42055dfaee944ecffd04aafa,CONTROLLED_TEST_MUTATION,stale_live_observation,False,True,0.0366,False,0.4257,False,4.0112,EVIDENCE_STALE,b2d83222fe4bab87f393b8e93c8a29f87ac2f8279ebd9de6ca63f25604bbf49f
case-00889,bcfe88b63df8e57b6fdb3d3a28cd09a81496c2f6314ae9f835d229010b62ff56,CONTROLLED_TEST_MUTATION,future_timestamp,False,True,0.0639,False,0.3088,False,4.1494,EVIDENCE_FRESHNESS_UNKNOWN|EVIDENCE_TIMESTAMP_IN_FUTURE,b2d83222fe4bab87f393b8e93c8a29f87ac2f8279ebd9de6ca63f25604bbf49f
case-00890,deff083f860141e38e42b69f84d5921d9bf7c116eb0db474b9525f7c7154f80f,CONTROLLED_TEST_MUTATION,unknown_source,False,True,0.0366,True,0.3229,False,3.7795,EVIDENCE_ROLE_SOURCE_NOT_ALLOWED|EVIDENCE_SOURCE_ID_UNKNOWN|EVIDENCE_SOURCE_POLICY_MISSING,b2d83222fe4bab87f393b8e93c8a29f87ac2f8279ebd9de6ca63f25604bbf49f
case-00891,0a84f4ae3383037d10c38be66aed4f5c8a427d0c07ab2cd79f1d9861a8952c11,CONTROLLED_TEST_MUTATION,malformed_payload,False,True,0.0359,True,0.3151,False,4.3322,EVIDENCE_PAYLOAD_SCHEMA_INVALID|EVIDENCE_SNAPSHOT_CONFLICT,b2d83222fe4bab87f393b8e93c8a29f87ac2f8279ebd9de6ca63f25604bbf49f
case-00892,7f2c3a7155ba9588db32360ec1fdcae1d8febdd4ed50c43ca6d9e81b64b541ac,CONTROLLED_TEST_MUTATION,stale_live_observation,False,True,0.0364,False,0.2979,False,3.6157,EVIDENCE_STALE,b2d83222fe4bab87f393b8e93c8a29f87ac2f8279ebd9de6ca63f25604bbf49f
case-00893,f1f484a6ee7fafffe982a0a08a082ba4c6821dbfbe9dfd79861fd010ef8b2189,CONTROLLED_TEST_MUTATION,role_conflict,False,True,0.0402,True,0.3511,False,4.2495,EVIDENCE_ROLE_CONFLICT,b2d83222fe4bab87f393b8e93c8a29f87ac2f8279ebd9de6ca63f25604bbf49f
case-00894,5ee6da6522b2713db535bc3f52cecc6bbac7d8ea9bf3d4ca018b4f4dc2c5ce2b,CONTROLLED_TEST_MUTATION,empty_payload,False,False,0.039,False,0.0294,False,3.4998,EVIDENCE_PAYLOAD_EMPTY|EVIDENCE_PAYLOAD_SCHEMA_INVALID|EVIDENCE_SNAPSHOT_CONFLICT,b2d83222fe4bab87f393b8e93c8a29f87ac2f8279ebd9de6ca63f25604bbf49f
case-00895,b9009f702dc411f36153c1e9b88d3c9be6f6223fb8bbcdbf043b819539250645,CLEAN_TEST_FIXTURE,none,True,True,0.0335,True,0.3085,True,4.9677,ALL_REQUIRED_EVIDENCE_TRUSTWORTHY,b2d83222fe4bab87f393b8e93c8a29f87ac2f8279ebd9de6ca63f25604bbf49f
case-00896,59a43f48872f98811c3ac45962f1dcb040e38d6b1b1d01de1f346ba79b0b873e,CONTROLLED_TEST_MUTATION,stale_live_observation,False,True,0.0353,False,0.3087,False,3.6849,EVIDENCE_STALE,b2d83222fe4bab87f393b8e93c8a29f87ac2f8279ebd9de6ca63f25604bbf49f
case-00897,71553e8406a434edf514bd38daf299139d4715918a8de98f3d9e6d804cb7b670,CONTROLLED_TEST_MUTATION,unavailable_record,False,True,0.0366,False,0.2906,False,4.0277,EVIDENCE_LINEAGE_INCOMPLETE|EVIDENCE_UNAVAILABLE,b2d83222fe4bab87f393b8e93c8a29f87ac2f8279ebd9de6ca63f25604bbf49f
case-00898,6ace95b9b81727ea9b3eb78818e9937c346b8ba6c404f2d234004a93c00a36ba,CLEAN_TEST_FIXTURE,none,True,True,0.0349,True,0.3155,True,3.6077,ALL_REQUIRED_EVIDENCE_TRUSTWORTHY,b2d83222fe4bab87f393b8e93c8a29f87ac2f8279ebd9de6ca63f25604bbf49f
case-00899,c541bbd429d7d9ff1be79183e13f98779268fd89ca455387d55327945c7a1333,CONTROLLED_TEST_MUTATION,excluded_ancestor,False,True,0.0344,True,0.3145,False,4.7156,REQUIRED_INPUT_EXCLUDED,b2d83222fe4bab87f393b8e93c8a29f87ac2f8279ebd9de6ca63f25604bbf49f
case-00900,0b9dd76424c778a3c87d0b0e7e58a2c4a266fa415b59c7ec8fdd4001f3b338e9,CONTROLLED_TEST_MUTATION,wrong_context,False,True,0.0382,True,0.3401,False,4.0342,EVIDENCE_CONTEXT_MISMATCH,b2d83222fe4bab87f393b8e93c8a29f87ac2f8279ebd9de6ca63f25604bbf49f
case-00901,3512ccf9419c2d6929fb0a979e8f3fad153d0c1624b8fa1a083788863a9cdbd7,CONTROLLED_TEST_MUTATION,excluded_ancestor,False,True,0.0354,True,0.3213,False,3.875,REQUIRED_INPUT_EXCLUDED,b2d83222fe4bab87f393b8e93c8a29f87ac2f8279ebd9de6ca63f25604bbf49f
case-00902,552285b38a9dd54c2994e59a3797d0e58aa65472376bd68550a4c5cddd7ec983,CONTROLLED_TEST_MUTATION,incomplete_payload,False,True,0.0346,False,0.1474,False,3.9824,EVIDENCE_PAYLOAD_INCOMPLETE,b2d83222fe4bab87f393b8e93c8a29f87ac2f8279ebd9de6ca63f25604bbf49f
case-00903,03d10408edb779b16a10aac720c255f4a47899c758ad486ba69b1eaeb1a3d249,CONTROLLED_TEST_MUTATION,role_conflict,False,True,0.0591,True,0.3578,False,5.5169,EVIDENCE_ROLE_CONFLICT,b2d83222fe4bab87f393b8e93c8a29f87ac2f8279ebd9de6ca63f25604bbf49f
case-00904,7e6a41f1179f8595eaa059de5db0c37a18d001a7478bb1956478376847ce712e,CONTROLLED_TEST_MUTATION,lineage_cycle,False,True,0.0356,True,0.3175,False,3.7771,EVIDENCE_LINEAGE_INVALID,b2d83222fe4bab87f393b8e93c8a29f87ac2f8279ebd9de6ca63f25604bbf49f
case-00905,ae8528bc99b8043eb6e8ee294d04662233cd8f895e08ef13fcc39e51ff5c25d9,CONTROLLED_TEST_MUTATION,root_signature_tamper_after_seal,False,True,0.052,True,0.3247,False,3.7385,EVIDENCE_ROOT_INVALID,b2d83222fe4bab87f393b8e93c8a29f87ac2f8279ebd9de6ca63f25604bbf49f
case-00906,6171d9a8a5a08028b804d9f4236622a572b176e047ed4a840a58ca8656fb989d,CONTROLLED_TEST_MUTATION,missing_direct_role,False,False,0.0181,False,0.013,False,3.1174,REQUIRED_ROLE_MISSING,b2d83222fe4bab87f393b8e93c8a29f87ac2f8279ebd9de6ca63f25604bbf49f
case-00907,e3ef38eab69b5c5f1a9d8b1017637c880af29ee0a391ad944ff17f595a557e22,CONTROLLED_TEST_MUTATION,missing_direct_role,False,False,0.018,False,0.013,False,4.0125,REQUIRED_ROLE_MISSING,b2d83222fe4bab87f393b8e93c8a29f87ac2f8279ebd9de6ca63f25604bbf49f
case-00908,6a74c2a8c3f4d4d35c94aa37483de802b8cfd7b42b822c089832aa7881fe7bb4,CONTROLLED_TEST_MUTATION,snapshot_score_conflict,False,True,0.0358,True,0.3694,False,3.5931,EVIDENCE_SNAPSHOT_CONFLICT,b2d83222fe4bab87f393b8e93c8a29f87ac2f8279ebd9de6ca63f25604bbf49f
case-00909,a4ac617764a14774901cba3f227db1aff3395221b18eb59219467da6cb9c492b,CONTROLLED_TEST_MUTATION,root_signature_tamper_after_seal,False,True,0.0343,True,0.3157,False,4.2788,EVIDENCE_ROOT_INVALID,b2d83222fe4bab87f393b8e93c8a29f87ac2f8279ebd9de6ca63f25604bbf49f
case-00910,06f59e32713d076490d0263efb8a8c3e6dd81a8b3d863f2a7325f43cf6b793fb,CONTROLLED_TEST_MUTATION,snapshot_score_conflict,False,True,0.0349,True,0.3101,False,3.5934,EVIDENCE_SNAPSHOT_CONFLICT,b2d83222fe4bab87f393b8e93c8a29f87ac2f8279ebd9de6ca63f25604bbf49f
case-00911,8ca132746bcff9608f78ff06891561f76b9f19f8449342146b6e5848b9882fe0,CONTROLLED_TEST_MUTATION,excluded_ancestor,False,True,0.0345,True,0.3125,False,5.4885,REQUIRED_INPUT_EXCLUDED,b2d83222fe4bab87f393b8e93c8a29f87ac2f8279ebd9de6ca63f25604bbf49f
case-00912,22393dfc8882d5056ee18429c0bc8e34608705d45a85ba8f3372f70c72283202,CONTROLLED_TEST_MUTATION,missing_direct_role,False,False,0.018,False,0.0132,False,3.1516,REQUIRED_ROLE_MISSING,b2d83222fe4bab87f393b8e93c8a29f87ac2f8279ebd9de6ca63f25604bbf49f
case-00913,48d4e1f1822fd4d9c8b90156bc40f099a474ab875f9d90ce40056d811c2098a2,CONTROLLED_TEST_MUTATION,incomplete_payload,False,True,0.0342,False,0.1458,False,4.217,EVIDENCE_PAYLOAD_INCOMPLETE,b2d83222fe4bab87f393b8e93c8a29f87ac2f8279ebd9de6ca63f25604bbf49f
case-00914,d4241aaacadded6429b8f4b11e23fe9a4ce1e306769c927b49397616387b26a5,CONTROLLED_TEST_MUTATION,lineage_cycle,False,True,0.0348,True,0.3813,False,3.6604,EVIDENCE_LINEAGE_INVALID,b2d83222fe4bab87f393b8e93c8a29f87ac2f8279ebd9de6ca63f25604bbf49f
case-00915,7e15533b5043fd54a0d4c7e243874c3afaa617955945548b782d5579a621253d,CONTROLLED_TEST_MUTATION,stale_live_observation,False,True,0.0339,False,0.3178,False,5.6589,EVIDENCE_STALE,b2d83222fe4bab87f393b8e93c8a29f87ac2f8279ebd9de6ca63f25604bbf49f
case-00916,a49e64e93001475b3f6a3822e56d12b485dfe1e8dd14a0e6ead9621a55a815c7,CONTROLLED_TEST_MUTATION,broken_lineage,False,True,0.0375,True,0.3194,False,3.8013,EVIDENCE_LINEAGE_INVALID,b2d83222fe4bab87f393b8e93c8a29f87ac2f8279ebd9de6ca63f25604bbf49f
case-00917,cb1c2b72d5edee1bf0f8d46cbcadcb0ce07dee3a114ac6f91df95c829c195f08,CONTROLLED_TEST_MUTATION,incomplete_payload,False,True,0.0357,False,0.1471,False,3.6372,EVIDENCE_PAYLOAD_INCOMPLETE,b2d83222fe4bab87f393b8e93c8a29f87ac2f8279ebd9de6ca63f25604bbf49f
case-00918,735e24faf8597a44c5c041854eec0a7f94fed7dc83e145fcb217e096638d4519,CONTROLLED_TEST_MUTATION,source_type_impersonation,False,True,0.0344,True,0.3114,False,3.4982,EVIDENCE_ROLE_SOURCE_NOT_ALLOWED|OPERATOR_EVIDENCE_UNVERIFIED,b2d83222fe4bab87f393b8e93c8a29f87ac2f8279ebd9de6ca63f25604bbf49f
case-00919,03f1008ea584b57b3b08285a4f5442f75a152173dc154e0ac87b233cb742b638,CONTROLLED_TEST_MUTATION,missing_direct_role,False,False,0.0283,False,0.0138,False,4.6197,REQUIRED_ROLE_MISSING,b2d83222fe4bab87f393b8e93c8a29f87ac2f8279ebd9de6ca63f25604bbf49f
case-00920,f2d05d3074c735d5541627d8c1d653fd8b0491f301a941aabbac767252f5b22b,CONTROLLED_TEST_MUTATION,missing_direct_role,False,False,0.0226,False,0.0147,False,3.5889,REQUIRED_ROLE_MISSING,b2d83222fe4bab87f393b8e93c8a29f87ac2f8279ebd9de6ca63f25604bbf49f
case-00921,c81d50ef8d59c7fa949ed3ff2f8b8c8b11f8e1f0795cbc9adea89557826aba5f,CLEAN_TEST_FIXTURE,none,True,True,0.05,True,0.7264,True,3.9917,ALL_REQUIRED_EVIDENCE_TRUSTWORTHY,b2d83222fe4bab87f393b8e93c8a29f87ac2f8279ebd9de6ca63f25604bbf49f
case-00922,c9b1a378445afecb91161c7e57fb8659e2f75f9a73a6342f4e85b5f899a080d9,CLEAN_TEST_FIXTURE,none,True,True,0.0364,True,0.3199,True,3.6209,ALL_REQUIRED_EVIDENCE_TRUSTWORTHY,b2d83222fe4bab87f393b8e93c8a29f87ac2f8279ebd9de6ca63f25604bbf49f
case-00923,a1cb4f327fbd5c55b6304d77381b0bafa62d29a5371fc261317dea2382765c7f,CONTROLLED_TEST_MUTATION,future_timestamp,False,True,0.064,False,0.3751,False,4.0015,EVIDENCE_FRESHNESS_UNKNOWN|EVIDENCE_TIMESTAMP_IN_FUTURE,b2d83222fe4bab87f393b8e93c8a29f87ac2f8279ebd9de6ca63f25604bbf49f
case-00924,e17ad65f1f0495946d06c406ce194c9d91d3991ace7c307ff62f0418bd958435,CONTROLLED_TEST_MUTATION,excluded_ancestor,False,True,0.0358,True,0.317,False,3.6119,REQUIRED_INPUT_EXCLUDED,b2d83222fe4bab87f393b8e93c8a29f87ac2f8279ebd9de6ca63f25604bbf49f
case-00925,ce4874e6685b6524b295123b5f7525603a0b7025da871900ecc243d360f1ec3a,CONTROLLED_TEST_MUTATION,malformed_payload,False,True,0.0375,True,0.3414,False,3.5683,EVIDENCE_PAYLOAD_SCHEMA_INVALID|EVIDENCE_SNAPSHOT_CONFLICT,b2d83222fe4bab87f393b8e93c8a29f87ac2f8279ebd9de6ca63f25604bbf49f
case-00926,6d62b57a0eec11d24ac8e7cabae00e86e174348d6342f243106141cea8188a0b,CONTROLLED_TEST_MUTATION,role_conflict,False,True,0.0369,True,0.3307,False,4.1614,EVIDENCE_ROLE_CONFLICT,b2d83222fe4bab87f393b8e93c8a29f87ac2f8279ebd9de6ca63f25604bbf49f
case-00927,329a15ab25e2b0f5a49c66b8da8e3e593f61a497bc088bb9296caa75979c783e,CONTROLLED_TEST_MUTATION,empty_payload,False,False,0.0404,False,0.0281,False,3.642,EVIDENCE_PAYLOAD_EMPTY|EVIDENCE_PAYLOAD_SCHEMA_INVALID|EVIDENCE_SNAPSHOT_CONFLICT,b2d83222fe4bab87f393b8e93c8a29f87ac2f8279ebd9de6ca63f25604bbf49f
case-00928,299f11e29ac40c3aecd9d4ede7c6aeaa6343cdfd002f08eaf62dc79e6ee69c4c,CONTROLLED_TEST_MUTATION,unknown_source,False,True,0.051,True,0.3214,False,4.0511,EVIDENCE_ROLE_SOURCE_NOT_ALLOWED|EVIDENCE_SOURCE_ID_UNKNOWN|EVIDENCE_SOURCE_POLICY_MISSING,b2d83222fe4bab87f393b8e93c8a29f87ac2f8279ebd9de6ca63f25604bbf49f
case-00929,624351af4fd140ab4c95f3dc424ab882a11c81f877f953de9b7a6c9077c01df3,CLEAN_TEST_FIXTURE,none,True,True,0.0336,True,0.3103,True,3.6228,ALL_REQUIRED_EVIDENCE_TRUSTWORTHY,b2d83222fe4bab87f393b8e93c8a29f87ac2f8279ebd9de6ca63f25604bbf49f
case-00930,5f3898067c4fe85f11e876ff6d5a26281b79bfc38ba45104af5398f8369421cb,CONTROLLED_TEST_MUTATION,broken_lineage,False,True,0.0333,True,0.3044,False,3.8795,EVIDENCE_LINEAGE_INVALID,b2d83222fe4bab87f393b8e93c8a29f87ac2f8279ebd9de6ca63f25604bbf49f
case-00931,59ca7212d33fe03008a8400d1724cb15f2dd480ff95afe8ef8dd00aef3caf3cc,CONTROLLED_TEST_MUTATION,stale_live_observation,False,True,0.0367,False,0.2873,False,3.7183,EVIDENCE_STALE,b2d83222fe4bab87f393b8e93c8a29f87ac2f8279ebd9de6ca63f25604bbf49f
case-00932,3e5f7554a9361a29bbbe5b127998b8dc6e58b2547d743d2e5a0dfe22b0a9fbb8,CONTROLLED_TEST_MUTATION,stale_live_observation,False,True,0.0349,False,0.2839,False,3.6,EVIDENCE_STALE,b2d83222fe4bab87f393b8e93c8a29f87ac2f8279ebd9de6ca63f25604bbf49f
case-00933,6bf467ae0711154269e8e1097f3ec2e9f46d87b98ecc5a69b703f62fc761c4a4,CONTROLLED_TEST_MUTATION,lineage_cycle,False,True,0.0446,True,0.3104,False,3.5721,EVIDENCE_LINEAGE_INVALID,b2d83222fe4bab87f393b8e93c8a29f87ac2f8279ebd9de6ca63f25604bbf49f
case-00934,0b76a917e7d505b3896c27289975715ecd92960a6fe3184200c35cf843eca77b,CONTROLLED_TEST_MUTATION,broken_lineage,False,True,0.0349,True,0.3136,False,3.6021,EVIDENCE_LINEAGE_INVALID,b2d83222fe4bab87f393b8e93c8a29f87ac2f8279ebd9de6ca63f25604bbf49f
case-00935,332025355ace682fb3621f68972c5eb4cb90563ae86457407c3e150c07df7e2e,CONTROLLED_TEST_MUTATION,stale_live_observation,False,True,0.0378,False,0.2953,False,3.7773,EVIDENCE_STALE,b2d83222fe4bab87f393b8e93c8a29f87ac2f8279ebd9de6ca63f25604bbf49f
case-00936,4ac8feb95b92ad35797b6e6cc662a69c32a902322e8192c10ebb27b2f662f021,CLEAN_TEST_FIXTURE,none,True,True,0.0376,True,0.3209,True,4.1291,ALL_REQUIRED_EVIDENCE_TRUSTWORTHY,b2d83222fe4bab87f393b8e93c8a29f87ac2f8279ebd9de6ca63f25604bbf49f
case-00937,1c3feb3de575f9d7870e44b6f87475ebf006b4c1bf15218856ddc67e1037ac80,CONTROLLED_TEST_MUTATION,broken_lineage,False,True,0.0355,True,0.3763,False,3.8974,EVIDENCE_LINEAGE_INVALID,b2d83222fe4bab87f393b8e93c8a29f87ac2f8279ebd9de6ca63f25604bbf49f
case-00938,b99636d8e7d738003ec178113adf6c242fad7b579286d8d93156c90d80c1fbf5,CONTROLLED_TEST_MUTATION,future_timestamp,False,True,0.0352,False,0.2887,False,4.1382,EVIDENCE_FRESHNESS_UNKNOWN|EVIDENCE_TIMESTAMP_IN_FUTURE,b2d83222fe4bab87f393b8e93c8a29f87ac2f8279ebd9de6ca63f25604bbf49f
case-00939,d4a58ba89c9d950f5bb654a3f608b73c225604f088d2be7002fa216239fe771e,CLEAN_TEST_FIXTURE,none,True,True,0.0351,True,0.3122,True,3.8068,ALL_REQUIRED_EVIDENCE_TRUSTWORTHY,b2d83222fe4bab87f393b8e93c8a29f87ac2f8279ebd9de6ca63f25604bbf49f
case-00940,f98ad1f55de4df873b288248a24c8407eb8421eea9864c6935e72c1e6ed1c82d,CONTROLLED_TEST_MUTATION,unavailable_record,False,True,0.0353,False,0.2915,False,3.8096,EVIDENCE_LINEAGE_INCOMPLETE|EVIDENCE_UNAVAILABLE,b2d83222fe4bab87f393b8e93c8a29f87ac2f8279ebd9de6ca63f25604bbf49f
case-00941,4659e553103d7aae3ab7b3c6f715fc1e330d6cbb36224a13ab26808ed5a37ac0,CLEAN_TEST_FIXTURE,none,True,True,0.0351,True,0.32,True,3.6639,ALL_REQUIRED_EVIDENCE_TRUSTWORTHY,b2d83222fe4bab87f393b8e93c8a29f87ac2f8279ebd9de6ca63f25604bbf49f
case-00942,53f44da3c74bba544182f5ac8620af1dbf3bedac0f038edb2ee25e4827ac2ddc,CONTROLLED_TEST_MUTATION,unavailable_record,False,True,0.0343,False,0.2848,False,5.2107,EVIDENCE_LINEAGE_INCOMPLETE|EVIDENCE_UNAVAILABLE,b2d83222fe4bab87f393b8e93c8a29f87ac2f8279ebd9de6ca63f25604bbf49f
case-00943,a4c50b57ce0d2a83b6bb6626d63d9e6e2f1cbe952d37be5f15d640ebb4534523,CLEAN_TEST_FIXTURE,none,True,True,0.0416,True,0.3528,True,3.7775,ALL_REQUIRED_EVIDENCE_TRUSTWORTHY,b2d83222fe4bab87f393b8e93c8a29f87ac2f8279ebd9de6ca63f25604bbf49f
case-00944,bfa56ff3afa435f3c2fc3fb2a3f5586211772a287c45d86881eeba5f01e010d7,CONTROLLED_TEST_MUTATION,role_conflict,False,True,0.0408,True,0.3535,False,4.3837,EVIDENCE_ROLE_CONFLICT,b2d83222fe4bab87f393b8e93c8a29f87ac2f8279ebd9de6ca63f25604bbf49f
case-00945,e7faa57875ac5b6c1d161051480bf9094b5efbe8682fc98c2f05bb3303ecaf43,CONTROLLED_TEST_MUTATION,wrong_context,False,True,0.0354,True,0.3172,False,3.6269,EVIDENCE_CONTEXT_MISMATCH,b2d83222fe4bab87f393b8e93c8a29f87ac2f8279ebd9de6ca63f25604bbf49f
case-00946,69abe5a0cc1b1d038e7c20383a376daefb794f4c28b61d79af588b446bb0dca4,CONTROLLED_TEST_MUTATION,stale_live_observation,False,True,0.0349,False,0.2895,False,6.006,EVIDENCE_STALE,b2d83222fe4bab87f393b8e93c8a29f87ac2f8279ebd9de6ca63f25604bbf49f
case-00947,b22c1a56f2e4f617d7fce615a09325e3364599cad3cf4be1c0685ca79bd0b34c,CONTROLLED_TEST_MUTATION,incomplete_payload,False,True,0.0368,False,0.1527,False,3.5984,EVIDENCE_PAYLOAD_INCOMPLETE,b2d83222fe4bab87f393b8e93c8a29f87ac2f8279ebd9de6ca63f25604bbf49f
case-00948,3da788650759837df02806e3d66a149dfee95a706d16fe62be74dda5cdbc8210,CONTROLLED_TEST_MUTATION,missing_direct_role,False,False,0.0235,False,0.016,False,3.5419,REQUIRED_ROLE_MISSING,b2d83222fe4bab87f393b8e93c8a29f87ac2f8279ebd9de6ca63f25604bbf49f
case-00949,248c5747f0f29f4af9c1990745bd6edffba085f6f9e28c7479c8242018aece4e,CONTROLLED_TEST_MUTATION,malformed_payload,False,True,0.0392,True,0.3458,False,3.5931,EVIDENCE_PAYLOAD_SCHEMA_INVALID|EVIDENCE_SNAPSHOT_CONFLICT,b2d83222fe4bab87f393b8e93c8a29f87ac2f8279ebd9de6ca63f25604bbf49f
case-00950,2a0d20319b2c34a70f86b8a5ec1ab8b50cb7585479ab0735786ab831d3ba33a2,CONTROLLED_TEST_MUTATION,root_signature_tamper_after_seal,False,True,0.0338,True,0.3089,False,5.2584,EVIDENCE_ROOT_INVALID,b2d83222fe4bab87f393b8e93c8a29f87ac2f8279ebd9de6ca63f25604bbf49f
case-00951,f277c10e336da94fb1fd853dfd1424dc9d7d55b482a173561578ccda908aefe2,CONTROLLED_TEST_MUTATION,root_signature_tamper_after_seal,False,True,0.0358,True,0.3225,False,3.8853,EVIDENCE_ROOT_INVALID,b2d83222fe4bab87f393b8e93c8a29f87ac2f8279ebd9de6ca63f25604bbf49f
case-00952,389fde66cf3c250691f7b59c1262ab241a72d8aef69da45c2c48908f473228ae,CONTROLLED_TEST_MUTATION,missing_direct_role,False,False,0.0265,False,0.0151,False,3.4132,REQUIRED_ROLE_MISSING,b2d83222fe4bab87f393b8e93c8a29f87ac2f8279ebd9de6ca63f25604bbf49f
case-00953,2829c21dd25e438d686ece1a3688d715d8f36ebeff74df602c42516746150f67,CONTROLLED_TEST_MUTATION,missing_direct_role,False,False,0.0191,False,0.0157,False,3.1569,REQUIRED_ROLE_MISSING,b2d83222fe4bab87f393b8e93c8a29f87ac2f8279ebd9de6ca63f25604bbf49f
case-00954,a721f8c747c6d263d8ecdec2ac9d72b6c374e27227d69967fa48f292876887ff,CONTROLLED_TEST_MUTATION,payload_tamper_after_seal,False,True,0.0873,False,0.1215,False,3.9202,CHECKSUM_INVALID|EVIDENCE_ROOT_INVALID|EVIDENCE_SNAPSHOT_CONFLICT|RECORD_ENVELOPE_INVALID,b2d83222fe4bab87f393b8e93c8a29f87ac2f8279ebd9de6ca63f25604bbf49f
case-00955,7b807d25c333c17d835fbe31d933e6985c5392639f720f92e26a683caee45657,CONTROLLED_TEST_MUTATION,source_type_impersonation,False,True,0.0353,True,0.3201,False,3.5753,EVIDENCE_ROLE_SOURCE_NOT_ALLOWED|OPERATOR_EVIDENCE_UNVERIFIED,b2d83222fe4bab87f393b8e93c8a29f87ac2f8279ebd9de6ca63f25604bbf49f
case-00956,03c728fa3fb92259a78fa0544b57c80463709d0da471f8d450f5a4118e27e86a,CONTROLLED_TEST_MUTATION,unknown_source,False,True,0.0525,True,0.4304,False,3.7107,EVIDENCE_ROLE_SOURCE_NOT_ALLOWED|EVIDENCE_SOURCE_ID_UNKNOWN|EVIDENCE_SOURCE_POLICY_MISSING,b2d83222fe4bab87f393b8e93c8a29f87ac2f8279ebd9de6ca63f25604bbf49f
case-00957,3d8ce3b2bef36e83eec42d54eb29578f945e18b26e35f29517ebc42de8eeb3da,CLEAN_TEST_FIXTURE,none,True,True,0.0353,True,0.3174,True,3.6228,ALL_REQUIRED_EVIDENCE_TRUSTWORTHY,b2d83222fe4bab87f393b8e93c8a29f87ac2f8279ebd9de6ca63f25604bbf49f
case-00958,5588eb31f5906387f7fe5afe354d2aced07828f8aeed14bd0aee8058b373eb2c,CONTROLLED_TEST_MUTATION,unavailable_record,False,True,0.0483,False,0.3642,False,4.4321,EVIDENCE_LINEAGE_INCOMPLETE|EVIDENCE_UNAVAILABLE,b2d83222fe4bab87f393b8e93c8a29f87ac2f8279ebd9de6ca63f25604bbf49f
case-00959,b0b9d6fc895b88e965099e9da365f2fe1753e7b89155b06a6e716e8465c687fc,CONTROLLED_TEST_MUTATION,unknown_source,False,True,0.0366,True,0.3197,False,4.4061,EVIDENCE_ROLE_SOURCE_NOT_ALLOWED|EVIDENCE_SOURCE_ID_UNKNOWN|EVIDENCE_SOURCE_POLICY_MISSING,b2d83222fe4bab87f393b8e93c8a29f87ac2f8279ebd9de6ca63f25604bbf49f
case-00960,fe6f5e04e3ba3e6e503b3010a4ac737391e254888a86224735a2f02b3500b706,CONTROLLED_TEST_MUTATION,root_signature_tamper_after_seal,False,True,0.0361,True,0.3195,False,3.7921,EVIDENCE_ROOT_INVALID,b2d83222fe4bab87f393b8e93c8a29f87ac2f8279ebd9de6ca63f25604bbf49f
case-00961,1e28f6136cdc7319a157998a862e2f6eedc0e9b68425ad1764e3d1fad7c57fee,CONTROLLED_TEST_MUTATION,malformed_payload,False,True,0.0347,True,0.3382,False,3.6322,EVIDENCE_PAYLOAD_SCHEMA_INVALID|EVIDENCE_SNAPSHOT_CONFLICT,b2d83222fe4bab87f393b8e93c8a29f87ac2f8279ebd9de6ca63f25604bbf49f
case-00962,0f358c0e08bdd748c4268f8d40b5dc8d8acc8638018c11b5957d828569f57ec3,CLEAN_TEST_FIXTURE,none,True,True,0.036,True,0.3159,True,3.7265,ALL_REQUIRED_EVIDENCE_TRUSTWORTHY,b2d83222fe4bab87f393b8e93c8a29f87ac2f8279ebd9de6ca63f25604bbf49f
case-00963,77a65f717861be9832606019744b59fb29dc17afaf6af04be7636ed7898652a1,CONTROLLED_TEST_MUTATION,source_type_impersonation,False,True,0.0352,True,0.325,False,3.7916,EVIDENCE_ROLE_SOURCE_NOT_ALLOWED|OPERATOR_EVIDENCE_UNVERIFIED,b2d83222fe4bab87f393b8e93c8a29f87ac2f8279ebd9de6ca63f25604bbf49f
case-00964,5aa980b10b2f482c761d06549355a6b71aa294bf0d5a8d30ef250ac8955e2af4,CONTROLLED_TEST_MUTATION,broken_lineage,False,True,0.0349,True,0.3191,False,3.5815,EVIDENCE_LINEAGE_INVALID,b2d83222fe4bab87f393b8e93c8a29f87ac2f8279ebd9de6ca63f25604bbf49f
case-00965,7db0d8136f1a1ec066d6b701ee879f7cf77372ec483c9f04bb1dfa7924f37fb9,CONTROLLED_TEST_MUTATION,missing_lineage,False,True,0.0349,True,0.3198,False,4.8161,EVIDENCE_LINEAGE_INCOMPLETE,b2d83222fe4bab87f393b8e93c8a29f87ac2f8279ebd9de6ca63f25604bbf49f
case-00966,0eda9df04b680c77cc1a393b431f80c69230ad472fd6974f46edead05af6be70,CLEAN_TEST_FIXTURE,none,True,True,0.0364,True,0.3315,True,3.8314,ALL_REQUIRED_EVIDENCE_TRUSTWORTHY,b2d83222fe4bab87f393b8e93c8a29f87ac2f8279ebd9de6ca63f25604bbf49f
case-00967,00186b6e9b239f0a3d7d98402de35bc2ec8dc6493c1ab0ab7edde0acbd1dc959,CONTROLLED_TEST_MUTATION,payload_tamper_after_seal,False,True,0.0351,False,0.1367,False,4.0846,CHECKSUM_INVALID|EVIDENCE_ROOT_INVALID|EVIDENCE_SNAPSHOT_CONFLICT|RECORD_ENVELOPE_INVALID,b2d83222fe4bab87f393b8e93c8a29f87ac2f8279ebd9de6ca63f25604bbf49f
case-00968,67af1a9a6bae0473348a3abe271b93dd9f292d894cc231576e5898fbc44861b6,CONTROLLED_TEST_MUTATION,malformed_payload,False,True,0.035,True,0.309,False,3.685,EVIDENCE_PAYLOAD_SCHEMA_INVALID|EVIDENCE_SNAPSHOT_CONFLICT,b2d83222fe4bab87f393b8e93c8a29f87ac2f8279ebd9de6ca63f25604bbf49f
case-00969,f86d0200b39d10928671467c7b0a9d138b8f607edf27c9e1da17654c54735962,CONTROLLED_TEST_MUTATION,expired_import,False,True,0.0341,False,0.261,False,4.2752,EVIDENCE_STALE,b2d83222fe4bab87f393b8e93c8a29f87ac2f8279ebd9de6ca63f25604bbf49f
case-00970,d59c73094bccf1cdf7fb4886ad57f3fe27c2cd2adbfbbea36c0278d199d3473a,CLEAN_TEST_FIXTURE,none,True,True,0.0357,True,0.3314,True,3.9567,ALL_REQUIRED_EVIDENCE_TRUSTWORTHY,b2d83222fe4bab87f393b8e93c8a29f87ac2f8279ebd9de6ca63f25604bbf49f
case-00971,6eaf0e7f9134195265182cf75f259fe3509a1a310e391386c28bc4f3377fc114,CONTROLLED_TEST_MUTATION,expired_import,False,True,0.035,False,0.2611,False,3.8378,EVIDENCE_STALE,b2d83222fe4bab87f393b8e93c8a29f87ac2f8279ebd9de6ca63f25604bbf49f
case-00972,ae67a29253b349fce36c93fb664090bffbff7fe2004a15b57cf5f390cc1a838d,CLEAN_TEST_FIXTURE,none,True,True,0.0337,True,0.3047,True,3.7331,ALL_REQUIRED_EVIDENCE_TRUSTWORTHY,b2d83222fe4bab87f393b8e93c8a29f87ac2f8279ebd9de6ca63f25604bbf49f
case-00973,4bbd7c9e08abeb30188fd8778b04f5d75a02a1baf192dcf9e7a8f6790e708a27,CLEAN_TEST_FIXTURE,none,True,True,0.0338,True,0.3065,True,4.9027,ALL_REQUIRED_EVIDENCE_TRUSTWORTHY,b2d83222fe4bab87f393b8e93c8a29f87ac2f8279ebd9de6ca63f25604bbf49f
case-00974,381387a949f21f3ea907cae21c617c8d67edecde6af275a740c297fdb91ab8bf,CONTROLLED_TEST_MUTATION,missing_lineage,False,True,0.0359,True,0.3211,False,3.665,EVIDENCE_LINEAGE_INCOMPLETE,b2d83222fe4bab87f393b8e93c8a29f87ac2f8279ebd9de6ca63f25604bbf49f
case-00975,02afe548e8cb9698d183b6de1e1559aba5de24d44c724135009f6a8afc30c49f,CONTROLLED_TEST_MUTATION,role_conflict,False,True,0.0381,True,0.3425,False,4.1421,EVIDENCE_ROLE_CONFLICT,b2d83222fe4bab87f393b8e93c8a29f87ac2f8279ebd9de6ca63f25604bbf49f
case-00976,01db7aa0b8ca06320bb8e8fac32bf12dd4683d17a2783c892767413e9d257461,CONTROLLED_TEST_MUTATION,source_type_impersonation,False,True,0.0346,True,0.3094,False,3.5427,EVIDENCE_ROLE_SOURCE_NOT_ALLOWED|OPERATOR_EVIDENCE_UNVERIFIED,b2d83222fe4bab87f393b8e93c8a29f87ac2f8279ebd9de6ca63f25604bbf49f
case-00977,d748f70b21739143576c9a28d3058f395adc2fc943473d3e97296817aa6aa89f,CLEAN_TEST_FIXTURE,none,True,True,0.0342,True,0.3226,True,5.6412,ALL_REQUIRED_EVIDENCE_TRUSTWORTHY,b2d83222fe4bab87f393b8e93c8a29f87ac2f8279ebd9de6ca63f25604bbf49f
case-00978,56453f96cb2f8a3abd5cf9e273be25212b908786a6216c81a49f26ae79b192bc,CONTROLLED_TEST_MUTATION,expired_import,False,True,0.0366,False,0.268,False,3.5995,EVIDENCE_STALE,b2d83222fe4bab87f393b8e93c8a29f87ac2f8279ebd9de6ca63f25604bbf49f
case-00979,b03e09997ad5d55d3effd3669a4166fa709ff084f72b6fb9803733a6a9806121,CONTROLLED_TEST_MUTATION,unknown_source,False,True,0.0395,True,0.355,False,3.6983,EVIDENCE_ROLE_SOURCE_NOT_ALLOWED|EVIDENCE_SOURCE_ID_UNKNOWN|EVIDENCE_SOURCE_POLICY_MISSING,b2d83222fe4bab87f393b8e93c8a29f87ac2f8279ebd9de6ca63f25604bbf49f
case-00980,e354d315fa6320d501f176d896fa1411bcfa8ad0769156341dbf491d449aac52,CONTROLLED_TEST_MUTATION,future_timestamp,False,True,0.035,False,0.3208,False,3.6713,EVIDENCE_FRESHNESS_UNKNOWN|EVIDENCE_TIMESTAMP_IN_FUTURE,b2d83222fe4bab87f393b8e93c8a29f87ac2f8279ebd9de6ca63f25604bbf49f
case-00981,6388016bbfb562918ecb2384d08a423ea48924f863f21cee19fd602c35c6469e,CONTROLLED_TEST_MUTATION,missing_lineage,False,True,0.0412,True,0.357,False,3.9029,EVIDENCE_LINEAGE_INCOMPLETE,b2d83222fe4bab87f393b8e93c8a29f87ac2f8279ebd9de6ca63f25604bbf49f
case-00982,4afc833686bba24ddba3cc090d01b6ddb70fdaa05e15e1f465281d5f42c7ecb6,CLEAN_TEST_FIXTURE,none,True,True,0.0356,True,0.3181,True,3.6863,ALL_REQUIRED_EVIDENCE_TRUSTWORTHY,b2d83222fe4bab87f393b8e93c8a29f87ac2f8279ebd9de6ca63f25604bbf49f
case-00983,f7a9ee7702674eb8a847f6c41f68970643a9abcbd6fff392bb3dbd3e238f35d6,CONTROLLED_TEST_MUTATION,incomplete_payload,False,True,0.0355,False,0.1505,False,3.9248,EVIDENCE_PAYLOAD_INCOMPLETE,b2d83222fe4bab87f393b8e93c8a29f87ac2f8279ebd9de6ca63f25604bbf49f
case-00984,85bb74011da2f7184b2ce16e8c53f3d260191c1dc44af8f3889191940ce5e207,CONTROLLED_TEST_MUTATION,wrong_context,False,True,0.0396,True,0.4164,False,3.8757,EVIDENCE_CONTEXT_MISMATCH,b2d83222fe4bab87f393b8e93c8a29f87ac2f8279ebd9de6ca63f25604bbf49f
case-00985,83afa73a27423977aa45d19242710b7c63a28373713355bb478ee3c5ead68f8d,CONTROLLED_TEST_MUTATION,wrong_context,False,True,0.0378,True,0.3293,False,3.8163,EVIDENCE_CONTEXT_MISMATCH,b2d83222fe4bab87f393b8e93c8a29f87ac2f8279ebd9de6ca63f25604bbf49f
case-00986,2092bab04939abad0be817a8f56b973e0528d76c6932ff4299ad408840dde272,CLEAN_TEST_FIXTURE,none,True,True,0.0349,True,0.3235,True,4.0091,ALL_REQUIRED_EVIDENCE_TRUSTWORTHY,b2d83222fe4bab87f393b8e93c8a29f87ac2f8279ebd9de6ca63f25604bbf49f
case-00987,f850563e38a2638cf908fa7c6f52ae9b06f859574202eb38645c5b629ecfc6f7,CONTROLLED_TEST_MUTATION,incomplete_payload,False,True,0.0361,False,0.1509,False,3.6318,EVIDENCE_PAYLOAD_INCOMPLETE,b2d83222fe4bab87f393b8e93c8a29f87ac2f8279ebd9de6ca63f25604bbf49f
case-00988,a5734e7e9f8b23ab9459f3214e77ee9ed2d26e8b56abe2d0d35cb7b40ce2cd3a,CONTROLLED_TEST_MUTATION,lineage_cycle,False,True,0.0458,True,0.3205,False,4.8015,EVIDENCE_LINEAGE_INVALID,b2d83222fe4bab87f393b8e93c8a29f87ac2f8279ebd9de6ca63f25604bbf49f
case-00989,8dfc236c7b139cd9c458d8733b36a57c8300a6bbf1c6d80835d94572d483bdfa,CONTROLLED_TEST_MUTATION,root_signature_tamper_after_seal,False,True,0.0578,True,0.3256,False,3.7842,EVIDENCE_ROOT_INVALID,b2d83222fe4bab87f393b8e93c8a29f87ac2f8279ebd9de6ca63f25604bbf49f
case-00990,c59bd678060f2eb13299b28d992b1139298399f39d911174b1bbfd3db296c680,CONTROLLED_TEST_MUTATION,malformed_payload,False,True,0.0342,True,0.3224,False,4.3186,EVIDENCE_PAYLOAD_SCHEMA_INVALID|EVIDENCE_SNAPSHOT_CONFLICT,b2d83222fe4bab87f393b8e93c8a29f87ac2f8279ebd9de6ca63f25604bbf49f
case-00991,7cc4b96e4f7a4074622d6ac651d1a426d22a0b51a4cdfeaf49ae1ad6d31e0c9f,CONTROLLED_TEST_MUTATION,missing_lineage,False,True,0.0351,True,0.308,False,3.5701,EVIDENCE_LINEAGE_INCOMPLETE,b2d83222fe4bab87f393b8e93c8a29f87ac2f8279ebd9de6ca63f25604bbf49f
case-00992,a7fc4cb445c12638f9a6ee715f33a7879725d2ac8c554ae9fc38849564619d3f,CONTROLLED_TEST_MUTATION,excluded_ancestor,False,True,0.0343,True,0.3164,False,5.0075,REQUIRED_INPUT_EXCLUDED,b2d83222fe4bab87f393b8e93c8a29f87ac2f8279ebd9de6ca63f25604bbf49f
case-00993,1fab7a5f851f3a8ea0dea9a2828135d0da2763585fbe6bc6945d56149cb17eb0,CONTROLLED_TEST_MUTATION,role_conflict,False,True,0.0395,True,0.3422,False,4.0049,EVIDENCE_ROLE_CONFLICT,b2d83222fe4bab87f393b8e93c8a29f87ac2f8279ebd9de6ca63f25604bbf49f
case-00994,5d5584aaf755a2079cdde89cbe5ca7d61874f21ae2566c0d77f14d545a50388f,CLEAN_TEST_FIXTURE,none,True,True,0.0352,True,0.314,True,3.9911,ALL_REQUIRED_EVIDENCE_TRUSTWORTHY,b2d83222fe4bab87f393b8e93c8a29f87ac2f8279ebd9de6ca63f25604bbf49f
case-00995,fb818f69b68c770a90b5795af5e176e8bfb3e8b377626053edd993aeee5a0c28,CLEAN_TEST_FIXTURE,none,True,True,0.0383,True,0.3498,True,3.681,ALL_REQUIRED_EVIDENCE_TRUSTWORTHY,b2d83222fe4bab87f393b8e93c8a29f87ac2f8279ebd9de6ca63f25604bbf49f
case-00996,c8e5208212552786db6bb25ec9c3c1c86a7a4e970a6906403d52700bb1ab33a0,CONTROLLED_TEST_MUTATION,missing_lineage,False,True,0.0341,True,0.3423,False,4.7223,EVIDENCE_LINEAGE_INCOMPLETE,b2d83222fe4bab87f393b8e93c8a29f87ac2f8279ebd9de6ca63f25604bbf49f
case-00997,ee35cdadc760558ff3c4772b28b03d52024540d04f8dbf8a760aa1e60283a515,CLEAN_TEST_FIXTURE,none,True,True,0.0358,True,0.3199,True,3.8776,ALL_REQUIRED_EVIDENCE_TRUSTWORTHY,b2d83222fe4bab87f393b8e93c8a29f87ac2f8279ebd9de6ca63f25604bbf49f
case-00998,2a032d8698630df2ba2963a520285419f3ab111c985c0ec7f286b79d1816ddfc,CONTROLLED_TEST_MUTATION,broken_lineage,False,True,0.0472,True,0.3191,False,3.759,EVIDENCE_LINEAGE_INVALID,b2d83222fe4bab87f393b8e93c8a29f87ac2f8279ebd9de6ca63f25604bbf49f
case-00999,0f312ab48681f84dc210d4eac1dacc6bacd9ba4b494f902bbf89fc29ade82e33,CONTROLLED_TEST_MUTATION,wrong_context,False,True,0.0345,True,0.3171,False,3.6824,EVIDENCE_CONTEXT_MISMATCH,b2d83222fe4bab87f393b8e93c8a29f87ac2f8279ebd9de6ca63f25604bbf49f
case-01000,72a0107a3247a5da8acbe408240f9b0bc20d586f64557c804b3e5e34b4b6ec71,CONTROLLED_TEST_MUTATION,snapshot_score_conflict,False,True,0.0555,True,0.4223,False,3.9642,EVIDENCE_SNAPSHOT_CONFLICT,b2d83222fe4bab87f393b8e93c8a29f87ac2f8279ebd9de6ca63f25604bbf49f
case-01001,8b9b7a9b8e8cd387c0243b152803872567bd8f8b157bc8b2f33850184df44d3f,CLEAN_TEST_FIXTURE,none,True,True,0.0454,True,0.3635,True,4.047,ALL_REQUIRED_EVIDENCE_TRUSTWORTHY,b2d83222fe4bab87f393b8e93c8a29f87ac2f8279ebd9de6ca63f25604bbf49f
case-01002,10efd1cb1551f6bc4be6f7eef13d2f8014e64aac71ed74278db88730c0c4dfbd,CONTROLLED_TEST_MUTATION,missing_lineage,False,True,0.0355,True,0.3219,False,3.5797,EVIDENCE_LINEAGE_INCOMPLETE,b2d83222fe4bab87f393b8e93c8a29f87ac2f8279ebd9de6ca63f25604bbf49f
case-01003,140748f28f4ddb51dff5dce4f6e5daca9cdfaf6d510ea52123b12c7641fd0d4b,CONTROLLED_TEST_MUTATION,incomplete_payload,False,True,0.0351,False,0.1706,False,3.694,EVIDENCE_PAYLOAD_INCOMPLETE,b2d83222fe4bab87f393b8e93c8a29f87ac2f8279ebd9de6ca63f25604bbf49f
case-01004,cb512586369dbcf3e7accb1ebe6672c6388f546f5eade48ae609f0d5d5e1109c,CONTROLLED_TEST_MUTATION,payload_tamper_after_seal,False,True,0.0383,False,0.0848,False,4.1992,CHECKSUM_INVALID|EVIDENCE_ROOT_INVALID|EVIDENCE_SNAPSHOT_CONFLICT|RECORD_ENVELOPE_INVALID,b2d83222fe4bab87f393b8e93c8a29f87ac2f8279ebd9de6ca63f25604bbf49f
case-01005,faa40a9b4d88a2b195886a95470ced5af4279945ca14a9d4bba37857b5e145d8,CONTROLLED_TEST_MUTATION,source_type_impersonation,False,True,0.0482,True,0.3228,False,3.7213,EVIDENCE_ROLE_SOURCE_NOT_ALLOWED|OPERATOR_EVIDENCE_UNVERIFIED,b2d83222fe4bab87f393b8e93c8a29f87ac2f8279ebd9de6ca63f25604bbf49f
case-01006,9df298b382137581cf81f0b0f202a7d1a43fb0019497a5e4ab6c541f873bc3a6,CONTROLLED_TEST_MUTATION,lineage_cycle,False,True,0.0343,True,0.3109,False,4.0696,EVIDENCE_LINEAGE_INVALID,b2d83222fe4bab87f393b8e93c8a29f87ac2f8279ebd9de6ca63f25604bbf49f
case-01007,1e2f3de991d74017b39125ccde617c457224ce2a501fcd3d34bf4cbe40a7843e,CONTROLLED_TEST_MUTATION,expired_import,False,True,0.0421,False,0.2795,False,7.6572,EVIDENCE_STALE,b2d83222fe4bab87f393b8e93c8a29f87ac2f8279ebd9de6ca63f25604bbf49f
case-01008,9c00b7f6cd6ac6901c5f90dd615f4b66e3cfc5de648a2700b3ad150bef1967bb,CONTROLLED_TEST_MUTATION,lineage_cycle,False,True,0.0447,True,0.3647,False,3.8866,EVIDENCE_LINEAGE_INVALID,b2d83222fe4bab87f393b8e93c8a29f87ac2f8279ebd9de6ca63f25604bbf49f
case-01009,8f3ac0638fc2bd0e614314e1b55ff845d0ea9a1ed48e7b07d40815321c27c9f9,CONTROLLED_TEST_MUTATION,root_signature_tamper_after_seal,False,True,0.0402,True,0.351,False,3.9384,EVIDENCE_ROOT_INVALID,b2d83222fe4bab87f393b8e93c8a29f87ac2f8279ebd9de6ca63f25604bbf49f
case-01010,34b06f67d157cf1d48203c17eaa821bb930f36987d9222aa2b022d0da4f54d3a,CONTROLLED_TEST_MUTATION,malformed_payload,False,True,0.0355,True,0.3118,False,3.7332,EVIDENCE_PAYLOAD_SCHEMA_INVALID|EVIDENCE_SNAPSHOT_CONFLICT,b2d83222fe4bab87f393b8e93c8a29f87ac2f8279ebd9de6ca63f25604bbf49f
case-01011,9a15aca275b84d604211e92c7d9fb65192efc3c46273d3331ee152b98f112281,CONTROLLED_TEST_MUTATION,unknown_source,False,True,0.0496,True,0.3272,False,3.7449,EVIDENCE_ROLE_SOURCE_NOT_ALLOWED|EVIDENCE_SOURCE_ID_UNKNOWN|EVIDENCE_SOURCE_POLICY_MISSING,b2d83222fe4bab87f393b8e93c8a29f87ac2f8279ebd9de6ca63f25604bbf49f
case-01012,99132f8f9ed72412f9e37e24b50622c5f6bb3c0356aba0845799e8fb0edfd2f4,CLEAN_TEST_FIXTURE,none,True,True,0.035,True,0.3159,True,4.1926,ALL_REQUIRED_EVIDENCE_TRUSTWORTHY,b2d83222fe4bab87f393b8e93c8a29f87ac2f8279ebd9de6ca63f25604bbf49f
case-01013,5e4488041abbe4a02b24adc9bb80e6dba677b8d9b65222f1f12205a870b199da,CONTROLLED_TEST_MUTATION,excluded_ancestor,False,True,0.0405,True,0.354,False,3.9642,REQUIRED_INPUT_EXCLUDED,b2d83222fe4bab87f393b8e93c8a29f87ac2f8279ebd9de6ca63f25604bbf49f
case-01014,e69d3c697bc623e4918f71760275f7f8a5e71d670cacd385ea5be7c53b6d7f39,CONTROLLED_TEST_MUTATION,source_type_impersonation,False,True,0.0367,True,0.3341,False,5.4321,EVIDENCE_ROLE_SOURCE_NOT_ALLOWED|OPERATOR_EVIDENCE_UNVERIFIED,b2d83222fe4bab87f393b8e93c8a29f87ac2f8279ebd9de6ca63f25604bbf49f
case-01015,4c88ddc83cd7739907f518e5c158e8ba4aa947eadae14fb7d1845351d92f2942,CONTROLLED_TEST_MUTATION,role_conflict,False,True,0.0418,True,0.3399,False,3.8401,EVIDENCE_ROLE_CONFLICT,b2d83222fe4bab87f393b8e93c8a29f87ac2f8279ebd9de6ca63f25604bbf49f
case-01016,d0488bc343f7cab7996957a7f34e988507ba21dffd780b835d217c3f42d06c38,CLEAN_TEST_FIXTURE,none,True,True,0.0388,True,0.6964,True,3.9169,ALL_REQUIRED_EVIDENCE_TRUSTWORTHY,b2d83222fe4bab87f393b8e93c8a29f87ac2f8279ebd9de6ca63f25604bbf49f
case-01017,321f9e03d423e9449b529ee545e6f6d73e94e13d42420b76adb41e44c179c33b,CLEAN_TEST_FIXTURE,none,True,True,0.035,True,0.3239,True,3.5805,ALL_REQUIRED_EVIDENCE_TRUSTWORTHY,b2d83222fe4bab87f393b8e93c8a29f87ac2f8279ebd9de6ca63f25604bbf49f
case-01018,89cf8b45e6516da1d545224806c973aeeb90eae65aea52d385a10e13c37ad935,CLEAN_TEST_FIXTURE,none,True,True,0.046,True,0.5014,True,3.9234,ALL_REQUIRED_EVIDENCE_TRUSTWORTHY,b2d83222fe4bab87f393b8e93c8a29f87ac2f8279ebd9de6ca63f25604bbf49f
case-01019,c3caabb4d8116c0d6755d54c0ca58e9477c88d78cf2b195c2bf736c3199b7618,CLEAN_TEST_FIXTURE,none,True,True,0.0365,True,0.3405,True,3.8119,ALL_REQUIRED_EVIDENCE_TRUSTWORTHY,b2d83222fe4bab87f393b8e93c8a29f87ac2f8279ebd9de6ca63f25604bbf49f
case-01020,7e79c38fd2ebe390cfc7f759d706b7224fd4e4044060f86d99ea331f37bedeeb,CONTROLLED_TEST_MUTATION,stale_live_observation,False,True,0.0437,False,0.3624,False,3.7311,EVIDENCE_STALE,b2d83222fe4bab87f393b8e93c8a29f87ac2f8279ebd9de6ca63f25604bbf49f
case-01021,6bcbc9c80c82ca0e023c8f6a44b16f179cf5354c8c365b0026f9fa4385bbcfa6,CONTROLLED_TEST_MUTATION,excluded_ancestor,False,True,0.0357,True,0.3192,False,3.6177,REQUIRED_INPUT_EXCLUDED,b2d83222fe4bab87f393b8e93c8a29f87ac2f8279ebd9de6ca63f25604bbf49f
case-01022,33986cb3351373bb098292db5073b955098ff8d2de38cb0e696197fc2429ffe3,CLEAN_TEST_FIXTURE,none,True,True,0.0472,True,0.3764,True,3.9958,ALL_REQUIRED_EVIDENCE_TRUSTWORTHY,b2d83222fe4bab87f393b8e93c8a29f87ac2f8279ebd9de6ca63f25604bbf49f
case-01023,e0ad4c5c12f403db06cdc1a441b31e812744f8cbc01d0ba0bc5ed358c0f01cad,CONTROLLED_TEST_MUTATION,missing_lineage,False,True,0.0356,True,0.3203,False,3.4912,EVIDENCE_LINEAGE_INCOMPLETE,b2d83222fe4bab87f393b8e93c8a29f87ac2f8279ebd9de6ca63f25604bbf49f
case-01024,9ea571cb9614fda3b315fb036f1e8912159e850a94c4a8c0060ceff80114088f,CONTROLLED_TEST_MUTATION,future_timestamp,False,True,0.036,False,0.2892,False,3.5474,EVIDENCE_FRESHNESS_UNKNOWN|EVIDENCE_TIMESTAMP_IN_FUTURE,b2d83222fe4bab87f393b8e93c8a29f87ac2f8279ebd9de6ca63f25604bbf49f
case-01025,7a89be14645138380b533edc8b258ea5aea2ad136be23a68fb06b4c7f8b4e340,CLEAN_TEST_FIXTURE,none,True,True,0.0344,True,0.3122,True,3.6134,ALL_REQUIRED_EVIDENCE_TRUSTWORTHY,b2d83222fe4bab87f393b8e93c8a29f87ac2f8279ebd9de6ca63f25604bbf49f
case-01026,c8162298eb8f32fcfd2b6602f05720c53a06d796749460aede8b900c8a9138cb,CONTROLLED_TEST_MUTATION,missing_direct_role,False,False,0.0321,False,0.015,False,3.5652,REQUIRED_ROLE_MISSING,b2d83222fe4bab87f393b8e93c8a29f87ac2f8279ebd9de6ca63f25604bbf49f
case-01027,fdf39a020decb94679baab62c073eeeaa4ee15a9d96275ddef347d554a45a03e,CONTROLLED_TEST_MUTATION,payload_tamper_after_seal,False,True,0.034,False,0.0777,False,3.8445,CHECKSUM_INVALID|EVIDENCE_ROOT_INVALID|EVIDENCE_SNAPSHOT_CONFLICT|RECORD_ENVELOPE_INVALID,b2d83222fe4bab87f393b8e93c8a29f87ac2f8279ebd9de6ca63f25604bbf49f
case-01028,860f822262697c43f940540757cef419927f610f856fd86cc577845aa116dc0a,CONTROLLED_TEST_MUTATION,source_type_impersonation,False,True,0.0349,True,0.3127,False,3.7618,EVIDENCE_ROLE_SOURCE_NOT_ALLOWED|OPERATOR_EVIDENCE_UNVERIFIED,b2d83222fe4bab87f393b8e93c8a29f87ac2f8279ebd9de6ca63f25604bbf49f
case-01029,cf26362f0ea3d6f03b568e738ac3339d19d5197e54da93b989d3e98f787e8e62,CONTROLLED_TEST_MUTATION,root_signature_tamper_after_seal,False,True,0.0341,True,0.3294,False,3.6729,EVIDENCE_ROOT_INVALID,b2d83222fe4bab87f393b8e93c8a29f87ac2f8279ebd9de6ca63f25604bbf49f
case-01030,f495e3bf629a39c58aa104f2130a26655409f31f80b897a05d3af20f279b1b62,CONTROLLED_TEST_MUTATION,unavailable_record,False,True,0.0365,False,0.3136,False,3.6782,EVIDENCE_LINEAGE_INCOMPLETE|EVIDENCE_UNAVAILABLE,b2d83222fe4bab87f393b8e93c8a29f87ac2f8279ebd9de6ca63f25604bbf49f
case-01031,424770be3c83e25b78253c0fa424349942ff8dbe565dca31bf13ab6862789ce0,CONTROLLED_TEST_MUTATION,unknown_source,False,True,0.0359,True,0.4448,False,3.6297,EVIDENCE_ROLE_SOURCE_NOT_ALLOWED|EVIDENCE_SOURCE_ID_UNKNOWN|EVIDENCE_SOURCE_POLICY_MISSING,b2d83222fe4bab87f393b8e93c8a29f87ac2f8279ebd9de6ca63f25604bbf49f
case-01032,56ade4e5ab42344e6ad77d5a4ccb47053500a8db54d12976f22fa6110bfd749f,CONTROLLED_TEST_MUTATION,empty_payload,False,False,0.039,False,0.0289,False,3.5872,EVIDENCE_PAYLOAD_EMPTY|EVIDENCE_PAYLOAD_SCHEMA_INVALID|EVIDENCE_SNAPSHOT_CONFLICT,b2d83222fe4bab87f393b8e93c8a29f87ac2f8279ebd9de6ca63f25604bbf49f
case-01033,c43956b3646c818097466e0d64b24b4db9f8a302dae3d71b958819977fed9783,CONTROLLED_TEST_MUTATION,missing_direct_role,False,False,0.0303,False,0.0137,False,3.3437,REQUIRED_ROLE_MISSING,b2d83222fe4bab87f393b8e93c8a29f87ac2f8279ebd9de6ca63f25604bbf49f
case-01034,c729b60cc8cfc476fdc2b5814aebf71878f60d37e46f729a46b27f7ccd748b03,CONTROLLED_TEST_MUTATION,expired_import,False,True,0.0434,False,0.3193,False,3.9343,EVIDENCE_STALE,b2d83222fe4bab87f393b8e93c8a29f87ac2f8279ebd9de6ca63f25604bbf49f
case-01035,1d6f74cdb1f72bf214b1f934dc317931be1da9e5fae76e0defd5784ab055190e,CONTROLLED_TEST_MUTATION,unavailable_record,False,True,0.0359,False,0.2917,False,3.6158,EVIDENCE_LINEAGE_INCOMPLETE|EVIDENCE_UNAVAILABLE,b2d83222fe4bab87f393b8e93c8a29f87ac2f8279ebd9de6ca63f25604bbf49f
case-01036,7b00f35a46a2ba44f64d3ff13f7761f40d486e286e3c71e56b3df0e814df6bf1,CONTROLLED_TEST_MUTATION,missing_direct_role,False,False,0.0189,False,0.0132,False,3.1104,REQUIRED_ROLE_MISSING,b2d83222fe4bab87f393b8e93c8a29f87ac2f8279ebd9de6ca63f25604bbf49f
case-01037,eaa591815d18edfce769928c7fb095c161f9e17f86e462beaa8af22d4febb092,CONTROLLED_TEST_MUTATION,missing_lineage,False,True,0.0357,True,0.3254,False,3.521,EVIDENCE_LINEAGE_INCOMPLETE,b2d83222fe4bab87f393b8e93c8a29f87ac2f8279ebd9de6ca63f25604bbf49f
case-01038,0c057545c2ff50a4545941a4534692571a68cf29dc300b7e2923de6ac6124559,CONTROLLED_TEST_MUTATION,expired_import,False,True,0.0452,False,0.3738,False,4.1621,EVIDENCE_STALE,b2d83222fe4bab87f393b8e93c8a29f87ac2f8279ebd9de6ca63f25604bbf49f
case-01039,4a11687a07eafaaed259818f98a8a1a4f21b413027c9ee0ec155902e3f79544c,CONTROLLED_TEST_MUTATION,unknown_source,False,True,0.0341,True,0.3366,False,3.6569,EVIDENCE_ROLE_SOURCE_NOT_ALLOWED|EVIDENCE_SOURCE_ID_UNKNOWN|EVIDENCE_SOURCE_POLICY_MISSING,b2d83222fe4bab87f393b8e93c8a29f87ac2f8279ebd9de6ca63f25604bbf49f
case-01040,6af2d8ce7c65c2c11dced7b24268e0dceb8b363e2985a7b7f292c49eb4d8fbe3,CONTROLLED_TEST_MUTATION,expired_import,False,True,0.0353,False,0.2636,False,3.9861,EVIDENCE_STALE,b2d83222fe4bab87f393b8e93c8a29f87ac2f8279ebd9de6ca63f25604bbf49f
case-01041,8a1042696695e01b16fe9adb2f6d1e3522cf8beb996cc1066b509b11b2bd088f,CONTROLLED_TEST_MUTATION,unavailable_record,False,True,0.0342,False,0.2807,False,3.5457,EVIDENCE_LINEAGE_INCOMPLETE|EVIDENCE_UNAVAILABLE,b2d83222fe4bab87f393b8e93c8a29f87ac2f8279ebd9de6ca63f25604bbf49f
case-01042,e9f7fff46f7f1a6f99aeff79b575a9ab26cb1e9b1f41fa0dfbac436631c8ef07,CONTROLLED_TEST_MUTATION,incomplete_payload,False,True,0.0372,False,0.1501,False,3.6998,EVIDENCE_PAYLOAD_INCOMPLETE,b2d83222fe4bab87f393b8e93c8a29f87ac2f8279ebd9de6ca63f25604bbf49f
case-01043,af196da3e0167869cc918cedf1a1ecb18540969bc62f76988ae7487cf1cacb3c,CONTROLLED_TEST_MUTATION,missing_lineage,False,True,0.0349,True,0.3479,False,3.5386,EVIDENCE_LINEAGE_INCOMPLETE,b2d83222fe4bab87f393b8e93c8a29f87ac2f8279ebd9de6ca63f25604bbf49f
case-01044,7fbb41c7b794421e811551463c34c235f7835c249f03445e45c8d905270b9ce1,CONTROLLED_TEST_MUTATION,expired_import,False,True,0.0362,False,0.2691,False,3.8481,EVIDENCE_STALE,b2d83222fe4bab87f393b8e93c8a29f87ac2f8279ebd9de6ca63f25604bbf49f
case-01045,cd5bfc3163c3c51d71814a184a4815a59fb86a8c15a4099fdce5b3fca727bcef,CONTROLLED_TEST_MUTATION,future_timestamp,False,True,0.0636,False,0.3349,False,3.8415,EVIDENCE_FRESHNESS_UNKNOWN|EVIDENCE_TIMESTAMP_IN_FUTURE,b2d83222fe4bab87f393b8e93c8a29f87ac2f8279ebd9de6ca63f25604bbf49f
case-01046,76e1353140f362f83c539a156185e926fc7e7db59e78fd3c06f8e3b5f2effd12,CLEAN_TEST_FIXTURE,none,True,True,0.0371,True,0.3503,True,3.7444,ALL_REQUIRED_EVIDENCE_TRUSTWORTHY,b2d83222fe4bab87f393b8e93c8a29f87ac2f8279ebd9de6ca63f25604bbf49f
case-01047,38a9af938c4865aebf3d5dbd9e8b26d92966e8be2cb709518a39581d07deb00e,CONTROLLED_TEST_MUTATION,root_signature_tamper_after_seal,False,True,0.0361,True,0.3187,False,4.3533,EVIDENCE_ROOT_INVALID,b2d83222fe4bab87f393b8e93c8a29f87ac2f8279ebd9de6ca63f25604bbf49f
case-01048,47f20320df8ebb295e669eab0814f67e425d1b329289f37f5473a0fbe58507ba,CLEAN_TEST_FIXTURE,none,True,True,0.0356,True,0.3065,True,3.6408,ALL_REQUIRED_EVIDENCE_TRUSTWORTHY,b2d83222fe4bab87f393b8e93c8a29f87ac2f8279ebd9de6ca63f25604bbf49f
case-01049,90a7a6dc9b1db05edf9060c03a8b769d1f2103661a5a6361ccac1f0632165df7,CONTROLLED_TEST_MUTATION,malformed_payload,False,True,0.0339,True,0.3008,False,5.9316,EVIDENCE_PAYLOAD_SCHEMA_INVALID|EVIDENCE_SNAPSHOT_CONFLICT,b2d83222fe4bab87f393b8e93c8a29f87ac2f8279ebd9de6ca63f25604bbf49f
case-01050,3054b3de9d587a630a1c678203062c93211d3a790b4c28641daa91f642865e30,CONTROLLED_TEST_MUTATION,role_conflict,False,True,0.0394,True,0.3533,False,3.9242,EVIDENCE_ROLE_CONFLICT,b2d83222fe4bab87f393b8e93c8a29f87ac2f8279ebd9de6ca63f25604bbf49f
case-01051,e7342151729b53469eb3204c52e0cd0a17112e42182edad8786cc54b7f88f2b0,CLEAN_TEST_FIXTURE,none,True,True,0.0352,True,0.4621,True,3.7783,ALL_REQUIRED_EVIDENCE_TRUSTWORTHY,b2d83222fe4bab87f393b8e93c8a29f87ac2f8279ebd9de6ca63f25604bbf49f
case-01052,a779bf980cd1d5050799f7842501bdd3cf0dbd483deb213e82a6d0ea5052a4be,CONTROLLED_TEST_MUTATION,future_timestamp,False,True,0.0353,False,0.2859,False,3.6192,EVIDENCE_FRESHNESS_UNKNOWN|EVIDENCE_TIMESTAMP_IN_FUTURE,b2d83222fe4bab87f393b8e93c8a29f87ac2f8279ebd9de6ca63f25604bbf49f
case-01053,d6e8909fa70079906c24485f031874345dafe9aff99884541081ceef534c4bfe,CONTROLLED_TEST_MUTATION,unavailable_record,False,True,0.0358,False,0.3654,False,4.7509,EVIDENCE_LINEAGE_INCOMPLETE|EVIDENCE_UNAVAILABLE,b2d83222fe4bab87f393b8e93c8a29f87ac2f8279ebd9de6ca63f25604bbf49f
case-01054,bac47ab7114b917d35edb616a830480443565ed2afc6d2089f4028afa614a631,CONTROLLED_TEST_MUTATION,broken_lineage,False,True,0.0392,True,0.3514,False,3.9128,EVIDENCE_LINEAGE_INVALID,b2d83222fe4bab87f393b8e93c8a29f87ac2f8279ebd9de6ca63f25604bbf49f
case-01055,ef4d4b95afee3f91688387841365d21492f3efa7816f1cb2e383ea3597a5573b,CONTROLLED_TEST_MUTATION,unavailable_record,False,True,0.0371,False,0.2994,False,3.7506,EVIDENCE_LINEAGE_INCOMPLETE|EVIDENCE_UNAVAILABLE,b2d83222fe4bab87f393b8e93c8a29f87ac2f8279ebd9de6ca63f25604bbf49f
case-01056,b441989ed5088656b22b04e1735df34843a2814a957088a4537ba2061741158e,CLEAN_TEST_FIXTURE,none,True,True,0.0345,True,0.355,True,3.9677,ALL_REQUIRED_EVIDENCE_TRUSTWORTHY,b2d83222fe4bab87f393b8e93c8a29f87ac2f8279ebd9de6ca63f25604bbf49f
case-01057,1609e5da4432896a8ae1e49b7a7ed3c7acd8dbebdc7ba9601eefafe7a453a2be,CONTROLLED_TEST_MUTATION,unavailable_record,False,True,0.042,False,0.3026,False,3.8355,EVIDENCE_LINEAGE_INCOMPLETE|EVIDENCE_UNAVAILABLE,b2d83222fe4bab87f393b8e93c8a29f87ac2f8279ebd9de6ca63f25604bbf49f
case-01058,a2ca87d5e1f6de8bfc38a6c2680de8a44deaf95c4ecab56fde5f0fdc28dbbdeb,CONTROLLED_TEST_MUTATION,root_signature_tamper_after_seal,False,True,0.0362,True,0.3143,False,3.6296,EVIDENCE_ROOT_INVALID,b2d83222fe4bab87f393b8e93c8a29f87ac2f8279ebd9de6ca63f25604bbf49f
case-01059,94b8d7e647857c5bd4e0c7fc367c7a4e7a6a63004ebe57e210fc5032ed97f307,CONTROLLED_TEST_MUTATION,empty_payload,False,False,0.0366,False,0.0281,False,3.6133,EVIDENCE_PAYLOAD_EMPTY|EVIDENCE_PAYLOAD_SCHEMA_INVALID|EVIDENCE_SNAPSHOT_CONFLICT,b2d83222fe4bab87f393b8e93c8a29f87ac2f8279ebd9de6ca63f25604bbf49f
case-01060,fda18589a719b6728e6621f1a6b92273c08e77996aa0fd71595764c1be73418f,CONTROLLED_TEST_MUTATION,empty_payload,False,False,0.0372,False,0.0289,False,3.565,EVIDENCE_PAYLOAD_EMPTY|EVIDENCE_PAYLOAD_SCHEMA_INVALID|EVIDENCE_SNAPSHOT_CONFLICT,b2d83222fe4bab87f393b8e93c8a29f87ac2f8279ebd9de6ca63f25604bbf49f
case-01061,1f4ba062f2017e37d61996c1e5c94c99e3889239aad579cf6077f7d6cfc6b435,CONTROLLED_TEST_MUTATION,empty_payload,False,False,0.0863,False,0.0348,False,4.1533,EVIDENCE_PAYLOAD_EMPTY|EVIDENCE_PAYLOAD_SCHEMA_INVALID|EVIDENCE_SNAPSHOT_CONFLICT,b2d83222fe4bab87f393b8e93c8a29f87ac2f8279ebd9de6ca63f25604bbf49f
case-01062,2ca0e2e15a9cffe386529dfa77af554e035ed28039ed07fb5ba17ba3b2a1ad53,CONTROLLED_TEST_MUTATION,missing_direct_role,False,False,0.0187,False,0.0141,False,3.215,REQUIRED_ROLE_MISSING,b2d83222fe4bab87f393b8e93c8a29f87ac2f8279ebd9de6ca63f25604bbf49f
case-01063,3c71cd39e5e6c575fd9739853908badcc38ca4bcda38931c4b5662125e0a0495,CONTROLLED_TEST_MUTATION,broken_lineage,False,True,0.0467,True,0.3275,False,3.7659,EVIDENCE_LINEAGE_INVALID,b2d83222fe4bab87f393b8e93c8a29f87ac2f8279ebd9de6ca63f25604bbf49f
case-01064,86e43595c3f65f38f2c32721f3446bcf003b40bd43f24e529ac25d83d9c75387,CONTROLLED_TEST_MUTATION,malformed_payload,False,True,0.0357,True,0.3167,False,3.5642,EVIDENCE_PAYLOAD_SCHEMA_INVALID|EVIDENCE_SNAPSHOT_CONFLICT,b2d83222fe4bab87f393b8e93c8a29f87ac2f8279ebd9de6ca63f25604bbf49f
case-01065,123f1a40599108af7398eff2a11fd35bda6a22ec69ea154228b7b4a5eaae1d24,CONTROLLED_TEST_MUTATION,role_conflict,False,True,0.0481,True,0.4254,False,4.2498,EVIDENCE_ROLE_CONFLICT,b2d83222fe4bab87f393b8e93c8a29f87ac2f8279ebd9de6ca63f25604bbf49f
case-01066,2cb3cedb4a5b2d3060ca81a9f2a6d4ac08d50996d8c5ee5eee7625338f8280ec,CONTROLLED_TEST_MUTATION,incomplete_payload,False,True,0.0354,False,0.1489,False,3.7933,EVIDENCE_PAYLOAD_INCOMPLETE,b2d83222fe4bab87f393b8e93c8a29f87ac2f8279ebd9de6ca63f25604bbf49f
case-01067,f07d2a5619ebf3c2e8f9b703a64c9bf8ce429c9c59a4e3ee267da6fd3497e444,CLEAN_TEST_FIXTURE,none,True,True,0.036,True,0.3219,True,3.7677,ALL_REQUIRED_EVIDENCE_TRUSTWORTHY,b2d83222fe4bab87f393b8e93c8a29f87ac2f8279ebd9de6ca63f25604bbf49f
case-01068,6111f42d685e399d108ef54d0d039286c9f1b6c72e05d7432ab2d0bf0b2a8285,CONTROLLED_TEST_MUTATION,stale_live_observation,False,True,0.0351,False,0.3173,False,3.759,EVIDENCE_STALE,b2d83222fe4bab87f393b8e93c8a29f87ac2f8279ebd9de6ca63f25604bbf49f
case-01069,832139c9af705863fd49f1306af47a547ee5c5536e11ac26c3d607f01dd3631a,CLEAN_TEST_FIXTURE,none,True,True,0.0377,True,0.3339,True,3.8733,ALL_REQUIRED_EVIDENCE_TRUSTWORTHY,b2d83222fe4bab87f393b8e93c8a29f87ac2f8279ebd9de6ca63f25604bbf49f
case-01070,b904f9d6ea2f1e5d4564fbd367c162e34a12acdfebe76045698486857264eb4e,CLEAN_TEST_FIXTURE,none,True,True,0.0356,True,0.3577,True,3.8066,ALL_REQUIRED_EVIDENCE_TRUSTWORTHY,b2d83222fe4bab87f393b8e93c8a29f87ac2f8279ebd9de6ca63f25604bbf49f
case-01071,ae7635357be1afe098bf52d7473df34d16a7846d274daf15bae8c87df512b7e9,CONTROLLED_TEST_MUTATION,stale_live_observation,False,True,0.0475,False,0.3449,False,3.6652,EVIDENCE_STALE,b2d83222fe4bab87f393b8e93c8a29f87ac2f8279ebd9de6ca63f25604bbf49f
case-01072,56f1615185c30d47b7cfd18720b875d78f9465ab9c74de9acf75a990dd2936a0,CONTROLLED_TEST_MUTATION,root_signature_tamper_after_seal,False,True,0.0351,True,0.3198,False,3.6729,EVIDENCE_ROOT_INVALID,b2d83222fe4bab87f393b8e93c8a29f87ac2f8279ebd9de6ca63f25604bbf49f
case-01073,f7fb269f2dcb68eac3359b0a6b7bb1c8335ca692896566d27c744009cde8f74d,CONTROLLED_TEST_MUTATION,broken_lineage,False,True,0.0374,True,0.3246,False,3.7973,EVIDENCE_LINEAGE_INVALID,b2d83222fe4bab87f393b8e93c8a29f87ac2f8279ebd9de6ca63f25604bbf49f
case-01074,3ad8aa10c1359c8a23c7645ff9fb6831aa6ea54604eb77e5e8b52cc1cd2b47b1,CONTROLLED_TEST_MUTATION,missing_lineage,False,True,0.0352,True,0.3224,False,3.5799,EVIDENCE_LINEAGE_INCOMPLETE,b2d83222fe4bab87f393b8e93c8a29f87ac2f8279ebd9de6ca63f25604bbf49f
case-01075,3d90a7f428105ca0084cbbe5cc51194c669347b03ec90142d9c5e01c87f93be5,CONTROLLED_TEST_MUTATION,unknown_source,False,True,0.041,True,0.3494,False,4.5954,EVIDENCE_ROLE_SOURCE_NOT_ALLOWED|EVIDENCE_SOURCE_ID_UNKNOWN|EVIDENCE_SOURCE_POLICY_MISSING,b2d83222fe4bab87f393b8e93c8a29f87ac2f8279ebd9de6ca63f25604bbf49f
case-01076,7982172607b95c855bf71a94de3df2949b369795c7892d82e897e152ee359a60,CONTROLLED_TEST_MUTATION,lineage_cycle,False,True,0.0358,True,0.3151,False,5.2145,EVIDENCE_LINEAGE_INVALID,b2d83222fe4bab87f393b8e93c8a29f87ac2f8279ebd9de6ca63f25604bbf49f
case-01077,512aa64a570d4655b02ebf3b6ac5af52ee5b357e10bc469c9d14f69be6de60d4,CONTROLLED_TEST_MUTATION,excluded_ancestor,False,True,0.0381,True,0.3274,False,3.9404,REQUIRED_INPUT_EXCLUDED,b2d83222fe4bab87f393b8e93c8a29f87ac2f8279ebd9de6ca63f25604bbf49f
case-01078,ff049c14d7b6f06af5942b09ec15f1d7cf8c9c986eec896f5fe81afa4df1e470,CONTROLLED_TEST_MUTATION,snapshot_score_conflict,False,True,0.0365,True,0.3285,False,3.9695,EVIDENCE_SNAPSHOT_CONFLICT,b2d83222fe4bab87f393b8e93c8a29f87ac2f8279ebd9de6ca63f25604bbf49f
case-01079,a4b68ae4debefa1c01dcba010ab8c88c1e5ce8534b0096e337de150477efef07,CONTROLLED_TEST_MUTATION,missing_direct_role,False,False,0.0184,False,0.0134,False,3.0881,REQUIRED_ROLE_MISSING,b2d83222fe4bab87f393b8e93c8a29f87ac2f8279ebd9de6ca63f25604bbf49f
case-01080,e80a295e57c12f12bd4abe1f09ce424fbdce4320ce30e7d61933dfc5dec1046b,CONTROLLED_TEST_MUTATION,stale_live_observation,False,True,0.0354,False,0.2828,False,4.6218,EVIDENCE_STALE,b2d83222fe4bab87f393b8e93c8a29f87ac2f8279ebd9de6ca63f25604bbf49f
case-01081,d6ff630d8f0a38a352275b97715e65e25a930043e5986e58f3e6ea65171e36b7,CONTROLLED_TEST_MUTATION,wrong_context,False,True,0.0372,True,0.321,False,3.5794,EVIDENCE_CONTEXT_MISMATCH,b2d83222fe4bab87f393b8e93c8a29f87ac2f8279ebd9de6ca63f25604bbf49f
case-01082,07653cfaf8dcfaaf91c02dbd39a473d263ea782574ae253b09473316b1584760,CLEAN_TEST_FIXTURE,none,True,True,0.0355,True,0.3178,True,3.9818,ALL_REQUIRED_EVIDENCE_TRUSTWORTHY,b2d83222fe4bab87f393b8e93c8a29f87ac2f8279ebd9de6ca63f25604bbf49f
case-01083,3209d1b928de2249aa6013769c0cb51fb40a5da6c2ad703bb3155a58b526ba14,CONTROLLED_TEST_MUTATION,missing_direct_role,False,False,0.0185,False,0.014,False,3.2325,REQUIRED_ROLE_MISSING,b2d83222fe4bab87f393b8e93c8a29f87ac2f8279ebd9de6ca63f25604bbf49f
case-01084,f71d674a83e603e93a8f6c896993433988316fb39e3684f5b442ea9a196504b3,CONTROLLED_TEST_MUTATION,empty_payload,False,False,0.0363,False,0.0288,False,3.7249,EVIDENCE_PAYLOAD_EMPTY|EVIDENCE_PAYLOAD_SCHEMA_INVALID|EVIDENCE_SNAPSHOT_CONFLICT,b2d83222fe4bab87f393b8e93c8a29f87ac2f8279ebd9de6ca63f25604bbf49f
case-01085,dae59cc1186a7073010092cc3ee888cddad1cbc5846fac8ab4d8b1d5f0a3a10b,CLEAN_TEST_FIXTURE,none,True,True,0.0377,True,0.3248,True,3.9384,ALL_REQUIRED_EVIDENCE_TRUSTWORTHY,b2d83222fe4bab87f393b8e93c8a29f87ac2f8279ebd9de6ca63f25604bbf49f
case-01086,2fc0e9c0f9167d483bf0bf0e4a5a9d80cd7e7b4c1d5af3571146b8e93d7569c7,CONTROLLED_TEST_MUTATION,missing_direct_role,False,False,0.0199,False,0.0147,False,3.4202,REQUIRED_ROLE_MISSING,b2d83222fe4bab87f393b8e93c8a29f87ac2f8279ebd9de6ca63f25604bbf49f
case-01087,35d18a5c918ee05c93789093796dfed496d9f0b0bbc7ad910a1953258f90251b,CONTROLLED_TEST_MUTATION,lineage_cycle,False,True,0.0352,True,0.3179,False,3.802,EVIDENCE_LINEAGE_INVALID,b2d83222fe4bab87f393b8e93c8a29f87ac2f8279ebd9de6ca63f25604bbf49f
case-01088,6f2f49ec7d739a26b3ae1c23e4b566af64380b7eeea4d5bae7c91f1bfc455f73,CLEAN_TEST_FIXTURE,none,True,True,0.0349,True,0.3194,True,3.757,ALL_REQUIRED_EVIDENCE_TRUSTWORTHY,b2d83222fe4bab87f393b8e93c8a29f87ac2f8279ebd9de6ca63f25604bbf49f
case-01089,11a0f2d5c5d65fe66677bbc73639698881e81492d3d0c42fa79c5f1b23b73ba8,CLEAN_TEST_FIXTURE,none,True,True,0.0376,True,0.3224,True,3.8468,ALL_REQUIRED_EVIDENCE_TRUSTWORTHY,b2d83222fe4bab87f393b8e93c8a29f87ac2f8279ebd9de6ca63f25604bbf49f
case-01090,033bb5d342b8c3c11a373a4fd845b84f116a3ad3d91994b0e6845d71f3613317,CONTROLLED_TEST_MUTATION,lineage_cycle,False,True,0.0346,True,0.3385,False,4.3354,EVIDENCE_LINEAGE_INVALID,b2d83222fe4bab87f393b8e93c8a29f87ac2f8279ebd9de6ca63f25604bbf49f
case-01091,545d8186770dd0adfd71ee4ca49c2e787daf5a8f1fe96375058caef3e0469d59,CLEAN_TEST_FIXTURE,none,True,True,0.0345,True,0.3315,True,3.5591,ALL_REQUIRED_EVIDENCE_TRUSTWORTHY,b2d83222fe4bab87f393b8e93c8a29f87ac2f8279ebd9de6ca63f25604bbf49f
case-01092,100092abfe54dbf13b3d76927fd162955bb2044684a4f586e10b5849c6bbf72c,CONTROLLED_TEST_MUTATION,malformed_payload,False,True,0.0342,True,0.3257,False,5.0921,EVIDENCE_PAYLOAD_SCHEMA_INVALID|EVIDENCE_SNAPSHOT_CONFLICT,b2d83222fe4bab87f393b8e93c8a29f87ac2f8279ebd9de6ca63f25604bbf49f
case-01093,488c95db47e7327fd64012c58852e8454dce256d4cb011a0675a80c5097648b6,CONTROLLED_TEST_MUTATION,unavailable_record,False,True,0.0353,False,0.2839,False,3.6295,EVIDENCE_LINEAGE_INCOMPLETE|EVIDENCE_UNAVAILABLE,b2d83222fe4bab87f393b8e93c8a29f87ac2f8279ebd9de6ca63f25604bbf49f
case-01094,33f02b85c721d54dc1e2cb3a24501a5f5671fcd02ecea4869304eccf7caacb82,CLEAN_TEST_FIXTURE,none,True,True,0.0366,True,0.3192,True,3.8673,ALL_REQUIRED_EVIDENCE_TRUSTWORTHY,b2d83222fe4bab87f393b8e93c8a29f87ac2f8279ebd9de6ca63f25604bbf49f
case-01095,9d569d4db59c278d7903df31ec6e6823b40f2850d50f5d196de1ee5c02146225,CLEAN_TEST_FIXTURE,none,True,True,0.0343,True,0.3097,True,3.6271,ALL_REQUIRED_EVIDENCE_TRUSTWORTHY,b2d83222fe4bab87f393b8e93c8a29f87ac2f8279ebd9de6ca63f25604bbf49f
case-01096,97b4287ad63ca5a9f9cbff1930a9592df20464534eebc550e75198c0fd5b3994,CLEAN_TEST_FIXTURE,none,True,True,0.035,True,0.3059,True,5.9709,ALL_REQUIRED_EVIDENCE_TRUSTWORTHY,b2d83222fe4bab87f393b8e93c8a29f87ac2f8279ebd9de6ca63f25604bbf49f
case-01097,00c496e5a9466a3676b777b5633beebe03c856fcc961fddd3de402394629dbed,CONTROLLED_TEST_MUTATION,unknown_source,False,True,0.0353,True,0.3201,False,3.8504,EVIDENCE_ROLE_SOURCE_NOT_ALLOWED|EVIDENCE_SOURCE_ID_UNKNOWN|EVIDENCE_SOURCE_POLICY_MISSING,b2d83222fe4bab87f393b8e93c8a29f87ac2f8279ebd9de6ca63f25604bbf49f
case-01098,83f54401d66d8c2d71295d5eb6d149d8a194a09856a1c69c0d35c3193d2711c3,CONTROLLED_TEST_MUTATION,malformed_payload,False,True,0.0372,True,0.3595,False,3.7049,EVIDENCE_PAYLOAD_SCHEMA_INVALID|EVIDENCE_SNAPSHOT_CONFLICT,b2d83222fe4bab87f393b8e93c8a29f87ac2f8279ebd9de6ca63f25604bbf49f
case-01099,4f35e25c213931ce5f1c458d2be4765759d211d6f603c5014c7c58c86068904b,CONTROLLED_TEST_MUTATION,expired_import,False,True,0.0351,False,0.2892,False,3.6503,EVIDENCE_STALE,b2d83222fe4bab87f393b8e93c8a29f87ac2f8279ebd9de6ca63f25604bbf49f
case-01100,a7f20ec2838f153b2d5a277f2ff410d627f667963677bb6bd6ec626676b976ab,CONTROLLED_TEST_MUTATION,malformed_payload,False,True,0.0414,True,0.3555,False,3.7702,EVIDENCE_PAYLOAD_SCHEMA_INVALID|EVIDENCE_SNAPSHOT_CONFLICT,b2d83222fe4bab87f393b8e93c8a29f87ac2f8279ebd9de6ca63f25604bbf49f
case-01101,c696aa3d0e5cec3e25cb4a3b582dd7cfaeef09bb13b02da265fc17320b48ac59,CONTROLLED_TEST_MUTATION,incomplete_payload,False,True,0.0397,False,0.166,False,3.6083,EVIDENCE_PAYLOAD_INCOMPLETE,b2d83222fe4bab87f393b8e93c8a29f87ac2f8279ebd9de6ca63f25604bbf49f
case-01102,0fde7cb8d95f9fb62ff69b3ffcde112b828c7616fd2db052628d40d6fa8ddab7,CONTROLLED_TEST_MUTATION,lineage_cycle,False,True,0.036,True,0.3194,False,3.6286,EVIDENCE_LINEAGE_INVALID,b2d83222fe4bab87f393b8e93c8a29f87ac2f8279ebd9de6ca63f25604bbf49f
case-01103,3fceb18f8984188bb857cd7be974c8c09f39398fca69e499485065dd0a74fcde,CONTROLLED_TEST_MUTATION,unknown_source,False,True,0.0368,True,0.3379,False,3.8933,EVIDENCE_ROLE_SOURCE_NOT_ALLOWED|EVIDENCE_SOURCE_ID_UNKNOWN|EVIDENCE_SOURCE_POLICY_MISSING,b2d83222fe4bab87f393b8e93c8a29f87ac2f8279ebd9de6ca63f25604bbf49f
case-01104,cd8810c244be4868dc78f567441bb849d268975b32705fe4ff734ca31f7253dd,CLEAN_TEST_FIXTURE,none,True,True,0.04,True,0.3517,True,3.8741,ALL_REQUIRED_EVIDENCE_TRUSTWORTHY,b2d83222fe4bab87f393b8e93c8a29f87ac2f8279ebd9de6ca63f25604bbf49f
case-01105,4e6bfdc306712f7a6a1df0cdfefda54c8a90da983e382716569398389a03148d,CONTROLLED_TEST_MUTATION,lineage_cycle,False,True,0.0371,True,0.3331,False,4.2363,EVIDENCE_LINEAGE_INVALID,b2d83222fe4bab87f393b8e93c8a29f87ac2f8279ebd9de6ca63f25604bbf49f
case-01106,c068655fed12575fa84fbc2b5db326182096995817002386f462093f665f3b79,CONTROLLED_TEST_MUTATION,broken_lineage,False,True,0.0383,True,0.3456,False,3.7502,EVIDENCE_LINEAGE_INVALID,b2d83222fe4bab87f393b8e93c8a29f87ac2f8279ebd9de6ca63f25604bbf49f
case-01107,a010074dd6e7eae78fdeb7256275b7a2e17cb8df683542df49d1d054a9ba8033,CONTROLLED_TEST_MUTATION,future_timestamp,False,True,0.0355,False,0.3104,False,5.295,EVIDENCE_FRESHNESS_UNKNOWN|EVIDENCE_TIMESTAMP_IN_FUTURE,b2d83222fe4bab87f393b8e93c8a29f87ac2f8279ebd9de6ca63f25604bbf49f
case-01108,60d42cb227748bb234fa9a6cdc454b37eb127a110c577d05504edcd7cb790457,CLEAN_TEST_FIXTURE,none,True,True,0.0414,True,0.355,True,3.8931,ALL_REQUIRED_EVIDENCE_TRUSTWORTHY,b2d83222fe4bab87f393b8e93c8a29f87ac2f8279ebd9de6ca63f25604bbf49f
case-01109,6aab8fb47e40dfff5c524a8d9b1ba9c1be39a8310318dd917cb8a03207b5d6fb,CONTROLLED_TEST_MUTATION,source_type_impersonation,False,True,0.0352,True,0.3148,False,4.2091,EVIDENCE_ROLE_SOURCE_NOT_ALLOWED|OPERATOR_EVIDENCE_UNVERIFIED,b2d83222fe4bab87f393b8e93c8a29f87ac2f8279ebd9de6ca63f25604bbf49f
case-01110,79ee616949bde24f8a804b13a3721a3bc3563e3a8320f89e1ed34c64c149dfde,CONTROLLED_TEST_MUTATION,empty_payload,False,False,0.0383,False,0.0283,False,3.4654,EVIDENCE_PAYLOAD_EMPTY|EVIDENCE_PAYLOAD_SCHEMA_INVALID|EVIDENCE_SNAPSHOT_CONFLICT,b2d83222fe4bab87f393b8e93c8a29f87ac2f8279ebd9de6ca63f25604bbf49f
case-01111,793a096e662275a82950a53c8e90fc53a4fe8009cecec870c29832de49ae22bc,CLEAN_TEST_FIXTURE,none,True,True,0.0338,True,0.3165,True,4.33,ALL_REQUIRED_EVIDENCE_TRUSTWORTHY,b2d83222fe4bab87f393b8e93c8a29f87ac2f8279ebd9de6ca63f25604bbf49f
case-01112,8f81e29fbc4e1aa67c69bd8d28b998ebed18ff4f462e9b3a4d347f736219a775,CLEAN_TEST_FIXTURE,none,True,True,0.0356,True,0.3576,True,3.8032,ALL_REQUIRED_EVIDENCE_TRUSTWORTHY,b2d83222fe4bab87f393b8e93c8a29f87ac2f8279ebd9de6ca63f25604bbf49f
case-01113,d76b6687a47368b1bbf7784901eaae8ed044261d721a8b23e91671e446c45e4a,CONTROLLED_TEST_MUTATION,root_signature_tamper_after_seal,False,True,0.0355,True,0.3201,False,3.8738,EVIDENCE_ROOT_INVALID,b2d83222fe4bab87f393b8e93c8a29f87ac2f8279ebd9de6ca63f25604bbf49f
case-01114,fc6949dbd09c652614846be6028be5fe2ce502e343746aea44655d581f27f920,CLEAN_TEST_FIXTURE,none,True,True,0.0342,True,0.3078,True,3.5629,ALL_REQUIRED_EVIDENCE_TRUSTWORTHY,b2d83222fe4bab87f393b8e93c8a29f87ac2f8279ebd9de6ca63f25604bbf49f
case-01115,6c3b99021b81cca9e74359b4c994513339e9340ad389c47b47c01afb76a4cede,CONTROLLED_TEST_MUTATION,future_timestamp,False,True,0.0333,False,0.2839,False,5.1147,EVIDENCE_FRESHNESS_UNKNOWN|EVIDENCE_TIMESTAMP_IN_FUTURE,b2d83222fe4bab87f393b8e93c8a29f87ac2f8279ebd9de6ca63f25604bbf49f
case-01116,8ecee21651edf0316365ab865c24644654fef70cd5807cd5bb6249ae5b8b6a7b,CONTROLLED_TEST_MUTATION,excluded_ancestor,False,True,0.0356,True,0.3217,False,3.6367,REQUIRED_INPUT_EXCLUDED,b2d83222fe4bab87f393b8e93c8a29f87ac2f8279ebd9de6ca63f25604bbf49f
case-01117,c8590e78424454baa57177e964503b58a2c5ff13598c0e65825fbf1dbb1d1001,CONTROLLED_TEST_MUTATION,lineage_cycle,False,True,0.0345,True,0.3398,False,4.2323,EVIDENCE_LINEAGE_INVALID,b2d83222fe4bab87f393b8e93c8a29f87ac2f8279ebd9de6ca63f25604bbf49f
case-01118,f51197650c584739a82d7673c5f5733a8bbd137a85c320c3b49f00fc3d53808e,CONTROLLED_TEST_MUTATION,malformed_payload,False,True,0.036,True,0.3161,False,3.6268,EVIDENCE_PAYLOAD_SCHEMA_INVALID|EVIDENCE_SNAPSHOT_CONFLICT,b2d83222fe4bab87f393b8e93c8a29f87ac2f8279ebd9de6ca63f25604bbf49f
case-01119,2f61dcd2928640b4c6117751c8ee50423cd338aac135bf21090b71bf375d7854,CLEAN_TEST_FIXTURE,none,True,True,0.035,True,0.3342,True,5.6055,ALL_REQUIRED_EVIDENCE_TRUSTWORTHY,b2d83222fe4bab87f393b8e93c8a29f87ac2f8279ebd9de6ca63f25604bbf49f
case-01120,4071e3c8869460457802adc704385e308ed19efa7f9a96d802505ba0f817be3f,CONTROLLED_TEST_MUTATION,missing_lineage,False,True,0.0353,True,0.3362,False,3.5959,EVIDENCE_LINEAGE_INCOMPLETE,b2d83222fe4bab87f393b8e93c8a29f87ac2f8279ebd9de6ca63f25604bbf49f
case-01121,34cba1e24f651ebfac93a912990946d9a84173755ed003147d56856965f3b56a,CONTROLLED_TEST_MUTATION,lineage_cycle,False,True,0.0364,True,0.3188,False,3.8389,EVIDENCE_LINEAGE_INVALID,b2d83222fe4bab87f393b8e93c8a29f87ac2f8279ebd9de6ca63f25604bbf49f
case-01122,95e2c659a92d59d4398cf1680fa5c44b276464ea36c0287ef6afdc9357713ecf,CONTROLLED_TEST_MUTATION,unavailable_record,False,True,0.0401,False,0.3163,False,3.7767,EVIDENCE_LINEAGE_INCOMPLETE|EVIDENCE_UNAVAILABLE,b2d83222fe4bab87f393b8e93c8a29f87ac2f8279ebd9de6ca63f25604bbf49f
case-01123,df43683b6c6f71c2362b0c1e53425a413eae68320272b95d4681952e6ba036c0,CLEAN_TEST_FIXTURE,none,True,True,0.0368,True,0.3281,True,3.7122,ALL_REQUIRED_EVIDENCE_TRUSTWORTHY,b2d83222fe4bab87f393b8e93c8a29f87ac2f8279ebd9de6ca63f25604bbf49f
case-01124,7759906190f88574950335d4025964e3b312093f8f9ae1709758ffaab03e0e3a,CONTROLLED_TEST_MUTATION,source_type_impersonation,False,True,0.0353,True,0.3171,False,3.6131,EVIDENCE_ROLE_SOURCE_NOT_ALLOWED|OPERATOR_EVIDENCE_UNVERIFIED,b2d83222fe4bab87f393b8e93c8a29f87ac2f8279ebd9de6ca63f25604bbf49f
case-01125,00a8590864d885c7692c1e1282b7349d17ea3f1cb83356ebb6ad510e0f06c970,CLEAN_TEST_FIXTURE,none,True,True,0.0365,True,0.3183,True,3.6287,ALL_REQUIRED_EVIDENCE_TRUSTWORTHY,b2d83222fe4bab87f393b8e93c8a29f87ac2f8279ebd9de6ca63f25604bbf49f
case-01126,52c67c075519ff870d5012d14e599472d3f8a76cf83e2739bc07d3948f679c8f,CLEAN_TEST_FIXTURE,none,True,True,0.0349,True,0.3447,True,4.1227,ALL_REQUIRED_EVIDENCE_TRUSTWORTHY,b2d83222fe4bab87f393b8e93c8a29f87ac2f8279ebd9de6ca63f25604bbf49f
case-01127,2555fe847696605add8103582190dfcd54a3b9b4bd676209c3327f0218caabaa,CONTROLLED_TEST_MUTATION,payload_tamper_after_seal,False,True,0.0428,False,0.0998,False,4.0492,CHECKSUM_INVALID|EVIDENCE_ROOT_INVALID|EVIDENCE_SNAPSHOT_CONFLICT|RECORD_ENVELOPE_INVALID,b2d83222fe4bab87f393b8e93c8a29f87ac2f8279ebd9de6ca63f25604bbf49f
case-01128,401ac80df78fe86a4de24053269f03376a8986c5c0a820f2bc555b8995cdf460,CONTROLLED_TEST_MUTATION,empty_payload,False,False,0.0437,False,0.0294,False,4.0668,EVIDENCE_PAYLOAD_EMPTY|EVIDENCE_PAYLOAD_SCHEMA_INVALID|EVIDENCE_SNAPSHOT_CONFLICT,b2d83222fe4bab87f393b8e93c8a29f87ac2f8279ebd9de6ca63f25604bbf49f
case-01129,5be0c828f1f878ad74aa04e9d5bcfe0b503f9369197c521c23eda319dd488b96,CONTROLLED_TEST_MUTATION,future_timestamp,False,True,0.0357,False,0.2944,False,3.9677,EVIDENCE_FRESHNESS_UNKNOWN|EVIDENCE_TIMESTAMP_IN_FUTURE,b2d83222fe4bab87f393b8e93c8a29f87ac2f8279ebd9de6ca63f25604bbf49f
case-01130,bcbb0b785a4dd89801537677db412de0be07ffb356a29b8956352c1bc54912ab,CONTROLLED_TEST_MUTATION,broken_lineage,False,True,0.0351,True,0.3209,False,4.9162,EVIDENCE_LINEAGE_INVALID,b2d83222fe4bab87f393b8e93c8a29f87ac2f8279ebd9de6ca63f25604bbf49f
case-01131,a3a74e72cb952bcac68235aed9ddc973d624edc5a4f50d42df11a45f1c9fbe6c,CLEAN_TEST_FIXTURE,none,True,True,0.0465,True,0.3226,True,3.6686,ALL_REQUIRED_EVIDENCE_TRUSTWORTHY,b2d83222fe4bab87f393b8e93c8a29f87ac2f8279ebd9de6ca63f25604bbf49f
case-01132,99ce6d76dbc479b37673bd5f44301ca028d3c78a939a3848b2e85ff30ad9c476,CONTROLLED_TEST_MUTATION,expired_import,False,True,0.0351,False,0.2616,False,3.7959,EVIDENCE_STALE,b2d83222fe4bab87f393b8e93c8a29f87ac2f8279ebd9de6ca63f25604bbf49f
case-01133,3fe3831c58d28b58625b3f2a5317206a8fb706d92da8d0d541c714831a791974,CONTROLLED_TEST_MUTATION,missing_direct_role,False,False,0.018,False,0.0138,False,3.158,REQUIRED_ROLE_MISSING,b2d83222fe4bab87f393b8e93c8a29f87ac2f8279ebd9de6ca63f25604bbf49f
case-01134,e53566548afc2dea5fdd114251b9fbb28c227a47dd74273a9be0482cedf637d5,CONTROLLED_TEST_MUTATION,missing_direct_role,False,False,0.018,False,0.013,False,3.2207,REQUIRED_ROLE_MISSING,b2d83222fe4bab87f393b8e93c8a29f87ac2f8279ebd9de6ca63f25604bbf49f
case-01135,871f5033c7b550761523f0fbc0d80cd24ecbfb509e87b0cc49adb6449e2136f4,CONTROLLED_TEST_MUTATION,stale_live_observation,False,True,0.0355,False,0.3341,False,3.8146,EVIDENCE_STALE,b2d83222fe4bab87f393b8e93c8a29f87ac2f8279ebd9de6ca63f25604bbf49f
case-01136,90425a2685796f998d9c125477d3297eebb89aa9ad00b6571e8e1f46ed8e91a8,CONTROLLED_TEST_MUTATION,excluded_ancestor,False,True,0.0384,True,0.3313,False,4.8998,REQUIRED_INPUT_EXCLUDED,b2d83222fe4bab87f393b8e93c8a29f87ac2f8279ebd9de6ca63f25604bbf49f
case-01137,f2316555bb60aa2574dad4e3e76e0248be4377b43eeebe5b15be211c75279330,CONTROLLED_TEST_MUTATION,lineage_cycle,False,True,0.0366,True,0.324,False,3.7448,EVIDENCE_LINEAGE_INVALID,b2d83222fe4bab87f393b8e93c8a29f87ac2f8279ebd9de6ca63f25604bbf49f
case-01138,433509272505d365ad50c7bf7fad1ca37cdbad0634adb2e33eda4636b3bc80e3,CONTROLLED_TEST_MUTATION,broken_lineage,False,True,0.0353,True,0.3228,False,5.7509,EVIDENCE_LINEAGE_INVALID,b2d83222fe4bab87f393b8e93c8a29f87ac2f8279ebd9de6ca63f25604bbf49f
case-01139,424c89d9296793d67b0b9099aac2628e04f37a05a09fe35cac112e8b72c0316f,CONTROLLED_TEST_MUTATION,unknown_source,False,True,0.0348,True,0.3115,False,3.7338,EVIDENCE_ROLE_SOURCE_NOT_ALLOWED|EVIDENCE_SOURCE_ID_UNKNOWN|EVIDENCE_SOURCE_POLICY_MISSING,b2d83222fe4bab87f393b8e93c8a29f87ac2f8279ebd9de6ca63f25604bbf49f
case-01140,046a3a7b19b958884464fd4364ff598dcf107c449ebe7e1f6dea05b5a04e65f9,CONTROLLED_TEST_MUTATION,missing_direct_role,False,False,0.0182,False,0.0132,False,3.8357,REQUIRED_ROLE_MISSING,b2d83222fe4bab87f393b8e93c8a29f87ac2f8279ebd9de6ca63f25604bbf49f
case-01141,dcd096862d0c1ec77b85b8ed39d72b450cd8f1c56dae4ec723298f2c9a1d0930,CLEAN_TEST_FIXTURE,none,True,True,0.0601,True,0.3461,True,3.6099,ALL_REQUIRED_EVIDENCE_TRUSTWORTHY,b2d83222fe4bab87f393b8e93c8a29f87ac2f8279ebd9de6ca63f25604bbf49f
case-01142,cc5084d852c167ce48664c541f4d3e48cded6ecb761b4b91ca87adc316a008e9,CLEAN_TEST_FIXTURE,none,True,True,0.0353,True,0.318,True,6.5495,ALL_REQUIRED_EVIDENCE_TRUSTWORTHY,b2d83222fe4bab87f393b8e93c8a29f87ac2f8279ebd9de6ca63f25604bbf49f
case-01143,8b8871f97ea2d5d40d5f3066bf09b5298773a71a42a6e4f430ae81ca9bd5c779,CLEAN_TEST_FIXTURE,none,True,True,0.036,True,0.3481,True,3.6477,ALL_REQUIRED_EVIDENCE_TRUSTWORTHY,b2d83222fe4bab87f393b8e93c8a29f87ac2f8279ebd9de6ca63f25604bbf49f
case-01144,c1f58d2b6939d68d1f08d0fcbef5d604a76a28fd9fac1d3e4e9bffbdbf176f25,CLEAN_TEST_FIXTURE,none,True,True,0.0352,True,0.3191,True,3.8172,ALL_REQUIRED_EVIDENCE_TRUSTWORTHY,b2d83222fe4bab87f393b8e93c8a29f87ac2f8279ebd9de6ca63f25604bbf49f
case-01145,3aa4dbd9097567dce92780e908bf9f6bfe5898c8aa14f7760d6582fcee0dc791,CONTROLLED_TEST_MUTATION,empty_payload,False,False,0.0361,False,0.0279,False,3.5524,EVIDENCE_PAYLOAD_EMPTY|EVIDENCE_PAYLOAD_SCHEMA_INVALID|EVIDENCE_SNAPSHOT_CONFLICT,b2d83222fe4bab87f393b8e93c8a29f87ac2f8279ebd9de6ca63f25604bbf49f
case-01146,8c1f2930da6aecc9b9671b65950e79d5ae4fa13fee1ba565c85ac2debc35bac4,CONTROLLED_TEST_MUTATION,root_signature_tamper_after_seal,False,True,0.0437,True,0.3415,False,3.9608,EVIDENCE_ROOT_INVALID,b2d83222fe4bab87f393b8e93c8a29f87ac2f8279ebd9de6ca63f25604bbf49f
case-01147,eaf1e07555cb57a044522788dfd470ca2579b9b99821c2028f4d6e064ce38a7d,CONTROLLED_TEST_MUTATION,future_timestamp,False,True,0.0351,False,0.2871,False,3.8547,EVIDENCE_FRESHNESS_UNKNOWN|EVIDENCE_TIMESTAMP_IN_FUTURE,b2d83222fe4bab87f393b8e93c8a29f87ac2f8279ebd9de6ca63f25604bbf49f
case-01148,c605f593207e3215ef322389326f36f253b167a8760e186d1614fe21dc27bf78,CONTROLLED_TEST_MUTATION,broken_lineage,False,True,0.0363,True,0.324,False,3.6044,EVIDENCE_LINEAGE_INVALID,b2d83222fe4bab87f393b8e93c8a29f87ac2f8279ebd9de6ca63f25604bbf49f
case-01149,3f4b21e1c2bcc1a862c388b53f3ddc50fca4107a959d7d7f48a849627a5b54d4,CONTROLLED_TEST_MUTATION,empty_payload,False,False,0.0478,False,0.032,False,3.8794,EVIDENCE_PAYLOAD_EMPTY|EVIDENCE_PAYLOAD_SCHEMA_INVALID|EVIDENCE_SNAPSHOT_CONFLICT,b2d83222fe4bab87f393b8e93c8a29f87ac2f8279ebd9de6ca63f25604bbf49f
case-01150,d3c5ea9e26bed210b558725572a07307b6a4a363bb26557f609698948709729f,CONTROLLED_TEST_MUTATION,expired_import,False,True,0.0403,False,0.31,False,3.8299,EVIDENCE_STALE,b2d83222fe4bab87f393b8e93c8a29f87ac2f8279ebd9de6ca63f25604bbf49f
case-01151,3208ce4b512077fcca2c404419f87a177f1197e7f3a866e1bbae3e95957a9a15,CONTROLLED_TEST_MUTATION,wrong_context,False,True,0.0567,True,0.391,False,4.1218,EVIDENCE_CONTEXT_MISMATCH,b2d83222fe4bab87f393b8e93c8a29f87ac2f8279ebd9de6ca63f25604bbf49f
case-01152,8d57e8c68a610f9df2e4d68697fda7313a8a5a18f9a5c0881e456eedb69dc9c8,CONTROLLED_TEST_MUTATION,missing_direct_role,False,False,0.0197,False,0.0138,False,3.2635,REQUIRED_ROLE_MISSING,b2d83222fe4bab87f393b8e93c8a29f87ac2f8279ebd9de6ca63f25604bbf49f
case-01153,325cee4d0a195a8f09ae0b0044a95d914853fbbdf5feef5dac46715176e90798,CLEAN_TEST_FIXTURE,none,True,True,0.0494,True,0.3737,True,4.0596,ALL_REQUIRED_EVIDENCE_TRUSTWORTHY,b2d83222fe4bab87f393b8e93c8a29f87ac2f8279ebd9de6ca63f25604bbf49f
case-01154,efee70f0c6dc604f2723e6a5f488a036e085011fc26bfcef3578c04a9e489981,CONTROLLED_TEST_MUTATION,stale_live_observation,False,True,0.0416,False,0.3325,False,3.9461,EVIDENCE_STALE,b2d83222fe4bab87f393b8e93c8a29f87ac2f8279ebd9de6ca63f25604bbf49f
case-01155,e97b44bd758a4ac188ace4a37a36491dc133825f7a9a1af8182ba36d4b5be96a,CONTROLLED_TEST_MUTATION,role_conflict,False,True,0.0403,True,0.3483,False,4.1622,EVIDENCE_ROLE_CONFLICT,b2d83222fe4bab87f393b8e93c8a29f87ac2f8279ebd9de6ca63f25604bbf49f
case-01156,4e8fc516cd47a9da1b56c7983f58f2da8014bf1d31cc455698e569f7a05bf4df,CLEAN_TEST_FIXTURE,none,True,True,0.0353,True,0.3201,True,3.9965,ALL_REQUIRED_EVIDENCE_TRUSTWORTHY,b2d83222fe4bab87f393b8e93c8a29f87ac2f8279ebd9de6ca63f25604bbf49f
case-01157,45c34ff5dab70cd4a033f5740a48937b71ee7ac72bfa996f9d2db4675363535c,CONTROLLED_TEST_MUTATION,future_timestamp,False,True,0.0359,False,0.2917,False,4.8549,EVIDENCE_FRESHNESS_UNKNOWN|EVIDENCE_TIMESTAMP_IN_FUTURE,b2d83222fe4bab87f393b8e93c8a29f87ac2f8279ebd9de6ca63f25604bbf49f
case-01158,597fa2af088874128e70c367ff0b88ee58bbe6b2191406159ae655f9cfcbccbb,CONTROLLED_TEST_MUTATION,incomplete_payload,False,True,0.0404,False,0.1668,False,3.6689,EVIDENCE_PAYLOAD_INCOMPLETE,b2d83222fe4bab87f393b8e93c8a29f87ac2f8279ebd9de6ca63f25604bbf49f
case-01159,03d3e485421d5565bdffa03f468685e58df8f08f2609827ef1686aa1dd60aa38,CONTROLLED_TEST_MUTATION,wrong_context,False,True,0.0352,True,0.3146,False,4.0582,EVIDENCE_CONTEXT_MISMATCH,b2d83222fe4bab87f393b8e93c8a29f87ac2f8279ebd9de6ca63f25604bbf49f
case-01160,3487902561e666c87f60ce01bb6e7a9f34b5ca3f32d908e5b724eff77a438c28,CONTROLLED_TEST_MUTATION,snapshot_score_conflict,False,True,0.0344,True,0.312,False,3.6841,EVIDENCE_SNAPSHOT_CONFLICT,b2d83222fe4bab87f393b8e93c8a29f87ac2f8279ebd9de6ca63f25604bbf49f
case-01161,5ad0a457c02753ab7d76470a73af003cafedcaf038d30dba92fdc0fedcdf2e14,CONTROLLED_TEST_MUTATION,future_timestamp,False,True,0.034,False,0.2841,False,4.9399,EVIDENCE_FRESHNESS_UNKNOWN|EVIDENCE_TIMESTAMP_IN_FUTURE,b2d83222fe4bab87f393b8e93c8a29f87ac2f8279ebd9de6ca63f25604bbf49f
case-01162,9a3a0a57cde02061607aea70fb9e70cf3999cd8041b6f9337656cac028ef612f,CLEAN_TEST_FIXTURE,none,True,True,0.0361,True,0.3204,True,3.5617,ALL_REQUIRED_EVIDENCE_TRUSTWORTHY,b2d83222fe4bab87f393b8e93c8a29f87ac2f8279ebd9de6ca63f25604bbf49f
case-01163,9d2729d3b95af42211eb51d2c98a233e7e0a96b0b9fa92b26e2a77ba280d3041,CONTROLLED_TEST_MUTATION,excluded_ancestor,False,True,0.035,True,0.4501,False,4.2323,REQUIRED_INPUT_EXCLUDED,b2d83222fe4bab87f393b8e93c8a29f87ac2f8279ebd9de6ca63f25604bbf49f
case-01164,750f2ec35d98aeb8f97d0cb3fd5da757286b11e3563e3f8d7721f5d67f2425ff,CONTROLLED_TEST_MUTATION,future_timestamp,False,True,0.0427,False,0.3276,False,4.4633,EVIDENCE_FRESHNESS_UNKNOWN|EVIDENCE_TIMESTAMP_IN_FUTURE,b2d83222fe4bab87f393b8e93c8a29f87ac2f8279ebd9de6ca63f25604bbf49f
case-01165,e7a6e59487c025ffcd3b9571a7955db4db1b431c27a8b148624eb0aafeeacaa5,CONTROLLED_TEST_MUTATION,excluded_ancestor,False,True,0.0498,True,0.3866,False,4.6816,REQUIRED_INPUT_EXCLUDED,b2d83222fe4bab87f393b8e93c8a29f87ac2f8279ebd9de6ca63f25604bbf49f
case-01166,e93c1400de782e23846800d535291a1d3e7707d4c8ddbad416f9aa2c02993fd2,CLEAN_TEST_FIXTURE,none,True,True,0.0427,True,0.3543,True,4.9209,ALL_REQUIRED_EVIDENCE_TRUSTWORTHY,b2d83222fe4bab87f393b8e93c8a29f87ac2f8279ebd9de6ca63f25604bbf49f
case-01167,527af922ce7fb5a3b40e2546be6e913fc09103b4dfc6dc28a43ec3cb5a024dfa,CONTROLLED_TEST_MUTATION,snapshot_score_conflict,False,True,0.0414,True,0.3724,False,4.7887,EVIDENCE_SNAPSHOT_CONFLICT,b2d83222fe4bab87f393b8e93c8a29f87ac2f8279ebd9de6ca63f25604bbf49f
case-01168,81740ff577a8a2725a869ab721db5bc3bc867e4ca439237db292d82485dd7ffc,CONTROLLED_TEST_MUTATION,snapshot_score_conflict,False,True,0.0452,True,0.3768,False,4.0738,EVIDENCE_SNAPSHOT_CONFLICT,b2d83222fe4bab87f393b8e93c8a29f87ac2f8279ebd9de6ca63f25604bbf49f
case-01169,e9386a6c8c96fd9fc92faf8b3a0a0b24e572f50c413150754db82c299f2eb78b,CONTROLLED_TEST_MUTATION,incomplete_payload,False,True,0.0424,False,0.1767,False,4.0258,EVIDENCE_PAYLOAD_INCOMPLETE,b2d83222fe4bab87f393b8e93c8a29f87ac2f8279ebd9de6ca63f25604bbf49f
case-01170,73b7e69843ca7c3e967effd2c887604046c15e450d2626dde1606e88aacde118,CONTROLLED_TEST_MUTATION,malformed_payload,False,True,0.0386,True,0.3412,False,3.9163,EVIDENCE_PAYLOAD_SCHEMA_INVALID|EVIDENCE_SNAPSHOT_CONFLICT,b2d83222fe4bab87f393b8e93c8a29f87ac2f8279ebd9de6ca63f25604bbf49f
case-01171,e53f67ea25b2838b6a13db8382e7848e319940273e32f674763a8b11d1dfa3c5,CLEAN_TEST_FIXTURE,none,True,True,0.0418,True,0.3577,True,4.0205,ALL_REQUIRED_EVIDENCE_TRUSTWORTHY,b2d83222fe4bab87f393b8e93c8a29f87ac2f8279ebd9de6ca63f25604bbf49f
case-01172,b06a1cc96d522cc70da8127984b501b372e7e1678c6f08b2961190651a107bac,CONTROLLED_TEST_MUTATION,excluded_ancestor,False,True,0.039,True,0.3469,False,4.0984,REQUIRED_INPUT_EXCLUDED,b2d83222fe4bab87f393b8e93c8a29f87ac2f8279ebd9de6ca63f25604bbf49f
case-01173,39847c6c1bfeb32aff2344a3cc146dc1f6b81adb69f72e7cf6d60dfad4fe44c9,CLEAN_TEST_FIXTURE,none,True,True,0.0394,True,0.3511,True,3.9428,ALL_REQUIRED_EVIDENCE_TRUSTWORTHY,b2d83222fe4bab87f393b8e93c8a29f87ac2f8279ebd9de6ca63f25604bbf49f
case-01174,1e88233ee7da709a84332e552d98ceb0533c8ef9e62417c381e16817a7216ff4,CONTROLLED_TEST_MUTATION,lineage_cycle,False,True,0.0393,True,0.3461,False,7.2535,EVIDENCE_LINEAGE_INVALID,b2d83222fe4bab87f393b8e93c8a29f87ac2f8279ebd9de6ca63f25604bbf49f
case-01175,4bdba22f4b705f555e8275a5963e39345c0694a6ec9526dcf0d0403e9fbf5b83,CLEAN_TEST_FIXTURE,none,True,True,0.0402,True,0.3466,True,4.571,ALL_REQUIRED_EVIDENCE_TRUSTWORTHY,b2d83222fe4bab87f393b8e93c8a29f87ac2f8279ebd9de6ca63f25604bbf49f
case-01176,26864a8246779ebf9b73c3bcdda522a1a5afccdde3c517f3715985b1a94c166e,CONTROLLED_TEST_MUTATION,expired_import,False,True,0.0389,False,0.3006,False,4.685,EVIDENCE_STALE,b2d83222fe4bab87f393b8e93c8a29f87ac2f8279ebd9de6ca63f25604bbf49f
case-01177,a32e7aa9344c695beb31fd7262663c172672a89c57dc176328fb860ac268070e,CONTROLLED_TEST_MUTATION,excluded_ancestor,False,True,0.0549,True,0.5034,False,7.1707,REQUIRED_INPUT_EXCLUDED,b2d83222fe4bab87f393b8e93c8a29f87ac2f8279ebd9de6ca63f25604bbf49f
case-01178,2b7e5bca89405d3fc8a2e8a96cba173da57b2652ad37db28fabd00a690dc1c03,CONTROLLED_TEST_MUTATION,missing_lineage,False,True,0.0422,True,0.3592,False,4.0295,EVIDENCE_LINEAGE_INCOMPLETE,b2d83222fe4bab87f393b8e93c8a29f87ac2f8279ebd9de6ca63f25604bbf49f
case-01179,84eb460d12c75016a6d52a38aac60a290bf6d49925d6ce0bcd3fe756c317f248,CLEAN_TEST_FIXTURE,none,True,True,0.047,True,0.3678,True,3.8966,ALL_REQUIRED_EVIDENCE_TRUSTWORTHY,b2d83222fe4bab87f393b8e93c8a29f87ac2f8279ebd9de6ca63f25604bbf49f
case-01180,dfffe44f5a24de6183f2c678e153ca583847bc77a970df456eaeb3bdfc4f797e,CONTROLLED_TEST_MUTATION,unavailable_record,False,True,0.0383,False,0.3114,False,5.4092,EVIDENCE_LINEAGE_INCOMPLETE|EVIDENCE_UNAVAILABLE,b2d83222fe4bab87f393b8e93c8a29f87ac2f8279ebd9de6ca63f25604bbf49f
case-01181,7b248aa1f27bf0890dd79e2e28ead6d09440c85eb587c7f3f381d701265bec45,CONTROLLED_TEST_MUTATION,expired_import,False,True,0.0435,False,0.2982,False,4.1851,EVIDENCE_STALE,b2d83222fe4bab87f393b8e93c8a29f87ac2f8279ebd9de6ca63f25604bbf49f
case-01182,b771d3aea1b704b608645fcbb21a4e1a94456b9ba552e0cf4db703f5d133cf42,CONTROLLED_TEST_MUTATION,wrong_context,False,True,0.044,True,0.368,False,4.1944,EVIDENCE_CONTEXT_MISMATCH,b2d83222fe4bab87f393b8e93c8a29f87ac2f8279ebd9de6ca63f25604bbf49f
case-01183,a73266a658d8f2a36bd056dc5f54d26721e84486c77087499c10d9f180268487,CONTROLLED_TEST_MUTATION,unavailable_record,False,True,0.0454,False,0.3386,False,4.2115,EVIDENCE_LINEAGE_INCOMPLETE|EVIDENCE_UNAVAILABLE,b2d83222fe4bab87f393b8e93c8a29f87ac2f8279ebd9de6ca63f25604bbf49f
case-01184,9838cf5601c9fc43f28cf7febc58d04252d813986eb56a86cfda3df5576d47f3,CONTROLLED_TEST_MUTATION,missing_direct_role,False,False,0.0205,False,0.0145,False,4.0743,REQUIRED_ROLE_MISSING,b2d83222fe4bab87f393b8e93c8a29f87ac2f8279ebd9de6ca63f25604bbf49f
case-01185,e23bc463edff50dccbfb41a4d2cce65a8eca27b82efbdbd75cc7e3a190e9c1eb,CLEAN_TEST_FIXTURE,none,True,True,0.039,True,0.3474,True,3.9409,ALL_REQUIRED_EVIDENCE_TRUSTWORTHY,b2d83222fe4bab87f393b8e93c8a29f87ac2f8279ebd9de6ca63f25604bbf49f
case-01186,0ce9a625889ded5be7f07bbcbb0251375f3fd5f983cae172aed91e877342b3a0,CONTROLLED_TEST_MUTATION,excluded_ancestor,False,True,0.0413,True,0.3586,False,3.969,REQUIRED_INPUT_EXCLUDED,b2d83222fe4bab87f393b8e93c8a29f87ac2f8279ebd9de6ca63f25604bbf49f
case-01187,a0672460b25ac58305137a40a29c544528bfe8bd6be9c4a23bf588388ddca85e,CONTROLLED_TEST_MUTATION,future_timestamp,False,True,0.0393,False,0.322,False,4.0275,EVIDENCE_FRESHNESS_UNKNOWN|EVIDENCE_TIMESTAMP_IN_FUTURE,b2d83222fe4bab87f393b8e93c8a29f87ac2f8279ebd9de6ca63f25604bbf49f
case-01188,f955dadec5c2a4723e1d6af9170d31b3184bedb27aebbb582fa9353506a971f6,CLEAN_TEST_FIXTURE,none,True,True,0.0417,True,0.3598,True,4.0182,ALL_REQUIRED_EVIDENCE_TRUSTWORTHY,b2d83222fe4bab87f393b8e93c8a29f87ac2f8279ebd9de6ca63f25604bbf49f
case-01189,bfa0d1ead9567df9f8433c55026b144479fa45ea5a9f14137648a6da2e8c37a5,CONTROLLED_TEST_MUTATION,empty_payload,False,False,0.0405,False,0.034,False,3.9142,EVIDENCE_PAYLOAD_EMPTY|EVIDENCE_PAYLOAD_SCHEMA_INVALID|EVIDENCE_SNAPSHOT_CONFLICT,b2d83222fe4bab87f393b8e93c8a29f87ac2f8279ebd9de6ca63f25604bbf49f
case-01190,a93da7a7cc8e54f27c4f8320355a2083ca4b2bdd008081dd27d213c958a49837,CONTROLLED_TEST_MUTATION,expired_import,False,True,0.0426,False,0.3005,False,4.627,EVIDENCE_STALE,b2d83222fe4bab87f393b8e93c8a29f87ac2f8279ebd9de6ca63f25604bbf49f
case-01191,b8336f52335b609e8ad7a1cd08aed37f34b71362641a4376f7f81a0f7ce01656,CLEAN_TEST_FIXTURE,none,True,True,0.0424,True,0.3554,True,4.9037,ALL_REQUIRED_EVIDENCE_TRUSTWORTHY,b2d83222fe4bab87f393b8e93c8a29f87ac2f8279ebd9de6ca63f25604bbf49f
case-01192,7059ac73e50082e535b3a605c06ce296140df18a05c90d6dc0e64c947821722a,CONTROLLED_TEST_MUTATION,future_timestamp,False,True,0.0409,False,0.3232,False,3.9665,EVIDENCE_FRESHNESS_UNKNOWN|EVIDENCE_TIMESTAMP_IN_FUTURE,b2d83222fe4bab87f393b8e93c8a29f87ac2f8279ebd9de6ca63f25604bbf49f
case-01193,cde9e201d5c1b991bbf10a20230ff41aa60548cd5cdef00cb4fa238b4778bbd7,CONTROLLED_TEST_MUTATION,missing_lineage,False,True,0.0377,True,0.3433,False,3.9457,EVIDENCE_LINEAGE_INCOMPLETE,b2d83222fe4bab87f393b8e93c8a29f87ac2f8279ebd9de6ca63f25604bbf49f
case-01194,19099863e5708b301001dba482eac45ae8df84eef847a8e2b274c20fcfd1efc1,CONTROLLED_TEST_MUTATION,malformed_payload,False,True,0.0361,True,0.315,False,3.8023,EVIDENCE_PAYLOAD_SCHEMA_INVALID|EVIDENCE_SNAPSHOT_CONFLICT,b2d83222fe4bab87f393b8e93c8a29f87ac2f8279ebd9de6ca63f25604bbf49f
case-01195,fcc8f62b0d974d4d97796abac66d1bbf5879c483f184f526b40e36f6719133c7,CONTROLLED_TEST_MUTATION,root_signature_tamper_after_seal,False,True,0.0408,True,1.2322,False,4.7234,EVIDENCE_ROOT_INVALID,b2d83222fe4bab87f393b8e93c8a29f87ac2f8279ebd9de6ca63f25604bbf49f
case-01196,3f7b838631fbff94d8cd938cf3912775a0b4e0e2da982dee0bb2a2e601c47fc2,CONTROLLED_TEST_MUTATION,source_type_impersonation,False,True,0.0362,True,0.3182,False,3.6882,EVIDENCE_ROLE_SOURCE_NOT_ALLOWED|OPERATOR_EVIDENCE_UNVERIFIED,b2d83222fe4bab87f393b8e93c8a29f87ac2f8279ebd9de6ca63f25604bbf49f
case-01197,3ddce1fbe56aa91c09353091aa1258526870f082e50bd181dc6cf89797f613c9,CONTROLLED_TEST_MUTATION,role_conflict,False,True,0.0412,True,0.3512,False,4.1203,EVIDENCE_ROLE_CONFLICT,b2d83222fe4bab87f393b8e93c8a29f87ac2f8279ebd9de6ca63f25604bbf49f
case-01198,357afd94a68921615239d841fadea2f53d4837442a67a5a42fbfba13b5883771,CONTROLLED_TEST_MUTATION,malformed_payload,False,True,0.0354,True,0.4871,False,3.6278,EVIDENCE_PAYLOAD_SCHEMA_INVALID|EVIDENCE_SNAPSHOT_CONFLICT,b2d83222fe4bab87f393b8e93c8a29f87ac2f8279ebd9de6ca63f25604bbf49f
case-01199,e064869229344adb8832edb5581d99fc7f40a47b1ff7ad8e408af6554ebef49f,CONTROLLED_TEST_MUTATION,unknown_source,False,True,0.0396,True,0.3418,False,4.5951,EVIDENCE_ROLE_SOURCE_NOT_ALLOWED|EVIDENCE_SOURCE_ID_UNKNOWN|EVIDENCE_SOURCE_POLICY_MISSING,b2d83222fe4bab87f393b8e93c8a29f87ac2f8279ebd9de6ca63f25604bbf49f
case-01200,89f52d8a09d6cc220e31fbc4c63e245b100fd134c9aa90f9d5668ca573acf3c6,CONTROLLED_TEST_MUTATION,lineage_cycle,False,True,0.0392,True,0.3616,False,4.2344,EVIDENCE_LINEAGE_INVALID,b2d83222fe4bab87f393b8e93c8a29f87ac2f8279ebd9de6ca63f25604bbf49f
case-01201,9b3df988eb73b454dec55d570ac684946e5afa23ab744e3fa7a08b0c38585de1,CONTROLLED_TEST_MUTATION,wrong_context,False,True,0.0424,True,0.3421,False,3.9869,EVIDENCE_CONTEXT_MISMATCH,b2d83222fe4bab87f393b8e93c8a29f87ac2f8279ebd9de6ca63f25604bbf49f
case-01202,efb393c3d66885db21c15a9ae1795400ef2f16642acd8c123ec1442f941abca0,CONTROLLED_TEST_MUTATION,missing_lineage,False,True,0.0353,True,0.3186,False,6.4901,EVIDENCE_LINEAGE_INCOMPLETE,b2d83222fe4bab87f393b8e93c8a29f87ac2f8279ebd9de6ca63f25604bbf49f
case-01203,777aee8875935c22a69a14a6a34e3f8196ae6c354b5f545ca20f261338767841,CONTROLLED_TEST_MUTATION,excluded_ancestor,False,True,0.0369,True,0.404,False,4.4878,REQUIRED_INPUT_EXCLUDED,b2d83222fe4bab87f393b8e93c8a29f87ac2f8279ebd9de6ca63f25604bbf49f
case-01204,459572e45afd3a667a72def87aee3d00e3960e5723c57d434388c017870026b6,CONTROLLED_TEST_MUTATION,unavailable_record,False,True,0.042,False,0.324,False,3.8021,EVIDENCE_LINEAGE_INCOMPLETE|EVIDENCE_UNAVAILABLE,b2d83222fe4bab87f393b8e93c8a29f87ac2f8279ebd9de6ca63f25604bbf49f
case-01205,be2463c1c8390be59687b3568b414fd2dbcaef7616fa0f1a638814618b41feb8,CONTROLLED_TEST_MUTATION,snapshot_score_conflict,False,True,0.0362,True,0.3228,False,3.8934,EVIDENCE_SNAPSHOT_CONFLICT,b2d83222fe4bab87f393b8e93c8a29f87ac2f8279ebd9de6ca63f25604bbf49f
case-01206,5c5713931f3a8b8cccb74d687baa0cc2679e692f5ff3c35f25ecdcff4d4bac0d,CONTROLLED_TEST_MUTATION,wrong_context,False,True,0.0381,True,0.3267,False,3.7485,EVIDENCE_CONTEXT_MISMATCH,b2d83222fe4bab87f393b8e93c8a29f87ac2f8279ebd9de6ca63f25604bbf49f
case-01207,8e37d3e154f90f3e53883870857c3ea90118b2255fa0a92e7336a74a497e1160,CLEAN_TEST_FIXTURE,none,True,True,0.0381,True,0.3416,True,4.1873,ALL_REQUIRED_EVIDENCE_TRUSTWORTHY,b2d83222fe4bab87f393b8e93c8a29f87ac2f8279ebd9de6ca63f25604bbf49f
case-01208,b6a717fe581cc87e196e144cbdb08b8028fb94c87e1acca84c8f389b4535a11d,CLEAN_TEST_FIXTURE,none,True,True,0.0357,True,0.3166,True,3.5972,ALL_REQUIRED_EVIDENCE_TRUSTWORTHY,b2d83222fe4bab87f393b8e93c8a29f87ac2f8279ebd9de6ca63f25604bbf49f
case-01209,40428ae30b37c4108368914fa33a8f78ff0f1c22eaa749ae951b7687af1eccf0,CONTROLLED_TEST_MUTATION,empty_payload,False,False,0.0442,False,0.0339,False,6.6063,EVIDENCE_PAYLOAD_EMPTY|EVIDENCE_PAYLOAD_SCHEMA_INVALID|EVIDENCE_SNAPSHOT_CONFLICT,b2d83222fe4bab87f393b8e93c8a29f87ac2f8279ebd9de6ca63f25604bbf49f
case-01210,b64ddef5dad0bfd6bb3385d99963cd6f323ed301fd74a30ad2c712ff997042c3,CLEAN_TEST_FIXTURE,none,True,True,0.0391,True,0.4284,True,4.4475,ALL_REQUIRED_EVIDENCE_TRUSTWORTHY,b2d83222fe4bab87f393b8e93c8a29f87ac2f8279ebd9de6ca63f25604bbf49f
case-01211,3380aad4d38f0c3bd9c4788d05dd1811914f962b71a2af9cb7ec3a262c955aa2,CONTROLLED_TEST_MUTATION,unknown_source,False,True,0.0425,True,0.326,False,4.08,EVIDENCE_ROLE_SOURCE_NOT_ALLOWED|EVIDENCE_SOURCE_ID_UNKNOWN|EVIDENCE_SOURCE_POLICY_MISSING,b2d83222fe4bab87f393b8e93c8a29f87ac2f8279ebd9de6ca63f25604bbf49f
case-01212,db65c654afb1abc431005e50f6cc169515d1788ddb113a06b33e9102c652a274,CONTROLLED_TEST_MUTATION,root_signature_tamper_after_seal,False,True,0.0409,True,0.3592,False,3.6457,EVIDENCE_ROOT_INVALID,b2d83222fe4bab87f393b8e93c8a29f87ac2f8279ebd9de6ca63f25604bbf49f
case-01213,844c4bb7ab8b8c9e7d1d549c5a4fb949d9e6958c288590d06fb7337b05f8ad2a,CONTROLLED_TEST_MUTATION,wrong_context,False,True,0.041,True,0.3937,False,3.7931,EVIDENCE_CONTEXT_MISMATCH,b2d83222fe4bab87f393b8e93c8a29f87ac2f8279ebd9de6ca63f25604bbf49f
case-01214,a901f4cd3b4259a78e739a0e311ad9e5e2dbb190439178681d278aabb6f1b9ee,CONTROLLED_TEST_MUTATION,lineage_cycle,False,True,0.0343,True,0.3079,False,3.9944,EVIDENCE_LINEAGE_INVALID,b2d83222fe4bab87f393b8e93c8a29f87ac2f8279ebd9de6ca63f25604bbf49f
case-01215,ecbc0ab0b281eb33e78c16433dd29800e3866bfc72895dc32f773570ba9436d0,CONTROLLED_TEST_MUTATION,unavailable_record,False,True,0.0364,False,0.2951,False,3.6628,EVIDENCE_LINEAGE_INCOMPLETE|EVIDENCE_UNAVAILABLE,b2d83222fe4bab87f393b8e93c8a29f87ac2f8279ebd9de6ca63f25604bbf49f
case-01216,f6fde3573ecc82730e54b0fcb108dd475b0be9bd8cb7b229df9f1cd675ac71f0,CONTROLLED_TEST_MUTATION,unavailable_record,False,True,0.0384,False,0.3007,False,3.8238,EVIDENCE_LINEAGE_INCOMPLETE|EVIDENCE_UNAVAILABLE,b2d83222fe4bab87f393b8e93c8a29f87ac2f8279ebd9de6ca63f25604bbf49f
case-01217,cdcd85378a0a603d3142fc4259bdb4e93e5a5a3bbb5d6d75aa46d6fb11cc0ed9,CONTROLLED_TEST_MUTATION,malformed_payload,False,True,0.0376,True,0.3442,False,3.7572,EVIDENCE_PAYLOAD_SCHEMA_INVALID|EVIDENCE_SNAPSHOT_CONFLICT,b2d83222fe4bab87f393b8e93c8a29f87ac2f8279ebd9de6ca63f25604bbf49f
case-01218,8bab516837084204175d70c54e8f847f179533e2bfef01e534cfb1dfd1f77ab7,CONTROLLED_TEST_MUTATION,unavailable_record,False,True,0.0343,False,0.2892,False,4.0718,EVIDENCE_LINEAGE_INCOMPLETE|EVIDENCE_UNAVAILABLE,b2d83222fe4bab87f393b8e93c8a29f87ac2f8279ebd9de6ca63f25604bbf49f
case-01219,fd23d02b7f0c68e4a25684e2a1dd56243545a9deccb38720f77a3fe99d0239c5,CONTROLLED_TEST_MUTATION,payload_tamper_after_seal,False,True,0.0349,False,0.0761,False,3.7379,CHECKSUM_INVALID|EVIDENCE_ROOT_INVALID|EVIDENCE_SNAPSHOT_CONFLICT|RECORD_ENVELOPE_INVALID,b2d83222fe4bab87f393b8e93c8a29f87ac2f8279ebd9de6ca63f25604bbf49f
case-01220,0f5ec9fd4016d578bf58805e2cc421d1431c24c61605e120103ff264f9f7df03,CONTROLLED_TEST_MUTATION,source_type_impersonation,False,True,0.0339,True,0.3063,False,4.8094,EVIDENCE_ROLE_SOURCE_NOT_ALLOWED|OPERATOR_EVIDENCE_UNVERIFIED,b2d83222fe4bab87f393b8e93c8a29f87ac2f8279ebd9de6ca63f25604bbf49f
case-01221,95fb5b006c8c99caae9baa475eb188191d5379316054c4705e535642e36c8d92,CLEAN_TEST_FIXTURE,none,True,True,0.0474,True,0.3891,True,3.7367,ALL_REQUIRED_EVIDENCE_TRUSTWORTHY,b2d83222fe4bab87f393b8e93c8a29f87ac2f8279ebd9de6ca63f25604bbf49f
case-01222,61b7c596da3ddbc7ec9ff7633a6881ca0763a2bbb0baa63257654176f6bec938,CONTROLLED_TEST_MUTATION,future_timestamp,False,True,0.0354,False,0.2863,False,3.8832,EVIDENCE_FRESHNESS_UNKNOWN|EVIDENCE_TIMESTAMP_IN_FUTURE,b2d83222fe4bab87f393b8e93c8a29f87ac2f8279ebd9de6ca63f25604bbf49f
case-01223,8ea3f4ff1664000d336a9269d3fae5d1d925fa77a9f3dd2335e7766c57e477d8,CONTROLLED_TEST_MUTATION,broken_lineage,False,True,0.0432,True,0.4286,False,3.9657,EVIDENCE_LINEAGE_INVALID,b2d83222fe4bab87f393b8e93c8a29f87ac2f8279ebd9de6ca63f25604bbf49f
case-01224,6b005cd222fb2d66459ce4df0ad4fc3c9b4237181cc48e47d168da8c625ae675,CONTROLLED_TEST_MUTATION,broken_lineage,False,True,0.0359,True,0.4176,False,5.3307,EVIDENCE_LINEAGE_INVALID,b2d83222fe4bab87f393b8e93c8a29f87ac2f8279ebd9de6ca63f25604bbf49f
case-01225,2b75ac6cc3efd6225382662acbb07c2536b3b756b3472b255f9bf48ae92387e8,CONTROLLED_TEST_MUTATION,future_timestamp,False,True,0.0365,False,0.2886,False,3.6392,EVIDENCE_FRESHNESS_UNKNOWN|EVIDENCE_TIMESTAMP_IN_FUTURE,b2d83222fe4bab87f393b8e93c8a29f87ac2f8279ebd9de6ca63f25604bbf49f
case-01226,d1dedebb10727e91df16c059c720f80dc7221197ab71459d04fab44837997569,CONTROLLED_TEST_MUTATION,malformed_payload,False,True,0.037,True,0.3196,False,3.5571,EVIDENCE_PAYLOAD_SCHEMA_INVALID|EVIDENCE_SNAPSHOT_CONFLICT,b2d83222fe4bab87f393b8e93c8a29f87ac2f8279ebd9de6ca63f25604bbf49f
case-01227,3fc6103c7a17774d25dc278fd05934b99cfe0691dd52bc717441ca0ff0c39036,CONTROLLED_TEST_MUTATION,empty_payload,False,False,0.0352,False,0.0282,False,3.5423,EVIDENCE_PAYLOAD_EMPTY|EVIDENCE_PAYLOAD_SCHEMA_INVALID|EVIDENCE_SNAPSHOT_CONFLICT,b2d83222fe4bab87f393b8e93c8a29f87ac2f8279ebd9de6ca63f25604bbf49f
case-01228,e09c85236a37f084fc7494fee7e36325c583181387f16477a26c4c007e4dd44a,CONTROLLED_TEST_MUTATION,malformed_payload,False,True,0.0406,True,1.1691,False,3.7789,EVIDENCE_PAYLOAD_SCHEMA_INVALID|EVIDENCE_SNAPSHOT_CONFLICT,b2d83222fe4bab87f393b8e93c8a29f87ac2f8279ebd9de6ca63f25604bbf49f
case-01229,35854cd820640f526144dcb25ea3a57f74645cdd4b85120fa651fe8a4cf1b6a1,CONTROLLED_TEST_MUTATION,payload_tamper_after_seal,False,True,0.0363,False,0.0808,False,3.6469,CHECKSUM_INVALID|EVIDENCE_ROOT_INVALID|EVIDENCE_SNAPSHOT_CONFLICT|RECORD_ENVELOPE_INVALID,b2d83222fe4bab87f393b8e93c8a29f87ac2f8279ebd9de6ca63f25604bbf49f
case-01230,8feb0d38a610e47d96d36d0e5940fb7663c34c97da35f0b83a1a90d4c73d33c6,CONTROLLED_TEST_MUTATION,wrong_context,False,True,0.0351,True,0.3166,False,3.7694,EVIDENCE_CONTEXT_MISMATCH,b2d83222fe4bab87f393b8e93c8a29f87ac2f8279ebd9de6ca63f25604bbf49f
case-01231,a0dea8dd695a8c2c0f50774fff4d828540f50d0771729041a37bfd1c797999dc,CLEAN_TEST_FIXTURE,none,True,True,0.0337,True,0.3126,True,3.5261,ALL_REQUIRED_EVIDENCE_TRUSTWORTHY,b2d83222fe4bab87f393b8e93c8a29f87ac2f8279ebd9de6ca63f25604bbf49f
case-01232,d50c507ad132e35fe20e37c5d1aa04342d483e2ee2eaf64901d777d17d17394e,CLEAN_TEST_FIXTURE,none,True,True,0.0506,True,0.5049,True,3.8332,ALL_REQUIRED_EVIDENCE_TRUSTWORTHY,b2d83222fe4bab87f393b8e93c8a29f87ac2f8279ebd9de6ca63f25604bbf49f
case-01233,6b06b2b0a92e8a5ab81f79e86c947a08379960b55d75bde79141c1926f108b98,CONTROLLED_TEST_MUTATION,future_timestamp,False,True,0.0361,False,0.3286,False,3.8861,EVIDENCE_FRESHNESS_UNKNOWN|EVIDENCE_TIMESTAMP_IN_FUTURE,b2d83222fe4bab87f393b8e93c8a29f87ac2f8279ebd9de6ca63f25604bbf49f
case-01234,dcad158f51e70b67726de9f76814a58a6461fb091d0d9eb71a38d5ab15bc2255,CLEAN_TEST_FIXTURE,none,True,True,0.0444,True,0.5033,True,3.6789,ALL_REQUIRED_EVIDENCE_TRUSTWORTHY,b2d83222fe4bab87f393b8e93c8a29f87ac2f8279ebd9de6ca63f25604bbf49f
case-01235,49ec651176bb274eb70b0cbdcfc96f4262f754efa58dc03f4c4d920afe53a454,CONTROLLED_TEST_MUTATION,expired_import,False,True,0.0349,False,0.3178,False,3.9814,EVIDENCE_STALE,b2d83222fe4bab87f393b8e93c8a29f87ac2f8279ebd9de6ca63f25604bbf49f
case-01236,c60ea4c6283f100e0c014e384259498a96cbf945ed428f2e0b063a1a13df0776,CLEAN_TEST_FIXTURE,none,True,True,0.0393,True,0.3332,True,3.7383,ALL_REQUIRED_EVIDENCE_TRUSTWORTHY,b2d83222fe4bab87f393b8e93c8a29f87ac2f8279ebd9de6ca63f25604bbf49f
case-01237,23d959ee72d5a66de93cdd9e05200d2b79d4118d13a86e75721ff49d2bfbb97a,CONTROLLED_TEST_MUTATION,unavailable_record,False,True,0.0407,False,0.3834,False,3.8777,EVIDENCE_LINEAGE_INCOMPLETE|EVIDENCE_UNAVAILABLE,b2d83222fe4bab87f393b8e93c8a29f87ac2f8279ebd9de6ca63f25604bbf49f
case-01238,e2cfb5acb4aa9a8faf0084ec22db6490a600283e7a682d81f44c7483e544c0e5,CONTROLLED_TEST_MUTATION,broken_lineage,False,True,0.0357,True,0.3158,False,3.6501,EVIDENCE_LINEAGE_INVALID,b2d83222fe4bab87f393b8e93c8a29f87ac2f8279ebd9de6ca63f25604bbf49f
case-01239,a7ba41d025570f33d239003ceb6519da878603b4fb08a1c5c0df2126691df43b,CONTROLLED_TEST_MUTATION,excluded_ancestor,False,True,0.0344,True,0.3062,False,3.5613,REQUIRED_INPUT_EXCLUDED,b2d83222fe4bab87f393b8e93c8a29f87ac2f8279ebd9de6ca63f25604bbf49f
case-01240,3ff279b18557f0cf95cac67648ef1688e7664e30e997fd3f8a2c583dccc9d849,CONTROLLED_TEST_MUTATION,expired_import,False,True,0.0378,False,0.2994,False,3.835,EVIDENCE_STALE,b2d83222fe4bab87f393b8e93c8a29f87ac2f8279ebd9de6ca63f25604bbf49f
case-01241,a84f8b2ea8fc11f38f9b1fd850239dce83f7fd81890dad8b1f443e45f38c328a,CONTROLLED_TEST_MUTATION,unavailable_record,False,True,0.0337,False,0.2893,False,3.5036,EVIDENCE_LINEAGE_INCOMPLETE|EVIDENCE_UNAVAILABLE,b2d83222fe4bab87f393b8e93c8a29f87ac2f8279ebd9de6ca63f25604bbf49f
case-01242,1d6f8ce9baafbaa27807c841aa34a878a42f5fb59349aae690882c4ec4880a3c,CONTROLLED_TEST_MUTATION,missing_lineage,False,True,0.0385,True,0.3477,False,3.5884,EVIDENCE_LINEAGE_INCOMPLETE,b2d83222fe4bab87f393b8e93c8a29f87ac2f8279ebd9de6ca63f25604bbf49f
case-01243,84d1da8b5a5b29f389463b386183906369544ae5ff350d239b6301eee66cb148,CONTROLLED_TEST_MUTATION,wrong_context,False,True,0.0343,True,0.3071,False,3.5949,EVIDENCE_CONTEXT_MISMATCH,b2d83222fe4bab87f393b8e93c8a29f87ac2f8279ebd9de6ca63f25604bbf49f
case-01244,9a7a74300ed6571e571fb02ca69915350cfb161a031095a2e7af1ec3e474dc47,CONTROLLED_TEST_MUTATION,malformed_payload,False,True,0.0357,True,0.309,False,3.8617,EVIDENCE_PAYLOAD_SCHEMA_INVALID|EVIDENCE_SNAPSHOT_CONFLICT,b2d83222fe4bab87f393b8e93c8a29f87ac2f8279ebd9de6ca63f25604bbf49f
case-01245,236af9ee0ea51b285b87b09783d9b207c53fdb1d27f6b77f7da5b19e393c3b38,CONTROLLED_TEST_MUTATION,incomplete_payload,False,True,0.0349,False,0.1478,False,3.6234,EVIDENCE_PAYLOAD_INCOMPLETE,b2d83222fe4bab87f393b8e93c8a29f87ac2f8279ebd9de6ca63f25604bbf49f
case-01246,f92ae7ed41d34ce25e480176f2a6088d7b9fae7a700146dfdd49dd823d86085e,CONTROLLED_TEST_MUTATION,role_conflict,False,True,0.0419,True,0.3463,False,3.9216,EVIDENCE_ROLE_CONFLICT,b2d83222fe4bab87f393b8e93c8a29f87ac2f8279ebd9de6ca63f25604bbf49f
case-01247,880ae8e53064f3f7f818c6478c62c1180ac7f62d93c16a5d3e90d98a9a3b64a9,CONTROLLED_TEST_MUTATION,incomplete_payload,False,True,0.0341,False,0.1669,False,4.0023,EVIDENCE_PAYLOAD_INCOMPLETE,b2d83222fe4bab87f393b8e93c8a29f87ac2f8279ebd9de6ca63f25604bbf49f
case-01248,99d028add6c609c292010a26fc0e35358ed0a84d20afe5c79e8714f93bc80dd2,CONTROLLED_TEST_MUTATION,missing_direct_role,False,False,0.0187,False,0.0136,False,3.2113,REQUIRED_ROLE_MISSING,b2d83222fe4bab87f393b8e93c8a29f87ac2f8279ebd9de6ca63f25604bbf49f
case-01249,99b29e235c8d226ad0b24705c8e1874f78bed3d4e5d06fad698c8659d1320a64,CONTROLLED_TEST_MUTATION,snapshot_score_conflict,False,True,0.0349,True,0.3172,False,3.7228,EVIDENCE_SNAPSHOT_CONFLICT,b2d83222fe4bab87f393b8e93c8a29f87ac2f8279ebd9de6ca63f25604bbf49f
case-01250,e7f2987cf6d7b12dcce8fe6500950d93edab1b2846dac67625f6dedc65cdc35a,CONTROLLED_TEST_MUTATION,source_type_impersonation,False,True,0.0354,True,0.3277,False,3.6167,EVIDENCE_ROLE_SOURCE_NOT_ALLOWED|OPERATOR_EVIDENCE_UNVERIFIED,b2d83222fe4bab87f393b8e93c8a29f87ac2f8279ebd9de6ca63f25604bbf49f
case-01251,f57c82fe447306e727cf09a4ecd66f82805344924e65c460a6e5ffd50357f31d,CONTROLLED_TEST_MUTATION,wrong_context,False,True,0.0337,True,0.3221,False,3.5275,EVIDENCE_CONTEXT_MISMATCH,b2d83222fe4bab87f393b8e93c8a29f87ac2f8279ebd9de6ca63f25604bbf49f
case-01252,2fc2c35ac0c29909bffb0c24a6b6a7d39ca68d88347fd34c088455cb42fa80b1,CONTROLLED_TEST_MUTATION,role_conflict,False,True,0.0399,True,0.3392,False,3.9881,EVIDENCE_ROLE_CONFLICT,b2d83222fe4bab87f393b8e93c8a29f87ac2f8279ebd9de6ca63f25604bbf49f
case-01253,998eb85364f85b030a8ed81dd8568f8a232018715fa25c1ebe4d9e783bab044c,CONTROLLED_TEST_MUTATION,stale_live_observation,False,True,0.0337,False,0.3305,False,3.7576,EVIDENCE_STALE,b2d83222fe4bab87f393b8e93c8a29f87ac2f8279ebd9de6ca63f25604bbf49f
case-01254,93d8ea41841d769cf55f82aeab41c57498b216a03d11a45c75f33425cb2b1611,CONTROLLED_TEST_MUTATION,malformed_payload,False,True,0.0345,True,0.3048,False,3.5782,EVIDENCE_PAYLOAD_SCHEMA_INVALID|EVIDENCE_SNAPSHOT_CONFLICT,b2d83222fe4bab87f393b8e93c8a29f87ac2f8279ebd9de6ca63f25604bbf49f
case-01255,14a0c69b3e31ad26202e17266f6645bf65fead7ac11425a6ee287fefd1510a0f,CONTROLLED_TEST_MUTATION,unknown_source,False,True,0.0369,True,0.3432,False,6.4708,EVIDENCE_ROLE_SOURCE_NOT_ALLOWED|EVIDENCE_SOURCE_ID_UNKNOWN|EVIDENCE_SOURCE_POLICY_MISSING,b2d83222fe4bab87f393b8e93c8a29f87ac2f8279ebd9de6ca63f25604bbf49f
case-01256,12ad5bc651d6d05853ef409272f9b71943ab688012a2a6ba4c96eb16c126a3ee,CONTROLLED_TEST_MUTATION,missing_direct_role,False,False,0.0197,False,0.0136,False,3.2853,REQUIRED_ROLE_MISSING,b2d83222fe4bab87f393b8e93c8a29f87ac2f8279ebd9de6ca63f25604bbf49f
case-01257,84673a636baf6722c788228e04dd0175cba501a7899ed185dd58aa52212655f9,CONTROLLED_TEST_MUTATION,missing_lineage,False,True,0.0358,True,0.3193,False,4.0288,EVIDENCE_LINEAGE_INCOMPLETE,b2d83222fe4bab87f393b8e93c8a29f87ac2f8279ebd9de6ca63f25604bbf49f
case-01258,3f3387830943a41f95d58564a7aa475c463025ddee794848a701eb2175af5a28,CONTROLLED_TEST_MUTATION,missing_lineage,False,True,0.0353,True,0.3274,False,3.6753,EVIDENCE_LINEAGE_INCOMPLETE,b2d83222fe4bab87f393b8e93c8a29f87ac2f8279ebd9de6ca63f25604bbf49f
case-01259,9580b9015e5dc0616cab68ea65fc4e61037b4fb8364fc4f4e787754704387d3e,CONTROLLED_TEST_MUTATION,missing_direct_role,False,False,0.031,False,0.0162,False,4.5137,REQUIRED_ROLE_MISSING,b2d83222fe4bab87f393b8e93c8a29f87ac2f8279ebd9de6ca63f25604bbf49f
case-01260,4e01f68e6629edfaa1bcaf3731b174f4d44d61c5c9994396e828888ab2dc0c4b,CONTROLLED_TEST_MUTATION,malformed_payload,False,True,0.0365,True,0.3097,False,3.5572,EVIDENCE_PAYLOAD_SCHEMA_INVALID|EVIDENCE_SNAPSHOT_CONFLICT,b2d83222fe4bab87f393b8e93c8a29f87ac2f8279ebd9de6ca63f25604bbf49f
case-01261,2a7de5f710a1a6a65fa36bdbd127bdc45fb7bdacba1de779cbcd25aaae80d759,CONTROLLED_TEST_MUTATION,unknown_source,False,True,0.0341,True,0.3032,False,3.9104,EVIDENCE_ROLE_SOURCE_NOT_ALLOWED|EVIDENCE_SOURCE_ID_UNKNOWN|EVIDENCE_SOURCE_POLICY_MISSING,b2d83222fe4bab87f393b8e93c8a29f87ac2f8279ebd9de6ca63f25604bbf49f
case-01262,0d7ac6d337a19f46622df8cf9514bb5112ee3795772b196c0a635e1029be8cf2,CONTROLLED_TEST_MUTATION,stale_live_observation,False,True,0.0336,False,0.3045,False,3.5337,EVIDENCE_STALE,b2d83222fe4bab87f393b8e93c8a29f87ac2f8279ebd9de6ca63f25604bbf49f
case-01263,18965b44744f58b238f8fbb12337c6f96b42176cb0aff945fa3477be134a42b7,CONTROLLED_TEST_MUTATION,missing_lineage,False,True,0.0339,True,0.353,False,4.2916,EVIDENCE_LINEAGE_INCOMPLETE,b2d83222fe4bab87f393b8e93c8a29f87ac2f8279ebd9de6ca63f25604bbf49f
case-01264,cab50ac4f46ef57cb1e716893fa97cb60abbb711ed4002c359dbe8ac84db3960,CONTROLLED_TEST_MUTATION,source_type_impersonation,False,True,0.0363,True,0.3206,False,3.746,EVIDENCE_ROLE_SOURCE_NOT_ALLOWED|OPERATOR_EVIDENCE_UNVERIFIED,b2d83222fe4bab87f393b8e93c8a29f87ac2f8279ebd9de6ca63f25604bbf49f
case-01265,ea3155efed437a5f0f90eb96c293e3ed1e8456fc13a7d2034d3fe30e920a53d8,CONTROLLED_TEST_MUTATION,root_signature_tamper_after_seal,False,True,0.0356,True,0.3144,False,3.9831,EVIDENCE_ROOT_INVALID,b2d83222fe4bab87f393b8e93c8a29f87ac2f8279ebd9de6ca63f25604bbf49f
case-01266,369d4806c1298da91a99f249cd4a80ffca6585ef1c3008278cc66c46d7b021b7,CONTROLLED_TEST_MUTATION,empty_payload,False,False,0.0367,False,0.0287,False,3.5352,EVIDENCE_PAYLOAD_EMPTY|EVIDENCE_PAYLOAD_SCHEMA_INVALID|EVIDENCE_SNAPSHOT_CONFLICT,b2d83222fe4bab87f393b8e93c8a29f87ac2f8279ebd9de6ca63f25604bbf49f
case-01267,7b100d0dfeea034ea42c1c6a9cd7953e90f78c680a2c6468d77be6a26727b5df,CONTROLLED_TEST_MUTATION,unavailable_record,False,True,0.0342,False,0.2877,False,5.1019,EVIDENCE_LINEAGE_INCOMPLETE|EVIDENCE_UNAVAILABLE,b2d83222fe4bab87f393b8e93c8a29f87ac2f8279ebd9de6ca63f25604bbf49f
case-01268,0e9c239a7f66970f750455827789fd47b4a758fa440528100119b06ce4337a87,CLEAN_TEST_FIXTURE,none,True,True,0.0354,True,0.3115,True,3.6327,ALL_REQUIRED_EVIDENCE_TRUSTWORTHY,b2d83222fe4bab87f393b8e93c8a29f87ac2f8279ebd9de6ca63f25604bbf49f
case-01269,c6f0fa0d00a21e3ebf43789cd02d82fd428d3cc662b871f2c9e1cfad29b0d867,CONTROLLED_TEST_MUTATION,unknown_source,False,True,0.0349,True,0.3926,False,3.9262,EVIDENCE_ROLE_SOURCE_NOT_ALLOWED|EVIDENCE_SOURCE_ID_UNKNOWN|EVIDENCE_SOURCE_POLICY_MISSING,b2d83222fe4bab87f393b8e93c8a29f87ac2f8279ebd9de6ca63f25604bbf49f
case-01270,02fe3dee7cbb7bdad0fc5200d0fdc42a485380c1ba4f4dd13db1f3fcdb5f941d,CONTROLLED_TEST_MUTATION,missing_lineage,False,True,0.0337,True,0.352,False,3.8093,EVIDENCE_LINEAGE_INCOMPLETE,b2d83222fe4bab87f393b8e93c8a29f87ac2f8279ebd9de6ca63f25604bbf49f
case-01271,37309f5fa421597b54d5d05866461a00a2295e3512fb56b955bd2507311d3dd0,CLEAN_TEST_FIXTURE,none,True,True,0.0344,True,0.337,True,5.8924,ALL_REQUIRED_EVIDENCE_TRUSTWORTHY,b2d83222fe4bab87f393b8e93c8a29f87ac2f8279ebd9de6ca63f25604bbf49f
case-01272,3d54ad1b0a9e4a73ad953499f7802a1e83335af91391df46752ef618f26dab75,CONTROLLED_TEST_MUTATION,expired_import,False,True,0.0362,False,0.2593,False,3.9371,EVIDENCE_STALE,b2d83222fe4bab87f393b8e93c8a29f87ac2f8279ebd9de6ca63f25604bbf49f
case-01273,fb214301ac927309b75f0309bb954bffba74695a0a159344a02040e49e228935,CONTROLLED_TEST_MUTATION,incomplete_payload,False,True,0.034,False,0.1458,False,3.5984,EVIDENCE_PAYLOAD_INCOMPLETE,b2d83222fe4bab87f393b8e93c8a29f87ac2f8279ebd9de6ca63f25604bbf49f
case-01274,4bee5de2ef8bbdae94872734583ea1bef076a9b870c2588d451ebef781eecf92,CONTROLLED_TEST_MUTATION,root_signature_tamper_after_seal,False,True,0.0341,True,0.3367,False,3.5523,EVIDENCE_ROOT_INVALID,b2d83222fe4bab87f393b8e93c8a29f87ac2f8279ebd9de6ca63f25604bbf49f
case-01275,6e1e516ff6357ea62fbde694a4fe47355c955f97a6f12e3afd151b9f704dfa97,CLEAN_TEST_FIXTURE,none,True,True,0.0428,True,0.3717,True,3.6486,ALL_REQUIRED_EVIDENCE_TRUSTWORTHY,b2d83222fe4bab87f393b8e93c8a29f87ac2f8279ebd9de6ca63f25604bbf49f
case-01276,01e581c7221339aac7265c7171902d112172acd93e1844e22dff7685d6b449cf,CONTROLLED_TEST_MUTATION,source_type_impersonation,False,True,0.0359,True,0.3475,False,3.7329,EVIDENCE_ROLE_SOURCE_NOT_ALLOWED|OPERATOR_EVIDENCE_UNVERIFIED,b2d83222fe4bab87f393b8e93c8a29f87ac2f8279ebd9de6ca63f25604bbf49f
case-01277,9637f8cc1ca697bd293dc14ee31d0a1cd0e315255532a4db9637011f352de340,CONTROLLED_TEST_MUTATION,unavailable_record,False,True,0.0407,False,0.3225,False,3.6243,EVIDENCE_LINEAGE_INCOMPLETE|EVIDENCE_UNAVAILABLE,b2d83222fe4bab87f393b8e93c8a29f87ac2f8279ebd9de6ca63f25604bbf49f
case-01278,76bef6e5e9c87cef293bf7883b180b892a34bb71501c320cdc2989ea6b9690b4,CONTROLLED_TEST_MUTATION,empty_payload,False,False,0.0376,False,0.0284,False,3.5978,EVIDENCE_PAYLOAD_EMPTY|EVIDENCE_PAYLOAD_SCHEMA_INVALID|EVIDENCE_SNAPSHOT_CONFLICT,b2d83222fe4bab87f393b8e93c8a29f87ac2f8279ebd9de6ca63f25604bbf49f
case-01279,a1de3c5e52a0603a1acb1c6d182b38ff29181d1ba826021d4cddfdcf728951d9,CONTROLLED_TEST_MUTATION,snapshot_score_conflict,False,True,0.041,True,0.3397,False,4.1907,EVIDENCE_SNAPSHOT_CONFLICT,b2d83222fe4bab87f393b8e93c8a29f87ac2f8279ebd9de6ca63f25604bbf49f
case-01280,912d38fd9829ff6ced5c537017fa98ff153dc13b214a44db3962a0111d18701a,CONTROLLED_TEST_MUTATION,payload_tamper_after_seal,False,True,0.037,False,0.0817,False,4.1752,CHECKSUM_INVALID|EVIDENCE_ROOT_INVALID|EVIDENCE_SNAPSHOT_CONFLICT|RECORD_ENVELOPE_INVALID,b2d83222fe4bab87f393b8e93c8a29f87ac2f8279ebd9de6ca63f25604bbf49f
case-01281,fdde5d37347e38137521b916214732ab56c4bbd65fa8e555607790aab06c47d1,CONTROLLED_TEST_MUTATION,wrong_context,False,True,0.0388,True,0.3209,False,3.6963,EVIDENCE_CONTEXT_MISMATCH,b2d83222fe4bab87f393b8e93c8a29f87ac2f8279ebd9de6ca63f25604bbf49f
case-01282,af11405068fd760b0cb8027ed6cc4753ace83cdfb4055f1a3742c882f8cb3f33,CONTROLLED_TEST_MUTATION,snapshot_score_conflict,False,True,0.0357,True,0.3206,False,3.5623,EVIDENCE_SNAPSHOT_CONFLICT,b2d83222fe4bab87f393b8e93c8a29f87ac2f8279ebd9de6ca63f25604bbf49f
case-01283,afd0f7c5ba3a127dac00ec5735c7d6165310ae07a44d9e4a3c51856c457ebab1,CONTROLLED_TEST_MUTATION,incomplete_payload,False,True,0.0378,False,0.152,False,3.6626,EVIDENCE_PAYLOAD_INCOMPLETE,b2d83222fe4bab87f393b8e93c8a29f87ac2f8279ebd9de6ca63f25604bbf49f
case-01284,2982c0674e5ac98d82b70cb48887479dd97928d7e87a392c55ea8d752b3a017a,CLEAN_TEST_FIXTURE,none,True,True,0.0379,True,0.346,True,3.6294,ALL_REQUIRED_EVIDENCE_TRUSTWORTHY,b2d83222fe4bab87f393b8e93c8a29f87ac2f8279ebd9de6ca63f25604bbf49f
case-01285,33eaa9606bf3cf78de7ca4f128cca03950409b4b7304a16a78dc67ae6f47e2a2,CONTROLLED_TEST_MUTATION,incomplete_payload,False,True,0.0386,False,0.1659,False,3.7789,EVIDENCE_PAYLOAD_INCOMPLETE,b2d83222fe4bab87f393b8e93c8a29f87ac2f8279ebd9de6ca63f25604bbf49f
case-01286,63770ad70e3217bf63caec5f92ccd0d304a8b5f6ef94f2e599989eb9b4781acb,CLEAN_TEST_FIXTURE,none,True,True,0.0446,True,0.5513,True,5.1744,ALL_REQUIRED_EVIDENCE_TRUSTWORTHY,b2d83222fe4bab87f393b8e93c8a29f87ac2f8279ebd9de6ca63f25604bbf49f
case-01287,720120fcfb2b630e4e0536d07e33e5b7ff4c55bd1fca621f8b94c11a5bb2df95,CONTROLLED_TEST_MUTATION,incomplete_payload,False,True,0.0372,False,0.1494,False,3.6815,EVIDENCE_PAYLOAD_INCOMPLETE,b2d83222fe4bab87f393b8e93c8a29f87ac2f8279ebd9de6ca63f25604bbf49f
case-01288,1042d71b574c0d50239b230648dcf8d0c9d04d68f79b713fb85e295a989373f1,CONTROLLED_TEST_MUTATION,missing_direct_role,False,False,0.0199,False,0.0136,False,3.251,REQUIRED_ROLE_MISSING,b2d83222fe4bab87f393b8e93c8a29f87ac2f8279ebd9de6ca63f25604bbf49f
case-01289,040bcb457cfa058cbce0144160cc0e2a4ef32c6e6560886dabb2c808d7050183,CONTROLLED_TEST_MUTATION,wrong_context,False,True,0.0357,True,0.3189,False,3.5798,EVIDENCE_CONTEXT_MISMATCH,b2d83222fe4bab87f393b8e93c8a29f87ac2f8279ebd9de6ca63f25604bbf49f
case-01290,61b131fa02624f183fc264e6351376097c3719c95d24ecce7c3093f42c3a8142,CONTROLLED_TEST_MUTATION,role_conflict,False,True,0.0372,True,0.3498,False,5.0003,EVIDENCE_ROLE_CONFLICT,b2d83222fe4bab87f393b8e93c8a29f87ac2f8279ebd9de6ca63f25604bbf49f
case-01291,475f4db11192d00f07fff38844938b6311f333c001d62e5b39773b9860187648,CONTROLLED_TEST_MUTATION,missing_direct_role,False,False,0.0206,False,0.0148,False,3.3612,REQUIRED_ROLE_MISSING,b2d83222fe4bab87f393b8e93c8a29f87ac2f8279ebd9de6ca63f25604bbf49f
case-01292,f6a12776855215d65b517711975ee1b1718fe8c11a40b8acb77a6d00c2bd752c,CONTROLLED_TEST_MUTATION,root_signature_tamper_after_seal,False,True,0.0355,True,0.3407,False,3.8767,EVIDENCE_ROOT_INVALID,b2d83222fe4bab87f393b8e93c8a29f87ac2f8279ebd9de6ca63f25604bbf49f
case-01293,be07b16efff84e82956822763c816687de0d27354fc602831e89e7999307810a,CONTROLLED_TEST_MUTATION,incomplete_payload,False,True,0.036,False,0.149,False,3.9369,EVIDENCE_PAYLOAD_INCOMPLETE,b2d83222fe4bab87f393b8e93c8a29f87ac2f8279ebd9de6ca63f25604bbf49f
case-01294,40fdcf54c49322f91d655cea76f7aee79927cfc7136b9c01fcc40c8b0f33a225,CONTROLLED_TEST_MUTATION,expired_import,False,True,0.035,False,0.2632,False,4.2036,EVIDENCE_STALE,b2d83222fe4bab87f393b8e93c8a29f87ac2f8279ebd9de6ca63f25604bbf49f
case-01295,2334222b6f60172e3854a309673b01bb4599c91c469b5e1994e86db85040b614,CONTROLLED_TEST_MUTATION,unknown_source,False,True,0.0358,True,0.3203,False,3.7112,EVIDENCE_ROLE_SOURCE_NOT_ALLOWED|EVIDENCE_SOURCE_ID_UNKNOWN|EVIDENCE_SOURCE_POLICY_MISSING,b2d83222fe4bab87f393b8e93c8a29f87ac2f8279ebd9de6ca63f25604bbf49f
case-01296,7ab7af396e225150b04780399b5eaa2f48680388771913e9091e74aaed72c283,CONTROLLED_TEST_MUTATION,incomplete_payload,False,True,0.0408,False,0.1633,False,4.1851,EVIDENCE_PAYLOAD_INCOMPLETE,b2d83222fe4bab87f393b8e93c8a29f87ac2f8279ebd9de6ca63f25604bbf49f
case-01297,b1421dcab935e4f4678254db760cb5653a4895e18c7a979e4e317d1d8e06832b,CLEAN_TEST_FIXTURE,none,True,True,0.0463,True,0.3942,True,4.9849,ALL_REQUIRED_EVIDENCE_TRUSTWORTHY,b2d83222fe4bab87f393b8e93c8a29f87ac2f8279ebd9de6ca63f25604bbf49f
case-01298,ae1e5924d29d338e9f575d347286cc18eaf6e9432f83d2eddf2b1a47cebb910b,CONTROLLED_TEST_MUTATION,root_signature_tamper_after_seal,False,True,0.0517,True,0.564,False,4.0858,EVIDENCE_ROOT_INVALID,b2d83222fe4bab87f393b8e93c8a29f87ac2f8279ebd9de6ca63f25604bbf49f
case-01299,dd79cd5f46bd2b4281f71f723ecbd62e55cad3384df84b5bf601e62fe3c960cd,CONTROLLED_TEST_MUTATION,source_type_impersonation,False,True,0.0363,True,0.3184,False,3.6404,EVIDENCE_ROLE_SOURCE_NOT_ALLOWED|OPERATOR_EVIDENCE_UNVERIFIED,b2d83222fe4bab87f393b8e93c8a29f87ac2f8279ebd9de6ca63f25604bbf49f
case-01300,09896db6167b922e23c9f83cea273ebdcbc2e46360a55fdd368cdf03b59e32c6,CLEAN_TEST_FIXTURE,none,True,True,0.0353,True,0.3136,True,3.9237,ALL_REQUIRED_EVIDENCE_TRUSTWORTHY,b2d83222fe4bab87f393b8e93c8a29f87ac2f8279ebd9de6ca63f25604bbf49f
case-01301,2e80e428fece52083024e42ca49ee47e567a7cef95677c8679e25b3a3b08f8dc,CONTROLLED_TEST_MUTATION,future_timestamp,False,True,0.0358,False,0.289,False,3.9955,EVIDENCE_FRESHNESS_UNKNOWN|EVIDENCE_TIMESTAMP_IN_FUTURE,b2d83222fe4bab87f393b8e93c8a29f87ac2f8279ebd9de6ca63f25604bbf49f
case-01302,94c45252b3e3849e7e7a7ab152f4c5042437932ca763967a72d715b8202ecddd,CONTROLLED_TEST_MUTATION,broken_lineage,False,True,0.0398,True,0.3272,False,3.6784,EVIDENCE_LINEAGE_INVALID,b2d83222fe4bab87f393b8e93c8a29f87ac2f8279ebd9de6ca63f25604bbf49f
case-01303,5a7db49a147628ac234840dbd1d1daaeaef98ee6fa2710196fea7ff1adc81a74,CONTROLLED_TEST_MUTATION,stale_live_observation,False,True,0.036,False,0.2886,False,3.8378,EVIDENCE_STALE,b2d83222fe4bab87f393b8e93c8a29f87ac2f8279ebd9de6ca63f25604bbf49f
case-01304,b90cd3b118a97e4b681790884e71a0ea4d760a3d44000de854e77e83ae738e45,CONTROLLED_TEST_MUTATION,missing_lineage,False,True,0.036,True,0.3298,False,3.7911,EVIDENCE_LINEAGE_INCOMPLETE,b2d83222fe4bab87f393b8e93c8a29f87ac2f8279ebd9de6ca63f25604bbf49f
case-01305,fa4f132994b0440c2b91a121d553b83968593a55f45c08a2e438b2b26e699584,CONTROLLED_TEST_MUTATION,unavailable_record,False,True,0.0363,False,0.3119,False,5.0833,EVIDENCE_LINEAGE_INCOMPLETE|EVIDENCE_UNAVAILABLE,b2d83222fe4bab87f393b8e93c8a29f87ac2f8279ebd9de6ca63f25604bbf49f
case-01306,cf4494568ef7aae914583758e406aa123799838af1cc8dce66d9198fdb4c07c4,CLEAN_TEST_FIXTURE,none,True,True,0.0368,True,0.3428,True,3.7499,ALL_REQUIRED_EVIDENCE_TRUSTWORTHY,b2d83222fe4bab87f393b8e93c8a29f87ac2f8279ebd9de6ca63f25604bbf49f
case-01307,8fc80a834042bb5473d62e490aa68511d9f612e8fb623f78e21ee2b89506ddde,CONTROLLED_TEST_MUTATION,snapshot_score_conflict,False,True,0.0349,True,0.3139,False,4.1268,EVIDENCE_SNAPSHOT_CONFLICT,b2d83222fe4bab87f393b8e93c8a29f87ac2f8279ebd9de6ca63f25604bbf49f
case-01308,ececbb50deaa8f06bde6fe2235c6cd5dfda1ae30e588210f8492ad35edadf226,CONTROLLED_TEST_MUTATION,future_timestamp,False,True,0.0353,False,0.2862,False,3.5637,EVIDENCE_FRESHNESS_UNKNOWN|EVIDENCE_TIMESTAMP_IN_FUTURE,b2d83222fe4bab87f393b8e93c8a29f87ac2f8279ebd9de6ca63f25604bbf49f
case-01309,6c9e1678ad0026a21b54abe4a003e54aca909da647ecacbf672c05681c6d2f37,CLEAN_TEST_FIXTURE,none,True,True,0.0346,True,0.3166,True,4.4008,ALL_REQUIRED_EVIDENCE_TRUSTWORTHY,b2d83222fe4bab87f393b8e93c8a29f87ac2f8279ebd9de6ca63f25604bbf49f
case-01310,ea7c5e32927702098b7f20ff00595b0fa447efba4fac20563abfc635c124414f,CONTROLLED_TEST_MUTATION,lineage_cycle,False,True,0.0362,True,0.3197,False,3.6044,EVIDENCE_LINEAGE_INVALID,b2d83222fe4bab87f393b8e93c8a29f87ac2f8279ebd9de6ca63f25604bbf49f
case-01311,d62b164494200658f301daded137dc9cd3c24e1a6939612434cb9142c30ebd07,CONTROLLED_TEST_MUTATION,missing_lineage,False,True,0.0337,True,0.3858,False,4.1795,EVIDENCE_LINEAGE_INCOMPLETE,b2d83222fe4bab87f393b8e93c8a29f87ac2f8279ebd9de6ca63f25604bbf49f
case-01312,e5abc0e2ea1aff4d2d30b5b12db9e5c9e3b1864c7baa54acde6df5d0d4d9d169,CONTROLLED_TEST_MUTATION,snapshot_score_conflict,False,True,0.0345,True,0.3101,False,3.681,EVIDENCE_SNAPSHOT_CONFLICT,b2d83222fe4bab87f393b8e93c8a29f87ac2f8279ebd9de6ca63f25604bbf49f
case-01313,c7ab3f416211c41b35d5f09c90933c61a181cef3700c0f90d2a793f97f88c88e,CLEAN_TEST_FIXTURE,none,True,True,0.0334,True,0.3183,True,5.0432,ALL_REQUIRED_EVIDENCE_TRUSTWORTHY,b2d83222fe4bab87f393b8e93c8a29f87ac2f8279ebd9de6ca63f25604bbf49f
case-01314,08041c493e8b2d1514168b1391e9673af6fd640f8d34e059f3680bc1d2251d55,CONTROLLED_TEST_MUTATION,missing_direct_role,False,False,0.0187,False,0.0139,False,3.2076,REQUIRED_ROLE_MISSING,b2d83222fe4bab87f393b8e93c8a29f87ac2f8279ebd9de6ca63f25604bbf49f
case-01315,858fc45e017d7499c8031d15e26066d4cd1b98430975015b212e767071a70792,CLEAN_TEST_FIXTURE,none,True,True,0.0355,True,0.5925,True,4.2137,ALL_REQUIRED_EVIDENCE_TRUSTWORTHY,b2d83222fe4bab87f393b8e93c8a29f87ac2f8279ebd9de6ca63f25604bbf49f
case-01316,16d9be43ddf9002b7d2d55d5c8bcb44bf5fb5853787204a9a58d5b79853906a0,CONTROLLED_TEST_MUTATION,stale_live_observation,False,True,0.0383,False,0.3051,False,3.6771,EVIDENCE_STALE,b2d83222fe4bab87f393b8e93c8a29f87ac2f8279ebd9de6ca63f25604bbf49f
case-01317,61bb00f87ea2a9a3daa6f6a587b4e9d60707868612af40d1b4586162d2273346,CONTROLLED_TEST_MUTATION,excluded_ancestor,False,True,0.0406,True,0.3377,False,3.8143,REQUIRED_INPUT_EXCLUDED,b2d83222fe4bab87f393b8e93c8a29f87ac2f8279ebd9de6ca63f25604bbf49f
case-01318,07fc52a6663b53f4b9467716c1aa91aa621a3dab71d5e26861e6fe130a570116,CONTROLLED_TEST_MUTATION,wrong_context,False,True,0.0341,True,0.3524,False,3.8761,EVIDENCE_CONTEXT_MISMATCH,b2d83222fe4bab87f393b8e93c8a29f87ac2f8279ebd9de6ca63f25604bbf49f
case-01319,d69ee13e14650b07c6e07e3b93860cde5732a30122cdd602a60a1dbecc7f97b7,CLEAN_TEST_FIXTURE,none,True,True,0.0362,True,0.3204,True,3.662,ALL_REQUIRED_EVIDENCE_TRUSTWORTHY,b2d83222fe4bab87f393b8e93c8a29f87ac2f8279ebd9de6ca63f25604bbf49f
case-01320,491c2753e77da95a125b728edaeaa9b520cfe0984e8caba9b676bb24ac31bf5f,CONTROLLED_TEST_MUTATION,snapshot_score_conflict,False,True,0.0337,True,0.3059,False,3.577,EVIDENCE_SNAPSHOT_CONFLICT,b2d83222fe4bab87f393b8e93c8a29f87ac2f8279ebd9de6ca63f25604bbf49f
case-01321,e3d3d9d37fab3110f3316ed5c8131bb77b2272dfc55b6546f2227867c0cf5dbd,CONTROLLED_TEST_MUTATION,root_signature_tamper_after_seal,False,True,0.0395,True,0.3303,False,3.6759,EVIDENCE_ROOT_INVALID,b2d83222fe4bab87f393b8e93c8a29f87ac2f8279ebd9de6ca63f25604bbf49f
case-01322,30a457159c88554828b91c5b49346cdfe86ff353565d47b5be8ccf6f753205cb,CONTROLLED_TEST_MUTATION,unavailable_record,False,True,0.0348,False,0.2884,False,3.7974,EVIDENCE_LINEAGE_INCOMPLETE|EVIDENCE_UNAVAILABLE,b2d83222fe4bab87f393b8e93c8a29f87ac2f8279ebd9de6ca63f25604bbf49f
case-01323,6b31ac36c41fd8b43ff90a876868a5da7cb6a83c1815b2479c0fc3a54bf38570,CONTROLLED_TEST_MUTATION,expired_import,False,True,0.0353,False,0.2796,False,3.5846,EVIDENCE_STALE,b2d83222fe4bab87f393b8e93c8a29f87ac2f8279ebd9de6ca63f25604bbf49f
case-01324,bdba2680600b257b021ddd776395caed6d2675e7c81382778800ead67b774e4b,CLEAN_TEST_FIXTURE,none,True,True,0.0351,True,0.3636,True,3.7282,ALL_REQUIRED_EVIDENCE_TRUSTWORTHY,b2d83222fe4bab87f393b8e93c8a29f87ac2f8279ebd9de6ca63f25604bbf49f
case-01325,e97994b18594b1a06889695817774338e12a739c577ab578306133236fe68ead,CONTROLLED_TEST_MUTATION,payload_tamper_after_seal,False,True,0.0372,False,0.0811,False,3.975,CHECKSUM_INVALID|EVIDENCE_ROOT_INVALID|EVIDENCE_SNAPSHOT_CONFLICT|RECORD_ENVELOPE_INVALID,b2d83222fe4bab87f393b8e93c8a29f87ac2f8279ebd9de6ca63f25604bbf49f
case-01326,2c56a2681eb882e57e443502edb9f8bc7397ac31e3478341a600ad239de9a36d,CONTROLLED_TEST_MUTATION,missing_direct_role,False,False,0.0185,False,0.0136,False,3.5537,REQUIRED_ROLE_MISSING,b2d83222fe4bab87f393b8e93c8a29f87ac2f8279ebd9de6ca63f25604bbf49f
case-01327,e24f7bc67b1563494d8264b0947a1efb365fb3c54ff4a4040b29d4e3fe739ea1,CONTROLLED_TEST_MUTATION,unavailable_record,False,True,0.0363,False,0.2957,False,3.5732,EVIDENCE_LINEAGE_INCOMPLETE|EVIDENCE_UNAVAILABLE,b2d83222fe4bab87f393b8e93c8a29f87ac2f8279ebd9de6ca63f25604bbf49f
case-01328,90a4ea3adafa3f6d9bd60fffc46fd6c2db5e4cd3b1c84e8f5f4203584083dd87,CONTROLLED_TEST_MUTATION,stale_live_observation,False,True,0.0337,False,0.2822,False,3.5521,EVIDENCE_STALE,b2d83222fe4bab87f393b8e93c8a29f87ac2f8279ebd9de6ca63f25604bbf49f
case-01329,aff4780fef3671012d28ed77742bb35bf33772b5037c2bbdae2dd8410dfad768,CLEAN_TEST_FIXTURE,none,True,True,0.0408,True,0.318,True,3.766,ALL_REQUIRED_EVIDENCE_TRUSTWORTHY,b2d83222fe4bab87f393b8e93c8a29f87ac2f8279ebd9de6ca63f25604bbf49f
case-01330,2b0cc6a08cfb4710e97b89d86fa91eebc142b172c307bb33266c90e36c74203f,CONTROLLED_TEST_MUTATION,snapshot_score_conflict,False,True,0.0382,True,0.3452,False,3.5642,EVIDENCE_SNAPSHOT_CONFLICT,b2d83222fe4bab87f393b8e93c8a29f87ac2f8279ebd9de6ca63f25604bbf49f
case-01331,7ccd2f0250ab30a65db131886982ce7efa5987fadafdced714d09243a24f98fe,CONTROLLED_TEST_MUTATION,unknown_source,False,True,0.0341,True,0.3073,False,3.6189,EVIDENCE_ROLE_SOURCE_NOT_ALLOWED|EVIDENCE_SOURCE_ID_UNKNOWN|EVIDENCE_SOURCE_POLICY_MISSING,b2d83222fe4bab87f393b8e93c8a29f87ac2f8279ebd9de6ca63f25604bbf49f
case-01332,7015c9f844e6db5ab1843da0d808aa1964c4f0aaec2cf163e74dbab771d7663b,CONTROLLED_TEST_MUTATION,unavailable_record,False,True,0.0332,False,0.2814,False,3.6498,EVIDENCE_LINEAGE_INCOMPLETE|EVIDENCE_UNAVAILABLE,b2d83222fe4bab87f393b8e93c8a29f87ac2f8279ebd9de6ca63f25604bbf49f
case-01333,328877f06316bf58b68e8420f1f3731791f3c46c52376d31d2e2f90b51e9fa8d,CONTROLLED_TEST_MUTATION,missing_direct_role,False,False,0.0213,False,0.0139,False,3.439,REQUIRED_ROLE_MISSING,b2d83222fe4bab87f393b8e93c8a29f87ac2f8279ebd9de6ca63f25604bbf49f
case-01334,2fe95e071a0a7c335561c0885581d5e86ebbb6638394ef175d146cc8abe8d58a,CONTROLLED_TEST_MUTATION,source_type_impersonation,False,True,0.0343,True,0.3116,False,3.847,EVIDENCE_ROLE_SOURCE_NOT_ALLOWED|OPERATOR_EVIDENCE_UNVERIFIED,b2d83222fe4bab87f393b8e93c8a29f87ac2f8279ebd9de6ca63f25604bbf49f
case-01335,a3888e61d2d0b68f46d6bc1aa548f0f5123cbd722b0c8841638c4aa462fc502f,CONTROLLED_TEST_MUTATION,incomplete_payload,False,True,0.0351,False,0.149,False,4.0082,EVIDENCE_PAYLOAD_INCOMPLETE,b2d83222fe4bab87f393b8e93c8a29f87ac2f8279ebd9de6ca63f25604bbf49f
case-01336,0df090243d9c92b56ed387d44d1e3d158ebff6bafddeef6f8afe8dfdf38410c6,CLEAN_TEST_FIXTURE,none,True,True,0.0341,True,0.3099,True,3.505,ALL_REQUIRED_EVIDENCE_TRUSTWORTHY,b2d83222fe4bab87f393b8e93c8a29f87ac2f8279ebd9de6ca63f25604bbf49f
case-01337,0aa9d84eae97af9381fd9b64c3bfb866cd7a9284a91e60a2e8ac39dfe60f0902,CLEAN_TEST_FIXTURE,none,True,True,0.0404,True,0.3482,True,3.7519,ALL_REQUIRED_EVIDENCE_TRUSTWORTHY,b2d83222fe4bab87f393b8e93c8a29f87ac2f8279ebd9de6ca63f25604bbf49f
case-01338,f1d11964c28e11e6dbe4f01972b1fb5a7e364ca9b748f0e5deccc24872e27f61,CONTROLLED_TEST_MUTATION,malformed_payload,False,True,0.0593,True,0.3345,False,3.9041,EVIDENCE_PAYLOAD_SCHEMA_INVALID|EVIDENCE_SNAPSHOT_CONFLICT,b2d83222fe4bab87f393b8e93c8a29f87ac2f8279ebd9de6ca63f25604bbf49f
case-01339,c9ba979e24519c0a8ac1055231142f0677905d85cca0a38da7f6d3d08c223981,CONTROLLED_TEST_MUTATION,payload_tamper_after_seal,False,True,0.0377,False,0.0851,False,3.8362,CHECKSUM_INVALID|EVIDENCE_ROOT_INVALID|EVIDENCE_SNAPSHOT_CONFLICT|RECORD_ENVELOPE_INVALID,b2d83222fe4bab87f393b8e93c8a29f87ac2f8279ebd9de6ca63f25604bbf49f
case-01340,4b178fd379d33461d9c32bc5b223aab7cde96845b02240dbe401fd263e2c8dbb,CONTROLLED_TEST_MUTATION,broken_lineage,False,True,0.0348,True,0.3159,False,5.0959,EVIDENCE_LINEAGE_INVALID,b2d83222fe4bab87f393b8e93c8a29f87ac2f8279ebd9de6ca63f25604bbf49f
case-01341,b57fda2ab8e316dd6f346d6011facd005b35e85499958a2edef55ef017a92b1c,CONTROLLED_TEST_MUTATION,stale_live_observation,False,True,0.0375,False,0.2937,False,3.6473,EVIDENCE_STALE,b2d83222fe4bab87f393b8e93c8a29f87ac2f8279ebd9de6ca63f25604bbf49f
case-01342,4f3b92105344fb0f0a9771988f5b355824f095b2f2cc0ceb1a700e4975de2e3a,CONTROLLED_TEST_MUTATION,expired_import,False,True,0.0347,False,0.2714,False,4.3828,EVIDENCE_STALE,b2d83222fe4bab87f393b8e93c8a29f87ac2f8279ebd9de6ca63f25604bbf49f
case-01343,b4ad7b2ad4af70da00d2acf4ac7b6ecacd25fd816c584b39b88dda877be81ac0,CLEAN_TEST_FIXTURE,none,True,True,0.0364,True,0.3272,True,3.6241,ALL_REQUIRED_EVIDENCE_TRUSTWORTHY,b2d83222fe4bab87f393b8e93c8a29f87ac2f8279ebd9de6ca63f25604bbf49f
case-01344,aa5da783557edacf08f7a2b96b14143006f0ee00bb721fd183383f998472461f,CONTROLLED_TEST_MUTATION,root_signature_tamper_after_seal,False,True,0.035,True,0.3203,False,6.516,EVIDENCE_ROOT_INVALID,b2d83222fe4bab87f393b8e93c8a29f87ac2f8279ebd9de6ca63f25604bbf49f
case-01345,b4c77944c52c1ed44da9cebbb40cd96c85f20bdbc548d097bd2792d98bbc44a7,CONTROLLED_TEST_MUTATION,empty_payload,False,False,0.0375,False,0.0278,False,4.0898,EVIDENCE_PAYLOAD_EMPTY|EVIDENCE_PAYLOAD_SCHEMA_INVALID|EVIDENCE_SNAPSHOT_CONFLICT,b2d83222fe4bab87f393b8e93c8a29f87ac2f8279ebd9de6ca63f25604bbf49f
case-01346,438a38cfb7d47b4f42343f9792026c4c44286f2748c9547c50d657a0542feca1,CONTROLLED_TEST_MUTATION,empty_payload,False,False,0.0567,False,0.0349,False,4.2082,EVIDENCE_PAYLOAD_EMPTY|EVIDENCE_PAYLOAD_SCHEMA_INVALID|EVIDENCE_SNAPSHOT_CONFLICT,b2d83222fe4bab87f393b8e93c8a29f87ac2f8279ebd9de6ca63f25604bbf49f
case-01347,0764c0c2817c21728b31d3f7b3efbd97e0c7b7c32e7e5b6e71d7ff576b5488fc,CONTROLLED_TEST_MUTATION,missing_direct_role,False,False,0.0188,False,0.0137,False,3.2362,REQUIRED_ROLE_MISSING,b2d83222fe4bab87f393b8e93c8a29f87ac2f8279ebd9de6ca63f25604bbf49f
case-01348,1db5023472a40c86a382f1722924630522f0b3f7c889a1ac0984144740f9dcf1,CONTROLLED_TEST_MUTATION,root_signature_tamper_after_seal,False,True,0.0415,True,0.3771,False,3.9484,EVIDENCE_ROOT_INVALID,b2d83222fe4bab87f393b8e93c8a29f87ac2f8279ebd9de6ca63f25604bbf49f
case-01349,78c3dea509de7fde5c765a6238998d6248a7057c84b2af34aaecd7b2eded7358,CONTROLLED_TEST_MUTATION,unavailable_record,False,True,0.0376,False,0.3328,False,4.8684,EVIDENCE_LINEAGE_INCOMPLETE|EVIDENCE_UNAVAILABLE,b2d83222fe4bab87f393b8e93c8a29f87ac2f8279ebd9de6ca63f25604bbf49f
case-01350,d62abeaff9389c3f3145b5737bed42556e0a0bbea8284dd7cf1e00b31e319cd2,CONTROLLED_TEST_MUTATION,role_conflict,False,True,0.0415,True,0.378,False,4.1249,EVIDENCE_ROLE_CONFLICT,b2d83222fe4bab87f393b8e93c8a29f87ac2f8279ebd9de6ca63f25604bbf49f
case-01351,c70b838b22dd2eca84d37fad3ce9a0f57b6cef8cee680923f4914b76f6ba0694,CLEAN_TEST_FIXTURE,none,True,True,0.0422,True,0.4245,True,4.4105,ALL_REQUIRED_EVIDENCE_TRUSTWORTHY,b2d83222fe4bab87f393b8e93c8a29f87ac2f8279ebd9de6ca63f25604bbf49f
case-01352,ac2bab3f668051dad429ab6b24d83a8bea75bd468d84590cdf996cd07b50c7c4,CONTROLLED_TEST_MUTATION,incomplete_payload,False,True,0.0457,False,0.1813,False,4.7799,EVIDENCE_PAYLOAD_INCOMPLETE,b2d83222fe4bab87f393b8e93c8a29f87ac2f8279ebd9de6ca63f25604bbf49f
case-01353,555411ed8043cf584b4b82ec8a61ffb107e7273dedb8fa3f9d5533c0d7e1a86c,CONTROLLED_TEST_MUTATION,stale_live_observation,False,True,0.0436,False,0.3373,False,3.9462,EVIDENCE_STALE,b2d83222fe4bab87f393b8e93c8a29f87ac2f8279ebd9de6ca63f25604bbf49f
case-01354,15187add7e1830e9e7fcbce183b47e74a6e22d3f1d4659103a000dce84931bd9,CLEAN_TEST_FIXTURE,none,True,True,0.0441,True,0.4079,True,4.3537,ALL_REQUIRED_EVIDENCE_TRUSTWORTHY,b2d83222fe4bab87f393b8e93c8a29f87ac2f8279ebd9de6ca63f25604bbf49f
case-01355,130add3ae9226bb148994c6f2a632fb5495325132a95630ade954df3b62a8719,CLEAN_TEST_FIXTURE,none,True,True,0.0416,True,0.3531,True,3.9529,ALL_REQUIRED_EVIDENCE_TRUSTWORTHY,b2d83222fe4bab87f393b8e93c8a29f87ac2f8279ebd9de6ca63f25604bbf49f
case-01356,9b5e332b49a346a7c7362d3e2c3d8089194bf989cc9f3714349e4b6fcf3f3d28,CONTROLLED_TEST_MUTATION,wrong_context,False,True,0.0459,True,0.3769,False,4.04,EVIDENCE_CONTEXT_MISMATCH,b2d83222fe4bab87f393b8e93c8a29f87ac2f8279ebd9de6ca63f25604bbf49f
case-01357,b2f831ff146078521bed3bc0435ae30aca82cec0e5203420e898e2c3ca2f5f94,CONTROLLED_TEST_MUTATION,stale_live_observation,False,True,0.0379,False,0.3171,False,3.9676,EVIDENCE_STALE,b2d83222fe4bab87f393b8e93c8a29f87ac2f8279ebd9de6ca63f25604bbf49f
case-01358,d3b9670229f77c319a728e04acf2ca11ed6cebda69f68830dcc483b0adbe8bcc,CONTROLLED_TEST_MUTATION,excluded_ancestor,False,True,0.0357,True,0.3315,False,3.6552,REQUIRED_INPUT_EXCLUDED,b2d83222fe4bab87f393b8e93c8a29f87ac2f8279ebd9de6ca63f25604bbf49f
case-01359,712671a8267409d88cc0ab1c65444f382b814f4427feb84c8c506897bedc7064,CONTROLLED_TEST_MUTATION,broken_lineage,False,True,0.035,True,0.3206,False,3.7451,EVIDENCE_LINEAGE_INVALID,b2d83222fe4bab87f393b8e93c8a29f87ac2f8279ebd9de6ca63f25604bbf49f
case-01360,10e5da42f9802ba405e9750a9c6e582635ff21d87dfba05731d144aba69ee4e8,CONTROLLED_TEST_MUTATION,stale_live_observation,False,True,0.0383,False,0.2972,False,3.7162,EVIDENCE_STALE,b2d83222fe4bab87f393b8e93c8a29f87ac2f8279ebd9de6ca63f25604bbf49f
case-01361,4b2d2bcb48365f74371d51bfeb7e798d50b2f6526553169bee6621e5e3f0df8b,CLEAN_TEST_FIXTURE,none,True,True,0.0344,True,0.3116,True,3.7309,ALL_REQUIRED_EVIDENCE_TRUSTWORTHY,b2d83222fe4bab87f393b8e93c8a29f87ac2f8279ebd9de6ca63f25604bbf49f
case-01362,88c9f134dde511f49cf7f6a632318b5446901dae51da8e0188526a1c11cf4609,CONTROLLED_TEST_MUTATION,missing_direct_role,False,False,0.0185,False,0.0134,False,3.1551,REQUIRED_ROLE_MISSING,b2d83222fe4bab87f393b8e93c8a29f87ac2f8279ebd9de6ca63f25604bbf49f
case-01363,dccf7288c5ebe9e69704bad9075a84362f40605a34f5fd6c32e7afd6939b50a7,CONTROLLED_TEST_MUTATION,broken_lineage,False,True,0.0348,True,0.319,False,3.7902,EVIDENCE_LINEAGE_INVALID,b2d83222fe4bab87f393b8e93c8a29f87ac2f8279ebd9de6ca63f25604bbf49f
case-01364,9fc706c64dc74bff7911cf72c99f1395cb2441fb577a1803fd2af02636aa3513,CONTROLLED_TEST_MUTATION,empty_payload,False,False,0.0408,False,0.0292,False,3.6657,EVIDENCE_PAYLOAD_EMPTY|EVIDENCE_PAYLOAD_SCHEMA_INVALID|EVIDENCE_SNAPSHOT_CONFLICT,b2d83222fe4bab87f393b8e93c8a29f87ac2f8279ebd9de6ca63f25604bbf49f
case-01365,ef21f20c06ad2260a96852c7edda37087234861ffaf09ccb2109953c75b1fca8,CLEAN_TEST_FIXTURE,none,True,True,0.0351,True,0.3393,True,3.6134,ALL_REQUIRED_EVIDENCE_TRUSTWORTHY,b2d83222fe4bab87f393b8e93c8a29f87ac2f8279ebd9de6ca63f25604bbf49f
case-01366,d274f26faa660a3ca82b0fed9cad42a23b1fe271700d8a073862c7813da7f1f1,CLEAN_TEST_FIXTURE,none,True,True,0.0355,True,0.3194,True,3.5885,ALL_REQUIRED_EVIDENCE_TRUSTWORTHY,b2d83222fe4bab87f393b8e93c8a29f87ac2f8279ebd9de6ca63f25604bbf49f
case-01367,76bf8f9beaa94b5a584d787f916d107af7b367f36ebffb9b0c295d49385a885b,CONTROLLED_TEST_MUTATION,incomplete_payload,False,True,0.0373,False,0.1576,False,3.9697,EVIDENCE_PAYLOAD_INCOMPLETE,b2d83222fe4bab87f393b8e93c8a29f87ac2f8279ebd9de6ca63f25604bbf49f
case-01368,415c5c522b9a9e8a65c1de1bb9231d87a7253bf92c77c40d817934d3927fec83,CONTROLLED_TEST_MUTATION,role_conflict,False,True,0.0396,True,0.3314,False,4.0396,EVIDENCE_ROLE_CONFLICT,b2d83222fe4bab87f393b8e93c8a29f87ac2f8279ebd9de6ca63f25604bbf49f
case-01369,4515f5f57fff4a15a9a5fc0b69e83e8c523f9b39ee9400bf6e749c47c2e3e076,CONTROLLED_TEST_MUTATION,malformed_payload,False,True,0.0345,True,0.3637,False,3.7832,EVIDENCE_PAYLOAD_SCHEMA_INVALID|EVIDENCE_SNAPSHOT_CONFLICT,b2d83222fe4bab87f393b8e93c8a29f87ac2f8279ebd9de6ca63f25604bbf49f
case-01370,8709ee30f2d94fe81a14a5835059ecddbf908d72075dbaa06db9259b847b4ac0,CONTROLLED_TEST_MUTATION,excluded_ancestor,False,True,0.0342,True,0.3282,False,3.9597,REQUIRED_INPUT_EXCLUDED,b2d83222fe4bab87f393b8e93c8a29f87ac2f8279ebd9de6ca63f25604bbf49f
case-01371,4c5e6a112a53ba5202f2d3d58373332b45cb1915f09736f07fdd391b053fbb0c,CONTROLLED_TEST_MUTATION,lineage_cycle,False,True,0.0356,True,0.3204,False,5.1153,EVIDENCE_LINEAGE_INVALID,b2d83222fe4bab87f393b8e93c8a29f87ac2f8279ebd9de6ca63f25604bbf49f
case-01372,2ed91790c7bbf8b61a58b4e3b0fa570535e373abbe1eafed86fbbe9d616a9aa9,CLEAN_TEST_FIXTURE,none,True,True,0.0361,True,0.3311,True,4.1734,ALL_REQUIRED_EVIDENCE_TRUSTWORTHY,b2d83222fe4bab87f393b8e93c8a29f87ac2f8279ebd9de6ca63f25604bbf49f
case-01373,c737ef52e08ff2536b38066dc4876021d051723cf1371034828e1fd756b6c75a,CONTROLLED_TEST_MUTATION,wrong_context,False,True,0.0384,True,0.3359,False,4.0383,EVIDENCE_CONTEXT_MISMATCH,b2d83222fe4bab87f393b8e93c8a29f87ac2f8279ebd9de6ca63f25604bbf49f
case-01374,ab14b3f5e4cdf486e52bebbbea36ba8a4e8059160be81fec4125f0ba288b6cc5,CONTROLLED_TEST_MUTATION,unavailable_record,False,True,0.0564,False,1.329,False,14.0402,EVIDENCE_LINEAGE_INCOMPLETE|EVIDENCE_UNAVAILABLE,b2d83222fe4bab87f393b8e93c8a29f87ac2f8279ebd9de6ca63f25604bbf49f
case-01375,2f9b9513c1be17d52226d403fdc496fa594a752fba0e0ab6335842b4d5d72960,CONTROLLED_TEST_MUTATION,unavailable_record,False,True,0.0481,False,0.3451,False,4.6034,EVIDENCE_LINEAGE_INCOMPLETE|EVIDENCE_UNAVAILABLE,b2d83222fe4bab87f393b8e93c8a29f87ac2f8279ebd9de6ca63f25604bbf49f
case-01376,a9eacd87c88f3640c60749c209af3c6c5422e28130490ef9644bd9b309efbcde,CONTROLLED_TEST_MUTATION,excluded_ancestor,False,True,0.9809,True,2.9697,False,6.1565,REQUIRED_INPUT_EXCLUDED,b2d83222fe4bab87f393b8e93c8a29f87ac2f8279ebd9de6ca63f25604bbf49f
case-01377,f0f4a88331ab7305b8a938e6a662fe6372f3e8b156105bbd508e88364e23862a,CONTROLLED_TEST_MUTATION,broken_lineage,False,True,0.0413,True,0.3567,False,8.4129,EVIDENCE_LINEAGE_INVALID,b2d83222fe4bab87f393b8e93c8a29f87ac2f8279ebd9de6ca63f25604bbf49f
case-01378,ec2e5e4bfa93e404a139d8324458ddd2b9d6bd6c454504ee31bf41cf4a2eb708,CLEAN_TEST_FIXTURE,none,True,True,0.0402,True,0.7706,True,9.7594,ALL_REQUIRED_EVIDENCE_TRUSTWORTHY,b2d83222fe4bab87f393b8e93c8a29f87ac2f8279ebd9de6ca63f25604bbf49f
case-01379,63dfb75083ad17a7a6e6603f0090b1316d72f15e2dc31b8afb07d4fb217a71f6,CONTROLLED_TEST_MUTATION,lineage_cycle,False,True,0.0397,True,0.3491,False,4.2069,EVIDENCE_LINEAGE_INVALID,b2d83222fe4bab87f393b8e93c8a29f87ac2f8279ebd9de6ca63f25604bbf49f
case-01380,9f631096962b71639400987e8e0fec1e91bab123677306a7af27b290e266b7e2,CLEAN_TEST_FIXTURE,none,True,True,0.041,True,0.3561,True,3.9626,ALL_REQUIRED_EVIDENCE_TRUSTWORTHY,b2d83222fe4bab87f393b8e93c8a29f87ac2f8279ebd9de6ca63f25604bbf49f
case-01381,bb2f61cea3ba81aac781cc5da6ce128dfb54d1b4b43bc755a8352f6e88d245a4,CONTROLLED_TEST_MUTATION,source_type_impersonation,False,True,0.039,True,0.364,False,6.2206,EVIDENCE_ROLE_SOURCE_NOT_ALLOWED|OPERATOR_EVIDENCE_UNVERIFIED,b2d83222fe4bab87f393b8e93c8a29f87ac2f8279ebd9de6ca63f25604bbf49f
case-01382,b55ffbd501b914ada3bb4588f2046a1e49e4e6afd43abdae2bf963c842cbd317,CLEAN_TEST_FIXTURE,none,True,True,0.0406,True,0.3521,True,3.9455,ALL_REQUIRED_EVIDENCE_TRUSTWORTHY,b2d83222fe4bab87f393b8e93c8a29f87ac2f8279ebd9de6ca63f25604bbf49f
case-01383,80045b7690b347c02485d8e2843e0abaf6ed0529c62e1b930428beb88601ae9b,CONTROLLED_TEST_MUTATION,lineage_cycle,False,True,0.0491,True,0.3613,False,3.9726,EVIDENCE_LINEAGE_INVALID,b2d83222fe4bab87f393b8e93c8a29f87ac2f8279ebd9de6ca63f25604bbf49f
case-01384,c3302e0637b9a26498edf8a2f0a549ae09b2acee1d95939e9358cb2a88d86bce,CLEAN_TEST_FIXTURE,none,True,True,0.0399,True,0.3758,True,3.7714,ALL_REQUIRED_EVIDENCE_TRUSTWORTHY,b2d83222fe4bab87f393b8e93c8a29f87ac2f8279ebd9de6ca63f25604bbf49f
case-01385,7e7f9979a155ed66d82d83ecef7731511e596333efc6f09832f5a16eb0fb1604,CONTROLLED_TEST_MUTATION,unavailable_record,False,True,0.0588,False,0.326,False,4.0832,EVIDENCE_LINEAGE_INCOMPLETE|EVIDENCE_UNAVAILABLE,b2d83222fe4bab87f393b8e93c8a29f87ac2f8279ebd9de6ca63f25604bbf49f
case-01386,a267e84eb1bec035c4bcb2186a32ecc30091852724effd19ffb83e4367117d4c,CONTROLLED_TEST_MUTATION,empty_payload,False,False,0.0588,False,0.0317,False,4.0873,EVIDENCE_PAYLOAD_EMPTY|EVIDENCE_PAYLOAD_SCHEMA_INVALID|EVIDENCE_SNAPSHOT_CONFLICT,b2d83222fe4bab87f393b8e93c8a29f87ac2f8279ebd9de6ca63f25604bbf49f
case-01387,5a099bbab489d032925b0584342d61235237fd366808c73a1eb1c3401db97a7d,CLEAN_TEST_FIXTURE,none,True,True,0.0355,True,0.3149,True,3.786,ALL_REQUIRED_EVIDENCE_TRUSTWORTHY,b2d83222fe4bab87f393b8e93c8a29f87ac2f8279ebd9de6ca63f25604bbf49f
case-01388,216e8d5f4ca68cdd73aa5673a1fbab81b1ab5f49ec4a2a6f3c5c518428767540,CONTROLLED_TEST_MUTATION,broken_lineage,False,True,0.0349,True,0.3153,False,4.4311,EVIDENCE_LINEAGE_INVALID,b2d83222fe4bab87f393b8e93c8a29f87ac2f8279ebd9de6ca63f25604bbf49f
case-01389,c107aa2f51dd7e9acda7a305700382adce579f5b02c01bc3826686b24947df65,CONTROLLED_TEST_MUTATION,missing_direct_role,False,False,0.0191,False,0.0136,False,3.2862,REQUIRED_ROLE_MISSING,b2d83222fe4bab87f393b8e93c8a29f87ac2f8279ebd9de6ca63f25604bbf49f
case-01390,a9d1776b46e7a3d7bc93ff249a51f2f5b7224762910811694366d5c0e13e5bbe,CLEAN_TEST_FIXTURE,none,True,True,0.0362,True,0.3406,True,4.0802,ALL_REQUIRED_EVIDENCE_TRUSTWORTHY,b2d83222fe4bab87f393b8e93c8a29f87ac2f8279ebd9de6ca63f25604bbf49f
case-01391,9f3e802b3d7005c52a4aaf8ae08b2417402093781bc5e190c10ff989c2a5a659,CLEAN_TEST_FIXTURE,none,True,True,0.0343,True,0.3062,True,3.6068,ALL_REQUIRED_EVIDENCE_TRUSTWORTHY,b2d83222fe4bab87f393b8e93c8a29f87ac2f8279ebd9de6ca63f25604bbf49f
case-01392,f2ddff1dc1edacddef633df4b2a1af9320ffaff50e9aa8c7fd4ffaa186ca3e79,CONTROLLED_TEST_MUTATION,wrong_context,False,True,0.034,True,0.307,False,3.8671,EVIDENCE_CONTEXT_MISMATCH,b2d83222fe4bab87f393b8e93c8a29f87ac2f8279ebd9de6ca63f25604bbf49f
case-01393,a3e37f16fe21776885d1645b164c335d2d181d96aef3f377c06977a151060764,CONTROLLED_TEST_MUTATION,broken_lineage,False,True,0.0368,True,0.3667,False,3.6495,EVIDENCE_LINEAGE_INVALID,b2d83222fe4bab87f393b8e93c8a29f87ac2f8279ebd9de6ca63f25604bbf49f
case-01394,917398213d8e04b18e8b825ae81df40cf76d1c6e678705ac7a2dec58a3932681,CLEAN_TEST_FIXTURE,none,True,True,0.0433,True,0.3137,True,3.9215,ALL_REQUIRED_EVIDENCE_TRUSTWORTHY,b2d83222fe4bab87f393b8e93c8a29f87ac2f8279ebd9de6ca63f25604bbf49f
case-01395,b9108b34c8c7a95cff60ea57a311fbf4a860da7cccd0c54c213eef56fccc9f2c,CONTROLLED_TEST_MUTATION,role_conflict,False,True,0.0385,True,0.347,False,3.995,EVIDENCE_ROLE_CONFLICT,b2d83222fe4bab87f393b8e93c8a29f87ac2f8279ebd9de6ca63f25604bbf49f
case-01396,216a3bc696d3bd90f0e1d0d2448f352884616f608de6cf30e4af3d5b62da028a,CONTROLLED_TEST_MUTATION,excluded_ancestor,False,True,0.0355,True,0.3157,False,4.7953,REQUIRED_INPUT_EXCLUDED,b2d83222fe4bab87f393b8e93c8a29f87ac2f8279ebd9de6ca63f25604bbf49f
case-01397,40760386de94a3ba4768fb8a796af660394c6fa8920a503724707615dd956b9c,CLEAN_TEST_FIXTURE,none,True,True,0.0352,True,0.3306,True,3.6642,ALL_REQUIRED_EVIDENCE_TRUSTWORTHY,b2d83222fe4bab87f393b8e93c8a29f87ac2f8279ebd9de6ca63f25604bbf49f
case-01398,11b21aa2ea230d5cde92955594ad113aba62f3d0a8135de57f9e21fd0730c806,CONTROLLED_TEST_MUTATION,incomplete_payload,False,True,0.034,False,0.1644,False,4.0099,EVIDENCE_PAYLOAD_INCOMPLETE,b2d83222fe4bab87f393b8e93c8a29f87ac2f8279ebd9de6ca63f25604bbf49f
case-01399,dddca4c19430a8109c79c414d554a9ba67fbf7d12a15a679e0a57ce145a68052,CONTROLLED_TEST_MUTATION,incomplete_payload,False,True,0.0469,False,0.1625,False,3.893,EVIDENCE_PAYLOAD_INCOMPLETE,b2d83222fe4bab87f393b8e93c8a29f87ac2f8279ebd9de6ca63f25604bbf49f
case-01400,eb6b10b938c0277204886274e5edfb6f7d7ecdc26104134c111af844204a9ccd,CONTROLLED_TEST_MUTATION,malformed_payload,False,True,0.0362,True,0.3416,False,5.8787,EVIDENCE_PAYLOAD_SCHEMA_INVALID|EVIDENCE_SNAPSHOT_CONFLICT,b2d83222fe4bab87f393b8e93c8a29f87ac2f8279ebd9de6ca63f25604bbf49f
case-01401,340bb864a0fd8d3e0287d9930db2bc61f71d00193a5dbcc3ea864d220a5f97de,CONTROLLED_TEST_MUTATION,empty_payload,False,False,0.0476,False,0.0351,False,3.9783,EVIDENCE_PAYLOAD_EMPTY|EVIDENCE_PAYLOAD_SCHEMA_INVALID|EVIDENCE_SNAPSHOT_CONFLICT,b2d83222fe4bab87f393b8e93c8a29f87ac2f8279ebd9de6ca63f25604bbf49f
case-01402,36ff820c57c0c1fae38e9365f66363a8213655946275d591ecb3316c1b98abc9,CONTROLLED_TEST_MUTATION,malformed_payload,False,True,0.0735,True,0.3787,False,3.8463,EVIDENCE_PAYLOAD_SCHEMA_INVALID|EVIDENCE_SNAPSHOT_CONFLICT,b2d83222fe4bab87f393b8e93c8a29f87ac2f8279ebd9de6ca63f25604bbf49f
case-01403,cf2aa5b70690d108a55c0a9aa2a1c2c1617bebd973e0690637d919bda97f36e3,CONTROLLED_TEST_MUTATION,future_timestamp,False,True,0.0352,False,0.285,False,3.5878,EVIDENCE_FRESHNESS_UNKNOWN|EVIDENCE_TIMESTAMP_IN_FUTURE,b2d83222fe4bab87f393b8e93c8a29f87ac2f8279ebd9de6ca63f25604bbf49f
case-01404,cd887bc79caf4773c436cc5ccdd49bfe35e7be6e9ddd190e4a60fee8779bf475,CONTROLLED_TEST_MUTATION,unknown_source,False,True,0.0447,True,0.3586,False,3.8081,EVIDENCE_ROLE_SOURCE_NOT_ALLOWED|EVIDENCE_SOURCE_ID_UNKNOWN|EVIDENCE_SOURCE_POLICY_MISSING,b2d83222fe4bab87f393b8e93c8a29f87ac2f8279ebd9de6ca63f25604bbf49f
case-01405,a2eae57190eda29cd6c1bff1dd395c65b27fdc297612d260a6a44fa5ce1fdce9,CONTROLLED_TEST_MUTATION,missing_direct_role,False,False,0.0184,False,0.0139,False,3.17,REQUIRED_ROLE_MISSING,b2d83222fe4bab87f393b8e93c8a29f87ac2f8279ebd9de6ca63f25604bbf49f
case-01406,07b57632073e329ad60024d16085ee7d35a6d418b78ba90a2e18beb7b4f2f605,CONTROLLED_TEST_MUTATION,incomplete_payload,False,True,0.0432,False,0.1823,False,3.6576,EVIDENCE_PAYLOAD_INCOMPLETE,b2d83222fe4bab87f393b8e93c8a29f87ac2f8279ebd9de6ca63f25604bbf49f
case-01407,72054888ec27199febc07ececbf165a8bfdc7d9209f4262761cedd9c2c276dcb,CONTROLLED_TEST_MUTATION,excluded_ancestor,False,True,0.0336,True,0.3038,False,3.6028,REQUIRED_INPUT_EXCLUDED,b2d83222fe4bab87f393b8e93c8a29f87ac2f8279ebd9de6ca63f25604bbf49f
case-01408,5e8432e5bb108e568bedbacea8e2ede547efe4457748f740f66e2cc3eeb3fda6,CLEAN_TEST_FIXTURE,none,True,True,0.0636,True,0.4165,True,3.9733,ALL_REQUIRED_EVIDENCE_TRUSTWORTHY,b2d83222fe4bab87f393b8e93c8a29f87ac2f8279ebd9de6ca63f25604bbf49f
case-01409,d2ed822a68c8d8957c920d44a6b66b9adf57bd9af59faba01a7613f05c0aac13,CONTROLLED_TEST_MUTATION,lineage_cycle,False,True,0.0348,True,0.3175,False,3.7484,EVIDENCE_LINEAGE_INVALID,b2d83222fe4bab87f393b8e93c8a29f87ac2f8279ebd9de6ca63f25604bbf49f
case-01410,a5a7a6cea278aaa48218d1f20df82e27315bbd6a00a9449a33bec76efe6dd687,CLEAN_TEST_FIXTURE,none,True,True,0.0339,True,0.3088,True,3.6959,ALL_REQUIRED_EVIDENCE_TRUSTWORTHY,b2d83222fe4bab87f393b8e93c8a29f87ac2f8279ebd9de6ca63f25604bbf49f
case-01411,c76678e9ae95d49e559a03236c76f524e9a3f329fc801b1586131b9f4c4b94b7,CONTROLLED_TEST_MUTATION,stale_live_observation,False,True,0.0338,False,0.2781,False,3.9001,EVIDENCE_STALE,b2d83222fe4bab87f393b8e93c8a29f87ac2f8279ebd9de6ca63f25604bbf49f
case-01412,c7e97bb9f971990e427328b20475eecb1960c33780e506af81465e1a0021f3ee,CLEAN_TEST_FIXTURE,none,True,True,0.0366,True,0.3128,True,3.7128,ALL_REQUIRED_EVIDENCE_TRUSTWORTHY,b2d83222fe4bab87f393b8e93c8a29f87ac2f8279ebd9de6ca63f25604bbf49f
case-01413,dce41cbea147a8ff986c873134016994041f06ab44134a0571fb62906ebee419,CONTROLLED_TEST_MUTATION,unavailable_record,False,True,0.0362,False,0.2871,False,3.6839,EVIDENCE_LINEAGE_INCOMPLETE|EVIDENCE_UNAVAILABLE,b2d83222fe4bab87f393b8e93c8a29f87ac2f8279ebd9de6ca63f25604bbf49f
case-01414,380e44ebf5400a13ba08abc97e0a9994b09aaec4a5418d7a53443481dc93ee1a,CONTROLLED_TEST_MUTATION,excluded_ancestor,False,True,0.0364,True,0.3227,False,3.7437,REQUIRED_INPUT_EXCLUDED,b2d83222fe4bab87f393b8e93c8a29f87ac2f8279ebd9de6ca63f25604bbf49f
case-01415,af80833db9efa28ed0ee8d2ae96489484ec3494c635d2aa0d8d3b30b20be04a6,CLEAN_TEST_FIXTURE,none,True,True,0.0414,True,0.371,True,4.4017,ALL_REQUIRED_EVIDENCE_TRUSTWORTHY,b2d83222fe4bab87f393b8e93c8a29f87ac2f8279ebd9de6ca63f25604bbf49f
case-01416,1a29402172a43c15b8db7dcbd35d57053cbaf5f14d05fba0422eb857c26d97d3,CONTROLLED_TEST_MUTATION,empty_payload,False,False,0.0506,False,0.0334,False,4.0655,EVIDENCE_PAYLOAD_EMPTY|EVIDENCE_PAYLOAD_SCHEMA_INVALID|EVIDENCE_SNAPSHOT_CONFLICT,b2d83222fe4bab87f393b8e93c8a29f87ac2f8279ebd9de6ca63f25604bbf49f
case-01417,dc9efea9ec4fb74abe0f13ff345ba108ba27d41122e25f4a7bbf359f34dcdbf0,CONTROLLED_TEST_MUTATION,role_conflict,False,True,0.0408,True,0.3446,False,4.3961,EVIDENCE_ROLE_CONFLICT,b2d83222fe4bab87f393b8e93c8a29f87ac2f8279ebd9de6ca63f25604bbf49f
case-01418,009083cfd0a55c3bdccf12793c3b9099bbf6a0b93e8a5e7e6f1ef746b25ad420,CONTROLLED_TEST_MUTATION,empty_payload,False,False,0.0382,False,0.0287,False,3.8539,EVIDENCE_PAYLOAD_EMPTY|EVIDENCE_PAYLOAD_SCHEMA_INVALID|EVIDENCE_SNAPSHOT_CONFLICT,b2d83222fe4bab87f393b8e93c8a29f87ac2f8279ebd9de6ca63f25604bbf49f
case-01419,f88bbc0e51b1b4c343acdac2f110fc48deed389b23c8cb4507b56b6bd6e878f8,CONTROLLED_TEST_MUTATION,payload_tamper_after_seal,False,True,0.0343,False,0.0775,False,5.0037,CHECKSUM_INVALID|EVIDENCE_ROOT_INVALID|EVIDENCE_SNAPSHOT_CONFLICT|RECORD_ENVELOPE_INVALID,b2d83222fe4bab87f393b8e93c8a29f87ac2f8279ebd9de6ca63f25604bbf49f
case-01420,389f094eca6d5d8548814686b8bc08a7174e40e7dddbf9608204d6f5c3648ae6,CONTROLLED_TEST_MUTATION,stale_live_observation,False,True,0.0357,False,0.2916,False,3.6949,EVIDENCE_STALE,b2d83222fe4bab87f393b8e93c8a29f87ac2f8279ebd9de6ca63f25604bbf49f
case-01421,92a60a49eb8f44a2859e375ab5390cdd836e7e20c32fb8bf43cef4c59ed89fdd,CLEAN_TEST_FIXTURE,none,True,True,0.0345,True,0.3388,True,4.0007,ALL_REQUIRED_EVIDENCE_TRUSTWORTHY,b2d83222fe4bab87f393b8e93c8a29f87ac2f8279ebd9de6ca63f25604bbf49f
case-01422,6fb549ebeae2c23d09e57b1ffbc49b7cec404c133db460d1ae80615d0d615867,CONTROLLED_TEST_MUTATION,malformed_payload,False,True,0.0359,True,0.3046,False,3.5357,EVIDENCE_PAYLOAD_SCHEMA_INVALID|EVIDENCE_SNAPSHOT_CONFLICT,b2d83222fe4bab87f393b8e93c8a29f87ac2f8279ebd9de6ca63f25604bbf49f
case-01423,95cc77d86a1da22b1dd6635b59ac03665cab461cfb1a05eac6897237d2dbcf88,CONTROLLED_TEST_MUTATION,expired_import,False,True,0.0344,False,0.2538,False,4.9135,EVIDENCE_STALE,b2d83222fe4bab87f393b8e93c8a29f87ac2f8279ebd9de6ca63f25604bbf49f
case-01424,69a1ebfe120a3609f1adbcb6b4d42ce6c37f5c602150774c5fdeaa3b460e0bbc,CLEAN_TEST_FIXTURE,none,True,True,0.0353,True,0.3122,True,3.756,ALL_REQUIRED_EVIDENCE_TRUSTWORTHY,b2d83222fe4bab87f393b8e93c8a29f87ac2f8279ebd9de6ca63f25604bbf49f
case-01425,a385379a81a04288b780343e34a2a8d31064dc384b3801f7ef2661bc53d1e6ae,CONTROLLED_TEST_MUTATION,wrong_context,False,True,0.1074,True,0.4043,False,3.7391,EVIDENCE_CONTEXT_MISMATCH,b2d83222fe4bab87f393b8e93c8a29f87ac2f8279ebd9de6ca63f25604bbf49f
case-01426,45d5638c57050068a065126e09acbbf6cffd029977408aac422ec5f14078bcfd,CONTROLLED_TEST_MUTATION,future_timestamp,False,True,0.0334,False,0.2817,False,3.5827,EVIDENCE_FRESHNESS_UNKNOWN|EVIDENCE_TIMESTAMP_IN_FUTURE,b2d83222fe4bab87f393b8e93c8a29f87ac2f8279ebd9de6ca63f25604bbf49f
case-01427,240a2c5d5a652626e58c51ddf343bcdd3875953eeef7738eacc52635fe5670fb,CLEAN_TEST_FIXTURE,none,True,True,0.0333,True,0.3157,True,4.8893,ALL_REQUIRED_EVIDENCE_TRUSTWORTHY,b2d83222fe4bab87f393b8e93c8a29f87ac2f8279ebd9de6ca63f25604bbf49f
case-01428,48b0fe316785a643817d015861bffe7c05f944b1bee255451d079901c0919749,CONTROLLED_TEST_MUTATION,unavailable_record,False,True,0.0359,False,0.2948,False,3.6659,EVIDENCE_LINEAGE_INCOMPLETE|EVIDENCE_UNAVAILABLE,b2d83222fe4bab87f393b8e93c8a29f87ac2f8279ebd9de6ca63f25604bbf49f
case-01429,338e958dd6447ce890dafd8a4e1dbd508d50acdc1d4540cf43b2572836db01f6,CONTROLLED_TEST_MUTATION,unknown_source,False,True,0.0425,True,0.391,False,4.0208,EVIDENCE_ROLE_SOURCE_NOT_ALLOWED|EVIDENCE_SOURCE_ID_UNKNOWN|EVIDENCE_SOURCE_POLICY_MISSING,b2d83222fe4bab87f393b8e93c8a29f87ac2f8279ebd9de6ca63f25604bbf49f
case-01430,ee297bc5a8bd8206e24ab4545762234a05b3201156434856ec9c32171b34a07b,CONTROLLED_TEST_MUTATION,excluded_ancestor,False,True,0.049,True,0.3764,False,4.2474,REQUIRED_INPUT_EXCLUDED,b2d83222fe4bab87f393b8e93c8a29f87ac2f8279ebd9de6ca63f25604bbf49f
case-01431,06d2ac8917867c3c0ea9d8516ed23ec7631ece11f8345d0659eb297e32ab4c35,CONTROLLED_TEST_MUTATION,lineage_cycle,False,True,0.0418,True,0.3669,False,3.9491,EVIDENCE_LINEAGE_INVALID,b2d83222fe4bab87f393b8e93c8a29f87ac2f8279ebd9de6ca63f25604bbf49f
case-01432,29c85888595cf5dcee165d0259c830ec84cff6943077e48b1e5a4f2d9e3b394e,CONTROLLED_TEST_MUTATION,snapshot_score_conflict,False,True,0.048,True,0.3283,False,3.6708,EVIDENCE_SNAPSHOT_CONFLICT,b2d83222fe4bab87f393b8e93c8a29f87ac2f8279ebd9de6ca63f25604bbf49f
case-01433,fa34ef34585d6816bbe33515bfab4e8f55aeed472a5a92b30f6096b8cfc332f9,CLEAN_TEST_FIXTURE,none,True,True,0.0385,True,0.3295,True,3.8417,ALL_REQUIRED_EVIDENCE_TRUSTWORTHY,b2d83222fe4bab87f393b8e93c8a29f87ac2f8279ebd9de6ca63f25604bbf49f
case-01434,d845c04b237dd1c0536db31ced46adb91173267b736053e8d66fdd66a602fa9c,CONTROLLED_TEST_MUTATION,missing_direct_role,False,False,0.0187,False,0.0137,False,3.1456,REQUIRED_ROLE_MISSING,b2d83222fe4bab87f393b8e93c8a29f87ac2f8279ebd9de6ca63f25604bbf49f
case-01435,287cb8f925935323237c07d248e1d4459db1698a69fb8aaa6c7d1f7a47afb5db,CONTROLLED_TEST_MUTATION,malformed_payload,False,True,0.0386,True,0.3245,False,3.8995,EVIDENCE_PAYLOAD_SCHEMA_INVALID|EVIDENCE_SNAPSHOT_CONFLICT,b2d83222fe4bab87f393b8e93c8a29f87ac2f8279ebd9de6ca63f25604bbf49f
case-01436,feb518baa470a209f42dbd714b5f3869870961eb8fc92880eb5d1aa1fb15c9c3,CLEAN_TEST_FIXTURE,none,True,True,0.0392,True,0.3245,True,4.541,ALL_REQUIRED_EVIDENCE_TRUSTWORTHY,b2d83222fe4bab87f393b8e93c8a29f87ac2f8279ebd9de6ca63f25604bbf49f
case-01437,ba0e0f848971575d9fc0df823e850b96d2450e58ceec1cb8c388029b99aba51d,CONTROLLED_TEST_MUTATION,lineage_cycle,False,True,0.0375,True,0.3218,False,5.8971,EVIDENCE_LINEAGE_INVALID,b2d83222fe4bab87f393b8e93c8a29f87ac2f8279ebd9de6ca63f25604bbf49f
case-01438,fa0bc2af0149d56b17b1f606234107126cd08d8d94e7842dc8c8c0c31e3da802,CLEAN_TEST_FIXTURE,none,True,True,0.0519,True,0.4212,True,10.8877,ALL_REQUIRED_EVIDENCE_TRUSTWORTHY,b2d83222fe4bab87f393b8e93c8a29f87ac2f8279ebd9de6ca63f25604bbf49f
case-01439,add0b35dcfb1a7220cce32511bdef3cbd110ced028f13ac7d03cfeb9d0aa3069,CONTROLLED_TEST_MUTATION,root_signature_tamper_after_seal,False,True,0.0902,True,0.3981,False,5.2025,EVIDENCE_ROOT_INVALID,b2d83222fe4bab87f393b8e93c8a29f87ac2f8279ebd9de6ca63f25604bbf49f
case-01440,0e95a1f6d32ce07f621c83c4a6349ff23d80698fda55f686c84736c1cd3e708f,CONTROLLED_TEST_MUTATION,lineage_cycle,False,True,0.0443,True,0.3825,False,6.133,EVIDENCE_LINEAGE_INVALID,b2d83222fe4bab87f393b8e93c8a29f87ac2f8279ebd9de6ca63f25604bbf49f
case-01441,a97f3817b18fffef49177aa4874d84cc0fa5d533e755e4ba2f516f39d2356bd6,CONTROLLED_TEST_MUTATION,source_type_impersonation,False,True,0.0402,True,0.3418,False,4.0854,EVIDENCE_ROLE_SOURCE_NOT_ALLOWED|OPERATOR_EVIDENCE_UNVERIFIED,b2d83222fe4bab87f393b8e93c8a29f87ac2f8279ebd9de6ca63f25604bbf49f
case-01442,b23e74ffba7e4d84722e9b69a219da61f12fe5072a4d12f5440a71f5db4e1a38,CLEAN_TEST_FIXTURE,none,True,True,0.0409,True,0.3536,True,4.0191,ALL_REQUIRED_EVIDENCE_TRUSTWORTHY,b2d83222fe4bab87f393b8e93c8a29f87ac2f8279ebd9de6ca63f25604bbf49f
case-01443,6ae6fdb5a2b5e3a61687814c745e3faf4e7954ea789820322249e028e054491d,CONTROLLED_TEST_MUTATION,broken_lineage,False,True,0.0385,True,0.3393,False,3.9674,EVIDENCE_LINEAGE_INVALID,b2d83222fe4bab87f393b8e93c8a29f87ac2f8279ebd9de6ca63f25604bbf49f
case-01444,b690d97b369d95818abf440ea79fb89c0da4f7ad2acd6d10567ecf26e782cb28,CONTROLLED_TEST_MUTATION,payload_tamper_after_seal,False,True,0.0416,False,0.0905,False,4.0697,CHECKSUM_INVALID|EVIDENCE_ROOT_INVALID|EVIDENCE_SNAPSHOT_CONFLICT|RECORD_ENVELOPE_INVALID,b2d83222fe4bab87f393b8e93c8a29f87ac2f8279ebd9de6ca63f25604bbf49f
case-01445,02d9c385651fe3505ee482a37fbe6e8f002e4520675c4dcf278c4fefbaf58c7f,CONTROLLED_TEST_MUTATION,unavailable_record,False,True,0.0421,False,0.328,False,4.2233,EVIDENCE_LINEAGE_INCOMPLETE|EVIDENCE_UNAVAILABLE,b2d83222fe4bab87f393b8e93c8a29f87ac2f8279ebd9de6ca63f25604bbf49f
case-01446,6ee318dbc7e62e3de951e08ff9d98dd054f9e8fb8edd3417c5c497803648234d,CONTROLLED_TEST_MUTATION,expired_import,False,True,0.0408,False,0.2922,False,4.0765,EVIDENCE_STALE,b2d83222fe4bab87f393b8e93c8a29f87ac2f8279ebd9de6ca63f25604bbf49f
case-01447,9f1c2b84cdf0fb0119642673299e53f563b811a4e82ce24da7f50865ad3c628c,CONTROLLED_TEST_MUTATION,role_conflict,False,True,0.0441,True,0.3739,False,5.71,EVIDENCE_ROLE_CONFLICT,b2d83222fe4bab87f393b8e93c8a29f87ac2f8279ebd9de6ca63f25604bbf49f
case-01448,4dc198ad3d9e9b7881183d0274a884031c9adcacc526746bb09a079edd8f84e0,CONTROLLED_TEST_MUTATION,malformed_payload,False,True,0.0419,True,0.3571,False,3.9762,EVIDENCE_PAYLOAD_SCHEMA_INVALID|EVIDENCE_SNAPSHOT_CONFLICT,b2d83222fe4bab87f393b8e93c8a29f87ac2f8279ebd9de6ca63f25604bbf49f
case-01449,18d8a71c2fee6d5c809f6b9ae59dc64ba2759af87cffe622cf9da89f2d1810d1,CONTROLLED_TEST_MUTATION,broken_lineage,False,True,0.0407,True,0.3525,False,3.9733,EVIDENCE_LINEAGE_INVALID,b2d83222fe4bab87f393b8e93c8a29f87ac2f8279ebd9de6ca63f25604bbf49f
case-01450,cd0a1aca49d86dfc766186439e02fee37715e67df838b0bc342593c5ede7936a,CONTROLLED_TEST_MUTATION,unknown_source,False,True,0.0393,True,0.3537,False,3.9308,EVIDENCE_ROLE_SOURCE_NOT_ALLOWED|EVIDENCE_SOURCE_ID_UNKNOWN|EVIDENCE_SOURCE_POLICY_MISSING,b2d83222fe4bab87f393b8e93c8a29f87ac2f8279ebd9de6ca63f25604bbf49f
case-01451,bdef6d8a26738d5bbeaa8cfd5fb6decf7418b598b48f6fc22e0b477c46cd0278,CONTROLLED_TEST_MUTATION,root_signature_tamper_after_seal,False,True,0.0411,True,0.364,False,4.0414,EVIDENCE_ROOT_INVALID,b2d83222fe4bab87f393b8e93c8a29f87ac2f8279ebd9de6ca63f25604bbf49f
case-01452,7f6175c65beee2b1495432968dd37183091c0b1e45cf312c1eae30a5189927b4,CONTROLLED_TEST_MUTATION,incomplete_payload,False,True,0.0373,False,0.1587,False,3.8551,EVIDENCE_PAYLOAD_INCOMPLETE,b2d83222fe4bab87f393b8e93c8a29f87ac2f8279ebd9de6ca63f25604bbf49f
case-01453,0f7b1343cbd42fe2ff187d6eba96bd20a27e1b496d90c701ab619ae6bc0ce2d9,CLEAN_TEST_FIXTURE,none,True,True,0.038,True,0.3439,True,4.158,ALL_REQUIRED_EVIDENCE_TRUSTWORTHY,b2d83222fe4bab87f393b8e93c8a29f87ac2f8279ebd9de6ca63f25604bbf49f
case-01454,6a0e8e4c92b5c4d2838845a757b387e11e64b84a7c53171c4884f22db986824f,CONTROLLED_TEST_MUTATION,empty_payload,False,False,0.0403,False,0.0321,False,4.6974,EVIDENCE_PAYLOAD_EMPTY|EVIDENCE_PAYLOAD_SCHEMA_INVALID|EVIDENCE_SNAPSHOT_CONFLICT,b2d83222fe4bab87f393b8e93c8a29f87ac2f8279ebd9de6ca63f25604bbf49f
case-01455,7b06071ab6493f3aff864b9afdbea926101119d237b15cbed147506a492e57f6,CLEAN_TEST_FIXTURE,none,True,True,0.0386,True,0.4007,True,3.9774,ALL_REQUIRED_EVIDENCE_TRUSTWORTHY,b2d83222fe4bab87f393b8e93c8a29f87ac2f8279ebd9de6ca63f25604bbf49f
case-01456,6f5cd0c006be694916894661260deb2a6838440cd7cb0d8dce423fd7414b44e7,CONTROLLED_TEST_MUTATION,missing_lineage,False,True,0.0356,True,0.3177,False,3.7661,EVIDENCE_LINEAGE_INCOMPLETE,b2d83222fe4bab87f393b8e93c8a29f87ac2f8279ebd9de6ca63f25604bbf49f
case-01457,458f60567b4bded1ff274001d6a4eb2bb12606c785ff8e6c467e6de540b9f68a,CONTROLLED_TEST_MUTATION,root_signature_tamper_after_seal,False,True,0.0388,True,0.3439,False,3.8383,EVIDENCE_ROOT_INVALID,b2d83222fe4bab87f393b8e93c8a29f87ac2f8279ebd9de6ca63f25604bbf49f
case-01458,214571cea30b550425c9ce71dad8ff7cd40c5c4de46268d7c6e2daa88ea35ce8,CONTROLLED_TEST_MUTATION,wrong_context,False,True,0.0367,True,0.3343,False,4.9407,EVIDENCE_CONTEXT_MISMATCH,b2d83222fe4bab87f393b8e93c8a29f87ac2f8279ebd9de6ca63f25604bbf49f
case-01459,14bf0a6a78acbf24fb7695c26ff39d810263c5e307082845bcb74bb906d63ca5,CLEAN_TEST_FIXTURE,none,True,True,0.042,True,0.3452,True,4.8464,ALL_REQUIRED_EVIDENCE_TRUSTWORTHY,b2d83222fe4bab87f393b8e93c8a29f87ac2f8279ebd9de6ca63f25604bbf49f
case-01460,d658059891279175e3497a41dda57c4d559f2ef8a3caf47a5cbb9ad0fb21ef67,CONTROLLED_TEST_MUTATION,malformed_payload,False,True,0.0416,True,0.4026,False,3.9599,EVIDENCE_PAYLOAD_SCHEMA_INVALID|EVIDENCE_SNAPSHOT_CONFLICT,b2d83222fe4bab87f393b8e93c8a29f87ac2f8279ebd9de6ca63f25604bbf49f
case-01461,4ef20f3b016920ab0ebc7f01e77ce4d2e25954a21dbe9ae79fe2cc04a2a4e09f,CONTROLLED_TEST_MUTATION,excluded_ancestor,False,True,0.0362,True,0.3181,False,3.6915,REQUIRED_INPUT_EXCLUDED,b2d83222fe4bab87f393b8e93c8a29f87ac2f8279ebd9de6ca63f25604bbf49f
case-01462,9d02278c294237dd130deda51394aec8510cf6dee5426f47b6f8a281d0a240e1,CONTROLLED_TEST_MUTATION,malformed_payload,False,True,0.0421,True,0.3616,False,3.8935,EVIDENCE_PAYLOAD_SCHEMA_INVALID|EVIDENCE_SNAPSHOT_CONFLICT,b2d83222fe4bab87f393b8e93c8a29f87ac2f8279ebd9de6ca63f25604bbf49f
case-01463,7d9143a6e7483413478d649de793e07c5d169150fa1fafde318dc19b0f8440ba,CONTROLLED_TEST_MUTATION,broken_lineage,False,True,0.0353,True,0.3191,False,3.6656,EVIDENCE_LINEAGE_INVALID,b2d83222fe4bab87f393b8e93c8a29f87ac2f8279ebd9de6ca63f25604bbf49f
case-01464,aa35ab5247057bb97dcf3af46210598f214042f62b3318f6c67e31589627435f,CONTROLLED_TEST_MUTATION,unknown_source,False,True,0.0355,True,0.3191,False,3.7818,EVIDENCE_ROLE_SOURCE_NOT_ALLOWED|EVIDENCE_SOURCE_ID_UNKNOWN|EVIDENCE_SOURCE_POLICY_MISSING,b2d83222fe4bab87f393b8e93c8a29f87ac2f8279ebd9de6ca63f25604bbf49f
case-01465,a5fbbefc313832c04d088ddc10769cca6f4e80a561f95e576cac866f0fa793f5,CONTROLLED_TEST_MUTATION,wrong_context,False,True,0.0345,True,0.3135,False,3.7076,EVIDENCE_CONTEXT_MISMATCH,b2d83222fe4bab87f393b8e93c8a29f87ac2f8279ebd9de6ca63f25604bbf49f
case-01466,864be594c0b331686c1c5b2fc64c82cec96064e7065b728ed5f13c94f777e585,CONTROLLED_TEST_MUTATION,unknown_source,False,True,0.0363,True,0.318,False,3.8769,EVIDENCE_ROLE_SOURCE_NOT_ALLOWED|EVIDENCE_SOURCE_ID_UNKNOWN|EVIDENCE_SOURCE_POLICY_MISSING,b2d83222fe4bab87f393b8e93c8a29f87ac2f8279ebd9de6ca63f25604bbf49f
case-01467,1cf6959636a128103cf22486b9e8cbeb14ca6969c99a9d867996892fb9fb92e3,CONTROLLED_TEST_MUTATION,stale_live_observation,False,True,0.0369,False,0.3144,False,3.9641,EVIDENCE_STALE,b2d83222fe4bab87f393b8e93c8a29f87ac2f8279ebd9de6ca63f25604bbf49f
case-01468,fb83b3233a1668647cc872c2c3295ede7e4be30a68aea7c5e81ae7510c32108c,CONTROLLED_TEST_MUTATION,unknown_source,False,True,0.0344,True,0.3047,False,3.5591,EVIDENCE_ROLE_SOURCE_NOT_ALLOWED|EVIDENCE_SOURCE_ID_UNKNOWN|EVIDENCE_SOURCE_POLICY_MISSING,b2d83222fe4bab87f393b8e93c8a29f87ac2f8279ebd9de6ca63f25604bbf49f
case-01469,c9078e93df0c65ab6dd28fbb0ab9b89f3aa65edc48ec88f91d70cfaf394a49f1,CONTROLLED_TEST_MUTATION,incomplete_payload,False,True,0.0452,False,0.1447,False,5.5272,EVIDENCE_PAYLOAD_INCOMPLETE,b2d83222fe4bab87f393b8e93c8a29f87ac2f8279ebd9de6ca63f25604bbf49f
case-01470,a135c75eff76339c1510bb0ffa68a9345e40fc4ea5085a2d82aec2121a2ac5a7,CLEAN_TEST_FIXTURE,none,True,True,0.0368,True,0.3171,True,3.798,ALL_REQUIRED_EVIDENCE_TRUSTWORTHY,b2d83222fe4bab87f393b8e93c8a29f87ac2f8279ebd9de6ca63f25604bbf49f
case-01471,04d9c549581ed7eed3a69c1e60523e21bbd3a6b5e7150e85f6abcf2cb834709e,CONTROLLED_TEST_MUTATION,payload_tamper_after_seal,False,True,0.0358,False,0.0788,False,4.0677,CHECKSUM_INVALID|EVIDENCE_ROOT_INVALID|EVIDENCE_SNAPSHOT_CONFLICT|RECORD_ENVELOPE_INVALID,b2d83222fe4bab87f393b8e93c8a29f87ac2f8279ebd9de6ca63f25604bbf49f
case-01472,712a05241adb3c546b638e113d2f6650f865da7ec1e72f1b3e2148988662657b,CLEAN_TEST_FIXTURE,none,True,True,0.0346,True,0.3144,True,3.7956,ALL_REQUIRED_EVIDENCE_TRUSTWORTHY,b2d83222fe4bab87f393b8e93c8a29f87ac2f8279ebd9de6ca63f25604bbf49f
case-01473,b75eb7bc62e727274d8b9c208929470b82f61ff9f18f57582ea9351da047046b,CONTROLLED_TEST_MUTATION,malformed_payload,False,True,0.035,True,0.3089,False,4.2129,EVIDENCE_PAYLOAD_SCHEMA_INVALID|EVIDENCE_SNAPSHOT_CONFLICT,b2d83222fe4bab87f393b8e93c8a29f87ac2f8279ebd9de6ca63f25604bbf49f
case-01474,add4b0e3f7aa3748993382cb0da2dbf3b5ea6e145024dde1e1f2a0f2715f1f53,CONTROLLED_TEST_MUTATION,empty_payload,False,False,0.038,False,0.0288,False,3.6156,EVIDENCE_PAYLOAD_EMPTY|EVIDENCE_PAYLOAD_SCHEMA_INVALID|EVIDENCE_SNAPSHOT_CONFLICT,b2d83222fe4bab87f393b8e93c8a29f87ac2f8279ebd9de6ca63f25604bbf49f
case-01475,9b02a24dbc24a5b359644943e5c165d9ebae9e0750a1ac0815f16228eabf9565,CONTROLLED_TEST_MUTATION,wrong_context,False,True,0.0356,True,0.3178,False,3.8222,EVIDENCE_CONTEXT_MISMATCH,b2d83222fe4bab87f393b8e93c8a29f87ac2f8279ebd9de6ca63f25604bbf49f
case-01476,f0c3b974241933e55184ce495ab8bebac803992d45a1ea46abedf2a0a9aed5c7,CONTROLLED_TEST_MUTATION,expired_import,False,True,0.0353,False,0.2608,False,3.7853,EVIDENCE_STALE,b2d83222fe4bab87f393b8e93c8a29f87ac2f8279ebd9de6ca63f25604bbf49f
case-01477,73d6ac73f455702c35b1d841486a886e28558d93b090628bcefd6d53c7ace992,CONTROLLED_TEST_MUTATION,excluded_ancestor,False,True,0.0338,True,0.3659,False,4.9549,REQUIRED_INPUT_EXCLUDED,b2d83222fe4bab87f393b8e93c8a29f87ac2f8279ebd9de6ca63f25604bbf49f
case-01478,c5e32f1f7e9454dbbae428c6ada7007dd61736a89122823ff4c0e94b8094f688,CONTROLLED_TEST_MUTATION,unknown_source,False,True,0.0363,True,0.3177,False,3.7643,EVIDENCE_ROLE_SOURCE_NOT_ALLOWED|EVIDENCE_SOURCE_ID_UNKNOWN|EVIDENCE_SOURCE_POLICY_MISSING,b2d83222fe4bab87f393b8e93c8a29f87ac2f8279ebd9de6ca63f25604bbf49f
case-01479,af71940738974192456b1b4312b871aeacb66ffcd6b191612f57941382149cf4,CONTROLLED_TEST_MUTATION,lineage_cycle,False,True,0.0346,True,0.3137,False,3.9247,EVIDENCE_LINEAGE_INVALID,b2d83222fe4bab87f393b8e93c8a29f87ac2f8279ebd9de6ca63f25604bbf49f
case-01480,d6a255a9d8be3852ab6713ca3abb79088827f524fcebfa62dd2afd2c84e97641,CLEAN_TEST_FIXTURE,none,True,True,0.0343,True,0.3308,True,3.9554,ALL_REQUIRED_EVIDENCE_TRUSTWORTHY,b2d83222fe4bab87f393b8e93c8a29f87ac2f8279ebd9de6ca63f25604bbf49f
case-01481,9977ac49784fe30d7c840b198f79f0068b1736531eb088ac6326814b67774dda,CLEAN_TEST_FIXTURE,none,True,True,0.0358,True,0.3314,True,5.1441,ALL_REQUIRED_EVIDENCE_TRUSTWORTHY,b2d83222fe4bab87f393b8e93c8a29f87ac2f8279ebd9de6ca63f25604bbf49f
case-01482,fa4401bcd9c70029970337a699f3fc051b062e661a35b59a4c179e10e9877683,CONTROLLED_TEST_MUTATION,stale_live_observation,False,True,0.0392,False,0.3104,False,3.8426,EVIDENCE_STALE,b2d83222fe4bab87f393b8e93c8a29f87ac2f8279ebd9de6ca63f25604bbf49f
case-01483,1d429e77cff1e0916dccb4682bfc94409934d2742520fa16043a70e7010ed233,CONTROLLED_TEST_MUTATION,expired_import,False,True,0.0381,False,0.3173,False,3.9731,EVIDENCE_STALE,b2d83222fe4bab87f393b8e93c8a29f87ac2f8279ebd9de6ca63f25604bbf49f
case-01484,d455d6c5ef90c124b7f50edebd08ebe1334ee463fe8f7e000a592969d297d2d0,CLEAN_TEST_FIXTURE,none,True,True,0.0441,True,0.3304,True,3.9947,ALL_REQUIRED_EVIDENCE_TRUSTWORTHY,b2d83222fe4bab87f393b8e93c8a29f87ac2f8279ebd9de6ca63f25604bbf49f
case-01485,c7815cbfb26a435ff32fa066833940cd08ec7731c1972f92c38c69e501d87c77,CLEAN_TEST_FIXTURE,none,True,True,0.0404,True,0.35,True,4.1309,ALL_REQUIRED_EVIDENCE_TRUSTWORTHY,b2d83222fe4bab87f393b8e93c8a29f87ac2f8279ebd9de6ca63f25604bbf49f
case-01486,92b1ec46cc09be4eadb50a8c57164bfe2b56341df6d64e0252068bd4d178ea44,CONTROLLED_TEST_MUTATION,missing_direct_role,False,False,0.0193,False,0.0141,False,3.1909,REQUIRED_ROLE_MISSING,b2d83222fe4bab87f393b8e93c8a29f87ac2f8279ebd9de6ca63f25604bbf49f
case-01487,654ca031b0fcfc415b59b2ef0ae85cef9932aab3b7b6f1acd8d41a4d3187946d,CONTROLLED_TEST_MUTATION,root_signature_tamper_after_seal,False,True,0.0346,True,0.3163,False,3.9033,EVIDENCE_ROOT_INVALID,b2d83222fe4bab87f393b8e93c8a29f87ac2f8279ebd9de6ca63f25604bbf49f
case-01488,581ee4a19997ba2efc565d765ddedc2dbb8434f9540279e22c4b5735c1ae89f7,CONTROLLED_TEST_MUTATION,payload_tamper_after_seal,False,True,0.0352,False,0.0789,False,3.9613,CHECKSUM_INVALID|EVIDENCE_ROOT_INVALID|EVIDENCE_SNAPSHOT_CONFLICT|RECORD_ENVELOPE_INVALID,b2d83222fe4bab87f393b8e93c8a29f87ac2f8279ebd9de6ca63f25604bbf49f
case-01489,a92f9ee20637594a0d89df035c035a419489ec68e805b0002a805baf24fc38bf,CONTROLLED_TEST_MUTATION,future_timestamp,False,True,0.0385,False,0.2954,False,4.1691,EVIDENCE_FRESHNESS_UNKNOWN|EVIDENCE_TIMESTAMP_IN_FUTURE,b2d83222fe4bab87f393b8e93c8a29f87ac2f8279ebd9de6ca63f25604bbf49f
case-01490,9d022c5214cc40e46426b1bf9026ae010eb663eaa7c2f222e39ed578f341b865,CONTROLLED_TEST_MUTATION,broken_lineage,False,True,0.0348,True,0.3794,False,3.9085,EVIDENCE_LINEAGE_INVALID,b2d83222fe4bab87f393b8e93c8a29f87ac2f8279ebd9de6ca63f25604bbf49f
case-01491,b4b94f2044f02b2443ddba39003279acec1e072b78b6a6303806205ec29c3d39,CONTROLLED_TEST_MUTATION,wrong_context,False,True,0.0357,True,0.3151,False,3.6009,EVIDENCE_CONTEXT_MISMATCH,b2d83222fe4bab87f393b8e93c8a29f87ac2f8279ebd9de6ca63f25604bbf49f
case-01492,5e9fee783cf859c10a4e23b6deedfb0ac0fb9f7bb26c4d3dae199a8dc26d94be,CONTROLLED_TEST_MUTATION,expired_import,False,True,0.0349,False,0.2587,False,5.414,EVIDENCE_STALE,b2d83222fe4bab87f393b8e93c8a29f87ac2f8279ebd9de6ca63f25604bbf49f
case-01493,de2e5ed00b2e92af6b7313b6e07adcff9c33fd94d7803bdaa0851107f6ba9e00,CONTROLLED_TEST_MUTATION,snapshot_score_conflict,False,True,0.0398,True,0.3549,False,3.9047,EVIDENCE_SNAPSHOT_CONFLICT,b2d83222fe4bab87f393b8e93c8a29f87ac2f8279ebd9de6ca63f25604bbf49f
case-01494,855e296141da150bc48c9a4990c44ad0dd7eee2802e5eb4b30a32cc14bc7ef98,CONTROLLED_TEST_MUTATION,root_signature_tamper_after_seal,False,True,0.0477,True,0.4179,False,4.625,EVIDENCE_ROOT_INVALID,b2d83222fe4bab87f393b8e93c8a29f87ac2f8279ebd9de6ca63f25604bbf49f
case-01495,b37f0ead11a0ecf4c0292d0695061d4acfaeff392a234c1c33ee86e43104b237,CONTROLLED_TEST_MUTATION,future_timestamp,False,True,0.0374,False,0.2907,False,3.8908,EVIDENCE_FRESHNESS_UNKNOWN|EVIDENCE_TIMESTAMP_IN_FUTURE,b2d83222fe4bab87f393b8e93c8a29f87ac2f8279ebd9de6ca63f25604bbf49f
case-01496,d2d4920210e8bf027e380c2cc318db7e537b408b2d7c686a4bcbfbef8747645b,CLEAN_TEST_FIXTURE,none,True,True,0.0374,True,0.3422,True,3.7121,ALL_REQUIRED_EVIDENCE_TRUSTWORTHY,b2d83222fe4bab87f393b8e93c8a29f87ac2f8279ebd9de6ca63f25604bbf49f
case-01497,e991e8f34e89b71837b1e296849949153010d109c1b1909893dac8af0b9d087a,CLEAN_TEST_FIXTURE,none,True,True,0.035,True,0.3208,True,3.683,ALL_REQUIRED_EVIDENCE_TRUSTWORTHY,b2d83222fe4bab87f393b8e93c8a29f87ac2f8279ebd9de6ca63f25604bbf49f
case-01498,785608042d43d3cf0d14b721ed24480f56faca880c5ed6897a7e425f9b674d61,CONTROLLED_TEST_MUTATION,empty_payload,False,False,0.0372,False,0.0284,False,3.5513,EVIDENCE_PAYLOAD_EMPTY|EVIDENCE_PAYLOAD_SCHEMA_INVALID|EVIDENCE_SNAPSHOT_CONFLICT,b2d83222fe4bab87f393b8e93c8a29f87ac2f8279ebd9de6ca63f25604bbf49f
case-01499,5ef5262b28865dfef71447e4832d6b67a5dbea950db8d5aa7d28c050dfc51212,CONTROLLED_TEST_MUTATION,broken_lineage,False,True,0.034,True,0.3781,False,3.6744,EVIDENCE_LINEAGE_INVALID,b2d83222fe4bab87f393b8e93c8a29f87ac2f8279ebd9de6ca63f25604bbf49f
case-01500,7d18d039973d6a75d183027325a53b96080c7f383424e52394c99749062ec3a2,CONTROLLED_TEST_MUTATION,snapshot_score_conflict,False,True,0.0388,True,0.3266,False,3.7651,EVIDENCE_SNAPSHOT_CONFLICT,b2d83222fe4bab87f393b8e93c8a29f87ac2f8279ebd9de6ca63f25604bbf49f
case-01501,e3475e458f84c338dba177339347dbf565a7d17ff9c9dd1507922c0b6d234330,CONTROLLED_TEST_MUTATION,future_timestamp,False,True,0.0351,False,0.3382,False,3.8262,EVIDENCE_FRESHNESS_UNKNOWN|EVIDENCE_TIMESTAMP_IN_FUTURE,b2d83222fe4bab87f393b8e93c8a29f87ac2f8279ebd9de6ca63f25604bbf49f
case-01502,305ac012ba1b87d7f4176c10c5557da565514059cb8ddbdd84b8750df9c28821,CONTROLLED_TEST_MUTATION,payload_tamper_after_seal,False,True,0.038,False,0.0828,False,4.3914,CHECKSUM_INVALID|EVIDENCE_ROOT_INVALID|EVIDENCE_SNAPSHOT_CONFLICT|RECORD_ENVELOPE_INVALID,b2d83222fe4bab87f393b8e93c8a29f87ac2f8279ebd9de6ca63f25604bbf49f
case-01503,cb7016c7139f4927671ed2bfa568546033f5f7dea5f56d4e959a3cd7eefc3e25,CLEAN_TEST_FIXTURE,none,True,True,0.0354,True,0.3186,True,4.4737,ALL_REQUIRED_EVIDENCE_TRUSTWORTHY,b2d83222fe4bab87f393b8e93c8a29f87ac2f8279ebd9de6ca63f25604bbf49f
case-01504,36aa46ce0ed87742d7284e81ca3cbde9d9dfb25723c5496d761cb70c9f2cb035,CLEAN_TEST_FIXTURE,none,True,True,0.0367,True,0.3234,True,4.1424,ALL_REQUIRED_EVIDENCE_TRUSTWORTHY,b2d83222fe4bab87f393b8e93c8a29f87ac2f8279ebd9de6ca63f25604bbf49f
case-01505,66cd1b247f141ed04752023182cbae0327369f006e4d09967e89b4fad47e1894,CONTROLLED_TEST_MUTATION,snapshot_score_conflict,False,True,0.0354,True,0.339,False,3.9339,EVIDENCE_SNAPSHOT_CONFLICT,b2d83222fe4bab87f393b8e93c8a29f87ac2f8279ebd9de6ca63f25604bbf49f
case-01506,5d28b45df47acbabf4d839004c8f48a7e5ea0b5e91a74110b7bc2b70a3aa833b,CONTROLLED_TEST_MUTATION,wrong_context,False,True,0.0354,True,0.3532,False,3.6516,EVIDENCE_CONTEXT_MISMATCH,b2d83222fe4bab87f393b8e93c8a29f87ac2f8279ebd9de6ca63f25604bbf49f
case-01507,a8c5af11fde1f8021aacec77f4f30c46d256fa7c91faaa5796f9690d31f1c467,CLEAN_TEST_FIXTURE,none,True,True,0.0347,True,0.3414,True,5.1849,ALL_REQUIRED_EVIDENCE_TRUSTWORTHY,b2d83222fe4bab87f393b8e93c8a29f87ac2f8279ebd9de6ca63f25604bbf49f
case-01508,476b7ff58d81d9dd03f89447b10fe589b941d22067714dcef4847c0b2bd24944,CONTROLLED_TEST_MUTATION,role_conflict,False,True,0.0438,True,0.4173,False,3.9432,EVIDENCE_ROLE_CONFLICT,b2d83222fe4bab87f393b8e93c8a29f87ac2f8279ebd9de6ca63f25604bbf49f
case-01509,b75ca3a79ab60f886ffb756f24e464f0ff27f157de2d3a3fbf4e490b3bc73ca8,CONTROLLED_TEST_MUTATION,missing_lineage,False,True,0.0357,True,0.3922,False,3.6258,EVIDENCE_LINEAGE_INCOMPLETE,b2d83222fe4bab87f393b8e93c8a29f87ac2f8279ebd9de6ca63f25604bbf49f
case-01510,4316c1cfac0505c8047b112b7b0586b34b9c4a21e6be0f9b451ac52e9139199b,CONTROLLED_TEST_MUTATION,unavailable_record,False,True,0.0339,False,0.2809,False,3.7842,EVIDENCE_LINEAGE_INCOMPLETE|EVIDENCE_UNAVAILABLE,b2d83222fe4bab87f393b8e93c8a29f87ac2f8279ebd9de6ca63f25604bbf49f
case-01511,d996319260fef8e95fe08a1657b7f640ad112df41a941e2a85ce2251aa3b81f5,CONTROLLED_TEST_MUTATION,lineage_cycle,False,True,0.056,True,0.4053,False,3.8783,EVIDENCE_LINEAGE_INVALID,b2d83222fe4bab87f393b8e93c8a29f87ac2f8279ebd9de6ca63f25604bbf49f
case-01512,5abfac214a93e472fac040ccad33742ccae935bffa942c81ae91cbf2ecdb0f68,CONTROLLED_TEST_MUTATION,excluded_ancestor,False,True,0.0356,True,0.3208,False,3.6629,REQUIRED_INPUT_EXCLUDED,b2d83222fe4bab87f393b8e93c8a29f87ac2f8279ebd9de6ca63f25604bbf49f
case-01513,27803ee1046538ffe8eb0b81620ee4454cacd5e7f9b3660026d23034eee92057,CONTROLLED_TEST_MUTATION,payload_tamper_after_seal,False,True,0.0356,False,0.0771,False,3.7654,CHECKSUM_INVALID|EVIDENCE_ROOT_INVALID|EVIDENCE_SNAPSHOT_CONFLICT|RECORD_ENVELOPE_INVALID,b2d83222fe4bab87f393b8e93c8a29f87ac2f8279ebd9de6ca63f25604bbf49f
case-01514,c5bd5291edb9deb5dacc4c3b3f740824e1b9d35589f5586855067b9e88468c35,CONTROLLED_TEST_MUTATION,source_type_impersonation,False,True,0.0489,True,0.3743,False,3.8023,EVIDENCE_ROLE_SOURCE_NOT_ALLOWED|OPERATOR_EVIDENCE_UNVERIFIED,b2d83222fe4bab87f393b8e93c8a29f87ac2f8279ebd9de6ca63f25604bbf49f
case-01515,a230f14874d48c7dff512171c9041e8a12daf4e364148ac3f1887b068d50b2c2,CLEAN_TEST_FIXTURE,none,True,True,0.0383,True,0.3324,True,3.7144,ALL_REQUIRED_EVIDENCE_TRUSTWORTHY,b2d83222fe4bab87f393b8e93c8a29f87ac2f8279ebd9de6ca63f25604bbf49f
case-01516,1ae5690766ab7edf162f2585b08d64c5093c84582fa98755c36d5996af1d873b,CONTROLLED_TEST_MUTATION,malformed_payload,False,True,0.0364,True,0.3189,False,3.6706,EVIDENCE_PAYLOAD_SCHEMA_INVALID|EVIDENCE_SNAPSHOT_CONFLICT,b2d83222fe4bab87f393b8e93c8a29f87ac2f8279ebd9de6ca63f25604bbf49f
case-01517,7fdddb7aa2a0d5ecc2221265af2ae2eb0fda47cd0f2566cac3046f848b4fd25d,CLEAN_TEST_FIXTURE,none,True,True,0.037,True,0.3216,True,3.835,ALL_REQUIRED_EVIDENCE_TRUSTWORTHY,b2d83222fe4bab87f393b8e93c8a29f87ac2f8279ebd9de6ca63f25604bbf49f
case-01518,44bc6f781e6c2fe7f0126c35c3ed7411cf28ff60ecde56c2af3377a5865e3d26,CONTROLLED_TEST_MUTATION,wrong_context,False,True,0.0357,True,0.3217,False,3.7243,EVIDENCE_CONTEXT_MISMATCH,b2d83222fe4bab87f393b8e93c8a29f87ac2f8279ebd9de6ca63f25604bbf49f
case-01519,f0be2c1c210bb2a73bdc7a2567649de02a390e13c8940e4faee53ae53d401884,CONTROLLED_TEST_MUTATION,excluded_ancestor,False,True,0.0387,True,0.3447,False,3.9914,REQUIRED_INPUT_EXCLUDED,b2d83222fe4bab87f393b8e93c8a29f87ac2f8279ebd9de6ca63f25604bbf49f
case-01520,4546c48fadd15ebbbc24675a61e08956e648fd2440f152b5ec6b183e6a788d9f,CONTROLLED_TEST_MUTATION,future_timestamp,False,True,0.038,False,0.3104,False,4.0142,EVIDENCE_FRESHNESS_UNKNOWN|EVIDENCE_TIMESTAMP_IN_FUTURE,b2d83222fe4bab87f393b8e93c8a29f87ac2f8279ebd9de6ca63f25604bbf49f
case-01521,63207bba1d46c13cda6f8a4d79dc2fde44cf5e724225458bb75cdaf66881dacc,CONTROLLED_TEST_MUTATION,broken_lineage,False,True,0.0354,True,0.3292,False,3.6723,EVIDENCE_LINEAGE_INVALID,b2d83222fe4bab87f393b8e93c8a29f87ac2f8279ebd9de6ca63f25604bbf49f
case-01522,910dccbbcbd5af33ab8835a68bd685063b86ab84219bedc80f84b37942d12e5a,CONTROLLED_TEST_MUTATION,unavailable_record,False,True,0.0376,False,0.3031,False,4.7943,EVIDENCE_LINEAGE_INCOMPLETE|EVIDENCE_UNAVAILABLE,b2d83222fe4bab87f393b8e93c8a29f87ac2f8279ebd9de6ca63f25604bbf49f
case-01523,c531147550b23e20b52205748cb9cf552cb2caa9a28c8520636a781e2f18d609,CONTROLLED_TEST_MUTATION,source_type_impersonation,False,True,0.0368,True,0.3269,False,3.6235,EVIDENCE_ROLE_SOURCE_NOT_ALLOWED|OPERATOR_EVIDENCE_UNVERIFIED,b2d83222fe4bab87f393b8e93c8a29f87ac2f8279ebd9de6ca63f25604bbf49f
case-01524,ef980a6c569ee60bc4bf2fd9b8f7635e876ab6875deb70b809a8ab4e93d5c6a5,CONTROLLED_TEST_MUTATION,wrong_context,False,True,0.0395,True,0.3483,False,4.2013,EVIDENCE_CONTEXT_MISMATCH,b2d83222fe4bab87f393b8e93c8a29f87ac2f8279ebd9de6ca63f25604bbf49f
case-01525,65a5901840e37aaa7eab546c43b5e5ea3da4a57fe49054743a2db9240b608edc,CONTROLLED_TEST_MUTATION,missing_lineage,False,True,0.0357,True,0.3212,False,4.3889,EVIDENCE_LINEAGE_INCOMPLETE,b2d83222fe4bab87f393b8e93c8a29f87ac2f8279ebd9de6ca63f25604bbf49f
case-01526,ba04406c2ae8368d068d19ce4f1a4cbd110bf3f13739a387bc0566169c0ab6eb,CONTROLLED_TEST_MUTATION,incomplete_payload,False,True,0.0578,False,0.3238,False,3.8935,EVIDENCE_PAYLOAD_INCOMPLETE,b2d83222fe4bab87f393b8e93c8a29f87ac2f8279ebd9de6ca63f25604bbf49f
case-01527,dba04db80177906e359500c7f53ab8bd99d4a180394f4a3c90ac388e7cbcdb49,CONTROLLED_TEST_MUTATION,stale_live_observation,False,True,0.035,False,0.2928,False,3.9525,EVIDENCE_STALE,b2d83222fe4bab87f393b8e93c8a29f87ac2f8279ebd9de6ca63f25604bbf49f
case-01528,6775816c9753e11b4f71a6b807f61aaaa6b521caa3388841c28b0d38be843d77,CONTROLLED_TEST_MUTATION,expired_import,False,True,0.0358,False,0.2703,False,3.7744,EVIDENCE_STALE,b2d83222fe4bab87f393b8e93c8a29f87ac2f8279ebd9de6ca63f25604bbf49f
case-01529,f225e589205abb1e41f017d53f6c6b5cd7d17aa093bbc1f0825f3acf0f230839,CLEAN_TEST_FIXTURE,none,True,True,0.0346,True,0.4789,True,3.8276,ALL_REQUIRED_EVIDENCE_TRUSTWORTHY,b2d83222fe4bab87f393b8e93c8a29f87ac2f8279ebd9de6ca63f25604bbf49f
case-01530,2b7c65fe97c07aace34fa298f2d8e7770ad7d22ee870d585bd212355d3e5073f,CONTROLLED_TEST_MUTATION,root_signature_tamper_after_seal,False,True,0.0426,True,0.3759,False,3.868,EVIDENCE_ROOT_INVALID,b2d83222fe4bab87f393b8e93c8a29f87ac2f8279ebd9de6ca63f25604bbf49f
case-01531,45f933202929ce94d77fe42ed5733ee98c9c7dba48f051de0a0ed349427833d9,CONTROLLED_TEST_MUTATION,lineage_cycle,False,True,0.0349,True,0.3171,False,3.5784,EVIDENCE_LINEAGE_INVALID,b2d83222fe4bab87f393b8e93c8a29f87ac2f8279ebd9de6ca63f25604bbf49f
case-01532,fddf6668ab5cb65e114b7c2eb9e8673a3bfcfc1f7d030abc39bc4ac58b8bb04d,CONTROLLED_TEST_MUTATION,unknown_source,False,True,0.0412,True,0.3301,False,3.523,EVIDENCE_ROLE_SOURCE_NOT_ALLOWED|EVIDENCE_SOURCE_ID_UNKNOWN|EVIDENCE_SOURCE_POLICY_MISSING,b2d83222fe4bab87f393b8e93c8a29f87ac2f8279ebd9de6ca63f25604bbf49f
case-01533,ac2aa18d99535f4e8cb4af158280aadb8f0eaf9fb4e4d5304412e2cf7a808073,CONTROLLED_TEST_MUTATION,expired_import,False,True,0.0381,False,0.2895,False,3.7503,EVIDENCE_STALE,b2d83222fe4bab87f393b8e93c8a29f87ac2f8279ebd9de6ca63f25604bbf49f
case-01534,0e54ae78497977d6068afbd85542ce47fb8543cc4f3b58cfa43bbbc5f21804f0,CONTROLLED_TEST_MUTATION,empty_payload,False,False,0.0407,False,0.0283,False,3.821,EVIDENCE_PAYLOAD_EMPTY|EVIDENCE_PAYLOAD_SCHEMA_INVALID|EVIDENCE_SNAPSHOT_CONFLICT,b2d83222fe4bab87f393b8e93c8a29f87ac2f8279ebd9de6ca63f25604bbf49f
case-01535,27c79c2a6478ef9cb808cb3c2d9b684e3ec69bbd4b61ce52de7b333ad87c4fe4,CONTROLLED_TEST_MUTATION,stale_live_observation,False,True,0.0361,False,0.3644,False,3.9243,EVIDENCE_STALE,b2d83222fe4bab87f393b8e93c8a29f87ac2f8279ebd9de6ca63f25604bbf49f
case-01536,b61896d959b2d5d896374df1ea2d2fc77fbbac88ba75f589dd4738914213ff1c,CONTROLLED_TEST_MUTATION,role_conflict,False,True,0.0394,True,0.3458,False,4.1626,EVIDENCE_ROLE_CONFLICT,b2d83222fe4bab87f393b8e93c8a29f87ac2f8279ebd9de6ca63f25604bbf49f
case-01537,261ec850b4bc9b0727f0ae23b13cf2b2eb71135a80501f169c0c9411e5004578,CLEAN_TEST_FIXTURE,none,True,True,0.0356,True,0.343,True,3.6212,ALL_REQUIRED_EVIDENCE_TRUSTWORTHY,b2d83222fe4bab87f393b8e93c8a29f87ac2f8279ebd9de6ca63f25604bbf49f
case-01538,f4f276385ab98b01f633356e5747faecf52a82f3842765d391ea02689fa3b5f9,CLEAN_TEST_FIXTURE,none,True,True,0.0383,True,0.3242,True,3.9025,ALL_REQUIRED_EVIDENCE_TRUSTWORTHY,b2d83222fe4bab87f393b8e93c8a29f87ac2f8279ebd9de6ca63f25604bbf49f
case-01539,51de28b9ef72935920bed2038190745a04ae61fc1d927a8c4e5c9b871a550fcc,CONTROLLED_TEST_MUTATION,missing_direct_role,False,False,0.0192,False,0.0137,False,3.4984,REQUIRED_ROLE_MISSING,b2d83222fe4bab87f393b8e93c8a29f87ac2f8279ebd9de6ca63f25604bbf49f
case-01540,0a19047c35cb770e86d7e3f4016107f8cad939d5be85fc523721345eec7fad84,CONTROLLED_TEST_MUTATION,missing_direct_role,False,False,0.0198,False,0.014,False,3.2224,REQUIRED_ROLE_MISSING,b2d83222fe4bab87f393b8e93c8a29f87ac2f8279ebd9de6ca63f25604bbf49f
case-01541,9627a5f814277b97de6efcde82819be4ae9f528c0b3f9dd04cc4416ac6affca3,CONTROLLED_TEST_MUTATION,expired_import,False,True,0.0364,False,0.2672,False,4.2885,EVIDENCE_STALE,b2d83222fe4bab87f393b8e93c8a29f87ac2f8279ebd9de6ca63f25604bbf49f
case-01542,3637229b1812055d3f40779a3e16339d639c487c6f3162b6ed00dccabd52440e,CLEAN_TEST_FIXTURE,none,True,True,0.0368,True,0.3218,True,3.855,ALL_REQUIRED_EVIDENCE_TRUSTWORTHY,b2d83222fe4bab87f393b8e93c8a29f87ac2f8279ebd9de6ca63f25604bbf49f
case-01543,bad6aed9519165da01a3940fbfa53518f1c9f69b8b05722498c1d86fbdc04a17,CLEAN_TEST_FIXTURE,none,True,True,0.0353,True,0.3206,True,4.0499,ALL_REQUIRED_EVIDENCE_TRUSTWORTHY,b2d83222fe4bab87f393b8e93c8a29f87ac2f8279ebd9de6ca63f25604bbf49f
case-01544,d65f35bcee51ac856b8ee274c98f198e0e93d45caa4f3c76123ce5cbb09ff6f1,CONTROLLED_TEST_MUTATION,stale_live_observation,False,True,0.044,False,0.365,False,4.2137,EVIDENCE_STALE,b2d83222fe4bab87f393b8e93c8a29f87ac2f8279ebd9de6ca63f25604bbf49f
case-01545,a4770b9bb318e58ffa16c2f3e7dba7454e625a6bf8ee1eb3bfd4a647a0e13389,CONTROLLED_TEST_MUTATION,broken_lineage,False,True,0.035,True,0.3179,False,5.3347,EVIDENCE_LINEAGE_INVALID,b2d83222fe4bab87f393b8e93c8a29f87ac2f8279ebd9de6ca63f25604bbf49f
case-01546,c34bb8565298f268005bb8e9a6707c30d260ee45beff8d638145ffcb0d05cf45,CLEAN_TEST_FIXTURE,none,True,True,0.0358,True,0.3189,True,3.637,ALL_REQUIRED_EVIDENCE_TRUSTWORTHY,b2d83222fe4bab87f393b8e93c8a29f87ac2f8279ebd9de6ca63f25604bbf49f
case-01547,7e79463c573c140018336042b6359121a7fe51ce2c23242a4faff6a4ad6c1243,CONTROLLED_TEST_MUTATION,unknown_source,False,True,0.0437,True,0.3908,False,3.827,EVIDENCE_ROLE_SOURCE_NOT_ALLOWED|EVIDENCE_SOURCE_ID_UNKNOWN|EVIDENCE_SOURCE_POLICY_MISSING,b2d83222fe4bab87f393b8e93c8a29f87ac2f8279ebd9de6ca63f25604bbf49f
case-01548,edb2e1be590d20112ddcc3c477ccb6d56242684c19d652a1e9bfeab61eae7065,CONTROLLED_TEST_MUTATION,future_timestamp,False,True,0.0613,False,0.3149,False,3.8985,EVIDENCE_FRESHNESS_UNKNOWN|EVIDENCE_TIMESTAMP_IN_FUTURE,b2d83222fe4bab87f393b8e93c8a29f87ac2f8279ebd9de6ca63f25604bbf49f
case-01549,a113cfbb05dfdf5c559b75ed72c2e9be952ae74df19eee67d1bc2c7019aa92bf,CLEAN_TEST_FIXTURE,none,True,True,0.0377,True,0.328,True,3.723,ALL_REQUIRED_EVIDENCE_TRUSTWORTHY,b2d83222fe4bab87f393b8e93c8a29f87ac2f8279ebd9de6ca63f25604bbf49f
case-01550,4da32e5f941395dfafd2e7bcbe0cf1a49c8705eb90c5522e7affa3063316d473,CONTROLLED_TEST_MUTATION,unavailable_record,False,True,0.0347,False,0.296,False,4.1308,EVIDENCE_LINEAGE_INCOMPLETE|EVIDENCE_UNAVAILABLE,b2d83222fe4bab87f393b8e93c8a29f87ac2f8279ebd9de6ca63f25604bbf49f
case-01551,9bc51cc46f1678efc4c97c8d2665cf8babd39c4cfa6e113293512a6ad8f61f97,CLEAN_TEST_FIXTURE,none,True,True,0.0395,True,0.375,True,3.6077,ALL_REQUIRED_EVIDENCE_TRUSTWORTHY,b2d83222fe4bab87f393b8e93c8a29f87ac2f8279ebd9de6ca63f25604bbf49f
case-01552,2da399a249ed30164c59ed205cbc66194b330119171e39e22d2b4624d99fec04,CONTROLLED_TEST_MUTATION,role_conflict,False,True,0.0467,True,0.3307,False,5.1063,EVIDENCE_ROLE_CONFLICT,b2d83222fe4bab87f393b8e93c8a29f87ac2f8279ebd9de6ca63f25604bbf49f
case-01553,19da5cb680a7073265b93d43556232952492a69c3d83b1dc2d07a6ddf2456446,CONTROLLED_TEST_MUTATION,lineage_cycle,False,True,0.0369,True,0.3215,False,3.8942,EVIDENCE_LINEAGE_INVALID,b2d83222fe4bab87f393b8e93c8a29f87ac2f8279ebd9de6ca63f25604bbf49f
case-01554,470e43e1d1ba336f84a9a030a6c275943c99acc1f310152794ce37d205ff7b15,CLEAN_TEST_FIXTURE,none,True,True,0.0354,True,0.3457,True,3.9207,ALL_REQUIRED_EVIDENCE_TRUSTWORTHY,b2d83222fe4bab87f393b8e93c8a29f87ac2f8279ebd9de6ca63f25604bbf49f
case-01555,4e5550724c301019ae6d97f0440dc1d87e6a5dd6bebc010eb99c3562d72823a6,CONTROLLED_TEST_MUTATION,empty_payload,False,False,0.0374,False,0.0288,False,3.7356,EVIDENCE_PAYLOAD_EMPTY|EVIDENCE_PAYLOAD_SCHEMA_INVALID|EVIDENCE_SNAPSHOT_CONFLICT,b2d83222fe4bab87f393b8e93c8a29f87ac2f8279ebd9de6ca63f25604bbf49f
case-01556,67c071c1d9c0476349c92ea995dcf69abf9f21a8ac0e8813a4d11cdf4c30e9df,CONTROLLED_TEST_MUTATION,missing_lineage,False,True,0.0352,True,0.3184,False,4.0361,EVIDENCE_LINEAGE_INCOMPLETE,b2d83222fe4bab87f393b8e93c8a29f87ac2f8279ebd9de6ca63f25604bbf49f
case-01557,5d35a25b85c8b9a7078f2c796b97a783d2b42e5cfd40eefff497ecc8f29ade5a,CONTROLLED_TEST_MUTATION,wrong_context,False,True,0.045,True,0.3195,False,3.682,EVIDENCE_CONTEXT_MISMATCH,b2d83222fe4bab87f393b8e93c8a29f87ac2f8279ebd9de6ca63f25604bbf49f
case-01558,26f5259fa439076eee76661418fcfaddde5cdaebb22ec38e506834ddee76f6ca,CONTROLLED_TEST_MUTATION,future_timestamp,False,True,0.0365,False,0.2897,False,3.8996,EVIDENCE_FRESHNESS_UNKNOWN|EVIDENCE_TIMESTAMP_IN_FUTURE,b2d83222fe4bab87f393b8e93c8a29f87ac2f8279ebd9de6ca63f25604bbf49f
case-01559,b3221a9a862f7de69a1296076a1ec4a88c3ce0bd20f5542801852b0659c4799a,CONTROLLED_TEST_MUTATION,broken_lineage,False,True,0.0348,True,0.32,False,3.5985,EVIDENCE_LINEAGE_INVALID,b2d83222fe4bab87f393b8e93c8a29f87ac2f8279ebd9de6ca63f25604bbf49f
case-01560,f73319ea7b9015adde203785ffe8a96b077f3debb80bde9d6fa169f9be6abaf1,CONTROLLED_TEST_MUTATION,stale_live_observation,False,True,0.035,False,0.2915,False,5.2164,EVIDENCE_STALE,b2d83222fe4bab87f393b8e93c8a29f87ac2f8279ebd9de6ca63f25604bbf49f
case-01561,38bb8ebe0d98a67fb76d7beefa752d4a00ee1f0bb73488e66fb65c60f7956e36,CLEAN_TEST_FIXTURE,none,True,True,0.0361,True,0.3427,True,4.0042,ALL_REQUIRED_EVIDENCE_TRUSTWORTHY,b2d83222fe4bab87f393b8e93c8a29f87ac2f8279ebd9de6ca63f25604bbf49f
case-01562,429a5fffefd8b78477569f95f9a4bf087d4eed113e34dfa610222d3c79dc443e,CONTROLLED_TEST_MUTATION,empty_payload,False,False,0.0411,False,0.03,False,3.8784,EVIDENCE_PAYLOAD_EMPTY|EVIDENCE_PAYLOAD_SCHEMA_INVALID|EVIDENCE_SNAPSHOT_CONFLICT,b2d83222fe4bab87f393b8e93c8a29f87ac2f8279ebd9de6ca63f25604bbf49f
case-01563,2aa6202c6752e44dededd78fc963b73fc3736b521641918e104824fc19313b81,CLEAN_TEST_FIXTURE,none,True,True,0.0351,True,0.318,True,4.0183,ALL_REQUIRED_EVIDENCE_TRUSTWORTHY,b2d83222fe4bab87f393b8e93c8a29f87ac2f8279ebd9de6ca63f25604bbf49f
case-01564,460a1a0684815e6b248f1e190e3cd75626652724e14783f3d82008017f239983,CONTROLLED_TEST_MUTATION,root_signature_tamper_after_seal,False,True,0.0498,True,0.4023,False,3.8889,EVIDENCE_ROOT_INVALID,b2d83222fe4bab87f393b8e93c8a29f87ac2f8279ebd9de6ca63f25604bbf49f
case-01565,697c6111db3a803384d3092dbc302fe4b3056499c8ec9caf91be378a1480ce31,CONTROLLED_TEST_MUTATION,broken_lineage,False,True,0.0364,True,0.3215,False,3.6282,EVIDENCE_LINEAGE_INVALID,b2d83222fe4bab87f393b8e93c8a29f87ac2f8279ebd9de6ca63f25604bbf49f
case-01566,f0f78ad8d7a8b97be70c8fa3bd2be20fe3a82a4ebdcf24560c77de20a4b679bb,CONTROLLED_TEST_MUTATION,future_timestamp,False,True,0.0357,False,0.294,False,3.5805,EVIDENCE_FRESHNESS_UNKNOWN|EVIDENCE_TIMESTAMP_IN_FUTURE,b2d83222fe4bab87f393b8e93c8a29f87ac2f8279ebd9de6ca63f25604bbf49f
case-01567,effe0cb6bad23b0281911ffbcadb47ffd45083b2cdb94775d7bdf3b2ea2fbfa6,CONTROLLED_TEST_MUTATION,stale_live_observation,False,True,0.0341,False,0.3747,False,3.746,EVIDENCE_STALE,b2d83222fe4bab87f393b8e93c8a29f87ac2f8279ebd9de6ca63f25604bbf49f
case-01568,0b2da39ef7c5df023a6e3dbc07ff4658192cae02410fd72f1ea375052e4e5ee9,CONTROLLED_TEST_MUTATION,snapshot_score_conflict,False,True,0.0436,True,0.358,False,3.8882,EVIDENCE_SNAPSHOT_CONFLICT,b2d83222fe4bab87f393b8e93c8a29f87ac2f8279ebd9de6ca63f25604bbf49f
case-01569,74b9b345f7cff47fa6454c4da2724baf25088a3bd8707e5d80bde553c94dfada,CONTROLLED_TEST_MUTATION,missing_direct_role,False,False,0.0188,False,0.0136,False,3.4684,REQUIRED_ROLE_MISSING,b2d83222fe4bab87f393b8e93c8a29f87ac2f8279ebd9de6ca63f25604bbf49f
case-01570,3af513cc33a1cef2ff1ab441e978821df75be5b0f5c247302fc43259ebdbc3cf,CONTROLLED_TEST_MUTATION,wrong_context,False,True,0.0409,True,0.3455,False,3.8567,EVIDENCE_CONTEXT_MISMATCH,b2d83222fe4bab87f393b8e93c8a29f87ac2f8279ebd9de6ca63f25604bbf49f
case-01571,f3d310f481479a530431da4f45722a215ad77d4ab6c6d4e867b218483ee9064e,CONTROLLED_TEST_MUTATION,payload_tamper_after_seal,False,True,0.0357,False,0.0795,False,3.6731,CHECKSUM_INVALID|EVIDENCE_ROOT_INVALID|EVIDENCE_SNAPSHOT_CONFLICT|RECORD_ENVELOPE_INVALID,b2d83222fe4bab87f393b8e93c8a29f87ac2f8279ebd9de6ca63f25604bbf49f
case-01572,cb71e983be0154e33642ae79780e22546b547f43a66acd4b80c77e454bb11aa7,CONTROLLED_TEST_MUTATION,role_conflict,False,True,0.0423,True,0.4389,False,4.3291,EVIDENCE_ROLE_CONFLICT,b2d83222fe4bab87f393b8e93c8a29f87ac2f8279ebd9de6ca63f25604bbf49f
case-01573,97b1b048d916a58fc5dbf51ebc2d897b26bfbd53b25f3bc8776652ae8df78985,CONTROLLED_TEST_MUTATION,lineage_cycle,False,True,0.0353,True,0.32,False,3.7177,EVIDENCE_LINEAGE_INVALID,b2d83222fe4bab87f393b8e93c8a29f87ac2f8279ebd9de6ca63f25604bbf49f
case-01574,029d6ec403147d11a4733e63c1aa29f4a5c1aea3f779208bbda4cfb72bdd2ba5,CONTROLLED_TEST_MUTATION,missing_lineage,False,True,0.0452,True,0.372,False,3.6323,EVIDENCE_LINEAGE_INCOMPLETE,b2d83222fe4bab87f393b8e93c8a29f87ac2f8279ebd9de6ca63f25604bbf49f
case-01575,ee3bc261226539f853db06936dde88112553d18b8947e0bd0a1e2c62a7872c02,CONTROLLED_TEST_MUTATION,unknown_source,False,True,0.0392,True,0.3502,False,5.3952,EVIDENCE_ROLE_SOURCE_NOT_ALLOWED|EVIDENCE_SOURCE_ID_UNKNOWN|EVIDENCE_SOURCE_POLICY_MISSING,b2d83222fe4bab87f393b8e93c8a29f87ac2f8279ebd9de6ca63f25604bbf49f
case-01576,9d50ff363fc5ded93a08d118e9263e25acd9750aa6c92cbc926b9333dc2ec83d,CONTROLLED_TEST_MUTATION,future_timestamp,False,True,0.0379,False,0.2957,False,3.8404,EVIDENCE_FRESHNESS_UNKNOWN|EVIDENCE_TIMESTAMP_IN_FUTURE,b2d83222fe4bab87f393b8e93c8a29f87ac2f8279ebd9de6ca63f25604bbf49f
case-01577,cc6f2a58a3b674f3691ad46c191308b69b293df2a9557bc981f516274dc1c6fb,CONTROLLED_TEST_MUTATION,snapshot_score_conflict,False,True,0.0359,True,0.32,False,4.062,EVIDENCE_SNAPSHOT_CONFLICT,b2d83222fe4bab87f393b8e93c8a29f87ac2f8279ebd9de6ca63f25604bbf49f
case-01578,2bff1c9d0b43e68928b0e33af3d457d76c763f1e560afb3914f94bacf99eae19,CLEAN_TEST_FIXTURE,none,True,True,0.0338,True,0.3079,True,3.7795,ALL_REQUIRED_EVIDENCE_TRUSTWORTHY,b2d83222fe4bab87f393b8e93c8a29f87ac2f8279ebd9de6ca63f25604bbf49f
case-01579,2817220fb03e039bf01280c85248c7a4424c78371320cc5162eeeb03f83f9fc6,CONTROLLED_TEST_MUTATION,future_timestamp,False,True,0.0343,False,0.2837,False,4.9299,EVIDENCE_FRESHNESS_UNKNOWN|EVIDENCE_TIMESTAMP_IN_FUTURE,b2d83222fe4bab87f393b8e93c8a29f87ac2f8279ebd9de6ca63f25604bbf49f
case-01580,e215bd0630faea7be4257fc07e7aa1b824f0e7ef1ae509e133a6a2e7b6ee0084,CONTROLLED_TEST_MUTATION,stale_live_observation,False,True,0.0352,False,0.289,False,3.6715,EVIDENCE_STALE,b2d83222fe4bab87f393b8e93c8a29f87ac2f8279ebd9de6ca63f25604bbf49f
case-01581,a4d474384a2198e937fd47a60e0e31cb29b8a4f98db400bc9e82fba18325652e,CONTROLLED_TEST_MUTATION,role_conflict,False,True,0.0384,True,0.3356,False,4.3335,EVIDENCE_ROLE_CONFLICT,b2d83222fe4bab87f393b8e93c8a29f87ac2f8279ebd9de6ca63f25604bbf49f
case-01582,2b834a970ad856e6cc13dc3935d6b17d51ce813f2d62740849fb441c1427905e,CONTROLLED_TEST_MUTATION,snapshot_score_conflict,False,True,0.0336,True,0.3098,False,3.5721,EVIDENCE_SNAPSHOT_CONFLICT,b2d83222fe4bab87f393b8e93c8a29f87ac2f8279ebd9de6ca63f25604bbf49f
case-01583,191e72253094ffc9fcfe71ca8d9e62a10a3d7f69dd2e33f8bbdda0cc1cd10af5,CONTROLLED_TEST_MUTATION,source_type_impersonation,False,True,0.0559,True,0.3271,False,4.3498,EVIDENCE_ROLE_SOURCE_NOT_ALLOWED|OPERATOR_EVIDENCE_UNVERIFIED,b2d83222fe4bab87f393b8e93c8a29f87ac2f8279ebd9de6ca63f25604bbf49f
case-01584,c8811e287877d096d536ae62eab2f01513ad1aea74cd14c2539000d3e70460d7,CONTROLLED_TEST_MUTATION,malformed_payload,False,True,0.0342,True,0.3265,False,3.6351,EVIDENCE_PAYLOAD_SCHEMA_INVALID|EVIDENCE_SNAPSHOT_CONFLICT,b2d83222fe4bab87f393b8e93c8a29f87ac2f8279ebd9de6ca63f25604bbf49f
case-01585,7d1ddc28ca72d7ef183f705034844fb1507a9e81f41c73bc9ce9f1ac2db7e139,CONTROLLED_TEST_MUTATION,broken_lineage,False,True,0.0487,True,0.3841,False,3.9757,EVIDENCE_LINEAGE_INVALID,b2d83222fe4bab87f393b8e93c8a29f87ac2f8279ebd9de6ca63f25604bbf49f
case-01586,4b61f64b8e894b54899d37f03d624422bb1028d69daecd509f5dbe38d85f3e22,CLEAN_TEST_FIXTURE,none,True,True,0.0342,True,0.3352,True,3.6041,ALL_REQUIRED_EVIDENCE_TRUSTWORTHY,b2d83222fe4bab87f393b8e93c8a29f87ac2f8279ebd9de6ca63f25604bbf49f
case-01587,420668f29d073471eff1b7242152f078f5143d82c00e775e50303d7b2817326e,CLEAN_TEST_FIXTURE,none,True,True,0.1093,True,0.4003,True,3.9342,ALL_REQUIRED_EVIDENCE_TRUSTWORTHY,b2d83222fe4bab87f393b8e93c8a29f87ac2f8279ebd9de6ca63f25604bbf49f
case-01588,f18bed29370ec3545ca9fc0ace752cba44205fa5a772e55780e1b5599ce80394,CONTROLLED_TEST_MUTATION,root_signature_tamper_after_seal,False,True,0.0346,True,0.3178,False,3.7716,EVIDENCE_ROOT_INVALID,b2d83222fe4bab87f393b8e93c8a29f87ac2f8279ebd9de6ca63f25604bbf49f
case-01589,eb091f53629514cfd5065eee3aeb3dc2d4a3a50441ebdaeb2527e33405df473f,CONTROLLED_TEST_MUTATION,wrong_context,False,True,0.0367,True,0.3253,False,3.5663,EVIDENCE_CONTEXT_MISMATCH,b2d83222fe4bab87f393b8e93c8a29f87ac2f8279ebd9de6ca63f25604bbf49f
case-01590,27c486dfd89d3fa10aa68dfd7c1ffb954160636283ffb9c72db5c2d7bb0bcae3,CONTROLLED_TEST_MUTATION,missing_direct_role,False,False,0.019,False,0.0134,False,3.4467,REQUIRED_ROLE_MISSING,b2d83222fe4bab87f393b8e93c8a29f87ac2f8279ebd9de6ca63f25604bbf49f
case-01591,58f0c6ae0d66d59fb35cae81bb22515f7010b12fa7b0d265c475e296062684a7,CONTROLLED_TEST_MUTATION,unknown_source,False,True,0.0454,True,0.4941,False,3.8279,EVIDENCE_ROLE_SOURCE_NOT_ALLOWED|EVIDENCE_SOURCE_ID_UNKNOWN|EVIDENCE_SOURCE_POLICY_MISSING,b2d83222fe4bab87f393b8e93c8a29f87ac2f8279ebd9de6ca63f25604bbf49f
case-01592,1beea91b092932c536c62e002e8404bad13aa87a6ccb56be7aca303abb2e4b40,CONTROLLED_TEST_MUTATION,empty_payload,False,False,0.0379,False,0.029,False,3.7672,EVIDENCE_PAYLOAD_EMPTY|EVIDENCE_PAYLOAD_SCHEMA_INVALID|EVIDENCE_SNAPSHOT_CONFLICT,b2d83222fe4bab87f393b8e93c8a29f87ac2f8279ebd9de6ca63f25604bbf49f
case-01593,0441e378ce81d4b059804898147491c98f67051a439a85b633219ea084645124,CLEAN_TEST_FIXTURE,none,True,True,0.0355,True,0.3111,True,3.6966,ALL_REQUIRED_EVIDENCE_TRUSTWORTHY,b2d83222fe4bab87f393b8e93c8a29f87ac2f8279ebd9de6ca63f25604bbf49f
case-01594,969744b87435914ae4b2ae01536e840cab064e875174731ae9053975c5e0a8c8,CONTROLLED_TEST_MUTATION,unknown_source,False,True,0.0393,True,0.3548,False,3.5255,EVIDENCE_ROLE_SOURCE_NOT_ALLOWED|EVIDENCE_SOURCE_ID_UNKNOWN|EVIDENCE_SOURCE_POLICY_MISSING,b2d83222fe4bab87f393b8e93c8a29f87ac2f8279ebd9de6ca63f25604bbf49f
case-01595,42dd7047eebb9634e98a1365bc25df3f765d698d538ccb2d77a5c22f19dff8e4,CONTROLLED_TEST_MUTATION,malformed_payload,False,True,0.0362,True,0.3299,False,3.6369,EVIDENCE_PAYLOAD_SCHEMA_INVALID|EVIDENCE_SNAPSHOT_CONFLICT,b2d83222fe4bab87f393b8e93c8a29f87ac2f8279ebd9de6ca63f25604bbf49f
case-01596,f52cb6e1ea65bfbd60dc43fdb98d8058a4647694208ed385a49ae541c8339563,CONTROLLED_TEST_MUTATION,missing_lineage,False,True,0.0359,True,0.3208,False,3.6388,EVIDENCE_LINEAGE_INCOMPLETE,b2d83222fe4bab87f393b8e93c8a29f87ac2f8279ebd9de6ca63f25604bbf49f
case-01597,2e78dd732df53412b94f64e08fb8819e275f5638bf935ce950efb306ffede823,CONTROLLED_TEST_MUTATION,snapshot_score_conflict,False,True,0.0364,True,0.409,False,3.7,EVIDENCE_SNAPSHOT_CONFLICT,b2d83222fe4bab87f393b8e93c8a29f87ac2f8279ebd9de6ca63f25604bbf49f
case-01598,2d9627b4b0d089f005214aa0a01038bd75f5d2b6ebef84ba75f18fe6c47fdde9,CONTROLLED_TEST_MUTATION,snapshot_score_conflict,False,True,0.0346,True,0.3325,False,4.2906,EVIDENCE_SNAPSHOT_CONFLICT,b2d83222fe4bab87f393b8e93c8a29f87ac2f8279ebd9de6ca63f25604bbf49f
case-01599,b26b15ddcdd12ff36be6fe0aedabceaf81aafe694d4161a4734eb91385f17ed3,CONTROLLED_TEST_MUTATION,root_signature_tamper_after_seal,False,True,0.047,True,0.3186,False,4.046,EVIDENCE_ROOT_INVALID,b2d83222fe4bab87f393b8e93c8a29f87ac2f8279ebd9de6ca63f25604bbf49f
case-01600,f2880e45548f47bbf2183082114ed7b25b6c414c2cec5e0f2e5dcf296bc8d6df,CONTROLLED_TEST_MUTATION,future_timestamp,False,True,0.0353,False,0.3141,False,3.9554,EVIDENCE_FRESHNESS_UNKNOWN|EVIDENCE_TIMESTAMP_IN_FUTURE,b2d83222fe4bab87f393b8e93c8a29f87ac2f8279ebd9de6ca63f25604bbf49f
case-01601,c7ef8c58546a89b59604f04dc3a3401386820e0023bb713fb880d982dcac5b74,CLEAN_TEST_FIXTURE,none,True,True,0.0354,True,0.3205,True,3.8439,ALL_REQUIRED_EVIDENCE_TRUSTWORTHY,b2d83222fe4bab87f393b8e93c8a29f87ac2f8279ebd9de6ca63f25604bbf49f
case-01602,f4f69e02aace1c32b9ef0aecb4c26943152ef1f555e7c2d1f3656b7da657277f,CONTROLLED_TEST_MUTATION,stale_live_observation,False,True,0.0356,False,0.3153,False,4.928,EVIDENCE_STALE,b2d83222fe4bab87f393b8e93c8a29f87ac2f8279ebd9de6ca63f25604bbf49f
case-01603,8e4a7f3d52f2745128ae7647a5d426314db7122a9bf8c47fc44fc563e44e0792,CONTROLLED_TEST_MUTATION,empty_payload,False,False,0.0481,False,0.0356,False,3.8366,EVIDENCE_PAYLOAD_EMPTY|EVIDENCE_PAYLOAD_SCHEMA_INVALID|EVIDENCE_SNAPSHOT_CONFLICT,b2d83222fe4bab87f393b8e93c8a29f87ac2f8279ebd9de6ca63f25604bbf49f
case-01604,ee00fb9965b21601a675da9c80cf063998cd548b0b7aa825db958aaeddb00195,CLEAN_TEST_FIXTURE,none,True,True,0.0351,True,0.3213,True,3.8476,ALL_REQUIRED_EVIDENCE_TRUSTWORTHY,b2d83222fe4bab87f393b8e93c8a29f87ac2f8279ebd9de6ca63f25604bbf49f
case-01605,f2a16c6f7fae68802096c85377e02c85f9d79bb5cd872da2f442f27646aceb82,CONTROLLED_TEST_MUTATION,empty_payload,False,False,0.0383,False,0.0293,False,3.6044,EVIDENCE_PAYLOAD_EMPTY|EVIDENCE_PAYLOAD_SCHEMA_INVALID|EVIDENCE_SNAPSHOT_CONFLICT,b2d83222fe4bab87f393b8e93c8a29f87ac2f8279ebd9de6ca63f25604bbf49f
case-01606,39d53144d88e866417b1627e319e1f1c0ad17fa7628ff7bbfff6854bf9e44f8d,CONTROLLED_TEST_MUTATION,stale_live_observation,False,True,0.0354,False,0.2911,False,5.3142,EVIDENCE_STALE,b2d83222fe4bab87f393b8e93c8a29f87ac2f8279ebd9de6ca63f25604bbf49f
case-01607,4bcac52082932a8e499ead0123eb94bb65b841e344beadb7a312f31fb7977605,CONTROLLED_TEST_MUTATION,excluded_ancestor,False,True,0.0383,True,0.3719,False,3.7807,REQUIRED_INPUT_EXCLUDED,b2d83222fe4bab87f393b8e93c8a29f87ac2f8279ebd9de6ca63f25604bbf49f
case-01608,4f9604e3edcdb50876726b89b1a093231afb80849b93833422628e7749186cc5,CONTROLLED_TEST_MUTATION,source_type_impersonation,False,True,0.0465,True,0.5793,False,4.1384,EVIDENCE_ROLE_SOURCE_NOT_ALLOWED|OPERATOR_EVIDENCE_UNVERIFIED,b2d83222fe4bab87f393b8e93c8a29f87ac2f8279ebd9de6ca63f25604bbf49f
case-01609,69f385fce8161139f9155752f248711f1a2c78d9933809e98b975f1b89008aad,CONTROLLED_TEST_MUTATION,excluded_ancestor,False,True,0.0356,True,0.3199,False,3.8287,REQUIRED_INPUT_EXCLUDED,b2d83222fe4bab87f393b8e93c8a29f87ac2f8279ebd9de6ca63f25604bbf49f
case-01610,537fe18963abb3650bdca711db5868a312f3ed59d7ae0e3b8d9563bd08fea7ab,CONTROLLED_TEST_MUTATION,role_conflict,False,True,0.0473,True,0.3714,False,4.273,EVIDENCE_ROLE_CONFLICT,b2d83222fe4bab87f393b8e93c8a29f87ac2f8279ebd9de6ca63f25604bbf49f
case-01611,d09566b4e3a97f7df5dc85f70e5cf5d0cc947f22d2ef0eecb0d9d49f72fbf227,CONTROLLED_TEST_MUTATION,role_conflict,False,True,0.0395,True,0.3445,False,4.0634,EVIDENCE_ROLE_CONFLICT,b2d83222fe4bab87f393b8e93c8a29f87ac2f8279ebd9de6ca63f25604bbf49f
case-01612,ff0527f6883c677a7248c4de3ce296fbf6dff1b5b7b0552b1f844dec47b2429a,CONTROLLED_TEST_MUTATION,excluded_ancestor,False,True,0.0364,True,0.3251,False,3.7048,REQUIRED_INPUT_EXCLUDED,b2d83222fe4bab87f393b8e93c8a29f87ac2f8279ebd9de6ca63f25604bbf49f
case-01613,32e8eee8175a440d6a2c79dd7158771365cf677dc6d019c485fedf28e271fffe,CONTROLLED_TEST_MUTATION,broken_lineage,False,True,0.0345,True,0.3133,False,3.5564,EVIDENCE_LINEAGE_INVALID,b2d83222fe4bab87f393b8e93c8a29f87ac2f8279ebd9de6ca63f25604bbf49f
case-01614,862e90b9770238438aece34c71e8bbcee0eef11400491ceaef972eb0851df77f,CONTROLLED_TEST_MUTATION,payload_tamper_after_seal,False,True,0.0379,False,0.0824,False,3.7724,CHECKSUM_INVALID|EVIDENCE_ROOT_INVALID|EVIDENCE_SNAPSHOT_CONFLICT|RECORD_ENVELOPE_INVALID,b2d83222fe4bab87f393b8e93c8a29f87ac2f8279ebd9de6ca63f25604bbf49f
case-01615,2a6fc4955f4edf235c2e4057a5548d4973ede9105ccde69d6f72967f78e0e23b,CONTROLLED_TEST_MUTATION,root_signature_tamper_after_seal,False,True,0.0387,True,0.3566,False,3.9831,EVIDENCE_ROOT_INVALID,b2d83222fe4bab87f393b8e93c8a29f87ac2f8279ebd9de6ca63f25604bbf49f
case-01616,243ff2d1f80131667fa934a8d01b17bfb15b3fbe25db1072d326a1683081bba9,CONTROLLED_TEST_MUTATION,snapshot_score_conflict,False,True,0.0349,True,0.3092,False,3.7024,EVIDENCE_SNAPSHOT_CONFLICT,b2d83222fe4bab87f393b8e93c8a29f87ac2f8279ebd9de6ca63f25604bbf49f
case-01617,83c76598185041231597b3d255891b88e978e02c33a7e58faba3e0711bfec899,CONTROLLED_TEST_MUTATION,incomplete_payload,False,True,0.0351,False,0.1502,False,5.386,EVIDENCE_PAYLOAD_INCOMPLETE,b2d83222fe4bab87f393b8e93c8a29f87ac2f8279ebd9de6ca63f25604bbf49f
case-01618,3297a1c8c3fe4c1c45e1635d274765867b2ddd7f7bf8a08de0cda12613b6a105,CONTROLLED_TEST_MUTATION,stale_live_observation,False,True,0.056,False,0.2856,False,3.7641,EVIDENCE_STALE,b2d83222fe4bab87f393b8e93c8a29f87ac2f8279ebd9de6ca63f25604bbf49f
case-01619,379a9c195305bcdbc9adabed2dfabbd1ab7f0e1718224cace02325ced01aa78b,CONTROLLED_TEST_MUTATION,missing_direct_role,False,False,0.0198,False,0.0138,False,3.4224,REQUIRED_ROLE_MISSING,b2d83222fe4bab87f393b8e93c8a29f87ac2f8279ebd9de6ca63f25604bbf49f
case-01620,533ae90c6959f8e345fe4905f07684ba093de05971f19b6f2f15c66a47a5559e,CLEAN_TEST_FIXTURE,none,True,True,0.0357,True,0.3193,True,3.7895,ALL_REQUIRED_EVIDENCE_TRUSTWORTHY,b2d83222fe4bab87f393b8e93c8a29f87ac2f8279ebd9de6ca63f25604bbf49f
case-01621,7f3c12f70bde23108a2de597d59b6ce69aede807cece3162eeabf6a4c476443d,CONTROLLED_TEST_MUTATION,source_type_impersonation,False,True,0.0367,True,0.3575,False,4.2078,EVIDENCE_ROLE_SOURCE_NOT_ALLOWED|OPERATOR_EVIDENCE_UNVERIFIED,b2d83222fe4bab87f393b8e93c8a29f87ac2f8279ebd9de6ca63f25604bbf49f
case-01622,b3392d3e36b22285c5e265563003239efe4cccf41bad2ddda5c4e032e05d0ea7,CONTROLLED_TEST_MUTATION,incomplete_payload,False,True,0.0363,False,0.2196,False,3.7893,EVIDENCE_PAYLOAD_INCOMPLETE,b2d83222fe4bab87f393b8e93c8a29f87ac2f8279ebd9de6ca63f25604bbf49f
case-01623,4f061d9ad5edaaacc4c6bcc648daba10aa2ae9c6fb0dbad0dddcb4537cc6c89c,CONTROLLED_TEST_MUTATION,payload_tamper_after_seal,False,True,0.0354,False,0.0791,False,4.07,CHECKSUM_INVALID|EVIDENCE_ROOT_INVALID|EVIDENCE_SNAPSHOT_CONFLICT|RECORD_ENVELOPE_INVALID,b2d83222fe4bab87f393b8e93c8a29f87ac2f8279ebd9de6ca63f25604bbf49f
case-01624,4d2a670d6cba1a467fe01e72ae21cc0e31f96cf04ada720747cf2b8b56b76d2b,CONTROLLED_TEST_MUTATION,root_signature_tamper_after_seal,False,True,0.0576,True,0.3242,False,3.755,EVIDENCE_ROOT_INVALID,b2d83222fe4bab87f393b8e93c8a29f87ac2f8279ebd9de6ca63f25604bbf49f
case-01625,12f6bebe0a20a0f19435c6467f7fe5514c417a597e50216b7a56d0537a2bd23c,CONTROLLED_TEST_MUTATION,malformed_payload,False,True,0.0353,True,0.3143,False,5.1215,EVIDENCE_PAYLOAD_SCHEMA_INVALID|EVIDENCE_SNAPSHOT_CONFLICT,b2d83222fe4bab87f393b8e93c8a29f87ac2f8279ebd9de6ca63f25604bbf49f
case-01626,2b5d49cc83748c0249f094de2ddd6cb6d2d093989cf15665366b16f10586b76a,CONTROLLED_TEST_MUTATION,payload_tamper_after_seal,False,True,0.0385,False,0.0818,False,3.7063,CHECKSUM_INVALID|EVIDENCE_ROOT_INVALID|EVIDENCE_SNAPSHOT_CONFLICT|RECORD_ENVELOPE_INVALID,b2d83222fe4bab87f393b8e93c8a29f87ac2f8279ebd9de6ca63f25604bbf49f
case-01627,baf05dfc86df08e1cd004185f9b73d853fcaeb75919725e450b13bed1ffe392a,CONTROLLED_TEST_MUTATION,payload_tamper_after_seal,False,True,0.0346,False,0.0782,False,3.8976,CHECKSUM_INVALID|EVIDENCE_ROOT_INVALID|EVIDENCE_SNAPSHOT_CONFLICT|RECORD_ENVELOPE_INVALID,b2d83222fe4bab87f393b8e93c8a29f87ac2f8279ebd9de6ca63f25604bbf49f
case-01628,2eddc40215c6c80c7f1f5e033f99fa003c62832fb0ebc28a77cb879c16be8040,CONTROLLED_TEST_MUTATION,empty_payload,False,False,0.0363,False,0.0277,False,3.5277,EVIDENCE_PAYLOAD_EMPTY|EVIDENCE_PAYLOAD_SCHEMA_INVALID|EVIDENCE_SNAPSHOT_CONFLICT,b2d83222fe4bab87f393b8e93c8a29f87ac2f8279ebd9de6ca63f25604bbf49f
case-01629,54489ea3a2e337e99fd8eb77cf1671686e2580ae6a845a5c4ca1b4a06b14803a,CONTROLLED_TEST_MUTATION,malformed_payload,False,True,0.0355,True,0.3166,False,4.8973,EVIDENCE_PAYLOAD_SCHEMA_INVALID|EVIDENCE_SNAPSHOT_CONFLICT,b2d83222fe4bab87f393b8e93c8a29f87ac2f8279ebd9de6ca63f25604bbf49f
case-01630,52c03cd3c0805cad5293964a18124f7f6009b673abdb067e9187b1d86d03ac97,CONTROLLED_TEST_MUTATION,expired_import,False,True,0.0459,False,0.3088,False,4.7515,EVIDENCE_STALE,b2d83222fe4bab87f393b8e93c8a29f87ac2f8279ebd9de6ca63f25604bbf49f
case-01631,a0b3373fbc281ae715353f2280ebb8ffd0803a831940bb8fb356bb1e1ef5279b,CONTROLLED_TEST_MUTATION,broken_lineage,False,True,0.0382,True,0.3283,False,3.9142,EVIDENCE_LINEAGE_INVALID,b2d83222fe4bab87f393b8e93c8a29f87ac2f8279ebd9de6ca63f25604bbf49f
case-01632,1b607a1293ce0096629d240c9848ae51530f803a2c6396f2a27e3dac5ed76f06,CLEAN_TEST_FIXTURE,none,True,True,0.0369,True,0.3569,True,3.8551,ALL_REQUIRED_EVIDENCE_TRUSTWORTHY,b2d83222fe4bab87f393b8e93c8a29f87ac2f8279ebd9de6ca63f25604bbf49f
case-01633,b06832f013c2c9b02784f2b2413262d51c1abfd9c36575978d2d4995d57433fa,CONTROLLED_TEST_MUTATION,excluded_ancestor,False,True,0.0469,True,0.3702,False,4.4433,REQUIRED_INPUT_EXCLUDED,b2d83222fe4bab87f393b8e93c8a29f87ac2f8279ebd9de6ca63f25604bbf49f
case-01634,17aec6125cecaef3373dddb25f062b6b2749ca503e7fbfa3dd88c880a75f7a2c,CONTROLLED_TEST_MUTATION,expired_import,False,True,0.0542,False,0.3185,False,4.4138,EVIDENCE_STALE,b2d83222fe4bab87f393b8e93c8a29f87ac2f8279ebd9de6ca63f25604bbf49f
case-01635,4453e5684af36fbf9ff81e0fcfa7a33665091f2523bf4f2ee83213a047eb63f2,CLEAN_TEST_FIXTURE,none,True,True,0.0398,True,0.372,True,4.8343,ALL_REQUIRED_EVIDENCE_TRUSTWORTHY,b2d83222fe4bab87f393b8e93c8a29f87ac2f8279ebd9de6ca63f25604bbf49f
case-01636,a3ea8ffd7f445f8b547b0d29753c0ec3474c6f42c539b595c38674138d350aa7,CONTROLLED_TEST_MUTATION,stale_live_observation,False,True,0.0529,False,0.3488,False,4.2434,EVIDENCE_STALE,b2d83222fe4bab87f393b8e93c8a29f87ac2f8279ebd9de6ca63f25604bbf49f
case-01637,5116158f98c08e6cfd89859fa66a8fea45f215d26aa93c49d101db50e166b936,CLEAN_TEST_FIXTURE,none,True,True,0.0418,True,0.3618,True,4.2595,ALL_REQUIRED_EVIDENCE_TRUSTWORTHY,b2d83222fe4bab87f393b8e93c8a29f87ac2f8279ebd9de6ca63f25604bbf49f
case-01638,a205f4fd9bd0c54632d72a2ff1040d409c1d72ca2171e9f5b886ac38317b9aa3,CONTROLLED_TEST_MUTATION,wrong_context,False,True,0.0393,True,0.3398,False,3.985,EVIDENCE_CONTEXT_MISMATCH,b2d83222fe4bab87f393b8e93c8a29f87ac2f8279ebd9de6ca63f25604bbf49f
case-01639,61c74fb61106575493a95238f4b1080f4a3e3c9fde9d44c2574f5f4d11c24747,CONTROLLED_TEST_MUTATION,unknown_source,False,True,0.0389,True,0.4603,False,6.539,EVIDENCE_ROLE_SOURCE_NOT_ALLOWED|EVIDENCE_SOURCE_ID_UNKNOWN|EVIDENCE_SOURCE_POLICY_MISSING,b2d83222fe4bab87f393b8e93c8a29f87ac2f8279ebd9de6ca63f25604bbf49f
case-01640,022592a9ba019a915462d0201c6f8f5ae76ec1dc783e1a5cf611a512d79613cf,CONTROLLED_TEST_MUTATION,stale_live_observation,False,True,0.0427,False,0.3232,False,4.0188,EVIDENCE_STALE,b2d83222fe4bab87f393b8e93c8a29f87ac2f8279ebd9de6ca63f25604bbf49f
case-01641,423c4843c2ea10fcb569fd1587070a06ad38becc3cc04aa255ecfff83b39a634,CLEAN_TEST_FIXTURE,none,True,True,0.0485,True,0.3556,True,4.0424,ALL_REQUIRED_EVIDENCE_TRUSTWORTHY,b2d83222fe4bab87f393b8e93c8a29f87ac2f8279ebd9de6ca63f25604bbf49f
case-01642,2e62521c520f3e586a8646d89486185176c7a9d3aef05e3230fd028686557772,CONTROLLED_TEST_MUTATION,role_conflict,False,True,0.0463,True,0.3879,False,5.034,EVIDENCE_ROLE_CONFLICT,b2d83222fe4bab87f393b8e93c8a29f87ac2f8279ebd9de6ca63f25604bbf49f
case-01643,194da58fd85c540087916f6c0aecf650ecc64409efd68e06c2a361a7987b38a1,CONTROLLED_TEST_MUTATION,malformed_payload,False,True,0.0457,True,0.3639,False,4.8186,EVIDENCE_PAYLOAD_SCHEMA_INVALID|EVIDENCE_SNAPSHOT_CONFLICT,b2d83222fe4bab87f393b8e93c8a29f87ac2f8279ebd9de6ca63f25604bbf49f
case-01644,34e7f01f678d25b215021de34a5db39bfe1faeba40035210d7989fa7f02850c1,CONTROLLED_TEST_MUTATION,payload_tamper_after_seal,False,True,0.0452,False,0.1055,False,4.2136,CHECKSUM_INVALID|EVIDENCE_ROOT_INVALID|EVIDENCE_SNAPSHOT_CONFLICT|RECORD_ENVELOPE_INVALID,b2d83222fe4bab87f393b8e93c8a29f87ac2f8279ebd9de6ca63f25604bbf49f
case-01645,21c22ea2db6a1a87840559917a38799f757085eabc46b9220d37067de82ba1d0,CONTROLLED_TEST_MUTATION,payload_tamper_after_seal,False,True,0.0438,False,0.0946,False,7.1267,CHECKSUM_INVALID|EVIDENCE_ROOT_INVALID|EVIDENCE_SNAPSHOT_CONFLICT|RECORD_ENVELOPE_INVALID,b2d83222fe4bab87f393b8e93c8a29f87ac2f8279ebd9de6ca63f25604bbf49f
case-01646,ce0f2f4d35da902beecd930c528d58bf298bd0478013496d9c1f68c45f0e106e,CONTROLLED_TEST_MUTATION,snapshot_score_conflict,False,True,0.0417,True,0.361,False,4.1957,EVIDENCE_SNAPSHOT_CONFLICT,b2d83222fe4bab87f393b8e93c8a29f87ac2f8279ebd9de6ca63f25604bbf49f
case-01647,e07212d3b0f2e2e304f69a0949eb6e89845579a775d0f92d306a8353f3a47f75,CONTROLLED_TEST_MUTATION,empty_payload,False,False,0.0469,False,0.0326,False,4.7804,EVIDENCE_PAYLOAD_EMPTY|EVIDENCE_PAYLOAD_SCHEMA_INVALID|EVIDENCE_SNAPSHOT_CONFLICT,b2d83222fe4bab87f393b8e93c8a29f87ac2f8279ebd9de6ca63f25604bbf49f
case-01648,7bc63799bf1f8105fe4f98b282eeca17f2fb770320051c1241b579466edfd4f6,CONTROLLED_TEST_MUTATION,lineage_cycle,False,True,0.0425,True,0.3607,False,4.4856,EVIDENCE_LINEAGE_INVALID,b2d83222fe4bab87f393b8e93c8a29f87ac2f8279ebd9de6ca63f25604bbf49f
case-01649,0934fdd901b58c715e733645a01cf6c985f23faadb935d5462f203612a7f3b97,CONTROLLED_TEST_MUTATION,role_conflict,False,True,0.0579,True,0.6343,False,6.4299,EVIDENCE_ROLE_CONFLICT,b2d83222fe4bab87f393b8e93c8a29f87ac2f8279ebd9de6ca63f25604bbf49f
case-01650,6b03687d1e46282d798ec28b08be5585f040a4e8893570cfbda9618e9c07c253,CLEAN_TEST_FIXTURE,none,True,True,0.0434,True,0.3626,True,4.3018,ALL_REQUIRED_EVIDENCE_TRUSTWORTHY,b2d83222fe4bab87f393b8e93c8a29f87ac2f8279ebd9de6ca63f25604bbf49f
case-01651,718f078463712b255a95da17d177dc9d0f63f7cfba89df0895945b98e4cb575e,CONTROLLED_TEST_MUTATION,source_type_impersonation,False,True,0.0436,True,0.3688,False,6.8175,EVIDENCE_ROLE_SOURCE_NOT_ALLOWED|OPERATOR_EVIDENCE_UNVERIFIED,b2d83222fe4bab87f393b8e93c8a29f87ac2f8279ebd9de6ca63f25604bbf49f
case-01652,8cbd2cbc46f3aeac1a311bfb2494475de4c354bf2e9f447a0691e80070094fd4,CLEAN_TEST_FIXTURE,none,True,True,0.0551,True,0.5034,True,4.9544,ALL_REQUIRED_EVIDENCE_TRUSTWORTHY,b2d83222fe4bab87f393b8e93c8a29f87ac2f8279ebd9de6ca63f25604bbf49f
case-01653,d0c34f032d5ca34504f6e92caa424225b9f8e2ed2b0ac9201775a5c5fd37800f,CONTROLLED_TEST_MUTATION,source_type_impersonation,False,True,0.045,True,0.3664,False,4.248,EVIDENCE_ROLE_SOURCE_NOT_ALLOWED|OPERATOR_EVIDENCE_UNVERIFIED,b2d83222fe4bab87f393b8e93c8a29f87ac2f8279ebd9de6ca63f25604bbf49f
case-01654,7c8fddc4e738a128fe07df098aa7a77edad33c1815ef948e2d08a5466c2de6fd,CONTROLLED_TEST_MUTATION,role_conflict,False,True,0.0479,True,0.3908,False,6.0076,EVIDENCE_ROLE_CONFLICT,b2d83222fe4bab87f393b8e93c8a29f87ac2f8279ebd9de6ca63f25604bbf49f
case-01655,6c8f9c18e0998d67e0e20f8917aa1fb77d72b508499f5343d85e25ddadfbaa09,CONTROLLED_TEST_MUTATION,missing_lineage,False,True,0.0413,True,0.3605,False,7.3809,EVIDENCE_LINEAGE_INCOMPLETE,b2d83222fe4bab87f393b8e93c8a29f87ac2f8279ebd9de6ca63f25604bbf49f
case-01656,822544f5417264e1ee6112bbbf5f6da8b0b6c1da722064d987b22c8517deedbc,CLEAN_TEST_FIXTURE,none,True,True,0.0443,True,0.5405,True,6.8039,ALL_REQUIRED_EVIDENCE_TRUSTWORTHY,b2d83222fe4bab87f393b8e93c8a29f87ac2f8279ebd9de6ca63f25604bbf49f
case-01657,bcc1205ce9e7b062a24889df94add47d9e9f2bc76ba06d5a4ab70ea1de67ffc2,CONTROLLED_TEST_MUTATION,unavailable_record,False,True,0.0566,False,0.3633,False,4.3054,EVIDENCE_LINEAGE_INCOMPLETE|EVIDENCE_UNAVAILABLE,b2d83222fe4bab87f393b8e93c8a29f87ac2f8279ebd9de6ca63f25604bbf49f
case-01658,9c980796c31d0d0a3d29ccd65472e5daded83d20a0f51fe57cdf1fda575c072f,CONTROLLED_TEST_MUTATION,excluded_ancestor,False,True,0.0457,True,0.3717,False,4.2551,REQUIRED_INPUT_EXCLUDED,b2d83222fe4bab87f393b8e93c8a29f87ac2f8279ebd9de6ca63f25604bbf49f
case-01659,fd1e059bbc92ff3b17da05f51674af18efb1cbbe35b7ce965e4e0dfaf762ec30,CONTROLLED_TEST_MUTATION,snapshot_score_conflict,False,True,0.0444,True,0.3568,False,4.0391,EVIDENCE_SNAPSHOT_CONFLICT,b2d83222fe4bab87f393b8e93c8a29f87ac2f8279ebd9de6ca63f25604bbf49f
case-01660,38607cd84d82dbd2b754a1b7621f0fa3cf591ee7117dc282e43b8ea2662fd759,CONTROLLED_TEST_MUTATION,unknown_source,False,True,0.0415,True,0.361,False,7.5367,EVIDENCE_ROLE_SOURCE_NOT_ALLOWED|EVIDENCE_SOURCE_ID_UNKNOWN|EVIDENCE_SOURCE_POLICY_MISSING,b2d83222fe4bab87f393b8e93c8a29f87ac2f8279ebd9de6ca63f25604bbf49f
case-01661,6e8a0fc68f084344ad7034be09f8e0524c6118dd3f213a220ca383de2b28aa38,CONTROLLED_TEST_MUTATION,root_signature_tamper_after_seal,False,True,0.0448,True,0.3673,False,4.1289,EVIDENCE_ROOT_INVALID,b2d83222fe4bab87f393b8e93c8a29f87ac2f8279ebd9de6ca63f25604bbf49f
case-01662,d7a253b28903c99963d738f6dd223eaf1255fddf5f402f7a14f1180a3ca6860f,CONTROLLED_TEST_MUTATION,missing_direct_role,False,False,0.0231,False,0.0151,False,3.633,REQUIRED_ROLE_MISSING,b2d83222fe4bab87f393b8e93c8a29f87ac2f8279ebd9de6ca63f25604bbf49f
case-01663,939fe05450b3ae73102d9a1aa5ef265f866af77d6259a65a0ba31f6cc0383714,CONTROLLED_TEST_MUTATION,root_signature_tamper_after_seal,False,True,0.0405,True,0.3559,False,6.3437,EVIDENCE_ROOT_INVALID,b2d83222fe4bab87f393b8e93c8a29f87ac2f8279ebd9de6ca63f25604bbf49f
case-01664,3f1d9b6598ecf2c41c0da8973141f0f7b48dd1d05594b1654f9ae37e6c420179,CONTROLLED_TEST_MUTATION,unknown_source,False,True,0.0402,True,0.3545,False,4.0234,EVIDENCE_ROLE_SOURCE_NOT_ALLOWED|EVIDENCE_SOURCE_ID_UNKNOWN|EVIDENCE_SOURCE_POLICY_MISSING,b2d83222fe4bab87f393b8e93c8a29f87ac2f8279ebd9de6ca63f25604bbf49f
case-01665,399b016c25ef81a8f10c0bcfcb05f72a89edc41e6fe1fe114ff470b19f1dd0d1,CONTROLLED_TEST_MUTATION,source_type_impersonation,False,True,0.045,True,0.388,False,4.1563,EVIDENCE_ROLE_SOURCE_NOT_ALLOWED|OPERATOR_EVIDENCE_UNVERIFIED,b2d83222fe4bab87f393b8e93c8a29f87ac2f8279ebd9de6ca63f25604bbf49f
case-01666,d33821ec01d1b9865a91a1fb50cc5debf02607e38df978d2216435819aa0cc07,CONTROLLED_TEST_MUTATION,snapshot_score_conflict,False,True,0.04,True,0.3608,False,4.1998,EVIDENCE_SNAPSHOT_CONFLICT,b2d83222fe4bab87f393b8e93c8a29f87ac2f8279ebd9de6ca63f25604bbf49f
case-01667,9b6813eafb046c4217fe617d90728549affae1c2b44f475afda7fcd19f5704f5,CONTROLLED_TEST_MUTATION,future_timestamp,False,True,0.0454,False,0.3396,False,4.1137,EVIDENCE_FRESHNESS_UNKNOWN|EVIDENCE_TIMESTAMP_IN_FUTURE,b2d83222fe4bab87f393b8e93c8a29f87ac2f8279ebd9de6ca63f25604bbf49f
case-01668,3f6d0d6b2cfaa44bce227d1c773429352b6216c20fd07577584f24ba8b756f5c,CONTROLLED_TEST_MUTATION,snapshot_score_conflict,False,True,0.0409,True,0.3533,False,5.6743,EVIDENCE_SNAPSHOT_CONFLICT,b2d83222fe4bab87f393b8e93c8a29f87ac2f8279ebd9de6ca63f25604bbf49f
case-01669,ef12cf603ffb0a295e3ce082b2b426e3da4fba4a03e24eb2dec57649f0ee0a24,CONTROLLED_TEST_MUTATION,snapshot_score_conflict,False,True,0.0461,True,0.5133,False,4.9947,EVIDENCE_SNAPSHOT_CONFLICT,b2d83222fe4bab87f393b8e93c8a29f87ac2f8279ebd9de6ca63f25604bbf49f
case-01670,02b98e5ec4e102d87c447c3b5a03e72c0340f1fbb8f9b957b2e65b0d7d849881,CONTROLLED_TEST_MUTATION,empty_payload,False,False,0.0476,False,0.0328,False,4.2967,EVIDENCE_PAYLOAD_EMPTY|EVIDENCE_PAYLOAD_SCHEMA_INVALID|EVIDENCE_SNAPSHOT_CONFLICT,b2d83222fe4bab87f393b8e93c8a29f87ac2f8279ebd9de6ca63f25604bbf49f
case-01671,ebe4d7587ff6babae2f4478dfbd8fa13a5bfe314f6482e9aac28d5f6d217fd94,CONTROLLED_TEST_MUTATION,stale_live_observation,False,True,0.0403,False,0.322,False,4.2973,EVIDENCE_STALE,b2d83222fe4bab87f393b8e93c8a29f87ac2f8279ebd9de6ca63f25604bbf49f
case-01672,741392577b0405bc6362df952f86acb311c90b80234257b8fb7a14e5006f9d64,CONTROLLED_TEST_MUTATION,wrong_context,False,True,0.0401,True,0.3532,False,4.0393,EVIDENCE_CONTEXT_MISMATCH,b2d83222fe4bab87f393b8e93c8a29f87ac2f8279ebd9de6ca63f25604bbf49f
case-01673,f8ed1a74556695e5cb8737012277a17e3b79e1e1c9006b9a6da34aae476f4762,CONTROLLED_TEST_MUTATION,stale_live_observation,False,True,0.0408,False,0.3284,False,5.799,EVIDENCE_STALE,b2d83222fe4bab87f393b8e93c8a29f87ac2f8279ebd9de6ca63f25604bbf49f
case-01674,77414e3c3d7c3e1ea49087022d88b6b8c09e1f016eeb9d62b444c00f88d1154d,CONTROLLED_TEST_MUTATION,broken_lineage,False,True,0.0427,True,0.3623,False,4.2694,EVIDENCE_LINEAGE_INVALID,b2d83222fe4bab87f393b8e93c8a29f87ac2f8279ebd9de6ca63f25604bbf49f
case-01675,966d7dc96d8fb56d96a11a595eb161684560614e310214bd844b4ec65dcfbf76,CONTROLLED_TEST_MUTATION,expired_import,False,True,0.0614,False,0.3553,False,4.8396,EVIDENCE_STALE,b2d83222fe4bab87f393b8e93c8a29f87ac2f8279ebd9de6ca63f25604bbf49f
case-01676,e69ad1bbc8d10cd2f0f64c4d0a688576850334268ddd48fe3805711affbcf553,CONTROLLED_TEST_MUTATION,missing_direct_role,False,False,0.029,False,0.018,False,3.9864,REQUIRED_ROLE_MISSING,b2d83222fe4bab87f393b8e93c8a29f87ac2f8279ebd9de6ca63f25604bbf49f
case-01677,918ec0b1015ad1adf96625f4749bb097624a2d495b0323258591544c746d2de2,CONTROLLED_TEST_MUTATION,empty_payload,False,False,0.0467,False,0.0325,False,4.0453,EVIDENCE_PAYLOAD_EMPTY|EVIDENCE_PAYLOAD_SCHEMA_INVALID|EVIDENCE_SNAPSHOT_CONFLICT,b2d83222fe4bab87f393b8e93c8a29f87ac2f8279ebd9de6ca63f25604bbf49f
case-01678,8d577661b5e12cd4ba6b94af44f81d9ccbb38fc566f0847c3f4a065b64a71125,CONTROLLED_TEST_MUTATION,unavailable_record,False,True,0.0394,False,0.313,False,4.2297,EVIDENCE_LINEAGE_INCOMPLETE|EVIDENCE_UNAVAILABLE,b2d83222fe4bab87f393b8e93c8a29f87ac2f8279ebd9de6ca63f25604bbf49f
case-01679,a476d1a2a012769c1773b75ccbde349ec85bfd1a3ab97bd7ed8c002dff54efa2,CONTROLLED_TEST_MUTATION,broken_lineage,False,True,0.0404,True,0.3462,False,4.1414,EVIDENCE_LINEAGE_INVALID,b2d83222fe4bab87f393b8e93c8a29f87ac2f8279ebd9de6ca63f25604bbf49f
case-01680,1748e9b898c3c74febdc3213f0ab12506a58126c3a5f7a1358e21b84502747e9,CONTROLLED_TEST_MUTATION,source_type_impersonation,False,True,0.0436,True,0.3782,False,4.8635,EVIDENCE_ROLE_SOURCE_NOT_ALLOWED|OPERATOR_EVIDENCE_UNVERIFIED,b2d83222fe4bab87f393b8e93c8a29f87ac2f8279ebd9de6ca63f25604bbf49f
case-01681,7609fa0fa0d676c1e095f9150f86b3c783c9c79c7551df7dc1f86339ec714df7,CONTROLLED_TEST_MUTATION,unknown_source,False,True,0.041,True,0.3603,False,4.0211,EVIDENCE_ROLE_SOURCE_NOT_ALLOWED|EVIDENCE_SOURCE_ID_UNKNOWN|EVIDENCE_SOURCE_POLICY_MISSING,b2d83222fe4bab87f393b8e93c8a29f87ac2f8279ebd9de6ca63f25604bbf49f
case-01682,f3b19853b6d800ddd7f543ccf8b627e565c6781411c23162e0e4dd1830815578,CONTROLLED_TEST_MUTATION,root_signature_tamper_after_seal,False,True,0.0419,True,0.3514,False,4.0381,EVIDENCE_ROOT_INVALID,b2d83222fe4bab87f393b8e93c8a29f87ac2f8279ebd9de6ca63f25604bbf49f
case-01683,72f501b8b9e0eb7c3bd275d09ad0693f46de3e7930e25e77042f3f9559c0c480,CONTROLLED_TEST_MUTATION,source_type_impersonation,False,True,0.0416,True,0.3568,False,3.997,EVIDENCE_ROLE_SOURCE_NOT_ALLOWED|OPERATOR_EVIDENCE_UNVERIFIED,b2d83222fe4bab87f393b8e93c8a29f87ac2f8279ebd9de6ca63f25604bbf49f
case-01684,662cfc010855e1d38bf114b2a76c344fc85dc5bd5e17e06c3d63e40ff7eddacb,CLEAN_TEST_FIXTURE,none,True,True,0.0428,True,0.372,True,4.1931,ALL_REQUIRED_EVIDENCE_TRUSTWORTHY,b2d83222fe4bab87f393b8e93c8a29f87ac2f8279ebd9de6ca63f25604bbf49f
case-01685,42b20030d58e44240759ca37552db5d3a0ad83eb61d2e2b9653e41adadeafcc0,CONTROLLED_TEST_MUTATION,root_signature_tamper_after_seal,False,True,0.042,True,0.3652,False,4.2762,EVIDENCE_ROOT_INVALID,b2d83222fe4bab87f393b8e93c8a29f87ac2f8279ebd9de6ca63f25604bbf49f
case-01686,6c8b0706208d755bbb332eaaf9311e6568c4fe01a2c24c363338d702ee0e5860,CLEAN_TEST_FIXTURE,none,True,True,0.0416,True,0.3604,True,4.0932,ALL_REQUIRED_EVIDENCE_TRUSTWORTHY,b2d83222fe4bab87f393b8e93c8a29f87ac2f8279ebd9de6ca63f25604bbf49f
case-01687,275c0044b0bfd41391a228a3eb86c77084b603162579091fdbc076f8a4bb170c,CLEAN_TEST_FIXTURE,none,True,True,0.04,True,0.3688,True,10.7506,ALL_REQUIRED_EVIDENCE_TRUSTWORTHY,b2d83222fe4bab87f393b8e93c8a29f87ac2f8279ebd9de6ca63f25604bbf49f
case-01688,2637294b188442889e74e4fcc0df44b7bce9b341f6edc9bc6331462f8b660d3d,CONTROLLED_TEST_MUTATION,source_type_impersonation,False,True,0.0434,True,0.3602,False,5.4446,EVIDENCE_ROLE_SOURCE_NOT_ALLOWED|OPERATOR_EVIDENCE_UNVERIFIED,b2d83222fe4bab87f393b8e93c8a29f87ac2f8279ebd9de6ca63f25604bbf49f
case-01689,1f602982d5d1bcd0050844439898e8ef9fd55c88c7cad093bf585c9c3fdb981f,CONTROLLED_TEST_MUTATION,payload_tamper_after_seal,False,True,0.0397,False,0.0891,False,3.9857,CHECKSUM_INVALID|EVIDENCE_ROOT_INVALID|EVIDENCE_SNAPSHOT_CONFLICT|RECORD_ENVELOPE_INVALID,b2d83222fe4bab87f393b8e93c8a29f87ac2f8279ebd9de6ca63f25604bbf49f
case-01690,0fe3a238a97d07228ff537f2c9d07d956b54bd4e46b990b0d622279bd05833c1,CONTROLLED_TEST_MUTATION,future_timestamp,False,True,0.0461,False,0.3458,False,4.1381,EVIDENCE_FRESHNESS_UNKNOWN|EVIDENCE_TIMESTAMP_IN_FUTURE,b2d83222fe4bab87f393b8e93c8a29f87ac2f8279ebd9de6ca63f25604bbf49f
case-01691,78760623bb3c1ce44915eef0104268f926cd5cc41ebe751e93ae350470f5fac6,CONTROLLED_TEST_MUTATION,missing_lineage,False,True,0.0401,True,0.356,False,3.9327,EVIDENCE_LINEAGE_INCOMPLETE,b2d83222fe4bab87f393b8e93c8a29f87ac2f8279ebd9de6ca63f25604bbf49f
case-01692,91d57df70e9ec96d8c5940db19783bb1d0b9bafdceab347683aa2d8248ddc8f1,CONTROLLED_TEST_MUTATION,future_timestamp,False,True,0.0415,False,0.324,False,4.1196,EVIDENCE_FRESHNESS_UNKNOWN|EVIDENCE_TIMESTAMP_IN_FUTURE,b2d83222fe4bab87f393b8e93c8a29f87ac2f8279ebd9de6ca63f25604bbf49f
case-01693,76ce4842598dd0e527d1a6a20c04b9abb3ff08ef532511b3c84492e7eca7bb3e,CONTROLLED_TEST_MUTATION,source_type_impersonation,False,True,0.0429,True,0.3636,False,5.8307,EVIDENCE_ROLE_SOURCE_NOT_ALLOWED|OPERATOR_EVIDENCE_UNVERIFIED,b2d83222fe4bab87f393b8e93c8a29f87ac2f8279ebd9de6ca63f25604bbf49f
case-01694,8e20c4dfb40179fe18e99b556d089321947bbca1464218f73d8286d8ea4d5e5d,CONTROLLED_TEST_MUTATION,unavailable_record,False,True,0.0413,False,0.3222,False,4.0379,EVIDENCE_LINEAGE_INCOMPLETE|EVIDENCE_UNAVAILABLE,b2d83222fe4bab87f393b8e93c8a29f87ac2f8279ebd9de6ca63f25604bbf49f
case-01695,6dc17df0bda83e3b42006c642cd00d2873e984d2630c332d38b8efefd3c5e549,CONTROLLED_TEST_MUTATION,broken_lineage,False,True,0.0396,True,0.4924,False,4.1404,EVIDENCE_LINEAGE_INVALID,b2d83222fe4bab87f393b8e93c8a29f87ac2f8279ebd9de6ca63f25604bbf49f
case-01696,d311e4035108b3610dd8f09ad78fc3b758b653a00773e28c5fbffd4aa06b5532,CONTROLLED_TEST_MUTATION,source_type_impersonation,False,True,0.0395,True,0.3452,False,5.4028,EVIDENCE_ROLE_SOURCE_NOT_ALLOWED|OPERATOR_EVIDENCE_UNVERIFIED,b2d83222fe4bab87f393b8e93c8a29f87ac2f8279ebd9de6ca63f25604bbf49f
case-01697,992557476b5190863cf7e6ae16c5b9052974f5b5d5e282b66079286fe4769cb3,CONTROLLED_TEST_MUTATION,payload_tamper_after_seal,False,True,0.0421,False,0.0928,False,4.0705,CHECKSUM_INVALID|EVIDENCE_ROOT_INVALID|EVIDENCE_SNAPSHOT_CONFLICT|RECORD_ENVELOPE_INVALID,b2d83222fe4bab87f393b8e93c8a29f87ac2f8279ebd9de6ca63f25604bbf49f
case-01698,3bf5e2f8ef4bdf48b7d707be310c157709577c4b37d7729e0eac6509a4e62e68,CONTROLLED_TEST_MUTATION,root_signature_tamper_after_seal,False,True,0.0445,True,0.365,False,4.5703,EVIDENCE_ROOT_INVALID,b2d83222fe4bab87f393b8e93c8a29f87ac2f8279ebd9de6ca63f25604bbf49f
case-01699,df8773855008ffdeed8a0dd5c4b63a9292fec2431d4497c307fb06257f1bbb45,CLEAN_TEST_FIXTURE,none,True,True,0.0398,True,0.3667,True,4.049,ALL_REQUIRED_EVIDENCE_TRUSTWORTHY,b2d83222fe4bab87f393b8e93c8a29f87ac2f8279ebd9de6ca63f25604bbf49f
case-01700,a5b0421c5875230309e8fa71f8d1b80fed7cb1c99f84545e3c5cdf67a555f4c4,CONTROLLED_TEST_MUTATION,malformed_payload,False,True,0.0432,True,0.3519,False,10.7911,EVIDENCE_PAYLOAD_SCHEMA_INVALID|EVIDENCE_SNAPSHOT_CONFLICT,b2d83222fe4bab87f393b8e93c8a29f87ac2f8279ebd9de6ca63f25604bbf49f
case-01701,bd007d6bcbab6ac060dc599b7aa054a82fa8e8a70176115f21b55cd8a30528b5,CONTROLLED_TEST_MUTATION,unavailable_record,False,True,0.0484,False,0.3509,False,6.3793,EVIDENCE_LINEAGE_INCOMPLETE|EVIDENCE_UNAVAILABLE,b2d83222fe4bab87f393b8e93c8a29f87ac2f8279ebd9de6ca63f25604bbf49f
case-01702,d4bc7ec2a18f5ed7b5c973ce28b73e7eb335435f993be8fb52e2b8bb322b7483,CONTROLLED_TEST_MUTATION,lineage_cycle,False,True,0.0415,True,0.374,False,3.9339,EVIDENCE_LINEAGE_INVALID,b2d83222fe4bab87f393b8e93c8a29f87ac2f8279ebd9de6ca63f25604bbf49f
case-01703,2fa1ad3489de8493f7a1628f9e8d7e23dc63915d18c865117b42e3985ec1dac3,CLEAN_TEST_FIXTURE,none,True,True,0.0434,True,0.3654,True,4.2422,ALL_REQUIRED_EVIDENCE_TRUSTWORTHY,b2d83222fe4bab87f393b8e93c8a29f87ac2f8279ebd9de6ca63f25604bbf49f
case-01704,f56dcac570771f2340f0a3303a050862ef9480c273a45df303e4ce169eee5c78,CONTROLLED_TEST_MUTATION,future_timestamp,False,True,0.0398,False,0.311,False,4.218,EVIDENCE_FRESHNESS_UNKNOWN|EVIDENCE_TIMESTAMP_IN_FUTURE,b2d83222fe4bab87f393b8e93c8a29f87ac2f8279ebd9de6ca63f25604bbf49f
case-01705,945a1899af2767e1aa1bbd6de4bf1f4cb0658612b1afdbcc963505843e4995b5,CLEAN_TEST_FIXTURE,none,True,True,0.0404,True,0.35,True,3.9581,ALL_REQUIRED_EVIDENCE_TRUSTWORTHY,b2d83222fe4bab87f393b8e93c8a29f87ac2f8279ebd9de6ca63f25604bbf49f
case-01706,1d1cb26462d10b6110663c7e5361526452fc46a33d6383057832245618eb97f0,CLEAN_TEST_FIXTURE,none,True,True,0.0398,True,0.378,True,5.4925,ALL_REQUIRED_EVIDENCE_TRUSTWORTHY,b2d83222fe4bab87f393b8e93c8a29f87ac2f8279ebd9de6ca63f25604bbf49f
case-01707,bbc20026a34ba59bd7d63e40e61ca418d77d05d68c1803483293d22b23a6c41d,CLEAN_TEST_FIXTURE,none,True,True,0.0391,True,0.3505,True,3.9063,ALL_REQUIRED_EVIDENCE_TRUSTWORTHY,b2d83222fe4bab87f393b8e93c8a29f87ac2f8279ebd9de6ca63f25604bbf49f
case-01708,d9400a8bd3147922fa9730cb8cf0082c8aa866e0af93630fa7f884e196ce48c9,CLEAN_TEST_FIXTURE,none,True,True,0.0421,True,0.3578,True,3.9157,ALL_REQUIRED_EVIDENCE_TRUSTWORTHY,b2d83222fe4bab87f393b8e93c8a29f87ac2f8279ebd9de6ca63f25604bbf49f
case-01709,118ca0cec23a7c9e2ef038f05d91310b6592ee1ced4a8cbbc6bf754ba94fa649,CONTROLLED_TEST_MUTATION,missing_direct_role,False,False,0.0221,False,0.0148,False,3.5232,REQUIRED_ROLE_MISSING,b2d83222fe4bab87f393b8e93c8a29f87ac2f8279ebd9de6ca63f25604bbf49f
case-01710,047f06fbc5c838ccfff7fcae933ba82a9a8e373dffe77fa01d6862fe51394250,CONTROLLED_TEST_MUTATION,incomplete_payload,False,True,0.0435,False,0.1996,False,4.09,EVIDENCE_PAYLOAD_INCOMPLETE,b2d83222fe4bab87f393b8e93c8a29f87ac2f8279ebd9de6ca63f25604bbf49f
case-01711,8fca033e77e3df91b0e6195bb6a78db154200865e0caf77e22a728fbfff8c1ce,CONTROLLED_TEST_MUTATION,excluded_ancestor,False,True,0.0384,True,0.3437,False,3.9128,REQUIRED_INPUT_EXCLUDED,b2d83222fe4bab87f393b8e93c8a29f87ac2f8279ebd9de6ca63f25604bbf49f
case-01712,2799d5dff292505708608d206e8c549939f1d8a2e60b9c087774826268a9a4a5,CONTROLLED_TEST_MUTATION,incomplete_payload,False,True,0.04,False,0.1588,False,3.9645,EVIDENCE_PAYLOAD_INCOMPLETE,b2d83222fe4bab87f393b8e93c8a29f87ac2f8279ebd9de6ca63f25604bbf49f
case-01713,d09ae40e1420e26b0538912c6eac1b0bedb20ef522b8272e818380ec41e1454c,CONTROLLED_TEST_MUTATION,stale_live_observation,False,True,0.0466,False,0.3442,False,5.1643,EVIDENCE_STALE,b2d83222fe4bab87f393b8e93c8a29f87ac2f8279ebd9de6ca63f25604bbf49f
case-01714,a931e3feb9b4e6973987a814644ab634ce87779f997bbefb8b53a1eca2d004c8,CONTROLLED_TEST_MUTATION,future_timestamp,False,True,0.0408,False,0.3268,False,4.0059,EVIDENCE_FRESHNESS_UNKNOWN|EVIDENCE_TIMESTAMP_IN_FUTURE,b2d83222fe4bab87f393b8e93c8a29f87ac2f8279ebd9de6ca63f25604bbf49f
case-01715,371caffec65fb13828943ca1f4cce5413892655c7e57631b4ec3ba10477acfdd,CONTROLLED_TEST_MUTATION,expired_import,False,True,0.038,False,0.287,False,4.2856,EVIDENCE_STALE,b2d83222fe4bab87f393b8e93c8a29f87ac2f8279ebd9de6ca63f25604bbf49f
case-01716,64dadc2b447cd999c4abf760097ce160368e051a8f473e9ada3fde424f054ad2,CLEAN_TEST_FIXTURE,none,True,True,0.0395,True,0.345,True,3.8924,ALL_REQUIRED_EVIDENCE_TRUSTWORTHY,b2d83222fe4bab87f393b8e93c8a29f87ac2f8279ebd9de6ca63f25604bbf49f
case-01717,d5057bd9b73ae010b4ce4cedb0ac3604a594d391988d777159a8d5f3e3e9a5ba,CONTROLLED_TEST_MUTATION,broken_lineage,False,True,0.0419,True,1.5353,False,4.2085,EVIDENCE_LINEAGE_INVALID,b2d83222fe4bab87f393b8e93c8a29f87ac2f8279ebd9de6ca63f25604bbf49f
case-01718,d97aad5db2355f706840e3475c8a734123dd201ea9740f73de0d0a87af18a283,CONTROLLED_TEST_MUTATION,lineage_cycle,False,True,0.0388,True,0.3453,False,3.8964,EVIDENCE_LINEAGE_INVALID,b2d83222fe4bab87f393b8e93c8a29f87ac2f8279ebd9de6ca63f25604bbf49f
case-01719,c22b6f2b7caff548b8726d1733df2c04fbd741ad2bb0500656455d44ef923494,CONTROLLED_TEST_MUTATION,payload_tamper_after_seal,False,True,0.0411,False,0.0922,False,3.966,CHECKSUM_INVALID|EVIDENCE_ROOT_INVALID|EVIDENCE_SNAPSHOT_CONFLICT|RECORD_ENVELOPE_INVALID,b2d83222fe4bab87f393b8e93c8a29f87ac2f8279ebd9de6ca63f25604bbf49f
case-01720,45537d65c6da3fd4d4b08008a0db5edb34876a9f233fcb66e2d83fc64f8492ab,CONTROLLED_TEST_MUTATION,incomplete_payload,False,True,0.06,False,0.1611,False,3.8598,EVIDENCE_PAYLOAD_INCOMPLETE,b2d83222fe4bab87f393b8e93c8a29f87ac2f8279ebd9de6ca63f25604bbf49f
case-01721,cd1047d3ff4298e98ccaca70a111d624da4a2138483a6fb1bdc319460667ccd8,CLEAN_TEST_FIXTURE,none,True,True,0.0636,True,0.3902,True,4.0109,ALL_REQUIRED_EVIDENCE_TRUSTWORTHY,b2d83222fe4bab87f393b8e93c8a29f87ac2f8279ebd9de6ca63f25604bbf49f
case-01722,8e8d0550c66c09fccac6443e00ec1325fc5cf9c854b4e2a415d6e4720a8d2ffb,CONTROLLED_TEST_MUTATION,lineage_cycle,False,True,0.049,True,0.3404,False,4.2599,EVIDENCE_LINEAGE_INVALID,b2d83222fe4bab87f393b8e93c8a29f87ac2f8279ebd9de6ca63f25604bbf49f
case-01723,2ed09853dd6daad0efd0cbd1ce6ca14c7074cc71876f8a841f12e66ca5091d7e,CONTROLLED_TEST_MUTATION,broken_lineage,False,True,0.037,True,0.3742,False,3.9533,EVIDENCE_LINEAGE_INVALID,b2d83222fe4bab87f393b8e93c8a29f87ac2f8279ebd9de6ca63f25604bbf49f
case-01724,c1fadc9092a61749172ca807a4bb396bd06c57ff0518dd7c7305c167bf99e119,CLEAN_TEST_FIXTURE,none,True,True,0.0363,True,0.3247,True,5.3355,ALL_REQUIRED_EVIDENCE_TRUSTWORTHY,b2d83222fe4bab87f393b8e93c8a29f87ac2f8279ebd9de6ca63f25604bbf49f
case-01725,397f44704493d8de038a2a72ae78408363f9a916650c1ea1287307ecd92f4883,CONTROLLED_TEST_MUTATION,unknown_source,False,True,0.04,True,0.3674,False,4.3769,EVIDENCE_ROLE_SOURCE_NOT_ALLOWED|EVIDENCE_SOURCE_ID_UNKNOWN|EVIDENCE_SOURCE_POLICY_MISSING,b2d83222fe4bab87f393b8e93c8a29f87ac2f8279ebd9de6ca63f25604bbf49f
case-01726,c4e4a66332954bffed739b13b85c22e7cb4a9741ea3006161aaf7c3b8254f6b5,CONTROLLED_TEST_MUTATION,future_timestamp,False,True,0.0451,False,0.3439,False,4.0569,EVIDENCE_FRESHNESS_UNKNOWN|EVIDENCE_TIMESTAMP_IN_FUTURE,b2d83222fe4bab87f393b8e93c8a29f87ac2f8279ebd9de6ca63f25604bbf49f
case-01727,45f02a0ed53fdb99fa7fcce51df9da2a1848a0ac7db38be742eac3588743fa78,CLEAN_TEST_FIXTURE,none,True,True,0.0423,True,0.3458,True,4.0475,ALL_REQUIRED_EVIDENCE_TRUSTWORTHY,b2d83222fe4bab87f393b8e93c8a29f87ac2f8279ebd9de6ca63f25604bbf49f
case-01728,a7cff6e5b5af5a30e13ae95eb6b0f75a3ec5142a6a6bfa1bd8e71050715b4a90,CONTROLLED_TEST_MUTATION,role_conflict,False,True,0.0437,True,0.3558,False,4.3024,EVIDENCE_ROLE_CONFLICT,b2d83222fe4bab87f393b8e93c8a29f87ac2f8279ebd9de6ca63f25604bbf49f
case-01729,dfb2c278036dd474e66b8a32afaf4a1a14f9f8f312cade65b1869252cbc75b59,CONTROLLED_TEST_MUTATION,snapshot_score_conflict,False,True,0.0392,True,0.4351,False,4.923,EVIDENCE_SNAPSHOT_CONFLICT,b2d83222fe4bab87f393b8e93c8a29f87ac2f8279ebd9de6ca63f25604bbf49f
case-01730,d002a27a37c8580bdc08b6b6f5c5878bad3d7227ef7a9be5b662bd0165771d8c,CONTROLLED_TEST_MUTATION,source_type_impersonation,False,True,0.0415,True,0.3734,False,4.1146,EVIDENCE_ROLE_SOURCE_NOT_ALLOWED|OPERATOR_EVIDENCE_UNVERIFIED,b2d83222fe4bab87f393b8e93c8a29f87ac2f8279ebd9de6ca63f25604bbf49f
case-01731,506c08832c6f092b891bec3176ae74299eef7350ff78097398b75974a986746f,CONTROLLED_TEST_MUTATION,malformed_payload,False,True,0.0373,True,0.3194,False,5.8315,EVIDENCE_PAYLOAD_SCHEMA_INVALID|EVIDENCE_SNAPSHOT_CONFLICT,b2d83222fe4bab87f393b8e93c8a29f87ac2f8279ebd9de6ca63f25604bbf49f
case-01732,7f695def90d5e818fc757a05d20c8f178e64122140258465d874286f3e6fcbe5,CONTROLLED_TEST_MUTATION,unavailable_record,False,True,0.0501,False,0.3449,False,4.152,EVIDENCE_LINEAGE_INCOMPLETE|EVIDENCE_UNAVAILABLE,b2d83222fe4bab87f393b8e93c8a29f87ac2f8279ebd9de6ca63f25604bbf49f
case-01733,77184582aeaec5c095c754d04b4ab18c1ccdb18a3374159ae377d1bd590460d0,CONTROLLED_TEST_MUTATION,role_conflict,False,True,0.0471,True,0.3868,False,4.6193,EVIDENCE_ROLE_CONFLICT,b2d83222fe4bab87f393b8e93c8a29f87ac2f8279ebd9de6ca63f25604bbf49f
case-01734,fbe9f4f8ac7b118345a5c92c8d9aa7aa2681e75eadc6c1ba1da8d4b3f39b7545,CONTROLLED_TEST_MUTATION,role_conflict,False,True,0.0459,True,7.0445,False,5.5318,EVIDENCE_ROLE_CONFLICT,b2d83222fe4bab87f393b8e93c8a29f87ac2f8279ebd9de6ca63f25604bbf49f
case-01735,a6c6f7770d754188241273b5492e5d2e9100266f225954e73e87d04f5dc8b30f,CONTROLLED_TEST_MUTATION,malformed_payload,False,True,0.0659,True,0.4574,False,4.0608,EVIDENCE_PAYLOAD_SCHEMA_INVALID|EVIDENCE_SNAPSHOT_CONFLICT,b2d83222fe4bab87f393b8e93c8a29f87ac2f8279ebd9de6ca63f25604bbf49f
case-01736,f2879f8c2ad6a6721a4fd4d75b8bf7096c8153e2b683153dcfdc086c085b8f07,CONTROLLED_TEST_MUTATION,malformed_payload,False,True,0.0438,True,0.3663,False,4.3162,EVIDENCE_PAYLOAD_SCHEMA_INVALID|EVIDENCE_SNAPSHOT_CONFLICT,b2d83222fe4bab87f393b8e93c8a29f87ac2f8279ebd9de6ca63f25604bbf49f
case-01737,ca909127df0e28f8b8d34789a8b71c8aba7324dc90940145ad15cfb6c7a7a800,CONTROLLED_TEST_MUTATION,incomplete_payload,False,True,0.0425,False,0.17,False,4.1859,EVIDENCE_PAYLOAD_INCOMPLETE,b2d83222fe4bab87f393b8e93c8a29f87ac2f8279ebd9de6ca63f25604bbf49f
case-01738,461abb81f971388c80d4c5d4757e9bb23be160e202dccc5652c20ca297f677c2,CONTROLLED_TEST_MUTATION,source_type_impersonation,False,True,0.0424,True,0.3654,False,4.997,EVIDENCE_ROLE_SOURCE_NOT_ALLOWED|OPERATOR_EVIDENCE_UNVERIFIED,b2d83222fe4bab87f393b8e93c8a29f87ac2f8279ebd9de6ca63f25604bbf49f
case-01739,13cf3fc1b590ebecf1b4ee94c33490dda2990def98f0158cf1f253eaec5c2e4d,CONTROLLED_TEST_MUTATION,root_signature_tamper_after_seal,False,True,0.0476,True,0.3941,False,4.876,EVIDENCE_ROOT_INVALID,b2d83222fe4bab87f393b8e93c8a29f87ac2f8279ebd9de6ca63f25604bbf49f
case-01740,48ba9481c124da753ec49ec6a1782d34d91edf74e312f695e4c0bc8520e27d1a,CONTROLLED_TEST_MUTATION,future_timestamp,False,True,0.0442,False,0.3329,False,4.0652,EVIDENCE_FRESHNESS_UNKNOWN|EVIDENCE_TIMESTAMP_IN_FUTURE,b2d83222fe4bab87f393b8e93c8a29f87ac2f8279ebd9de6ca63f25604bbf49f
case-01741,60c73b7e9a805fa4949fed1824171b07de8e61dd34588ec53a2c5b345497ee8c,CONTROLLED_TEST_MUTATION,empty_payload,False,False,0.0447,False,0.0326,False,3.983,EVIDENCE_PAYLOAD_EMPTY|EVIDENCE_PAYLOAD_SCHEMA_INVALID|EVIDENCE_SNAPSHOT_CONFLICT,b2d83222fe4bab87f393b8e93c8a29f87ac2f8279ebd9de6ca63f25604bbf49f
case-01742,20b5ca28a4aa1c1bc85da80441c1cd9b60ddf96612823df97a7d45650367168b,CONTROLLED_TEST_MUTATION,malformed_payload,False,True,0.0415,True,0.3473,False,4.006,EVIDENCE_PAYLOAD_SCHEMA_INVALID|EVIDENCE_SNAPSHOT_CONFLICT,b2d83222fe4bab87f393b8e93c8a29f87ac2f8279ebd9de6ca63f25604bbf49f
case-01743,25d52a996ee9527675cc3f512ef5f4da50178f6512fc1c8eec26e6e38557f125,CONTROLLED_TEST_MUTATION,unavailable_record,False,True,0.0412,False,0.3267,False,5.2466,EVIDENCE_LINEAGE_INCOMPLETE|EVIDENCE_UNAVAILABLE,b2d83222fe4bab87f393b8e93c8a29f87ac2f8279ebd9de6ca63f25604bbf49f
case-01744,e551f6f0f6122ae5931422a3a03eacbc3f2ac1224bac940cdd9141cb9e51aabd,CONTROLLED_TEST_MUTATION,root_signature_tamper_after_seal,False,True,0.0414,True,0.3627,False,4.061,EVIDENCE_ROOT_INVALID,b2d83222fe4bab87f393b8e93c8a29f87ac2f8279ebd9de6ca63f25604bbf49f
case-01745,35353e543851b9dc0039164976a9cb2939d9bb86464a9850eb14ff3fc186e977,CONTROLLED_TEST_MUTATION,unknown_source,False,True,0.0414,True,0.3542,False,4.4019,EVIDENCE_ROLE_SOURCE_NOT_ALLOWED|EVIDENCE_SOURCE_ID_UNKNOWN|EVIDENCE_SOURCE_POLICY_MISSING,b2d83222fe4bab87f393b8e93c8a29f87ac2f8279ebd9de6ca63f25604bbf49f
case-01746,6401c8a28cd3981514bddee7b5031663b33aed4fa40ab4a5ec0d076c2e031a38,CONTROLLED_TEST_MUTATION,expired_import,False,True,0.043,False,0.31,False,4.1253,EVIDENCE_STALE,b2d83222fe4bab87f393b8e93c8a29f87ac2f8279ebd9de6ca63f25604bbf49f
case-01747,d10d69de6a32650d7ca9ebe440d251bf48f9f64d5fb659f605529bab331813e0,CONTROLLED_TEST_MUTATION,payload_tamper_after_seal,False,True,0.0444,False,0.0946,False,4.4075,CHECKSUM_INVALID|EVIDENCE_ROOT_INVALID|EVIDENCE_SNAPSHOT_CONFLICT|RECORD_ENVELOPE_INVALID,b2d83222fe4bab87f393b8e93c8a29f87ac2f8279ebd9de6ca63f25604bbf49f
case-01748,83105d477ed92da1513a3bc9694c18835cc526286ee84e37e10ac11b629efc71,CONTROLLED_TEST_MUTATION,incomplete_payload,False,True,0.0395,False,0.166,False,4.2011,EVIDENCE_PAYLOAD_INCOMPLETE,b2d83222fe4bab87f393b8e93c8a29f87ac2f8279ebd9de6ca63f25604bbf49f
case-01749,a27fea53f1527ea340b63158d2f6f26f81ec4eb0bc4dd8e799040dd9c182bdac,CONTROLLED_TEST_MUTATION,root_signature_tamper_after_seal,False,True,0.0415,True,0.3603,False,4.0876,EVIDENCE_ROOT_INVALID,b2d83222fe4bab87f393b8e93c8a29f87ac2f8279ebd9de6ca63f25604bbf49f
case-01750,ba200c70d5ea87a3ffb3912443dd030b2c9c8db0b590be8562fb689239113bd1,CONTROLLED_TEST_MUTATION,missing_lineage,False,True,0.0505,True,0.3512,False,6.0324,EVIDENCE_LINEAGE_INCOMPLETE,b2d83222fe4bab87f393b8e93c8a29f87ac2f8279ebd9de6ca63f25604bbf49f
case-01751,afd45f7e4db22b805fd44eba5b4daa8b912198c406b3221607cb28046385937f,CONTROLLED_TEST_MUTATION,missing_lineage,False,True,0.0405,True,0.3552,False,3.9048,EVIDENCE_LINEAGE_INCOMPLETE,b2d83222fe4bab87f393b8e93c8a29f87ac2f8279ebd9de6ca63f25604bbf49f
case-01752,85e5cc733994f46fea0fa89dd174128ad887a75cb4d46ef817f9154322b12471,CONTROLLED_TEST_MUTATION,root_signature_tamper_after_seal,False,True,0.0409,True,0.3743,False,3.9942,EVIDENCE_ROOT_INVALID,b2d83222fe4bab87f393b8e93c8a29f87ac2f8279ebd9de6ca63f25604bbf49f
case-01753,4f040e3ea3e8ce97fedb6e3efed4c681be7f042c755afa9204df4f7c0509e2b1,CONTROLLED_TEST_MUTATION,expired_import,False,True,0.046,False,0.32,False,4.0744,EVIDENCE_STALE,b2d83222fe4bab87f393b8e93c8a29f87ac2f8279ebd9de6ca63f25604bbf49f
case-01754,de79d580a4836d9c934eaf00e430830d1fd3a24847a0912de09dc92e43b59b0d,CONTROLLED_TEST_MUTATION,snapshot_score_conflict,False,True,0.0449,True,0.3625,False,4.321,EVIDENCE_SNAPSHOT_CONFLICT,b2d83222fe4bab87f393b8e93c8a29f87ac2f8279ebd9de6ca63f25604bbf49f
case-01755,ef25c6e72ec235e21259b35b974690341f76384ca404f1c7515e14f6fdc869f1,CONTROLLED_TEST_MUTATION,unknown_source,False,True,0.0415,True,0.3546,False,4.6906,EVIDENCE_ROLE_SOURCE_NOT_ALLOWED|EVIDENCE_SOURCE_ID_UNKNOWN|EVIDENCE_SOURCE_POLICY_MISSING,b2d83222fe4bab87f393b8e93c8a29f87ac2f8279ebd9de6ca63f25604bbf49f
case-01756,cf6aed933bb4e7de75c13f9d475920a1835ff7a6ecb04c968f076e852d148069,CONTROLLED_TEST_MUTATION,snapshot_score_conflict,False,True,0.0446,True,0.3939,False,4.2167,EVIDENCE_SNAPSHOT_CONFLICT,b2d83222fe4bab87f393b8e93c8a29f87ac2f8279ebd9de6ca63f25604bbf49f
case-01757,4c8907753dcb2e1d689d51b7d34a1a840ab3790a3dc1ddd6c34a67c4eefb2396,CLEAN_TEST_FIXTURE,none,True,True,0.0445,True,0.4675,True,4.3182,ALL_REQUIRED_EVIDENCE_TRUSTWORTHY,b2d83222fe4bab87f393b8e93c8a29f87ac2f8279ebd9de6ca63f25604bbf49f
case-01758,ace9ddc9ca2693c5aae04bb4a4be128265a9d4ecbc9eae032a305c15365f94df,CONTROLLED_TEST_MUTATION,payload_tamper_after_seal,False,True,0.0407,False,0.0891,False,4.5685,CHECKSUM_INVALID|EVIDENCE_ROOT_INVALID|EVIDENCE_SNAPSHOT_CONFLICT|RECORD_ENVELOPE_INVALID,b2d83222fe4bab87f393b8e93c8a29f87ac2f8279ebd9de6ca63f25604bbf49f
case-01759,8d38d482572d86cd9d4751080493a6bfdfff8d5c9f1450ef70a3df933abe03c1,CONTROLLED_TEST_MUTATION,future_timestamp,False,True,0.0429,False,0.4967,False,9.9321,EVIDENCE_FRESHNESS_UNKNOWN|EVIDENCE_TIMESTAMP_IN_FUTURE,b2d83222fe4bab87f393b8e93c8a29f87ac2f8279ebd9de6ca63f25604bbf49f
case-01760,9850503b400f4721b2b702fff67a60d138ac65556758d13796c3573423fcee6c,CONTROLLED_TEST_MUTATION,source_type_impersonation,False,True,0.0409,True,0.3607,False,3.9942,EVIDENCE_ROLE_SOURCE_NOT_ALLOWED|OPERATOR_EVIDENCE_UNVERIFIED,b2d83222fe4bab87f393b8e93c8a29f87ac2f8279ebd9de6ca63f25604bbf49f
case-01761,f4d2c016ecab465b6658e0b46d717e5bbeac6969d8f5537325b639e20202085c,CONTROLLED_TEST_MUTATION,source_type_impersonation,False,True,0.0408,True,0.4571,False,5.3088,EVIDENCE_ROLE_SOURCE_NOT_ALLOWED|OPERATOR_EVIDENCE_UNVERIFIED,b2d83222fe4bab87f393b8e93c8a29f87ac2f8279ebd9de6ca63f25604bbf49f
case-01762,70173c37ea91b1cb4af6cc0bd7b0a9333d3dc9e00a026b294f8443319c5e0f49,CONTROLLED_TEST_MUTATION,lineage_cycle,False,True,0.1479,True,0.4099,False,4.1667,EVIDENCE_LINEAGE_INVALID,b2d83222fe4bab87f393b8e93c8a29f87ac2f8279ebd9de6ca63f25604bbf49f
case-01763,866d546f1357783fdce96631054f1ec67635390b36abebfc92ae4562d600fab3,CONTROLLED_TEST_MUTATION,payload_tamper_after_seal,False,True,0.0423,False,0.0944,False,4.5084,CHECKSUM_INVALID|EVIDENCE_ROOT_INVALID|EVIDENCE_SNAPSHOT_CONFLICT|RECORD_ENVELOPE_INVALID,b2d83222fe4bab87f393b8e93c8a29f87ac2f8279ebd9de6ca63f25604bbf49f
case-01764,ca97399a60745dbd833ba65da42da86e380f82ca6a04c789e0987f9e84b8e148,CLEAN_TEST_FIXTURE,none,True,True,0.0403,True,0.351,True,4.4805,ALL_REQUIRED_EVIDENCE_TRUSTWORTHY,b2d83222fe4bab87f393b8e93c8a29f87ac2f8279ebd9de6ca63f25604bbf49f
case-01765,e3d231c413a2bdcd758e7d7d38f8449366e737a59fa3623e39d3efa9d7a4b256,CONTROLLED_TEST_MUTATION,broken_lineage,False,True,0.0399,True,0.3517,False,4.0567,EVIDENCE_LINEAGE_INVALID,b2d83222fe4bab87f393b8e93c8a29f87ac2f8279ebd9de6ca63f25604bbf49f
case-01766,14c00c2d8ec1542f9105b584a1960f50a60bcc8c2bf681f2f52209b8de514848,CONTROLLED_TEST_MUTATION,expired_import,False,True,0.0485,False,0.3179,False,5.47,EVIDENCE_STALE,b2d83222fe4bab87f393b8e93c8a29f87ac2f8279ebd9de6ca63f25604bbf49f
case-01767,1f086c38bf07c6a43b97dba554fcdc0d6247ec7023f3a09a11d3861dc4acddd4,CONTROLLED_TEST_MUTATION,missing_direct_role,False,False,0.0222,False,0.0153,False,3.7516,REQUIRED_ROLE_MISSING,b2d83222fe4bab87f393b8e93c8a29f87ac2f8279ebd9de6ca63f25604bbf49f
case-01768,dea75dd3891da5e79928669f47813dd7630e6904a3acb2ff7e878d460ed77c96,CONTROLLED_TEST_MUTATION,root_signature_tamper_after_seal,False,True,0.0419,True,0.361,False,4.038,EVIDENCE_ROOT_INVALID,b2d83222fe4bab87f393b8e93c8a29f87ac2f8279ebd9de6ca63f25604bbf49f
case-01769,798e6f086d8c28c43a6a36e8f0050c82fc2822659873c88cdfeaa7a350756cbc,CONTROLLED_TEST_MUTATION,root_signature_tamper_after_seal,False,True,0.0429,True,0.3828,False,6.3899,EVIDENCE_ROOT_INVALID,b2d83222fe4bab87f393b8e93c8a29f87ac2f8279ebd9de6ca63f25604bbf49f
case-01770,130b8d6fb256a985c57c26c1d3143bd086f57d1bf6b3dc54f938cf9bc7778958,CONTROLLED_TEST_MUTATION,malformed_payload,False,True,0.0436,True,0.3562,False,4.0534,EVIDENCE_PAYLOAD_SCHEMA_INVALID|EVIDENCE_SNAPSHOT_CONFLICT,b2d83222fe4bab87f393b8e93c8a29f87ac2f8279ebd9de6ca63f25604bbf49f
case-01771,06315c488250e2864e3a7485643a29c77762e949b3fe01c042df355393217ce3,CONTROLLED_TEST_MUTATION,role_conflict,False,True,0.0505,True,0.3944,False,4.4879,EVIDENCE_ROLE_CONFLICT,b2d83222fe4bab87f393b8e93c8a29f87ac2f8279ebd9de6ca63f25604bbf49f
case-01772,1947192e20fe4d46edffcf83564c58c42b89bd91f40948706db43ac02d171945,CONTROLLED_TEST_MUTATION,future_timestamp,False,True,0.0411,False,0.3264,False,4.3321,EVIDENCE_FRESHNESS_UNKNOWN|EVIDENCE_TIMESTAMP_IN_FUTURE,b2d83222fe4bab87f393b8e93c8a29f87ac2f8279ebd9de6ca63f25604bbf49f
case-01773,9df78d4de27a98b778e9b47d7abbbbeae16bd54d5cabd950ccf89f2c9791d5f9,CONTROLLED_TEST_MUTATION,malformed_payload,False,True,0.0425,True,0.3504,False,4.3463,EVIDENCE_PAYLOAD_SCHEMA_INVALID|EVIDENCE_SNAPSHOT_CONFLICT,b2d83222fe4bab87f393b8e93c8a29f87ac2f8279ebd9de6ca63f25604bbf49f
case-01774,3c26c7574ea47569b0488c0cbe3118cd1c06a7be8c6f0264e85ce4d43b04de41,CONTROLLED_TEST_MUTATION,unavailable_record,False,True,0.0453,False,0.3464,False,4.3929,EVIDENCE_LINEAGE_INCOMPLETE|EVIDENCE_UNAVAILABLE,b2d83222fe4bab87f393b8e93c8a29f87ac2f8279ebd9de6ca63f25604bbf49f
case-01775,7489b880f16ea1f7489533df219236b679b6aab990dd8c0003808aec73fed7b0,CONTROLLED_TEST_MUTATION,future_timestamp,False,True,0.0386,False,0.311,False,4.0558,EVIDENCE_FRESHNESS_UNKNOWN|EVIDENCE_TIMESTAMP_IN_FUTURE,b2d83222fe4bab87f393b8e93c8a29f87ac2f8279ebd9de6ca63f25604bbf49f
case-01776,a35101e897f7a743faade1d378ae5d2e43452ad6147ac10e8ee6a09826c89e81,CONTROLLED_TEST_MUTATION,root_signature_tamper_after_seal,False,True,0.056,True,0.4489,False,4.1598,EVIDENCE_ROOT_INVALID,b2d83222fe4bab87f393b8e93c8a29f87ac2f8279ebd9de6ca63f25604bbf49f
case-01777,b809e5f18f13d3cc95e3d9d0673f2692779cac4d1be41a9cb5f5c3f7e45f5497,CONTROLLED_TEST_MUTATION,broken_lineage,False,True,0.0414,True,0.371,False,4.5732,EVIDENCE_LINEAGE_INVALID,b2d83222fe4bab87f393b8e93c8a29f87ac2f8279ebd9de6ca63f25604bbf49f
case-01778,6f373fc98312d12637824a57c952320e4c291ef7172d5fafa98d81bd82b5eefc,CLEAN_TEST_FIXTURE,none,True,True,0.0446,True,0.3782,True,4.1798,ALL_REQUIRED_EVIDENCE_TRUSTWORTHY,b2d83222fe4bab87f393b8e93c8a29f87ac2f8279ebd9de6ca63f25604bbf49f
case-01779,60634f2adae7917fe56f50aef70536430a5847323bc1a3a2d6fcd67a45327da1,CONTROLLED_TEST_MUTATION,missing_lineage,False,True,0.0403,True,0.3446,False,4.6909,EVIDENCE_LINEAGE_INCOMPLETE,b2d83222fe4bab87f393b8e93c8a29f87ac2f8279ebd9de6ca63f25604bbf49f
case-01780,642c2f959b1443a800f5fdc8d3643aaabb42cd275d3b5c88ddbc8b5b425143f6,CLEAN_TEST_FIXTURE,none,True,True,0.0424,True,0.3603,True,4.0524,ALL_REQUIRED_EVIDENCE_TRUSTWORTHY,b2d83222fe4bab87f393b8e93c8a29f87ac2f8279ebd9de6ca63f25604bbf49f
case-01781,3b8c6f88a6886e866dcb94d1f0a46a00986975727b217958cc24c4928619bbee,CONTROLLED_TEST_MUTATION,missing_direct_role,False,False,0.0223,False,0.016,False,3.9076,REQUIRED_ROLE_MISSING,b2d83222fe4bab87f393b8e93c8a29f87ac2f8279ebd9de6ca63f25604bbf49f
case-01782,cd7b364554fdbacf20d1f4a9c21c6c6bdb211e23c9d2814bc2d2039b8445b998,CONTROLLED_TEST_MUTATION,source_type_impersonation,False,True,0.0397,True,0.3573,False,3.9818,EVIDENCE_ROLE_SOURCE_NOT_ALLOWED|OPERATOR_EVIDENCE_UNVERIFIED,b2d83222fe4bab87f393b8e93c8a29f87ac2f8279ebd9de6ca63f25604bbf49f
case-01783,8a9af637e183059cc13bd502132631f54f17699db6d60c04bbd3661d2ea490a2,CONTROLLED_TEST_MUTATION,missing_direct_role,False,False,0.0267,False,0.0886,False,5.4926,REQUIRED_ROLE_MISSING,b2d83222fe4bab87f393b8e93c8a29f87ac2f8279ebd9de6ca63f25604bbf49f
case-01784,546fdd20643b1ef581264be19a01926b8b64f98362302e020a5915f49e471e4b,CONTROLLED_TEST_MUTATION,role_conflict,False,True,0.0446,True,0.3949,False,4.3816,EVIDENCE_ROLE_CONFLICT,b2d83222fe4bab87f393b8e93c8a29f87ac2f8279ebd9de6ca63f25604bbf49f
case-01785,a2c3dd43707f4838cb86024a3d080773ce42c06e1933d0d566556450b2abe78e,CLEAN_TEST_FIXTURE,none,True,True,0.0463,True,0.4104,True,4.4409,ALL_REQUIRED_EVIDENCE_TRUSTWORTHY,b2d83222fe4bab87f393b8e93c8a29f87ac2f8279ebd9de6ca63f25604bbf49f
case-01786,9fb9585a1b455a01910d1cc43cef6855ae170be088214024c606c72ec7736a9c,CONTROLLED_TEST_MUTATION,empty_payload,False,False,0.0451,False,0.0325,False,6.8008,EVIDENCE_PAYLOAD_EMPTY|EVIDENCE_PAYLOAD_SCHEMA_INVALID|EVIDENCE_SNAPSHOT_CONFLICT,b2d83222fe4bab87f393b8e93c8a29f87ac2f8279ebd9de6ca63f25604bbf49f
case-01787,5bc1a72247812fd12d2f909cd1fef54ea17561334c12564d8ec88dd2cdce63dd,CONTROLLED_TEST_MUTATION,lineage_cycle,False,True,0.0408,True,0.3836,False,4.8538,EVIDENCE_LINEAGE_INVALID,b2d83222fe4bab87f393b8e93c8a29f87ac2f8279ebd9de6ca63f25604bbf49f
case-01788,90ef009feda7a5e71bea7cdc8f4b5e247a21038d20984333b1952ec2c381652f,CONTROLLED_TEST_MUTATION,role_conflict,False,True,0.0448,True,0.3917,False,4.5034,EVIDENCE_ROLE_CONFLICT,b2d83222fe4bab87f393b8e93c8a29f87ac2f8279ebd9de6ca63f25604bbf49f
case-01789,3e7fc3b00a3fea28020c8ced919ad6f8bc0abc30deb842cdda9983ab0af491cb,CONTROLLED_TEST_MUTATION,wrong_context,False,True,0.0435,True,0.4296,False,6.7184,EVIDENCE_CONTEXT_MISMATCH,b2d83222fe4bab87f393b8e93c8a29f87ac2f8279ebd9de6ca63f25604bbf49f
case-01790,7a68a812ff4f11954cb081d264a559143e00d18ce203de013e6afafb5e4529e8,CONTROLLED_TEST_MUTATION,wrong_context,False,True,0.0446,True,0.371,False,4.0982,EVIDENCE_CONTEXT_MISMATCH,b2d83222fe4bab87f393b8e93c8a29f87ac2f8279ebd9de6ca63f25604bbf49f
case-01791,ef1677d29277defcf61235225f6cc31863ce86086cc0b8b03740580bb2d9de0c,CONTROLLED_TEST_MUTATION,excluded_ancestor,False,True,0.0946,True,0.4518,False,4.2341,REQUIRED_INPUT_EXCLUDED,b2d83222fe4bab87f393b8e93c8a29f87ac2f8279ebd9de6ca63f25604bbf49f
case-01792,55403acdb0b000b08204eaa85d45c5dd1cdbaeebb864d9eaf8d3f7509e0e825d,CONTROLLED_TEST_MUTATION,missing_lineage,False,True,0.0436,True,0.3639,False,6.93,EVIDENCE_LINEAGE_INCOMPLETE,b2d83222fe4bab87f393b8e93c8a29f87ac2f8279ebd9de6ca63f25604bbf49f
case-01793,79f0cbfc4888e19f2013deb4d9dffe7b71b6e01f8c6e54c91170181fa49abd9f,CLEAN_TEST_FIXTURE,none,True,True,0.0529,True,0.4903,True,4.3531,ALL_REQUIRED_EVIDENCE_TRUSTWORTHY,b2d83222fe4bab87f393b8e93c8a29f87ac2f8279ebd9de6ca63f25604bbf49f
case-01794,2da3b745e4a99c01d589f6c39e286cfa08fa38f5f973c590fbdf4f451e5385cc,CONTROLLED_TEST_MUTATION,missing_lineage,False,True,0.042,True,0.3698,False,4.027,EVIDENCE_LINEAGE_INCOMPLETE,b2d83222fe4bab87f393b8e93c8a29f87ac2f8279ebd9de6ca63f25604bbf49f
case-01795,e6c4afb3f0dfc3b7ae3100034df22162e8b00617bb8d4877aab774e56e5bf34b,CONTROLLED_TEST_MUTATION,source_type_impersonation,False,True,0.042,True,0.3647,False,5.9017,EVIDENCE_ROLE_SOURCE_NOT_ALLOWED|OPERATOR_EVIDENCE_UNVERIFIED,b2d83222fe4bab87f393b8e93c8a29f87ac2f8279ebd9de6ca63f25604bbf49f
case-01796,4409112a2fde3e365006bdd6d006183341671b78395ad3c70d91fb48b7c87c96,CONTROLLED_TEST_MUTATION,incomplete_payload,False,True,0.042,False,0.1662,False,4.2044,EVIDENCE_PAYLOAD_INCOMPLETE,b2d83222fe4bab87f393b8e93c8a29f87ac2f8279ebd9de6ca63f25604bbf49f
case-01797,de97b52c383c582058e4a1d0622e37ec22e56d0853001c02e9ad47abebd3ab1f,CONTROLLED_TEST_MUTATION,empty_payload,False,False,0.0602,False,0.0375,False,4.1558,EVIDENCE_PAYLOAD_EMPTY|EVIDENCE_PAYLOAD_SCHEMA_INVALID|EVIDENCE_SNAPSHOT_CONFLICT,b2d83222fe4bab87f393b8e93c8a29f87ac2f8279ebd9de6ca63f25604bbf49f
case-01798,14d72afd9e845594033e48acbc35ceac55b73d05248fa05b3f25ffdf11274f75,CONTROLLED_TEST_MUTATION,empty_payload,False,False,0.0431,False,0.0322,False,3.9935,EVIDENCE_PAYLOAD_EMPTY|EVIDENCE_PAYLOAD_SCHEMA_INVALID|EVIDENCE_SNAPSHOT_CONFLICT,b2d83222fe4bab87f393b8e93c8a29f87ac2f8279ebd9de6ca63f25604bbf49f
case-01799,20ec2b947543cfa996de1d3be2f4391d8ce7dca8de534bab6830185fd4244ce4,CONTROLLED_TEST_MUTATION,malformed_payload,False,True,0.0471,True,0.4004,False,4.0874,EVIDENCE_PAYLOAD_SCHEMA_INVALID|EVIDENCE_SNAPSHOT_CONFLICT,b2d83222fe4bab87f393b8e93c8a29f87ac2f8279ebd9de6ca63f25604bbf49f
case-01800,31bb3b2a2bc2dd377c8e9475810499c047f47df170f855903396523f840df339,CONTROLLED_TEST_MUTATION,excluded_ancestor,False,True,0.0426,True,0.3695,False,4.6015,REQUIRED_INPUT_EXCLUDED,b2d83222fe4bab87f393b8e93c8a29f87ac2f8279ebd9de6ca63f25604bbf49f
case-01801,27aeb39bd544144f3c68d819a3eda48582ac1a31cd548079d0a50baf69a47dbf,CONTROLLED_TEST_MUTATION,wrong_context,False,True,0.043,True,0.3644,False,3.9881,EVIDENCE_CONTEXT_MISMATCH,b2d83222fe4bab87f393b8e93c8a29f87ac2f8279ebd9de6ca63f25604bbf49f
case-01802,e4c34c7e5769ac9c2e57d19b0989f6ec0f0f16da5c34dd16cfe823aa19133be1,CONTROLLED_TEST_MUTATION,wrong_context,False,True,0.0375,True,0.3422,False,6.0049,EVIDENCE_CONTEXT_MISMATCH,b2d83222fe4bab87f393b8e93c8a29f87ac2f8279ebd9de6ca63f25604bbf49f
case-01803,49bad55f5e1febd77242f9ef84df00a51e7ab637ac1bd8a375e5c4e24d37cf48,CONTROLLED_TEST_MUTATION,broken_lineage,False,True,0.0416,True,0.3566,False,4.2276,EVIDENCE_LINEAGE_INVALID,b2d83222fe4bab87f393b8e93c8a29f87ac2f8279ebd9de6ca63f25604bbf49f
case-01804,e3531a2b50d99c5b5ab826521ddf4dea468f50dcde149a8aee0d3a4b3ac90697,CLEAN_TEST_FIXTURE,none,True,True,0.0432,True,0.3742,True,4.2332,ALL_REQUIRED_EVIDENCE_TRUSTWORTHY,b2d83222fe4bab87f393b8e93c8a29f87ac2f8279ebd9de6ca63f25604bbf49f
case-01805,ffcce24cc77e837db48e3be0da2d5bf375e5337f89d5d1feb262b6e94c3f88fd,CLEAN_TEST_FIXTURE,none,True,True,0.0407,True,0.3535,True,4.1031,ALL_REQUIRED_EVIDENCE_TRUSTWORTHY,b2d83222fe4bab87f393b8e93c8a29f87ac2f8279ebd9de6ca63f25604bbf49f
case-01806,69b033bbe3f1d17ed33bed5cdc3a10d95254b2e8667da7ad71fc4db14530ff1b,CONTROLLED_TEST_MUTATION,payload_tamper_after_seal,False,True,0.0431,False,0.0932,False,4.3404,CHECKSUM_INVALID|EVIDENCE_ROOT_INVALID|EVIDENCE_SNAPSHOT_CONFLICT|RECORD_ENVELOPE_INVALID,b2d83222fe4bab87f393b8e93c8a29f87ac2f8279ebd9de6ca63f25604bbf49f
case-01807,bef9575fdfbfd6c901e07bce35927d6f06e56bad7377b6a88f90d85398cae4e4,CLEAN_TEST_FIXTURE,none,True,True,0.0418,True,0.3546,True,4.281,ALL_REQUIRED_EVIDENCE_TRUSTWORTHY,b2d83222fe4bab87f393b8e93c8a29f87ac2f8279ebd9de6ca63f25604bbf49f
case-01808,1b768cb73d6b8f71b20dc2e5352c1bf055cbf821468961078b0cf7a8e5e6d994,CONTROLLED_TEST_MUTATION,unavailable_record,False,True,0.0413,False,0.3286,False,4.2086,EVIDENCE_LINEAGE_INCOMPLETE|EVIDENCE_UNAVAILABLE,b2d83222fe4bab87f393b8e93c8a29f87ac2f8279ebd9de6ca63f25604bbf49f
case-01809,c3456608111716978bf4e0f8386b879919310d669891dd6ce3cda3a19d33975c,CLEAN_TEST_FIXTURE,none,True,True,0.0423,True,0.381,True,12.0414,ALL_REQUIRED_EVIDENCE_TRUSTWORTHY,b2d83222fe4bab87f393b8e93c8a29f87ac2f8279ebd9de6ca63f25604bbf49f
case-01810,0f99c2d358dcc1bd073180c0199a229c7e6b028764446e05f6161b06c3bcdcfa,CONTROLLED_TEST_MUTATION,snapshot_score_conflict,False,True,0.0432,True,0.3604,False,4.2282,EVIDENCE_SNAPSHOT_CONFLICT,b2d83222fe4bab87f393b8e93c8a29f87ac2f8279ebd9de6ca63f25604bbf49f
case-01811,9702820115298560470b8ad7df5bcba1d42e593f78fd9aba292d8030ac15f5ae,CONTROLLED_TEST_MUTATION,root_signature_tamper_after_seal,False,True,0.0439,True,0.373,False,4.5053,EVIDENCE_ROOT_INVALID,b2d83222fe4bab87f393b8e93c8a29f87ac2f8279ebd9de6ca63f25604bbf49f
case-01812,b1c6574a35b948b08e721678379e5fbc7c86fd77614e092fd30988b68877a61f,CLEAN_TEST_FIXTURE,none,True,True,0.0459,True,0.3957,True,6.397,ALL_REQUIRED_EVIDENCE_TRUSTWORTHY,b2d83222fe4bab87f393b8e93c8a29f87ac2f8279ebd9de6ca63f25604bbf49f
case-01813,21acf12c1bb6f3db72ab05dbdfea8e8197720fd7bfb4d097991246eb8c9f227f,CONTROLLED_TEST_MUTATION,wrong_context,False,True,0.066,True,0.4732,False,4.5449,EVIDENCE_CONTEXT_MISMATCH,b2d83222fe4bab87f393b8e93c8a29f87ac2f8279ebd9de6ca63f25604bbf49f
case-01814,9bfc9ef7a0d2aaaae2a23a8176a3f490df05361148ab89ee78d67c1000794df6,CONTROLLED_TEST_MUTATION,wrong_context,False,True,0.0413,True,0.3574,False,5.7201,EVIDENCE_CONTEXT_MISMATCH,b2d83222fe4bab87f393b8e93c8a29f87ac2f8279ebd9de6ca63f25604bbf49f
case-01815,197a60999f6eb618ee4008a5dab249fe5e8f26e38ebad8ba2dc9360606bd30a4,CONTROLLED_TEST_MUTATION,root_signature_tamper_after_seal,False,True,0.0431,True,0.3712,False,4.1057,EVIDENCE_ROOT_INVALID,b2d83222fe4bab87f393b8e93c8a29f87ac2f8279ebd9de6ca63f25604bbf49f
case-01816,bd236280d224a95d34d329fe1a78cffb67eef764ac69107cdc9c1eff9b98b80e,CONTROLLED_TEST_MUTATION,empty_payload,False,False,0.0457,False,0.0325,False,4.1639,EVIDENCE_PAYLOAD_EMPTY|EVIDENCE_PAYLOAD_SCHEMA_INVALID|EVIDENCE_SNAPSHOT_CONFLICT,b2d83222fe4bab87f393b8e93c8a29f87ac2f8279ebd9de6ca63f25604bbf49f
case-01817,d133b8845bdcb9d1caff6b90263d2d34fa7d055c923642b2286682ec1dd148c7,CONTROLLED_TEST_MUTATION,missing_direct_role,False,False,0.029,False,0.0163,False,4.0254,REQUIRED_ROLE_MISSING,b2d83222fe4bab87f393b8e93c8a29f87ac2f8279ebd9de6ca63f25604bbf49f
case-01818,3cc164dca25d69e9271bffb22782522563bea189117345b02cc46df9f2044750,CONTROLLED_TEST_MUTATION,role_conflict,False,True,0.083,True,0.7595,False,4.5385,EVIDENCE_ROLE_CONFLICT,b2d83222fe4bab87f393b8e93c8a29f87ac2f8279ebd9de6ca63f25604bbf49f
case-01819,05908ef9cbbb9c3e4200a76da109eaf6d0183626525480e6f355078c6d36ea3c,CONTROLLED_TEST_MUTATION,future_timestamp,False,True,0.0435,False,0.3247,False,4.7961,EVIDENCE_FRESHNESS_UNKNOWN|EVIDENCE_TIMESTAMP_IN_FUTURE,b2d83222fe4bab87f393b8e93c8a29f87ac2f8279ebd9de6ca63f25604bbf49f
case-01820,7ac2c8d8b6e8ba7ea59dfd4dc49860cfd3aa71307fc1747902ed3f32b8f6227d,CLEAN_TEST_FIXTURE,none,True,True,0.0438,True,0.3736,True,9.1633,ALL_REQUIRED_EVIDENCE_TRUSTWORTHY,b2d83222fe4bab87f393b8e93c8a29f87ac2f8279ebd9de6ca63f25604bbf49f
case-01821,7347fa6bd2615d2878a7a36839fa6fb0dc7e8fe3a82dcc167ce7de08ae1ca91b,CONTROLLED_TEST_MUTATION,unknown_source,False,True,0.0493,True,1.2733,False,4.2713,EVIDENCE_ROLE_SOURCE_NOT_ALLOWED|EVIDENCE_SOURCE_ID_UNKNOWN|EVIDENCE_SOURCE_POLICY_MISSING,b2d83222fe4bab87f393b8e93c8a29f87ac2f8279ebd9de6ca63f25604bbf49f
case-01822,11b3af2ed889c33e583e65bd301666d82d616963d929e2c5fb1d381af7e79810,CONTROLLED_TEST_MUTATION,source_type_impersonation,False,True,0.0485,True,0.3853,False,4.0951,EVIDENCE_ROLE_SOURCE_NOT_ALLOWED|OPERATOR_EVIDENCE_UNVERIFIED,b2d83222fe4bab87f393b8e93c8a29f87ac2f8279ebd9de6ca63f25604bbf49f
case-01823,26ff729d954672ff8a78fecc5d9363b1b8194c18765011c7193037a5ceb70d7f,CONTROLLED_TEST_MUTATION,wrong_context,False,True,0.0409,True,0.4964,False,6.7963,EVIDENCE_CONTEXT_MISMATCH,b2d83222fe4bab87f393b8e93c8a29f87ac2f8279ebd9de6ca63f25604bbf49f
case-01824,503ed46978e561e9078b83950bbca82bcef3ec15cef5a48a90b9a10cd34eb777,CONTROLLED_TEST_MUTATION,root_signature_tamper_after_seal,False,True,0.0474,True,0.3626,False,4.4236,EVIDENCE_ROOT_INVALID,b2d83222fe4bab87f393b8e93c8a29f87ac2f8279ebd9de6ca63f25604bbf49f
case-01825,fbdc5be99371dce90a2b6a4e306bbd16de78d3584f8b83a1939edc3eb8943a8d,CONTROLLED_TEST_MUTATION,payload_tamper_after_seal,False,True,0.0469,False,0.1059,False,4.6663,CHECKSUM_INVALID|EVIDENCE_ROOT_INVALID|EVIDENCE_SNAPSHOT_CONFLICT|RECORD_ENVELOPE_INVALID,b2d83222fe4bab87f393b8e93c8a29f87ac2f8279ebd9de6ca63f25604bbf49f
case-01826,631f660c56e915435c577f7f0bad3b9c9acefee343186fabf3800288d713abe3,CONTROLLED_TEST_MUTATION,missing_lineage,False,True,0.0437,True,0.3666,False,4.0784,EVIDENCE_LINEAGE_INCOMPLETE,b2d83222fe4bab87f393b8e93c8a29f87ac2f8279ebd9de6ca63f25604bbf49f
case-01827,d0b47efbea003797bac31366997fa012c23291d816e4c28a53de6359234240df,CLEAN_TEST_FIXTURE,none,True,True,0.0459,True,0.3802,True,4.5881,ALL_REQUIRED_EVIDENCE_TRUSTWORTHY,b2d83222fe4bab87f393b8e93c8a29f87ac2f8279ebd9de6ca63f25604bbf49f
case-01828,4f7e32d9d2d3097700e9045ce7c75a97e31008f352c1ffc75fc8160a1b943698,CONTROLLED_TEST_MUTATION,empty_payload,False,False,0.0568,False,0.036,False,5.0171,EVIDENCE_PAYLOAD_EMPTY|EVIDENCE_PAYLOAD_SCHEMA_INVALID|EVIDENCE_SNAPSHOT_CONFLICT,b2d83222fe4bab87f393b8e93c8a29f87ac2f8279ebd9de6ca63f25604bbf49f
case-01829,151715639d5e43b52c9492ff2b6c09caf56d783acea9315be7dc570a8c02ecac,CLEAN_TEST_FIXTURE,none,True,True,0.0463,True,0.3729,True,4.3079,ALL_REQUIRED_EVIDENCE_TRUSTWORTHY,b2d83222fe4bab87f393b8e93c8a29f87ac2f8279ebd9de6ca63f25604bbf49f
case-01830,b297a27a4b7d9440a4b574df59d63a3a348b6cc532e424337409b9a541e55a8a,CONTROLLED_TEST_MUTATION,expired_import,False,True,0.0441,False,0.314,False,5.4566,EVIDENCE_STALE,b2d83222fe4bab87f393b8e93c8a29f87ac2f8279ebd9de6ca63f25604bbf49f
case-01831,f1e70542b1ccff79d1978c07f904dd25046a23ae2d514a6c34e3324d4445a194,CONTROLLED_TEST_MUTATION,snapshot_score_conflict,False,True,0.0443,True,0.6227,False,4.6535,EVIDENCE_SNAPSHOT_CONFLICT,b2d83222fe4bab87f393b8e93c8a29f87ac2f8279ebd9de6ca63f25604bbf49f
case-01832,f7e6148203196829d451129c9c54ae51d29c534207537339028e805b1fd87e96,CONTROLLED_TEST_MUTATION,empty_payload,False,False,0.047,False,0.0326,False,4.4375,EVIDENCE_PAYLOAD_EMPTY|EVIDENCE_PAYLOAD_SCHEMA_INVALID|EVIDENCE_SNAPSHOT_CONFLICT,b2d83222fe4bab87f393b8e93c8a29f87ac2f8279ebd9de6ca63f25604bbf49f
case-01833,b7ff9ee357f82e2a2aab59777b82a7b6184f26c0153ba6c75cb6718fede8ef5c,CONTROLLED_TEST_MUTATION,wrong_context,False,True,0.0463,True,0.3977,False,4.9806,EVIDENCE_CONTEXT_MISMATCH,b2d83222fe4bab87f393b8e93c8a29f87ac2f8279ebd9de6ca63f25604bbf49f
case-01834,e9c93548317d53b66149d111272e60cbb3dbb2f1e41ca591d8cb7725b4a3bbdf,CONTROLLED_TEST_MUTATION,broken_lineage,False,True,0.0445,True,0.3924,False,5.5245,EVIDENCE_LINEAGE_INVALID,b2d83222fe4bab87f393b8e93c8a29f87ac2f8279ebd9de6ca63f25604bbf49f
case-01835,01454745232dfee9a84658867d573148186bed4c1dfd1cbe287816e59819aca1,CONTROLLED_TEST_MUTATION,malformed_payload,False,True,0.0476,True,0.3878,False,4.8411,EVIDENCE_PAYLOAD_SCHEMA_INVALID|EVIDENCE_SNAPSHOT_CONFLICT,b2d83222fe4bab87f393b8e93c8a29f87ac2f8279ebd9de6ca63f25604bbf49f
case-01836,17b75088dfac42bbcae8bcaa2e53b04e2b2bbd6a774ea1aa53b3c6183a591071,CONTROLLED_TEST_MUTATION,missing_lineage,False,True,0.0526,True,0.4367,False,5.1592,EVIDENCE_LINEAGE_INCOMPLETE,b2d83222fe4bab87f393b8e93c8a29f87ac2f8279ebd9de6ca63f25604bbf49f
case-01837,b540c966e85b8e815e791e60393ed6fa444b1948b01834eb65b4982d5749a9c1,CONTROLLED_TEST_MUTATION,source_type_impersonation,False,True,0.05,True,0.3931,False,4.5108,EVIDENCE_ROLE_SOURCE_NOT_ALLOWED|OPERATOR_EVIDENCE_UNVERIFIED,b2d83222fe4bab87f393b8e93c8a29f87ac2f8279ebd9de6ca63f25604bbf49f
case-01838,2c8e72afb0665b275d73d3ed1eb9111616ea272178549cfdb546aa32c4b0252b,CONTROLLED_TEST_MUTATION,incomplete_payload,False,True,0.0458,False,0.2759,False,4.6332,EVIDENCE_PAYLOAD_INCOMPLETE,b2d83222fe4bab87f393b8e93c8a29f87ac2f8279ebd9de6ca63f25604bbf49f
case-01839,fbccf4ca0faaacea6d84169617f3f43d3b4fe8ed4eefe572b2dcdf40ea14900e,CLEAN_TEST_FIXTURE,none,True,True,0.0432,True,0.3747,True,4.4198,ALL_REQUIRED_EVIDENCE_TRUSTWORTHY,b2d83222fe4bab87f393b8e93c8a29f87ac2f8279ebd9de6ca63f25604bbf49f
case-01840,3cc012ec25f42453eb9eeb5ffa69309f059c1f4f71e6a3721f1576aa8b73ff25,CONTROLLED_TEST_MUTATION,excluded_ancestor,False,True,0.042,True,0.7623,False,4.3587,REQUIRED_INPUT_EXCLUDED,b2d83222fe4bab87f393b8e93c8a29f87ac2f8279ebd9de6ca63f25604bbf49f
case-01841,c94b0cf2a081076bd4ce37ae847e2a29fde0b8ec63508a4f0472e5606a1bc8f2,CONTROLLED_TEST_MUTATION,stale_live_observation,False,True,0.0549,False,0.5949,False,5.1639,EVIDENCE_STALE,b2d83222fe4bab87f393b8e93c8a29f87ac2f8279ebd9de6ca63f25604bbf49f
case-01842,d279607fc328020f779e6fdfcc3fd4c5bb334e7cd0a67edd7e514a734e610f4a,CONTROLLED_TEST_MUTATION,snapshot_score_conflict,False,True,0.0624,True,1.8414,False,15.2538,EVIDENCE_SNAPSHOT_CONFLICT,b2d83222fe4bab87f393b8e93c8a29f87ac2f8279ebd9de6ca63f25604bbf49f
case-01843,ba4198e10f3f3a943a9c495ad0104212096202f5cab6a8ca7e3e75559708e0d3,CONTROLLED_TEST_MUTATION,missing_lineage,False,True,0.0468,True,0.5952,False,4.2307,EVIDENCE_LINEAGE_INCOMPLETE,b2d83222fe4bab87f393b8e93c8a29f87ac2f8279ebd9de6ca63f25604bbf49f
case-01844,937dc1364bd16443b5c279de525ff814800f19552adcc569fa04cf2f85419dd6,CONTROLLED_TEST_MUTATION,expired_import,False,True,0.0435,False,0.3171,False,4.3085,EVIDENCE_STALE,b2d83222fe4bab87f393b8e93c8a29f87ac2f8279ebd9de6ca63f25604bbf49f
case-01845,c8807bd23d73a0237eb6cb7e6e8bb45df32f30c90f5ac122c339a41f9a183819,CONTROLLED_TEST_MUTATION,malformed_payload,False,True,0.0431,True,0.3579,False,6.2779,EVIDENCE_PAYLOAD_SCHEMA_INVALID|EVIDENCE_SNAPSHOT_CONFLICT,b2d83222fe4bab87f393b8e93c8a29f87ac2f8279ebd9de6ca63f25604bbf49f
case-01846,ee08c9ef13306d276b23ce6729d6da9d6f96874e9dcad2809a277c11437ec58e,CONTROLLED_TEST_MUTATION,snapshot_score_conflict,False,True,0.0485,True,0.4644,False,5.206,EVIDENCE_SNAPSHOT_CONFLICT,b2d83222fe4bab87f393b8e93c8a29f87ac2f8279ebd9de6ca63f25604bbf49f
case-01847,9c24c331d5f4bc0e7dbf55c5a82d5286edf65adaca99d5642b4d673a1de31f86,CONTROLLED_TEST_MUTATION,lineage_cycle,False,True,0.0435,True,0.3629,False,4.2356,EVIDENCE_LINEAGE_INVALID,b2d83222fe4bab87f393b8e93c8a29f87ac2f8279ebd9de6ca63f25604bbf49f
case-01848,c1716d844d85b320f11c0fc18c6405b930018d7c57d5d6f20a32b91cc97ba7b4,CONTROLLED_TEST_MUTATION,incomplete_payload,False,True,0.0421,False,0.1719,False,7.4348,EVIDENCE_PAYLOAD_INCOMPLETE,b2d83222fe4bab87f393b8e93c8a29f87ac2f8279ebd9de6ca63f25604bbf49f
case-01849,daa87208f5fdee29fb8913d01520d4764fa4139717956f0e5e6d4620c37c359c,CONTROLLED_TEST_MUTATION,excluded_ancestor,False,True,0.0442,True,0.3732,False,4.2005,REQUIRED_INPUT_EXCLUDED,b2d83222fe4bab87f393b8e93c8a29f87ac2f8279ebd9de6ca63f25604bbf49f
case-01850,a38101d4735d12ea4560b5723357501f8d12de6efcfcc72ba805e60c214417d6,CONTROLLED_TEST_MUTATION,source_type_impersonation,False,True,0.0438,True,0.3802,False,4.2763,EVIDENCE_ROLE_SOURCE_NOT_ALLOWED|OPERATOR_EVIDENCE_UNVERIFIED,b2d83222fe4bab87f393b8e93c8a29f87ac2f8279ebd9de6ca63f25604bbf49f
case-01851,084a728674049b58878aa74945387cd4e8ee7ec2ac7e50b04861f5793b01f455,CONTROLLED_TEST_MUTATION,broken_lineage,False,True,0.0411,True,0.36,False,4.0939,EVIDENCE_LINEAGE_INVALID,b2d83222fe4bab87f393b8e93c8a29f87ac2f8279ebd9de6ca63f25604bbf49f
case-01852,b9572c36e16b04d859de3c04e9366133dcd41302bdcf64ee44837b62206d9d41,CONTROLLED_TEST_MUTATION,snapshot_score_conflict,False,True,0.0432,True,0.3811,False,4.1434,EVIDENCE_SNAPSHOT_CONFLICT,b2d83222fe4bab87f393b8e93c8a29f87ac2f8279ebd9de6ca63f25604bbf49f
case-01853,7e8123f8a738381bdf5a4c776100856d1355f419a59d567b302a14fe7bb1cee6,CLEAN_TEST_FIXTURE,none,True,True,0.047,True,0.3808,True,4.5014,ALL_REQUIRED_EVIDENCE_TRUSTWORTHY,b2d83222fe4bab87f393b8e93c8a29f87ac2f8279ebd9de6ca63f25604bbf49f
case-01854,5689fe62bdf0a86d2287b555455115c6a70603a4d75805de6315c47358f2c8e9,CONTROLLED_TEST_MUTATION,future_timestamp,False,True,0.0428,False,0.3287,False,4.1666,EVIDENCE_FRESHNESS_UNKNOWN|EVIDENCE_TIMESTAMP_IN_FUTURE,b2d83222fe4bab87f393b8e93c8a29f87ac2f8279ebd9de6ca63f25604bbf49f
case-01855,c463944eb49d1c3ddebccb969738023d8357808ca3fc8872f265e8cebc7bd18b,CONTROLLED_TEST_MUTATION,wrong_context,False,True,0.0429,True,0.5005,False,4.2239,EVIDENCE_CONTEXT_MISMATCH,b2d83222fe4bab87f393b8e93c8a29f87ac2f8279ebd9de6ca63f25604bbf49f
case-01856,6a6931c5d57d69a2d61d6e92c707c6b81cf7d1af32d2fcd3a354046b0c7d061c,CONTROLLED_TEST_MUTATION,role_conflict,False,True,0.0471,True,0.385,False,5.0487,EVIDENCE_ROLE_CONFLICT,b2d83222fe4bab87f393b8e93c8a29f87ac2f8279ebd9de6ca63f25604bbf49f
case-01857,8d700af18b3a5396df596586551e2b1b40b1a37ae16ea64bd41195ea2983906b,CONTROLLED_TEST_MUTATION,source_type_impersonation,False,True,0.041,True,0.369,False,4.2993,EVIDENCE_ROLE_SOURCE_NOT_ALLOWED|OPERATOR_EVIDENCE_UNVERIFIED,b2d83222fe4bab87f393b8e93c8a29f87ac2f8279ebd9de6ca63f25604bbf49f
case-01858,0e0cacaf632ca37612ed1676088dc3edecc2c259637a8c09bace5dc55dbc66a3,CONTROLLED_TEST_MUTATION,snapshot_score_conflict,False,True,0.045,True,0.3675,False,4.3542,EVIDENCE_SNAPSHOT_CONFLICT,b2d83222fe4bab87f393b8e93c8a29f87ac2f8279ebd9de6ca63f25604bbf49f
case-01859,1cbe1deb64a6aaad782e5f2d4eb013f2e5787b0ba89786cab684110044305315,CONTROLLED_TEST_MUTATION,incomplete_payload,False,True,0.0415,False,0.1677,False,4.7393,EVIDENCE_PAYLOAD_INCOMPLETE,b2d83222fe4bab87f393b8e93c8a29f87ac2f8279ebd9de6ca63f25604bbf49f
case-01860,394150518d1bc2aab34fce88de37a3ca1f36255c2ed757d4c99751aa5012fc1f,CONTROLLED_TEST_MUTATION,malformed_payload,False,True,0.0463,True,0.368,False,4.1374,EVIDENCE_PAYLOAD_SCHEMA_INVALID|EVIDENCE_SNAPSHOT_CONFLICT,b2d83222fe4bab87f393b8e93c8a29f87ac2f8279ebd9de6ca63f25604bbf49f
case-01861,6130f7809afe98f7d6f3cfd1279edc2eec5cdbbbe4654575a7f0663455e4a41a,CONTROLLED_TEST_MUTATION,broken_lineage,False,True,0.0439,True,0.3631,False,8.2235,EVIDENCE_LINEAGE_INVALID,b2d83222fe4bab87f393b8e93c8a29f87ac2f8279ebd9de6ca63f25604bbf49f
case-01862,c33fef20b75c6f750d505522458e2a976d550ee9ef8617acdeb1dbc95d240a7c,CLEAN_TEST_FIXTURE,none,True,True,0.0422,True,0.5475,True,5.0934,ALL_REQUIRED_EVIDENCE_TRUSTWORTHY,b2d83222fe4bab87f393b8e93c8a29f87ac2f8279ebd9de6ca63f25604bbf49f
case-01863,f60272d481ddf7e293422bde19e826d734aa9cf0dfea9af499b516f8a7ff0b28,CONTROLLED_TEST_MUTATION,stale_live_observation,False,True,0.0455,False,0.3328,False,4.0536,EVIDENCE_STALE,b2d83222fe4bab87f393b8e93c8a29f87ac2f8279ebd9de6ca63f25604bbf49f
case-01864,07cc7064eb90f60c4acc51ea1c2e3f9f5aaca63dac711460e2d591c337accd3c,CONTROLLED_TEST_MUTATION,future_timestamp,False,True,0.0444,False,1.7107,False,4.2645,EVIDENCE_FRESHNESS_UNKNOWN|EVIDENCE_TIMESTAMP_IN_FUTURE,b2d83222fe4bab87f393b8e93c8a29f87ac2f8279ebd9de6ca63f25604bbf49f
case-01865,4dead6c111858ffcbaaddc8148061ad2f8e20a83b15b980f0a073847d9ad0c1b,CONTROLLED_TEST_MUTATION,empty_payload,False,False,0.0559,False,0.0335,False,6.6486,EVIDENCE_PAYLOAD_EMPTY|EVIDENCE_PAYLOAD_SCHEMA_INVALID|EVIDENCE_SNAPSHOT_CONFLICT,b2d83222fe4bab87f393b8e93c8a29f87ac2f8279ebd9de6ca63f25604bbf49f
case-01866,3739639c9f0c93da41db68450f4ab61c7d47d32ee435fd0f336225667c78c351,CONTROLLED_TEST_MUTATION,excluded_ancestor,False,True,0.0414,True,0.3536,False,4.1741,REQUIRED_INPUT_EXCLUDED,b2d83222fe4bab87f393b8e93c8a29f87ac2f8279ebd9de6ca63f25604bbf49f
case-01867,032f2fb47aab523703832abe7f3574913841c58054362a1978ac5e80a507819a,CONTROLLED_TEST_MUTATION,role_conflict,False,True,0.0623,True,0.4715,False,8.9432,EVIDENCE_ROLE_CONFLICT,b2d83222fe4bab87f393b8e93c8a29f87ac2f8279ebd9de6ca63f25604bbf49f
case-01868,51555302c657b66df56d264726607546934007c1c971da908b2c332180bfae55,CONTROLLED_TEST_MUTATION,snapshot_score_conflict,False,True,0.0455,True,0.3734,False,24.23,EVIDENCE_SNAPSHOT_CONFLICT,b2d83222fe4bab87f393b8e93c8a29f87ac2f8279ebd9de6ca63f25604bbf49f
case-01869,aa76d95e57ca8a3cac363146795d13e78205628632099e6b08afdd7490c6530c,CONTROLLED_TEST_MUTATION,unavailable_record,False,True,0.047,False,0.4836,False,6.2727,EVIDENCE_LINEAGE_INCOMPLETE|EVIDENCE_UNAVAILABLE,b2d83222fe4bab87f393b8e93c8a29f87ac2f8279ebd9de6ca63f25604bbf49f
case-01870,baa811e24e14de5cc75d9dc616e6dc846c0555420f42d9abcc13fd8552fc690e,CONTROLLED_TEST_MUTATION,broken_lineage,False,True,0.0477,True,0.3852,False,7.1583,EVIDENCE_LINEAGE_INVALID,b2d83222fe4bab87f393b8e93c8a29f87ac2f8279ebd9de6ca63f25604bbf49f
case-01871,ddd7cf3378aa430d09acad444b00ce401d3bc3aef7dad88f3c0745d939c06f43,CONTROLLED_TEST_MUTATION,source_type_impersonation,False,True,0.0422,True,0.3588,False,4.0368,EVIDENCE_ROLE_SOURCE_NOT_ALLOWED|OPERATOR_EVIDENCE_UNVERIFIED,b2d83222fe4bab87f393b8e93c8a29f87ac2f8279ebd9de6ca63f25604bbf49f
case-01872,fec53c3db5d688f107efebd28abcc553bde265fae930eadf6fd320259d562c8a,CONTROLLED_TEST_MUTATION,role_conflict,False,True,0.0461,True,0.3867,False,4.6272,EVIDENCE_ROLE_CONFLICT,b2d83222fe4bab87f393b8e93c8a29f87ac2f8279ebd9de6ca63f25604bbf49f
case-01873,d0084fb568df213e8a10c828df38d561cc0aaddb5fc5edbfb3c27894aa75fdf4,CONTROLLED_TEST_MUTATION,wrong_context,False,True,0.0541,True,0.3684,False,4.0412,EVIDENCE_CONTEXT_MISMATCH,b2d83222fe4bab87f393b8e93c8a29f87ac2f8279ebd9de6ca63f25604bbf49f
case-01874,32da4a0736f5b4695d7055887b5f3d965163bb865f61de448196e34d850ec3ef,CONTROLLED_TEST_MUTATION,excluded_ancestor,False,True,0.0435,True,0.3705,False,5.4393,REQUIRED_INPUT_EXCLUDED,b2d83222fe4bab87f393b8e93c8a29f87ac2f8279ebd9de6ca63f25604bbf49f
case-01875,5f3546a4e0feaad85e3084291ac4cef758abaf9b28fea7d7e48dccce28d812d2,CONTROLLED_TEST_MUTATION,malformed_payload,False,True,0.0453,True,0.4981,False,4.1891,EVIDENCE_PAYLOAD_SCHEMA_INVALID|EVIDENCE_SNAPSHOT_CONFLICT,b2d83222fe4bab87f393b8e93c8a29f87ac2f8279ebd9de6ca63f25604bbf49f
case-01876,72286375a1e6c1e9437213630b6374bc30a498f0a7d5eb36ee06dc1a7f7fc98c,CONTROLLED_TEST_MUTATION,payload_tamper_after_seal,False,True,0.0514,False,0.0909,False,4.0928,CHECKSUM_INVALID|EVIDENCE_ROOT_INVALID|EVIDENCE_SNAPSHOT_CONFLICT|RECORD_ENVELOPE_INVALID,b2d83222fe4bab87f393b8e93c8a29f87ac2f8279ebd9de6ca63f25604bbf49f
case-01877,a1a8fd523333323759f83060bc3b24a2fe2796cdb2ae8fb3ae0db956d22d8a42,CONTROLLED_TEST_MUTATION,role_conflict,False,True,0.0465,True,0.3989,False,4.5528,EVIDENCE_ROLE_CONFLICT,b2d83222fe4bab87f393b8e93c8a29f87ac2f8279ebd9de6ca63f25604bbf49f
case-01878,8f4176c3d1a7784d291ece77b7a85b87e666bb3deb66fbe8252a086b3dd2ad90,CONTROLLED_TEST_MUTATION,unavailable_record,False,True,0.0399,False,0.3488,False,4.4541,EVIDENCE_LINEAGE_INCOMPLETE|EVIDENCE_UNAVAILABLE,b2d83222fe4bab87f393b8e93c8a29f87ac2f8279ebd9de6ca63f25604bbf49f
case-01879,d6c8c2741f62084d08640468213e7749f53bf453cf2df9679e5ee4ed074ba4df,CLEAN_TEST_FIXTURE,none,True,True,0.0426,True,0.3835,True,4.2399,ALL_REQUIRED_EVIDENCE_TRUSTWORTHY,b2d83222fe4bab87f393b8e93c8a29f87ac2f8279ebd9de6ca63f25604bbf49f
case-01880,4a6b32bd99527c2a96ac0069c458fb5a94c7ce5010458505614e2dc2f85448e5,CONTROLLED_TEST_MUTATION,root_signature_tamper_after_seal,False,True,0.0439,True,0.3748,False,6.6335,EVIDENCE_ROOT_INVALID,b2d83222fe4bab87f393b8e93c8a29f87ac2f8279ebd9de6ca63f25604bbf49f
case-01881,ba366707840311c712a51c83ebecad27a2cd92b3f0d9f5b2c4d0ece72bf08e0a,CONTROLLED_TEST_MUTATION,stale_live_observation,False,True,0.0419,False,0.3311,False,4.2247,EVIDENCE_STALE,b2d83222fe4bab87f393b8e93c8a29f87ac2f8279ebd9de6ca63f25604bbf49f
case-01882,9e8db59f71c69d56eb1e269ee5d50ec42afecb5e77ae5a30f5bdc2d85a086bc4,CONTROLLED_TEST_MUTATION,lineage_cycle,False,True,0.0457,True,0.3868,False,4.292,EVIDENCE_LINEAGE_INVALID,b2d83222fe4bab87f393b8e93c8a29f87ac2f8279ebd9de6ca63f25604bbf49f
case-01883,d9e414ce55cc918b48c5e1cf6ed101fdd07bc332b0c1eb545181b1711a018d90,CONTROLLED_TEST_MUTATION,excluded_ancestor,False,True,0.043,True,0.3738,False,6.4599,REQUIRED_INPUT_EXCLUDED,b2d83222fe4bab87f393b8e93c8a29f87ac2f8279ebd9de6ca63f25604bbf49f
case-01884,49557e8a9e5e20e5d5d7bc35f3958f1fcb1ae0dd96d4bf7cb22aabeaca7d70ca,CONTROLLED_TEST_MUTATION,incomplete_payload,False,True,0.049,False,0.1733,False,4.3959,EVIDENCE_PAYLOAD_INCOMPLETE,b2d83222fe4bab87f393b8e93c8a29f87ac2f8279ebd9de6ca63f25604bbf49f
case-01885,549510513796b082e97bee4c6a342b85a48ec8bfa4ff7163a8102f00d1f94e20,CONTROLLED_TEST_MUTATION,lineage_cycle,False,True,0.0436,True,0.4007,False,4.1662,EVIDENCE_LINEAGE_INVALID,b2d83222fe4bab87f393b8e93c8a29f87ac2f8279ebd9de6ca63f25604bbf49f
case-01886,0fd632aebf69b0ad255f9b87882c98b3d5509103d45f416c01e3ce7789cc37a7,CONTROLLED_TEST_MUTATION,missing_lineage,False,True,0.0429,True,0.3715,False,4.0679,EVIDENCE_LINEAGE_INCOMPLETE,b2d83222fe4bab87f393b8e93c8a29f87ac2f8279ebd9de6ca63f25604bbf49f
case-01887,dadda28ba24b8dfb31b793d00d1e4733f292061f4f5a59653b313e266578ec7d,CONTROLLED_TEST_MUTATION,root_signature_tamper_after_seal,False,True,0.0526,True,0.3922,False,4.5212,EVIDENCE_ROOT_INVALID,b2d83222fe4bab87f393b8e93c8a29f87ac2f8279ebd9de6ca63f25604bbf49f
case-01888,a0129835ec418b64c7f657188b5e4444084cf9ef4b63ad248bd444ec2ed6838a,CLEAN_TEST_FIXTURE,none,True,True,0.0568,True,0.4611,True,5.2413,ALL_REQUIRED_EVIDENCE_TRUSTWORTHY,b2d83222fe4bab87f393b8e93c8a29f87ac2f8279ebd9de6ca63f25604bbf49f
case-01889,4c87a76f6366c0e7b4dc806b9f5994782276ee485e33b88bb51dfbf4e0f9a72c,CONTROLLED_TEST_MUTATION,unknown_source,False,True,0.0434,True,0.3647,False,13.617,EVIDENCE_ROLE_SOURCE_NOT_ALLOWED|EVIDENCE_SOURCE_ID_UNKNOWN|EVIDENCE_SOURCE_POLICY_MISSING,b2d83222fe4bab87f393b8e93c8a29f87ac2f8279ebd9de6ca63f25604bbf49f
case-01890,b041c786c869449f3d2081cb6a750193dfa87fce6c103c6926783d7efbf1264e,CONTROLLED_TEST_MUTATION,payload_tamper_after_seal,False,True,0.0489,False,0.1052,False,6.7604,CHECKSUM_INVALID|EVIDENCE_ROOT_INVALID|EVIDENCE_SNAPSHOT_CONFLICT|RECORD_ENVELOPE_INVALID,b2d83222fe4bab87f393b8e93c8a29f87ac2f8279ebd9de6ca63f25604bbf49f
case-01891,1813f4ba5d4cd4c2259527b1f60ef5c1aa4700999563cfc00c4e5737e68d0c63,CONTROLLED_TEST_MUTATION,stale_live_observation,False,True,0.0529,False,0.7091,False,4.8265,EVIDENCE_STALE,b2d83222fe4bab87f393b8e93c8a29f87ac2f8279ebd9de6ca63f25604bbf49f
case-01892,bc2df2b21fa444f6ae9fd0f4b5acc851742a353edcbd888bea025be204c59495,CLEAN_TEST_FIXTURE,none,True,True,0.0434,True,0.361,True,12.6551,ALL_REQUIRED_EVIDENCE_TRUSTWORTHY,b2d83222fe4bab87f393b8e93c8a29f87ac2f8279ebd9de6ca63f25604bbf49f
case-01893,0bdf49cfb0eee52564eaa42cfa0da701aac7a7e28d260a765c5bf7f3eff6c08b,CLEAN_TEST_FIXTURE,none,True,True,0.0399,True,0.3542,True,5.0593,ALL_REQUIRED_EVIDENCE_TRUSTWORTHY,b2d83222fe4bab87f393b8e93c8a29f87ac2f8279ebd9de6ca63f25604bbf49f
case-01894,cb018637f7ba343fdd306949d2ef93df5c6d4e7ff75aeeaf8f59959303788a4a,CONTROLLED_TEST_MUTATION,empty_payload,False,False,0.0467,False,0.0328,False,4.0946,EVIDENCE_PAYLOAD_EMPTY|EVIDENCE_PAYLOAD_SCHEMA_INVALID|EVIDENCE_SNAPSHOT_CONFLICT,b2d83222fe4bab87f393b8e93c8a29f87ac2f8279ebd9de6ca63f25604bbf49f
case-01895,449302096cc708656dcaf1d17f7f270a7b52bc44f890b5319413d2a61587f258,CLEAN_TEST_FIXTURE,none,True,True,0.0445,True,0.3789,True,5.1372,ALL_REQUIRED_EVIDENCE_TRUSTWORTHY,b2d83222fe4bab87f393b8e93c8a29f87ac2f8279ebd9de6ca63f25604bbf49f
case-01896,3e41f1fe3b5d1647f4c9f4b087d3a404ca39dd1ddc6cb4bbd3f7c45ac9fa375e,CONTROLLED_TEST_MUTATION,lineage_cycle,False,True,0.0462,True,0.378,False,5.6745,EVIDENCE_LINEAGE_INVALID,b2d83222fe4bab87f393b8e93c8a29f87ac2f8279ebd9de6ca63f25604bbf49f
case-01897,81d269c43ec614ecbf9502bcc154edc716df42823cc9400ddd5f65302c172bd7,CONTROLLED_TEST_MUTATION,unknown_source,False,True,0.3603,True,0.3854,False,5.724,EVIDENCE_ROLE_SOURCE_NOT_ALLOWED|EVIDENCE_SOURCE_ID_UNKNOWN|EVIDENCE_SOURCE_POLICY_MISSING,b2d83222fe4bab87f393b8e93c8a29f87ac2f8279ebd9de6ca63f25604bbf49f
case-01898,a8f474734769eaa6264f5ba66016b532b8de9fb9d6a3bdc09a53304f40de0b8e,CONTROLLED_TEST_MUTATION,wrong_context,False,True,0.0452,True,0.4358,False,4.3117,EVIDENCE_CONTEXT_MISMATCH,b2d83222fe4bab87f393b8e93c8a29f87ac2f8279ebd9de6ca63f25604bbf49f
case-01899,9a8f56af2545f26d6e30cdb1534513cb1edbf18eb5f670d0973964a5640f406e,CONTROLLED_TEST_MUTATION,expired_import,False,True,0.0563,False,0.3287,False,4.1915,EVIDENCE_STALE,b2d83222fe4bab87f393b8e93c8a29f87ac2f8279ebd9de6ca63f25604bbf49f
case-01900,6a02a3544f0e2d796b6afca6193106dd00f25de7492d14b18b904bc743b6c1d1,CLEAN_TEST_FIXTURE,none,True,True,0.0492,True,0.3741,True,4.1248,ALL_REQUIRED_EVIDENCE_TRUSTWORTHY,b2d83222fe4bab87f393b8e93c8a29f87ac2f8279ebd9de6ca63f25604bbf49f
case-01901,352edf007b4686c9012e571aa75497cf3a063d7daa6fe3067ba1c400da3cff12,CONTROLLED_TEST_MUTATION,snapshot_score_conflict,False,True,0.0432,True,0.3686,False,4.25,EVIDENCE_SNAPSHOT_CONFLICT,b2d83222fe4bab87f393b8e93c8a29f87ac2f8279ebd9de6ca63f25604bbf49f
case-01902,a07d6501eb661251fed5d1fd9c13666e1b18615467e1d3a06bc210f4e268e047,CONTROLLED_TEST_MUTATION,wrong_context,False,True,0.0405,True,0.3582,False,4.7181,EVIDENCE_CONTEXT_MISMATCH,b2d83222fe4bab87f393b8e93c8a29f87ac2f8279ebd9de6ca63f25604bbf49f
case-01903,287079e5e8318d45e3be057970f57fe12a101b01a0b5599d9bdf3996d6578c1f,CLEAN_TEST_FIXTURE,none,True,True,0.0411,True,0.4609,True,4.0901,ALL_REQUIRED_EVIDENCE_TRUSTWORTHY,b2d83222fe4bab87f393b8e93c8a29f87ac2f8279ebd9de6ca63f25604bbf49f
case-01904,c05ee9521e7719eb6dd910da1db8647306cfd6e031e556ea91605d6287d851e4,CONTROLLED_TEST_MUTATION,future_timestamp,False,True,0.0449,False,0.3368,False,4.4906,EVIDENCE_FRESHNESS_UNKNOWN|EVIDENCE_TIMESTAMP_IN_FUTURE,b2d83222fe4bab87f393b8e93c8a29f87ac2f8279ebd9de6ca63f25604bbf49f
case-01905,5c3110073bdf806ae88ced4692e39d2a0edda345c4458ab48a34888b1c5b6943,CONTROLLED_TEST_MUTATION,incomplete_payload,False,True,0.0403,False,0.1693,False,4.5713,EVIDENCE_PAYLOAD_INCOMPLETE,b2d83222fe4bab87f393b8e93c8a29f87ac2f8279ebd9de6ca63f25604bbf49f
case-01906,f68881ad2c4f86b9e873e79c03c93823026b843acd4547c0f5a0fabbf2b55d7d,CONTROLLED_TEST_MUTATION,source_type_impersonation,False,True,0.0412,True,0.356,False,4.2026,EVIDENCE_ROLE_SOURCE_NOT_ALLOWED|OPERATOR_EVIDENCE_UNVERIFIED,b2d83222fe4bab87f393b8e93c8a29f87ac2f8279ebd9de6ca63f25604bbf49f
case-01907,3c3dc9bf12a748e1cec3c795ff919cbd5670bb6d89e272b33bb0e27eec9aeec1,CONTROLLED_TEST_MUTATION,lineage_cycle,False,True,0.0497,True,0.3782,False,7.1758,EVIDENCE_LINEAGE_INVALID,b2d83222fe4bab87f393b8e93c8a29f87ac2f8279ebd9de6ca63f25604bbf49f
case-01908,4d5f75927307e6986cca47b18b66c480b410a7fec2c27fdca5f8aa9597814364,CONTROLLED_TEST_MUTATION,incomplete_payload,False,True,0.0418,False,0.1708,False,4.1833,EVIDENCE_PAYLOAD_INCOMPLETE,b2d83222fe4bab87f393b8e93c8a29f87ac2f8279ebd9de6ca63f25604bbf49f
case-01909,60a9adb53a82f066564de59e807830fcf3f45a07fa04cf93d5aadfe05ee6fe65,CONTROLLED_TEST_MUTATION,stale_live_observation,False,True,0.0434,False,0.3278,False,4.3229,EVIDENCE_STALE,b2d83222fe4bab87f393b8e93c8a29f87ac2f8279ebd9de6ca63f25604bbf49f
case-01910,156858c063843e2b7c497b3dccd7520320b018a3cb13349e6e281fc75322115e,CONTROLLED_TEST_MUTATION,malformed_payload,False,True,0.0393,True,0.3453,False,5.8255,EVIDENCE_PAYLOAD_SCHEMA_INVALID|EVIDENCE_SNAPSHOT_CONFLICT,b2d83222fe4bab87f393b8e93c8a29f87ac2f8279ebd9de6ca63f25604bbf49f
case-01911,8e39c1f1536bc47aa9c643993f2a13cc305ea056e09862408a5a9bb6dd86272b,CLEAN_TEST_FIXTURE,none,True,True,0.0411,True,0.3539,True,4.1701,ALL_REQUIRED_EVIDENCE_TRUSTWORTHY,b2d83222fe4bab87f393b8e93c8a29f87ac2f8279ebd9de6ca63f25604bbf49f
case-01912,c8495b39af0cc7833c73ec449cd5de6f0f7022bd4757ab2af20dd573b2a5ae3b,CONTROLLED_TEST_MUTATION,missing_direct_role,False,False,0.0268,False,0.0154,False,3.928,REQUIRED_ROLE_MISSING,b2d83222fe4bab87f393b8e93c8a29f87ac2f8279ebd9de6ca63f25604bbf49f
case-01913,0de898ad78cf07f690ea5292ba8f36d368170bb069b6be65114f47cd68f72c56,CONTROLLED_TEST_MUTATION,source_type_impersonation,False,True,0.0425,True,0.3597,False,4.1488,EVIDENCE_ROLE_SOURCE_NOT_ALLOWED|OPERATOR_EVIDENCE_UNVERIFIED,b2d83222fe4bab87f393b8e93c8a29f87ac2f8279ebd9de6ca63f25604bbf49f
case-01914,fb03404c66d62d930ea851da4f7494eca134da91e194d278b7ce45b3bd747667,CONTROLLED_TEST_MUTATION,expired_import,False,True,0.0432,False,0.3073,False,4.3334,EVIDENCE_STALE,b2d83222fe4bab87f393b8e93c8a29f87ac2f8279ebd9de6ca63f25604bbf49f
case-01915,dfe0a044e8368117696138060e96a79ef673bfd7cafd9089027e59358279cf08,CONTROLLED_TEST_MUTATION,payload_tamper_after_seal,False,True,0.0428,False,0.0988,False,4.6039,CHECKSUM_INVALID|EVIDENCE_ROOT_INVALID|EVIDENCE_SNAPSHOT_CONFLICT|RECORD_ENVELOPE_INVALID,b2d83222fe4bab87f393b8e93c8a29f87ac2f8279ebd9de6ca63f25604bbf49f
case-01916,6a4a73ee0504484244cae50cd2a3df81251855346669502bc8c2d572804e2522,CONTROLLED_TEST_MUTATION,expired_import,False,True,0.0406,False,0.3036,False,4.2035,EVIDENCE_STALE,b2d83222fe4bab87f393b8e93c8a29f87ac2f8279ebd9de6ca63f25604bbf49f
case-01917,3d1b70155f1e6fb5276ad589eab6aaa8e59423ded8788bcb628aa55eff5b0603,CONTROLLED_TEST_MUTATION,future_timestamp,False,True,0.0412,False,0.3299,False,7.7326,EVIDENCE_FRESHNESS_UNKNOWN|EVIDENCE_TIMESTAMP_IN_FUTURE,b2d83222fe4bab87f393b8e93c8a29f87ac2f8279ebd9de6ca63f25604bbf49f
case-01918,6a5c8f1c85411304f9b959e4a898ad1a3379f24bce30aa6f06598372ea3db09e,CLEAN_TEST_FIXTURE,none,True,True,0.0408,True,0.3528,True,4.3802,ALL_REQUIRED_EVIDENCE_TRUSTWORTHY,b2d83222fe4bab87f393b8e93c8a29f87ac2f8279ebd9de6ca63f25604bbf49f
case-01919,9a1d97876586f9790f89b7a9de2f994792d6bbca5ae98fd7afa48db9501de20d,CONTROLLED_TEST_MUTATION,source_type_impersonation,False,True,0.0432,True,0.3823,False,4.2679,EVIDENCE_ROLE_SOURCE_NOT_ALLOWED|OPERATOR_EVIDENCE_UNVERIFIED,b2d83222fe4bab87f393b8e93c8a29f87ac2f8279ebd9de6ca63f25604bbf49f
case-01920,0df67539bf58eddf3bc957e3ec37f6a0242556a4ba34d641b2c6b4a5f60656b2,CONTROLLED_TEST_MUTATION,empty_payload,False,False,0.0428,False,0.032,False,7.3342,EVIDENCE_PAYLOAD_EMPTY|EVIDENCE_PAYLOAD_SCHEMA_INVALID|EVIDENCE_SNAPSHOT_CONFLICT,b2d83222fe4bab87f393b8e93c8a29f87ac2f8279ebd9de6ca63f25604bbf49f
case-01921,7a662bff486096b64967134b7a10c98420b5afc76f9a66960aeaacc14f1cf275,CONTROLLED_TEST_MUTATION,unavailable_record,False,True,0.0428,False,0.3393,False,4.1668,EVIDENCE_LINEAGE_INCOMPLETE|EVIDENCE_UNAVAILABLE,b2d83222fe4bab87f393b8e93c8a29f87ac2f8279ebd9de6ca63f25604bbf49f
case-01922,8a7c8aaf51b7b013ef0ae0b5c0e15e28c3c53f595a55806ab60bd8318c6507f8,CONTROLLED_TEST_MUTATION,snapshot_score_conflict,False,True,0.0424,True,0.4894,False,4.2309,EVIDENCE_SNAPSHOT_CONFLICT,b2d83222fe4bab87f393b8e93c8a29f87ac2f8279ebd9de6ca63f25604bbf49f
case-01923,5bf72c0af7d0fbd4a0ab4b7f6747e40856f40cb131bbdebe158afc67aab7ac77,CONTROLLED_TEST_MUTATION,source_type_impersonation,False,True,0.0405,True,0.3623,False,4.0717,EVIDENCE_ROLE_SOURCE_NOT_ALLOWED|OPERATOR_EVIDENCE_UNVERIFIED,b2d83222fe4bab87f393b8e93c8a29f87ac2f8279ebd9de6ca63f25604bbf49f
case-01924,8a13baa18d6a4cc9bf58c867080c988197ba9d3901b125a51acf3977d6319dd3,CONTROLLED_TEST_MUTATION,unknown_source,False,True,0.042,True,0.5585,False,4.1128,EVIDENCE_ROLE_SOURCE_NOT_ALLOWED|EVIDENCE_SOURCE_ID_UNKNOWN|EVIDENCE_SOURCE_POLICY_MISSING,b2d83222fe4bab87f393b8e93c8a29f87ac2f8279ebd9de6ca63f25604bbf49f
case-01925,a0384491f14b56f5ed417b127fcff3249e8f397a6f74e0af1dbae90912c8a3b8,CONTROLLED_TEST_MUTATION,snapshot_score_conflict,False,True,0.0428,True,0.3628,False,4.493,EVIDENCE_SNAPSHOT_CONFLICT,b2d83222fe4bab87f393b8e93c8a29f87ac2f8279ebd9de6ca63f25604bbf49f
case-01926,697b82c54d5388de39731456a2dddadc18f9c944bf8b56ad75ea69107fa4a02f,CONTROLLED_TEST_MUTATION,stale_live_observation,False,True,0.0414,False,0.3243,False,4.3567,EVIDENCE_STALE,b2d83222fe4bab87f393b8e93c8a29f87ac2f8279ebd9de6ca63f25604bbf49f
case-01927,ff0b7a348632567a5b9c97feb8a5d13f8fd106d7933bd77b5026637ff8f3f89a,CONTROLLED_TEST_MUTATION,payload_tamper_after_seal,False,True,0.0417,False,0.0948,False,4.1668,CHECKSUM_INVALID|EVIDENCE_ROOT_INVALID|EVIDENCE_SNAPSHOT_CONFLICT|RECORD_ENVELOPE_INVALID,b2d83222fe4bab87f393b8e93c8a29f87ac2f8279ebd9de6ca63f25604bbf49f
case-01928,18720e14965e7c4a230a5bb045aab5549ceda979232434579044de39ccf9e4b5,CONTROLLED_TEST_MUTATION,incomplete_payload,False,True,0.0479,False,0.1791,False,4.9633,EVIDENCE_PAYLOAD_INCOMPLETE,b2d83222fe4bab87f393b8e93c8a29f87ac2f8279ebd9de6ca63f25604bbf49f
case-01929,0bc1596fa14df94f1111ae59f85267300b11d1e00e69d0f721eabca8d2777837,CONTROLLED_TEST_MUTATION,root_signature_tamper_after_seal,False,True,0.0449,True,0.3668,False,4.0879,EVIDENCE_ROOT_INVALID,b2d83222fe4bab87f393b8e93c8a29f87ac2f8279ebd9de6ca63f25604bbf49f
case-01930,5360fa50d5815854aa20904bba32a70c4dd0e2d3beb57df6948ef175c0a1e56e,CONTROLLED_TEST_MUTATION,incomplete_payload,False,True,0.0518,False,0.1762,False,7.4458,EVIDENCE_PAYLOAD_INCOMPLETE,b2d83222fe4bab87f393b8e93c8a29f87ac2f8279ebd9de6ca63f25604bbf49f
case-01931,f46801d8b0c893d0864921954d06c5093e5cf6896cf1d906bb33daeeeeb7e19f,CONTROLLED_TEST_MUTATION,empty_payload,False,False,0.0439,False,0.0321,False,4.0182,EVIDENCE_PAYLOAD_EMPTY|EVIDENCE_PAYLOAD_SCHEMA_INVALID|EVIDENCE_SNAPSHOT_CONFLICT,b2d83222fe4bab87f393b8e93c8a29f87ac2f8279ebd9de6ca63f25604bbf49f
case-01932,6f453776109c21f2208567d8359f872530346951581e2834f7731bc59066b2eb,CONTROLLED_TEST_MUTATION,role_conflict,False,True,0.0462,True,0.3868,False,4.3835,EVIDENCE_ROLE_CONFLICT,b2d83222fe4bab87f393b8e93c8a29f87ac2f8279ebd9de6ca63f25604bbf49f
case-01933,743e08e873b5f8d9b31ab291f6a50650f28f6f6ab9d9d5bbb58eb8d177df97d6,CONTROLLED_TEST_MUTATION,future_timestamp,False,True,0.0418,False,0.3406,False,6.6812,EVIDENCE_FRESHNESS_UNKNOWN|EVIDENCE_TIMESTAMP_IN_FUTURE,b2d83222fe4bab87f393b8e93c8a29f87ac2f8279ebd9de6ca63f25604bbf49f
case-01934,96c045983500c1b0b0e03ef608efd511ec0b42b84a352996a99b4eb583968edb,CONTROLLED_TEST_MUTATION,malformed_payload,False,True,0.0426,True,0.3599,False,4.0477,EVIDENCE_PAYLOAD_SCHEMA_INVALID|EVIDENCE_SNAPSHOT_CONFLICT,b2d83222fe4bab87f393b8e93c8a29f87ac2f8279ebd9de6ca63f25604bbf49f
case-01935,b86cd5074f4903d085933f91f6c3931086c9cfe793e313775596cbcb1c01f7ea,CONTROLLED_TEST_MUTATION,unknown_source,False,True,0.0478,True,0.3726,False,4.191,EVIDENCE_ROLE_SOURCE_NOT_ALLOWED|EVIDENCE_SOURCE_ID_UNKNOWN|EVIDENCE_SOURCE_POLICY_MISSING,b2d83222fe4bab87f393b8e93c8a29f87ac2f8279ebd9de6ca63f25604bbf49f
case-01936,81bb1df0123233ca0052936e5684dc81aa014d2d0c97167a6633a34b0c40f539,CONTROLLED_TEST_MUTATION,broken_lineage,False,True,0.0407,True,0.3578,False,5.8169,EVIDENCE_LINEAGE_INVALID,b2d83222fe4bab87f393b8e93c8a29f87ac2f8279ebd9de6ca63f25604bbf49f
case-01937,69b3d42962350710918dea90347544f5b3ff6a06a17a6c4bd1da96bff198db74,CLEAN_TEST_FIXTURE,none,True,True,0.0426,True,0.3699,True,4.3139,ALL_REQUIRED_EVIDENCE_TRUSTWORTHY,b2d83222fe4bab87f393b8e93c8a29f87ac2f8279ebd9de6ca63f25604bbf49f
case-01938,5c568d03c47b84aaba9b8dabd50a780da2a70a65a5081557014339f4920686b9,CLEAN_TEST_FIXTURE,none,True,True,0.042,True,0.3616,True,4.1684,ALL_REQUIRED_EVIDENCE_TRUSTWORTHY,b2d83222fe4bab87f393b8e93c8a29f87ac2f8279ebd9de6ca63f25604bbf49f
case-01939,22aa322463bb2d7d353ddb7fda2fda712ca44462ba79c0b9de3a527a58b4c4aa,CONTROLLED_TEST_MUTATION,empty_payload,False,False,0.0473,False,0.0348,False,4.0239,EVIDENCE_PAYLOAD_EMPTY|EVIDENCE_PAYLOAD_SCHEMA_INVALID|EVIDENCE_SNAPSHOT_CONFLICT,b2d83222fe4bab87f393b8e93c8a29f87ac2f8279ebd9de6ca63f25604bbf49f
case-01940,705e4670a575554f527e28769a3982f30b50554abdd7e4842fcbeeeade6dd1b5,CONTROLLED_TEST_MUTATION,excluded_ancestor,False,True,0.0422,True,0.3687,False,4.1354,REQUIRED_INPUT_EXCLUDED,b2d83222fe4bab87f393b8e93c8a29f87ac2f8279ebd9de6ca63f25604bbf49f
case-01941,8bc446a667e516e63815a6215fa0e1016923b16be6c47700dc30020d9246103d,CONTROLLED_TEST_MUTATION,stale_live_observation,False,True,0.0424,False,0.3268,False,4.7957,EVIDENCE_STALE,b2d83222fe4bab87f393b8e93c8a29f87ac2f8279ebd9de6ca63f25604bbf49f
case-01942,6afcb9892e0adbf589730cae0d402e0f360ccbb5c53cfb5874922c30233db1a9,CONTROLLED_TEST_MUTATION,empty_payload,False,False,0.0428,False,0.032,False,4.0365,EVIDENCE_PAYLOAD_EMPTY|EVIDENCE_PAYLOAD_SCHEMA_INVALID|EVIDENCE_SNAPSHOT_CONFLICT,b2d83222fe4bab87f393b8e93c8a29f87ac2f8279ebd9de6ca63f25604bbf49f
case-01943,dad7122ff15e4cca17a76aab3269a1e7e9e75aa0f594e05eb26e808cdb1d8125,CONTROLLED_TEST_MUTATION,source_type_impersonation,False,True,0.0545,True,0.5154,False,4.8548,EVIDENCE_ROLE_SOURCE_NOT_ALLOWED|OPERATOR_EVIDENCE_UNVERIFIED,b2d83222fe4bab87f393b8e93c8a29f87ac2f8279ebd9de6ca63f25604bbf49f
case-01944,d679c4bde7b42b7381896476d20540fa1dbae92b0e9feafaf4527f3ffda0ea12,CONTROLLED_TEST_MUTATION,broken_lineage,False,True,0.0426,True,0.4765,False,4.7071,EVIDENCE_LINEAGE_INVALID,b2d83222fe4bab87f393b8e93c8a29f87ac2f8279ebd9de6ca63f25604bbf49f
case-01945,fd593d9d699e98962e38d7a119f82dcaaf7fb662d0ade91390fc0e26c2470e45,CONTROLLED_TEST_MUTATION,role_conflict,False,True,0.0949,True,0.4459,False,4.5546,EVIDENCE_ROLE_CONFLICT,b2d83222fe4bab87f393b8e93c8a29f87ac2f8279ebd9de6ca63f25604bbf49f
case-01946,0299ba28feb86372d5ee516934e058fd002258f10f3bea33433f3be8c7b76f92,CLEAN_TEST_FIXTURE,none,True,True,0.0426,True,0.3667,True,4.2416,ALL_REQUIRED_EVIDENCE_TRUSTWORTHY,b2d83222fe4bab87f393b8e93c8a29f87ac2f8279ebd9de6ca63f25604bbf49f
case-01947,bcba93606ffd50dda273982c66d43d47ba9d1ea75ff890af1acd35ceab4c36b1,CONTROLLED_TEST_MUTATION,stale_live_observation,False,True,0.0431,False,0.3336,False,4.8346,EVIDENCE_STALE,b2d83222fe4bab87f393b8e93c8a29f87ac2f8279ebd9de6ca63f25604bbf49f
case-01948,47ce89556927c83251f04a3c11c3f6ebc1d43ff3e3efbd03dec423e05c3b5f24,CLEAN_TEST_FIXTURE,none,True,True,0.0407,True,0.3604,True,4.027,ALL_REQUIRED_EVIDENCE_TRUSTWORTHY,b2d83222fe4bab87f393b8e93c8a29f87ac2f8279ebd9de6ca63f25604bbf49f
case-01949,c1dfe58400b0eca5b8a0d54838f8d176f20dbec2e54d9bea0081b0bcb82382d9,CLEAN_TEST_FIXTURE,none,True,True,0.0497,True,0.4002,True,4.3345,ALL_REQUIRED_EVIDENCE_TRUSTWORTHY,b2d83222fe4bab87f393b8e93c8a29f87ac2f8279ebd9de6ca63f25604bbf49f
case-01950,c1e21ffd33ffd265aacd265016d81fa35b841d93f62a262a834ec9a5ced4df6c,CONTROLLED_TEST_MUTATION,expired_import,False,True,0.043,False,0.2963,False,4.1162,EVIDENCE_STALE,b2d83222fe4bab87f393b8e93c8a29f87ac2f8279ebd9de6ca63f25604bbf49f
case-01951,1ee5044a0f5380f827f542cc042e4233064cddc05f6a6d9b6391203ebaefb1b8,CONTROLLED_TEST_MUTATION,unknown_source,False,True,0.0422,True,0.3551,False,4.0288,EVIDENCE_ROLE_SOURCE_NOT_ALLOWED|EVIDENCE_SOURCE_ID_UNKNOWN|EVIDENCE_SOURCE_POLICY_MISSING,b2d83222fe4bab87f393b8e93c8a29f87ac2f8279ebd9de6ca63f25604bbf49f
case-01952,738dc832dd1e0e5b41a26e79ac3bcba64a98c9ae598f9433585bfe0d2bf0f472,CONTROLLED_TEST_MUTATION,incomplete_payload,False,True,0.0427,False,0.1746,False,7.1161,EVIDENCE_PAYLOAD_INCOMPLETE,b2d83222fe4bab87f393b8e93c8a29f87ac2f8279ebd9de6ca63f25604bbf49f
case-01953,5d03aa61f84034631a7d9d9687d5c348c7d9ad21403f7e605d1d04f86009e9dc,CONTROLLED_TEST_MUTATION,unavailable_record,False,True,0.0413,False,0.333,False,4.0555,EVIDENCE_LINEAGE_INCOMPLETE|EVIDENCE_UNAVAILABLE,b2d83222fe4bab87f393b8e93c8a29f87ac2f8279ebd9de6ca63f25604bbf49f
case-01954,25f584764cde3d209d40713e649a608a99f2458749b99da839eec5aa4b875a42,CONTROLLED_TEST_MUTATION,excluded_ancestor,False,True,0.0417,True,0.364,False,4.0621,REQUIRED_INPUT_EXCLUDED,b2d83222fe4bab87f393b8e93c8a29f87ac2f8279ebd9de6ca63f25604bbf49f
case-01955,e3202c424427f280f6a4b1c9c74aad79dba02ecb9880b2e9e2b9d712b4f731da,CONTROLLED_TEST_MUTATION,future_timestamp,False,True,0.0407,False,0.3296,False,4.1056,EVIDENCE_FRESHNESS_UNKNOWN|EVIDENCE_TIMESTAMP_IN_FUTURE,b2d83222fe4bab87f393b8e93c8a29f87ac2f8279ebd9de6ca63f25604bbf49f
case-01956,4cd818a3fac3dfaafe891e18600f405c4fd027c9109f5ab9e049fa65cc9e392b,CLEAN_TEST_FIXTURE,none,True,True,0.0454,True,0.3666,True,4.547,ALL_REQUIRED_EVIDENCE_TRUSTWORTHY,b2d83222fe4bab87f393b8e93c8a29f87ac2f8279ebd9de6ca63f25604bbf49f
case-01957,5b34438dbc882882e7656e438cb13f797112dd64100fa2f13ba2be0faa4fa852,CONTROLLED_TEST_MUTATION,empty_payload,False,False,0.0459,False,0.0397,False,4.3997,EVIDENCE_PAYLOAD_EMPTY|EVIDENCE_PAYLOAD_SCHEMA_INVALID|EVIDENCE_SNAPSHOT_CONFLICT,b2d83222fe4bab87f393b8e93c8a29f87ac2f8279ebd9de6ca63f25604bbf49f
case-01958,472b254d6e17ea74524eb697b4c2e2632988da162964922968267a50afd3d5b2,CONTROLLED_TEST_MUTATION,empty_payload,False,False,0.0475,False,0.0337,False,4.235,EVIDENCE_PAYLOAD_EMPTY|EVIDENCE_PAYLOAD_SCHEMA_INVALID|EVIDENCE_SNAPSHOT_CONFLICT,b2d83222fe4bab87f393b8e93c8a29f87ac2f8279ebd9de6ca63f25604bbf49f
case-01959,631977e9db01e73c798f7c05137c0965937cfcddeffebe57b26296a834fcf908,CLEAN_TEST_FIXTURE,none,True,True,0.0605,True,0.4117,True,4.2428,ALL_REQUIRED_EVIDENCE_TRUSTWORTHY,b2d83222fe4bab87f393b8e93c8a29f87ac2f8279ebd9de6ca63f25604bbf49f
case-01960,071d0c8dc64e5ad6301c610426220d930cb9219cb99af3b55eac37aa94b25958,CONTROLLED_TEST_MUTATION,payload_tamper_after_seal,False,True,0.046,False,0.1008,False,6.3823,CHECKSUM_INVALID|EVIDENCE_ROOT_INVALID|EVIDENCE_SNAPSHOT_CONFLICT|RECORD_ENVELOPE_INVALID,b2d83222fe4bab87f393b8e93c8a29f87ac2f8279ebd9de6ca63f25604bbf49f
case-01961,ef8b030ecad53c1db6b3f0589d9602a131d89a148d659185c8ba7a76c7d8b12a,CONTROLLED_TEST_MUTATION,malformed_payload,False,True,0.0422,True,0.353,False,4.0057,EVIDENCE_PAYLOAD_SCHEMA_INVALID|EVIDENCE_SNAPSHOT_CONFLICT,b2d83222fe4bab87f393b8e93c8a29f87ac2f8279ebd9de6ca63f25604bbf49f
case-01962,0f08d45afa15c17386acbf46593e7b52161d31ed0186ba98c0007a93aa8b9cb0,CONTROLLED_TEST_MUTATION,stale_live_observation,False,True,0.063,False,0.7191,False,4.494,EVIDENCE_STALE,b2d83222fe4bab87f393b8e93c8a29f87ac2f8279ebd9de6ca63f25604bbf49f
case-01963,bd7c3f77d46f48cda80c1bee8ed745d8100fe6be7e6452ad5ba2aa051448e2a3,CONTROLLED_TEST_MUTATION,unavailable_record,False,True,0.0408,False,0.3273,False,4.0709,EVIDENCE_LINEAGE_INCOMPLETE|EVIDENCE_UNAVAILABLE,b2d83222fe4bab87f393b8e93c8a29f87ac2f8279ebd9de6ca63f25604bbf49f
case-01964,567c06b7e5d716f206a6c293254e53d3fff57d8a7b5065fc49cc25459f701134,CLEAN_TEST_FIXTURE,none,True,True,0.045,True,0.3647,True,4.1229,ALL_REQUIRED_EVIDENCE_TRUSTWORTHY,b2d83222fe4bab87f393b8e93c8a29f87ac2f8279ebd9de6ca63f25604bbf49f
case-01965,54e13e257d3407ce293651b558c9fb8aa79f8ba77946b0ab1a628aa30952c2be,CONTROLLED_TEST_MUTATION,malformed_payload,False,True,0.0402,True,0.3485,False,6.7785,EVIDENCE_PAYLOAD_SCHEMA_INVALID|EVIDENCE_SNAPSHOT_CONFLICT,b2d83222fe4bab87f393b8e93c8a29f87ac2f8279ebd9de6ca63f25604bbf49f
case-01966,717051bf28ce69190db2f8c8859dd341fd93b8ed8e721aaf97c3c140abdaa31c,CONTROLLED_TEST_MUTATION,wrong_context,False,True,0.0413,True,0.3611,False,4.3068,EVIDENCE_CONTEXT_MISMATCH,b2d83222fe4bab87f393b8e93c8a29f87ac2f8279ebd9de6ca63f25604bbf49f
case-01967,2de96745aa94adf9beb2f88439b382f75333707767cb06dc6d3fb7af0e9c9168,CLEAN_TEST_FIXTURE,none,True,True,0.0439,True,0.3642,True,4.1129,ALL_REQUIRED_EVIDENCE_TRUSTWORTHY,b2d83222fe4bab87f393b8e93c8a29f87ac2f8279ebd9de6ca63f25604bbf49f
case-01968,44507c1029330aee6adc8bd25c26a91fcceaee17dce43f15617dab5a24a6b770,CONTROLLED_TEST_MUTATION,incomplete_payload,False,True,0.0405,False,0.1668,False,4.1311,EVIDENCE_PAYLOAD_INCOMPLETE,b2d83222fe4bab87f393b8e93c8a29f87ac2f8279ebd9de6ca63f25604bbf49f
case-01969,6e0bb4a2852e350ed67b343625f0e4d16f562ca4a2a6e0fb5168215e533a4604,CONTROLLED_TEST_MUTATION,unknown_source,False,True,0.0533,True,0.3905,False,4.1788,EVIDENCE_ROLE_SOURCE_NOT_ALLOWED|EVIDENCE_SOURCE_ID_UNKNOWN|EVIDENCE_SOURCE_POLICY_MISSING,b2d83222fe4bab87f393b8e93c8a29f87ac2f8279ebd9de6ca63f25604bbf49f
case-01970,de72dc32bd7f5063d87e239e557cc13c5e2636285fab1ec39667b00f76ae6d23,CONTROLLED_TEST_MUTATION,payload_tamper_after_seal,False,True,0.041,False,0.0901,False,4.6001,CHECKSUM_INVALID|EVIDENCE_ROOT_INVALID|EVIDENCE_SNAPSHOT_CONFLICT|RECORD_ENVELOPE_INVALID,b2d83222fe4bab87f393b8e93c8a29f87ac2f8279ebd9de6ca63f25604bbf49f
case-01971,89c512421fb10c224c332a86d3f70d40f0584417315d8d0d2970d897bebec60b,CLEAN_TEST_FIXTURE,none,True,True,0.042,True,0.3568,True,4.0488,ALL_REQUIRED_EVIDENCE_TRUSTWORTHY,b2d83222fe4bab87f393b8e93c8a29f87ac2f8279ebd9de6ca63f25604bbf49f
case-01972,81def2bf29d9c6f539c932d31a478f65ff0cb1f95446dcbbb1ea5723d17e25d8,CONTROLLED_TEST_MUTATION,missing_direct_role,False,False,0.0554,False,0.0177,False,5.3896,REQUIRED_ROLE_MISSING,b2d83222fe4bab87f393b8e93c8a29f87ac2f8279ebd9de6ca63f25604bbf49f
case-01973,6d7e65c775c78f78be1e0e32f3fc623ae09f59cf46594e96fc9c913a0cdcb99d,CLEAN_TEST_FIXTURE,none,True,True,0.0657,True,0.44,True,4.6555,ALL_REQUIRED_EVIDENCE_TRUSTWORTHY,b2d83222fe4bab87f393b8e93c8a29f87ac2f8279ebd9de6ca63f25604bbf49f
case-01974,b84cd47bd6f4feeb39de9c770290d77cf2247ce28de9dac9f36b445351bfe9af,CONTROLLED_TEST_MUTATION,source_type_impersonation,False,True,0.0402,True,0.352,False,4.5478,EVIDENCE_ROLE_SOURCE_NOT_ALLOWED|OPERATOR_EVIDENCE_UNVERIFIED,b2d83222fe4bab87f393b8e93c8a29f87ac2f8279ebd9de6ca63f25604bbf49f
case-01975,8edca7f5eb6aafaa4671fb7480b061b63c0da861158f68aaee6b43c7598d318d,CONTROLLED_TEST_MUTATION,malformed_payload,False,True,0.044,True,0.3633,False,4.1668,EVIDENCE_PAYLOAD_SCHEMA_INVALID|EVIDENCE_SNAPSHOT_CONFLICT,b2d83222fe4bab87f393b8e93c8a29f87ac2f8279ebd9de6ca63f25604bbf49f
case-01976,d958c4b3a1050a1cff756e3b61b9bec88a4911b42f6faf7ca0897def4acd7cf3,CONTROLLED_TEST_MUTATION,empty_payload,False,False,0.047,False,0.032,False,4.0012,EVIDENCE_PAYLOAD_EMPTY|EVIDENCE_PAYLOAD_SCHEMA_INVALID|EVIDENCE_SNAPSHOT_CONFLICT,b2d83222fe4bab87f393b8e93c8a29f87ac2f8279ebd9de6ca63f25604bbf49f
case-01977,5f9de55c1c908718926c947f9f524fb1ebe5ea08c61f7ccb441323ee4ae5dd3a,CONTROLLED_TEST_MUTATION,empty_payload,False,False,0.0467,False,0.0326,False,4.1399,EVIDENCE_PAYLOAD_EMPTY|EVIDENCE_PAYLOAD_SCHEMA_INVALID|EVIDENCE_SNAPSHOT_CONFLICT,b2d83222fe4bab87f393b8e93c8a29f87ac2f8279ebd9de6ca63f25604bbf49f
case-01978,cbb73c7b7c574355d99af26a34bf827ed18c65f240a615e481ec453f0a2b352f,CONTROLLED_TEST_MUTATION,role_conflict,False,True,0.0429,True,0.3769,False,7.3798,EVIDENCE_ROLE_CONFLICT,b2d83222fe4bab87f393b8e93c8a29f87ac2f8279ebd9de6ca63f25604bbf49f
case-01979,34da23b59106a8ba2aed1a029db1a816fc4f04e1b26d7d9c3a03ebf4b9cba0bc,CONTROLLED_TEST_MUTATION,unknown_source,False,True,0.0417,True,0.3603,False,4.2338,EVIDENCE_ROLE_SOURCE_NOT_ALLOWED|EVIDENCE_SOURCE_ID_UNKNOWN|EVIDENCE_SOURCE_POLICY_MISSING,b2d83222fe4bab87f393b8e93c8a29f87ac2f8279ebd9de6ca63f25604bbf49f
case-01980,878dd5a03263a461001376a6284b6e2e73bca3812356c3e08b40965d8ecbd288,CONTROLLED_TEST_MUTATION,role_conflict,False,True,0.0468,True,0.386,False,4.4981,EVIDENCE_ROLE_CONFLICT,b2d83222fe4bab87f393b8e93c8a29f87ac2f8279ebd9de6ca63f25604bbf49f
case-01981,ec2ff0d5bf85b4036c27cc8f1d53bc3422ca45543884551bf4f3dbb6133edebe,CONTROLLED_TEST_MUTATION,source_type_impersonation,False,True,0.0413,True,0.3586,False,7.4824,EVIDENCE_ROLE_SOURCE_NOT_ALLOWED|OPERATOR_EVIDENCE_UNVERIFIED,b2d83222fe4bab87f393b8e93c8a29f87ac2f8279ebd9de6ca63f25604bbf49f
case-01982,ee7ada4cc21b6f6d33f7f5b832c2ffaa3765792b54d7dd8f647251b0093fc04d,CLEAN_TEST_FIXTURE,none,True,True,0.2553,True,0.605,True,6.5621,ALL_REQUIRED_EVIDENCE_TRUSTWORTHY,b2d83222fe4bab87f393b8e93c8a29f87ac2f8279ebd9de6ca63f25604bbf49f
case-01983,5565c3434932fe6cd01523ae80eb4054e03227d9d1fa1946f1736082073ae8f5,CONTROLLED_TEST_MUTATION,snapshot_score_conflict,False,True,0.0396,True,0.354,False,4.2365,EVIDENCE_SNAPSHOT_CONFLICT,b2d83222fe4bab87f393b8e93c8a29f87ac2f8279ebd9de6ca63f25604bbf49f
case-01984,e0b8803cc9b96ed21ddf52d5787d53eeb33552e830fb9c412a53043b29bd08e6,CONTROLLED_TEST_MUTATION,stale_live_observation,False,True,0.0398,False,0.3209,False,7.2789,EVIDENCE_STALE,b2d83222fe4bab87f393b8e93c8a29f87ac2f8279ebd9de6ca63f25604bbf49f
case-01985,0cf91ff8e255745c66caf68ea851388a051360a554ffe0e1ce75439b9028588b,CONTROLLED_TEST_MUTATION,future_timestamp,False,True,0.0442,False,0.3492,False,5.9406,EVIDENCE_FRESHNESS_UNKNOWN|EVIDENCE_TIMESTAMP_IN_FUTURE,b2d83222fe4bab87f393b8e93c8a29f87ac2f8279ebd9de6ca63f25604bbf49f
case-01986,f3428cfc76167ec12621ff4727112bd6a78c79193af7bcaf47d81b391bfff5bd,CONTROLLED_TEST_MUTATION,snapshot_score_conflict,False,True,0.0417,True,0.3571,False,4.023,EVIDENCE_SNAPSHOT_CONFLICT,b2d83222fe4bab87f393b8e93c8a29f87ac2f8279ebd9de6ca63f25604bbf49f
case-01987,0b6fc5485bed92b9a4061dd895bf01e824d7554ca850dab0d2a99a7f504a3eba,CONTROLLED_TEST_MUTATION,lineage_cycle,False,True,0.0877,True,0.7293,False,4.6144,EVIDENCE_LINEAGE_INVALID,b2d83222fe4bab87f393b8e93c8a29f87ac2f8279ebd9de6ca63f25604bbf49f
case-01988,98e19fbd044ea52ff30b67a4cb39413707110b2f6fda88b018363974cff1ca7e,CONTROLLED_TEST_MUTATION,missing_lineage,False,True,0.0404,True,0.359,False,3.9323,EVIDENCE_LINEAGE_INCOMPLETE,b2d83222fe4bab87f393b8e93c8a29f87ac2f8279ebd9de6ca63f25604bbf49f
case-01989,78edbf3a9963b69f864506dd6e1c282da5c94d02d76ec732755ae7343903b2cc,CONTROLLED_TEST_MUTATION,unavailable_record,False,True,0.043,False,0.3324,False,4.3904,EVIDENCE_LINEAGE_INCOMPLETE|EVIDENCE_UNAVAILABLE,b2d83222fe4bab87f393b8e93c8a29f87ac2f8279ebd9de6ca63f25604bbf49f
case-01990,a1ce5aff5907c37f804e229e8d459c6c02df258f68fed5f3948e90171fce6e4d,CONTROLLED_TEST_MUTATION,malformed_payload,False,True,0.0423,True,0.3773,False,7.7362,EVIDENCE_PAYLOAD_SCHEMA_INVALID|EVIDENCE_SNAPSHOT_CONFLICT,b2d83222fe4bab87f393b8e93c8a29f87ac2f8279ebd9de6ca63f25604bbf49f
case-01991,409af786dacf7e5f086ef5d6d219b8ba5aba70b869ebacffdc6f54801f80ee26,CONTROLLED_TEST_MUTATION,role_conflict,False,True,0.0449,True,0.3874,False,4.5846,EVIDENCE_ROLE_CONFLICT,b2d83222fe4bab87f393b8e93c8a29f87ac2f8279ebd9de6ca63f25604bbf49f
case-01992,6c72ec13252101dbc5c4fe437e0e8f8f3be96f4aea014e0b2f53c53c0aead039,CONTROLLED_TEST_MUTATION,future_timestamp,False,True,0.0417,False,0.3293,False,4.0123,EVIDENCE_FRESHNESS_UNKNOWN|EVIDENCE_TIMESTAMP_IN_FUTURE,b2d83222fe4bab87f393b8e93c8a29f87ac2f8279ebd9de6ca63f25604bbf49f
case-01993,9edb8146dfa9194ca6d4ee587f8639c7047a3cd6fdf79b5961f3bc68fdbedb71,CONTROLLED_TEST_MUTATION,expired_import,False,True,0.0398,False,0.294,False,8.1549,EVIDENCE_STALE,b2d83222fe4bab87f393b8e93c8a29f87ac2f8279ebd9de6ca63f25604bbf49f
case-01994,674e93f6117009bd1d008a645eaeb332b9445ed48d3d5929153df171969029d8,CONTROLLED_TEST_MUTATION,expired_import,False,True,0.0413,False,0.2973,False,4.0564,EVIDENCE_STALE,b2d83222fe4bab87f393b8e93c8a29f87ac2f8279ebd9de6ca63f25604bbf49f
case-01995,4b1395c35c2baa546e2843c31e04b6143b73ae68f13881a250c44abd407af4d0,CLEAN_TEST_FIXTURE,none,True,True,0.0418,True,0.3612,True,4.2432,ALL_REQUIRED_EVIDENCE_TRUSTWORTHY,b2d83222fe4bab87f393b8e93c8a29f87ac2f8279ebd9de6ca63f25604bbf49f
case-01996,6d312cdbe025b78c33a94fd966c979c81701d31c65619faebd7f4cd49650bb3d,CONTROLLED_TEST_MUTATION,missing_lineage,False,True,0.0428,True,0.36,False,4.4898,EVIDENCE_LINEAGE_INCOMPLETE,b2d83222fe4bab87f393b8e93c8a29f87ac2f8279ebd9de6ca63f25604bbf49f
case-01997,e2316721f465dedcadc7d8fa1b1bfaac61bcba643745db3d7c5c4b9dfa70e356,CONTROLLED_TEST_MUTATION,unknown_source,False,True,0.0412,True,0.36,False,4.1077,EVIDENCE_ROLE_SOURCE_NOT_ALLOWED|EVIDENCE_SOURCE_ID_UNKNOWN|EVIDENCE_SOURCE_POLICY_MISSING,b2d83222fe4bab87f393b8e93c8a29f87ac2f8279ebd9de6ca63f25604bbf49f
case-01998,76a4c4bcd06c277280c1b58a92a5ded4fd423722c6a7ba41222bb7cf2c25a2d4,CONTROLLED_TEST_MUTATION,unknown_source,False,True,0.0481,True,0.6522,False,4.5823,EVIDENCE_ROLE_SOURCE_NOT_ALLOWED|EVIDENCE_SOURCE_ID_UNKNOWN|EVIDENCE_SOURCE_POLICY_MISSING,b2d83222fe4bab87f393b8e93c8a29f87ac2f8279ebd9de6ca63f25604bbf49f
case-01999,0386f2e385be3231b4e25bda9519b5796b77355357c480de1fed8ec51dd917af,CLEAN_TEST_FIXTURE,none,True,True,0.0412,True,0.447,True,7.7815,ALL_REQUIRED_EVIDENCE_TRUSTWORTHY,b2d83222fe4bab87f393b8e93c8a29f87ac2f8279ebd9de6ca63f25604bbf49f
case-02000,00e9891ea0f1e722b336cd3ca90a23ea978990d5575a8c7319a00f92dd1d9050,CONTROLLED_TEST_MUTATION,future_timestamp,False,True,0.0416,False,0.3296,False,4.6151,EVIDENCE_FRESHNESS_UNKNOWN|EVIDENCE_TIMESTAMP_IN_FUTURE,b2d83222fe4bab87f393b8e93c8a29f87ac2f8279ebd9de6ca63f25604bbf49f
case-02001,d121871530ba0a489c39e607f1f95566d913c58a3d402f519af523d3ca4e2800,CLEAN_TEST_FIXTURE,none,True,True,0.044,True,0.5782,True,5.4094,ALL_REQUIRED_EVIDENCE_TRUSTWORTHY,b2d83222fe4bab87f393b8e93c8a29f87ac2f8279ebd9de6ca63f25604bbf49f
case-02002,6a8331b788b63e88ec481f33e4bf3ae79c02f7cd641aedf99285e01103b072fd,CONTROLLED_TEST_MUTATION,missing_direct_role,False,False,0.0246,False,0.0156,False,3.7261,REQUIRED_ROLE_MISSING,b2d83222fe4bab87f393b8e93c8a29f87ac2f8279ebd9de6ca63f25604bbf49f
case-02003,b5393dcc6409e6f909191948020b892909a7a2cad7f21141cb5248f2ed0b28dc,CLEAN_TEST_FIXTURE,none,True,True,0.0697,True,0.387,True,4.2304,ALL_REQUIRED_EVIDENCE_TRUSTWORTHY,b2d83222fe4bab87f393b8e93c8a29f87ac2f8279ebd9de6ca63f25604bbf49f
case-02004,d42a95a3bccc92132e43b4e91bfe7870549121cdb1ae1c6a712cea8d5748c533,CONTROLLED_TEST_MUTATION,root_signature_tamper_after_seal,False,True,0.0412,True,0.3629,False,4.5546,EVIDENCE_ROOT_INVALID,b2d83222fe4bab87f393b8e93c8a29f87ac2f8279ebd9de6ca63f25604bbf49f
case-02005,959a43c041473696f91b8f1c1f88ef1091be6405145a63a7f6f8a5a5e17b3022,CONTROLLED_TEST_MUTATION,unknown_source,False,True,0.0406,True,0.3566,False,4.1826,EVIDENCE_ROLE_SOURCE_NOT_ALLOWED|EVIDENCE_SOURCE_ID_UNKNOWN|EVIDENCE_SOURCE_POLICY_MISSING,b2d83222fe4bab87f393b8e93c8a29f87ac2f8279ebd9de6ca63f25604bbf49f
case-02006,036627f1fccf41e2791de33808c9833ab3bebe35b784fe1b0b342ba874f5a0de,CONTROLLED_TEST_MUTATION,unavailable_record,False,True,0.0574,False,0.3847,False,4.4194,EVIDENCE_LINEAGE_INCOMPLETE|EVIDENCE_UNAVAILABLE,b2d83222fe4bab87f393b8e93c8a29f87ac2f8279ebd9de6ca63f25604bbf49f
case-02007,8ac00b32c9926b21bd3307f1f05fd9644dd30843afd5b9e3b905b32ad564f6a5,CONTROLLED_TEST_MUTATION,incomplete_payload,False,True,0.0404,False,0.1657,False,3.9892,EVIDENCE_PAYLOAD_INCOMPLETE,b2d83222fe4bab87f393b8e93c8a29f87ac2f8279ebd9de6ca63f25604bbf49f
case-02008,0832833ae1913284489d3ec74566f6683ad0ee7edd3e7fb46e1f188ca3db521f,CONTROLLED_TEST_MUTATION,root_signature_tamper_after_seal,False,True,0.0403,True,0.3628,False,4.0093,EVIDENCE_ROOT_INVALID,b2d83222fe4bab87f393b8e93c8a29f87ac2f8279ebd9de6ca63f25604bbf49f
case-02009,813537fceafac89e573414c23d592b52f617fb74c03f8af74154d03c61756c53,CONTROLLED_TEST_MUTATION,stale_live_observation,False,True,0.0391,False,0.3275,False,5.1831,EVIDENCE_STALE,b2d83222fe4bab87f393b8e93c8a29f87ac2f8279ebd9de6ca63f25604bbf49f
case-02010,450f3d0c22822caa4400648a3b2f241162d4501495e24ae1eadf74ec8f1b2eb0,CONTROLLED_TEST_MUTATION,missing_lineage,False,True,0.0512,True,0.9465,False,4.0697,EVIDENCE_LINEAGE_INCOMPLETE,b2d83222fe4bab87f393b8e93c8a29f87ac2f8279ebd9de6ca63f25604bbf49f
case-02011,5e957cbea72a1ee02095e7e82c02d15c19d375240beb48c5b2349ccfbc3d3224,CONTROLLED_TEST_MUTATION,unknown_source,False,True,0.0598,True,0.5603,False,5.1804,EVIDENCE_ROLE_SOURCE_NOT_ALLOWED|EVIDENCE_SOURCE_ID_UNKNOWN|EVIDENCE_SOURCE_POLICY_MISSING,b2d83222fe4bab87f393b8e93c8a29f87ac2f8279ebd9de6ca63f25604bbf49f
case-02012,f9b557aebde8c12cd9d8065f9a4dd6a8fc20efbb9960d5ec2dace29fcc8bfca6,CONTROLLED_TEST_MUTATION,unknown_source,False,True,0.0399,True,0.3496,False,3.946,EVIDENCE_ROLE_SOURCE_NOT_ALLOWED|EVIDENCE_SOURCE_ID_UNKNOWN|EVIDENCE_SOURCE_POLICY_MISSING,b2d83222fe4bab87f393b8e93c8a29f87ac2f8279ebd9de6ca63f25604bbf49f
case-02013,811c9821d4786a6c4d4bcba7384a564bcb3a5f5e61f908f89143954f6cda7270,CONTROLLED_TEST_MUTATION,malformed_payload,False,True,0.0431,True,0.3561,False,4.0967,EVIDENCE_PAYLOAD_SCHEMA_INVALID|EVIDENCE_SNAPSHOT_CONFLICT,b2d83222fe4bab87f393b8e93c8a29f87ac2f8279ebd9de6ca63f25604bbf49f
case-02014,1e721a4fc4d6e41eed7ca8f300194e501a756bf6274268876b13d14bf337d45e,CONTROLLED_TEST_MUTATION,incomplete_payload,False,True,0.0403,False,0.1709,False,4.5869,EVIDENCE_PAYLOAD_INCOMPLETE,b2d83222fe4bab87f393b8e93c8a29f87ac2f8279ebd9de6ca63f25604bbf49f
case-02015,1abf9c4f1dcb812847f09385bee32bd927ffbe9f85ac64b1021a0a8604c3bc61,CONTROLLED_TEST_MUTATION,malformed_payload,False,True,0.0442,True,0.3596,False,3.9971,EVIDENCE_PAYLOAD_SCHEMA_INVALID|EVIDENCE_SNAPSHOT_CONFLICT,b2d83222fe4bab87f393b8e93c8a29f87ac2f8279ebd9de6ca63f25604bbf49f
case-02016,936ebcc52a7306da1b24665d1759c19ae589892c5e094b3c9717d361e43ec642,CONTROLLED_TEST_MUTATION,source_type_impersonation,False,True,0.0398,True,0.3772,False,6.0698,EVIDENCE_ROLE_SOURCE_NOT_ALLOWED|OPERATOR_EVIDENCE_UNVERIFIED,b2d83222fe4bab87f393b8e93c8a29f87ac2f8279ebd9de6ca63f25604bbf49f
case-02017,93a645db512cd122dd71e47594c0737c19ffb4d2f6d2bebdb90aa80db810261e,CLEAN_TEST_FIXTURE,none,True,True,0.0389,True,0.3578,True,3.9743,ALL_REQUIRED_EVIDENCE_TRUSTWORTHY,b2d83222fe4bab87f393b8e93c8a29f87ac2f8279ebd9de6ca63f25604bbf49f
case-02018,1cb7e67e7f84f3dc71b324050fbc749c84d3bc6d190b741cd51ac785e240cfd2,CONTROLLED_TEST_MUTATION,unknown_source,False,True,0.0406,True,0.3847,False,4.0177,EVIDENCE_ROLE_SOURCE_NOT_ALLOWED|EVIDENCE_SOURCE_ID_UNKNOWN|EVIDENCE_SOURCE_POLICY_MISSING,b2d83222fe4bab87f393b8e93c8a29f87ac2f8279ebd9de6ca63f25604bbf49f
case-02019,c04b37504c915e6b49c7204b00dc271da5e32d587b4bc3548187bd46d420cdaa,CONTROLLED_TEST_MUTATION,wrong_context,False,True,0.039,True,0.368,False,4.0484,EVIDENCE_CONTEXT_MISMATCH,b2d83222fe4bab87f393b8e93c8a29f87ac2f8279ebd9de6ca63f25604bbf49f
case-02020,66905ec60ae13d51dddf6df1858ba9e0dd53288d0bc9c576656189ebe560bc5f,CONTROLLED_TEST_MUTATION,missing_lineage,False,True,0.0421,True,0.3767,False,3.9649,EVIDENCE_LINEAGE_INCOMPLETE,b2d83222fe4bab87f393b8e93c8a29f87ac2f8279ebd9de6ca63f25604bbf49f
case-02021,cff4ec2fbcb199b41a35ca957fc7302cefc3d16c575c653d1f53d8ea205dee5e,CLEAN_TEST_FIXTURE,none,True,True,0.0405,True,0.3622,True,4.1279,ALL_REQUIRED_EVIDENCE_TRUSTWORTHY,b2d83222fe4bab87f393b8e93c8a29f87ac2f8279ebd9de6ca63f25604bbf49f
case-02022,835a8f0b400fe7e4af1a2d9cb2c61e620abf7357cef0c341668d63949f32960d,CLEAN_TEST_FIXTURE,none,True,True,0.0386,True,0.3418,True,4.0307,ALL_REQUIRED_EVIDENCE_TRUSTWORTHY,b2d83222fe4bab87f393b8e93c8a29f87ac2f8279ebd9de6ca63f25604bbf49f
case-02023,2cd537ae12d776e4719219a687688a1bb9f805754a7507e237ea752ff625670a,CLEAN_TEST_FIXTURE,none,True,True,0.0386,True,0.3431,True,5.5856,ALL_REQUIRED_EVIDENCE_TRUSTWORTHY,b2d83222fe4bab87f393b8e93c8a29f87ac2f8279ebd9de6ca63f25604bbf49f
case-02024,bc44b302b15106b6e3e32245e88cc5ab9409d8a67e6f7bc4676ff8078aaf95b6,CLEAN_TEST_FIXTURE,none,True,True,0.0405,True,0.3653,True,4.0318,ALL_REQUIRED_EVIDENCE_TRUSTWORTHY,b2d83222fe4bab87f393b8e93c8a29f87ac2f8279ebd9de6ca63f25604bbf49f
case-02025,46c86a4c21fe34634b426c3f36a4c8835a3994da7bb0b12b5c1db021639d6053,CONTROLLED_TEST_MUTATION,lineage_cycle,False,True,0.0399,True,0.3512,False,3.9721,EVIDENCE_LINEAGE_INVALID,b2d83222fe4bab87f393b8e93c8a29f87ac2f8279ebd9de6ca63f25604bbf49f
case-02026,74b2cb12e61ddbd50c5e30afb562f0bedaec6f6a75e2fdfc7c06f6e623f87c9a,CONTROLLED_TEST_MUTATION,wrong_context,False,True,0.0391,True,0.3444,False,4.4979,EVIDENCE_CONTEXT_MISMATCH,b2d83222fe4bab87f393b8e93c8a29f87ac2f8279ebd9de6ca63f25604bbf49f
case-02027,a109190f87dbcdb0abb43c571010770c76ecd952d5a127c2c0a3d58e4f560508,CONTROLLED_TEST_MUTATION,lineage_cycle,False,True,0.0401,True,0.3435,False,4.145,EVIDENCE_LINEAGE_INVALID,b2d83222fe4bab87f393b8e93c8a29f87ac2f8279ebd9de6ca63f25604bbf49f
case-02028,9d063fcf74c45745caeac682b1cea9cab48e4c4079a649d471adc7a74912d0bd,CONTROLLED_TEST_MUTATION,snapshot_score_conflict,False,True,0.0393,True,0.3523,False,4.188,EVIDENCE_SNAPSHOT_CONFLICT,b2d83222fe4bab87f393b8e93c8a29f87ac2f8279ebd9de6ca63f25604bbf49f
case-02029,91f3ab8449a7caeb6d0b43a2ba5772706028467acfdaba1e3dea140d58d4acd4,CONTROLLED_TEST_MUTATION,snapshot_score_conflict,False,True,0.0403,True,0.3561,False,3.9845,EVIDENCE_SNAPSHOT_CONFLICT,b2d83222fe4bab87f393b8e93c8a29f87ac2f8279ebd9de6ca63f25604bbf49f
case-02030,c178b3c22a0b1ce9513ac2ffcfc9347d28095cc8e156b8c4af3928f7a984fca1,CONTROLLED_TEST_MUTATION,root_signature_tamper_after_seal,False,True,0.039,True,0.3507,False,6.0573,EVIDENCE_ROOT_INVALID,b2d83222fe4bab87f393b8e93c8a29f87ac2f8279ebd9de6ca63f25604bbf49f
case-02031,74b1ca8b738ac7e4187336404e0f685546bfaecee2eeda62980fd8cd4f331eec,CLEAN_TEST_FIXTURE,none,True,True,0.0389,True,0.3403,True,4.0571,ALL_REQUIRED_EVIDENCE_TRUSTWORTHY,b2d83222fe4bab87f393b8e93c8a29f87ac2f8279ebd9de6ca63f25604bbf49f
case-02032,31507abe2f7afef31c7bd8877462a609b8015789d63653025f3d625dc8260c2b,CONTROLLED_TEST_MUTATION,payload_tamper_after_seal,False,True,0.0397,False,0.0892,False,4.1242,CHECKSUM_INVALID|EVIDENCE_ROOT_INVALID|EVIDENCE_SNAPSHOT_CONFLICT|RECORD_ENVELOPE_INVALID,b2d83222fe4bab87f393b8e93c8a29f87ac2f8279ebd9de6ca63f25604bbf49f
case-02033,b63180afb0cbfb4e74bea4fe882c579cb4ca939288d1a57971dedc12f222160e,CLEAN_TEST_FIXTURE,none,True,True,0.0359,True,0.3445,True,3.7069,ALL_REQUIRED_EVIDENCE_TRUSTWORTHY,b2d83222fe4bab87f393b8e93c8a29f87ac2f8279ebd9de6ca63f25604bbf49f
case-02034,eafa332ccecbe329f8d6bc9a4d934c1aeec4e8b029d4fc499aea854cdc853281,CONTROLLED_TEST_MUTATION,missing_direct_role,False,False,0.0242,False,0.0152,False,3.6028,REQUIRED_ROLE_MISSING,b2d83222fe4bab87f393b8e93c8a29f87ac2f8279ebd9de6ca63f25604bbf49f
case-02035,54ee65e588e7584e675d3b0c6d9f58b1773c8b54ff6477529da06c785d47b9d9,CLEAN_TEST_FIXTURE,none,True,True,0.0392,True,0.3563,True,4.0192,ALL_REQUIRED_EVIDENCE_TRUSTWORTHY,b2d83222fe4bab87f393b8e93c8a29f87ac2f8279ebd9de6ca63f25604bbf49f
case-02036,65630b9c6a9acc45982e7a57549286e9c86c865da3e7707d5760f0d5a6ad1eb3,CONTROLLED_TEST_MUTATION,missing_direct_role,False,False,0.0211,False,0.0148,False,3.4479,REQUIRED_ROLE_MISSING,b2d83222fe4bab87f393b8e93c8a29f87ac2f8279ebd9de6ca63f25604bbf49f
case-02037,feb63885bd08b5c5d0ec2b0db46d57769ac20fefd7d3ffa52f1c28b442059cd3,CONTROLLED_TEST_MUTATION,payload_tamper_after_seal,False,True,0.0382,False,0.0846,False,3.9707,CHECKSUM_INVALID|EVIDENCE_ROOT_INVALID|EVIDENCE_SNAPSHOT_CONFLICT|RECORD_ENVELOPE_INVALID,b2d83222fe4bab87f393b8e93c8a29f87ac2f8279ebd9de6ca63f25604bbf49f
case-02038,d26387301337c8db431cb26f715e0a039c635bef2b242591d851635afa1ff4d7,CONTROLLED_TEST_MUTATION,unavailable_record,False,True,0.0411,False,0.362,False,4.0045,EVIDENCE_LINEAGE_INCOMPLETE|EVIDENCE_UNAVAILABLE,b2d83222fe4bab87f393b8e93c8a29f87ac2f8279ebd9de6ca63f25604bbf49f
case-02039,ac2238e1ba705aa50124f1a00ee3daa35115945b30875376db2933c3a12d413d,CLEAN_TEST_FIXTURE,none,True,True,0.0399,True,0.3462,True,5.8411,ALL_REQUIRED_EVIDENCE_TRUSTWORTHY,b2d83222fe4bab87f393b8e93c8a29f87ac2f8279ebd9de6ca63f25604bbf49f
case-02040,a8efdc7d9267750b6945a82417b72199b8745b90890f6711b0989cbd86a5d7ef,CONTROLLED_TEST_MUTATION,role_conflict,False,True,0.0428,True,0.3686,False,4.2994,EVIDENCE_ROLE_CONFLICT,b2d83222fe4bab87f393b8e93c8a29f87ac2f8279ebd9de6ca63f25604bbf49f
case-02041,e5c46de77b91c7add692d882daacdf2314b14d4e88fe5af57d2e72143ecf8322,CLEAN_TEST_FIXTURE,none,True,True,0.0518,True,0.5621,True,4.3113,ALL_REQUIRED_EVIDENCE_TRUSTWORTHY,b2d83222fe4bab87f393b8e93c8a29f87ac2f8279ebd9de6ca63f25604bbf49f
case-02042,4cccd5440db4f0a149314052b4b81dd31036156795324de8c989cf2f8c1c7aeb,CONTROLLED_TEST_MUTATION,unknown_source,False,True,0.0385,True,0.3554,False,4.231,EVIDENCE_ROLE_SOURCE_NOT_ALLOWED|EVIDENCE_SOURCE_ID_UNKNOWN|EVIDENCE_SOURCE_POLICY_MISSING,b2d83222fe4bab87f393b8e93c8a29f87ac2f8279ebd9de6ca63f25604bbf49f
case-02043,fab447acd65ce2e8cc4271310af5d085f6fb37160fa6bf083ddfa11bc859d100,CONTROLLED_TEST_MUTATION,expired_import,False,True,0.0397,False,0.2864,False,3.9199,EVIDENCE_STALE,b2d83222fe4bab87f393b8e93c8a29f87ac2f8279ebd9de6ca63f25604bbf49f
case-02044,275f5550334acc7f394bdaf3080bc31b40947034ffe29932ec62dcc8af332913,CONTROLLED_TEST_MUTATION,empty_payload,False,False,0.0401,False,0.0313,False,4.0342,EVIDENCE_PAYLOAD_EMPTY|EVIDENCE_PAYLOAD_SCHEMA_INVALID|EVIDENCE_SNAPSHOT_CONFLICT,b2d83222fe4bab87f393b8e93c8a29f87ac2f8279ebd9de6ca63f25604bbf49f
case-02045,c3325d8f7c5aa387162b1b5903469a752b1e6ab98207da97b58a7a7e53e892c1,CONTROLLED_TEST_MUTATION,role_conflict,False,True,0.0494,True,0.4036,False,4.5401,EVIDENCE_ROLE_CONFLICT,b2d83222fe4bab87f393b8e93c8a29f87ac2f8279ebd9de6ca63f25604bbf49f
case-02046,c965b2063041ecaecebd9ffd8cd95a9e7782ea8185f78aa73ac82b76de4d14bf,CONTROLLED_TEST_MUTATION,wrong_context,False,True,0.0512,True,0.4039,False,4.1754,EVIDENCE_CONTEXT_MISMATCH,b2d83222fe4bab87f393b8e93c8a29f87ac2f8279ebd9de6ca63f25604bbf49f
case-02047,6821b246fa40be1cc940b5378290c48528a3b5f3e16ff3b456c564cff36b1864,CLEAN_TEST_FIXTURE,none,True,True,0.0384,True,0.3446,True,4.1278,ALL_REQUIRED_EVIDENCE_TRUSTWORTHY,b2d83222fe4bab87f393b8e93c8a29f87ac2f8279ebd9de6ca63f25604bbf49f
case-02048,2f4f467e8e74d90a4da6cdbb2e6a20f87709ff955f93ee56908e3923b247f2f5,CLEAN_TEST_FIXTURE,none,True,True,0.0419,True,0.3682,True,4.0155,ALL_REQUIRED_EVIDENCE_TRUSTWORTHY,b2d83222fe4bab87f393b8e93c8a29f87ac2f8279ebd9de6ca63f25604bbf49f
case-02049,ef691d3acc5b0750290625479f9ca2e36e9a92116a29236c93ae815a472253b9,CONTROLLED_TEST_MUTATION,snapshot_score_conflict,False,True,0.042,True,0.3623,False,4.0034,EVIDENCE_SNAPSHOT_CONFLICT,b2d83222fe4bab87f393b8e93c8a29f87ac2f8279ebd9de6ca63f25604bbf49f
case-02050,9c8910c4a38ca78a2aee5272de87bec108729e9f35c18ed5eaff4ba0a2ee2bfe,CONTROLLED_TEST_MUTATION,snapshot_score_conflict,False,True,0.0383,True,0.3662,False,3.9919,EVIDENCE_SNAPSHOT_CONFLICT,b2d83222fe4bab87f393b8e93c8a29f87ac2f8279ebd9de6ca63f25604bbf49f
case-02051,46197f35fa1cdbb1d23c08cfe0c9b525f6107048e09a931991327239b77c1c1b,CONTROLLED_TEST_MUTATION,future_timestamp,False,True,0.052,False,0.3625,False,4.1583,EVIDENCE_FRESHNESS_UNKNOWN|EVIDENCE_TIMESTAMP_IN_FUTURE,b2d83222fe4bab87f393b8e93c8a29f87ac2f8279ebd9de6ca63f25604bbf49f
case-02052,c86ab932f10b550fee0773fbbcc811c82fc195623e2198527e84b332d1d44eb8,CONTROLLED_TEST_MUTATION,excluded_ancestor,False,True,0.0468,True,0.3912,False,6.3732,REQUIRED_INPUT_EXCLUDED,b2d83222fe4bab87f393b8e93c8a29f87ac2f8279ebd9de6ca63f25604bbf49f
case-02053,fa2dd1fde53b5252f7fa9addb0f24878b1fcf27e5851e65a19f63acfdcb5b2ad,CONTROLLED_TEST_MUTATION,missing_lineage,False,True,0.0441,True,0.371,False,5.1062,EVIDENCE_LINEAGE_INCOMPLETE,b2d83222fe4bab87f393b8e93c8a29f87ac2f8279ebd9de6ca63f25604bbf49f
case-02054,fbfe465832cd294fc894cc18bdb7b72ba860ec3142c358d902d96d301f6deb5a,CONTROLLED_TEST_MUTATION,root_signature_tamper_after_seal,False,True,0.0449,True,0.3673,False,4.1227,EVIDENCE_ROOT_INVALID,b2d83222fe4bab87f393b8e93c8a29f87ac2f8279ebd9de6ca63f25604bbf49f
case-02055,d49a0b923214c40be09814cfcf0e4508553f3f0b114bf816121a03ffbbed27f9,CONTROLLED_TEST_MUTATION,role_conflict,False,True,0.045,True,0.3808,False,4.6981,EVIDENCE_ROLE_CONFLICT,b2d83222fe4bab87f393b8e93c8a29f87ac2f8279ebd9de6ca63f25604bbf49f
case-02056,f1744e6be92711e03a115d042de29f417d4fc7e3f5e7f41c2b63e40cd5dc5246,CONTROLLED_TEST_MUTATION,excluded_ancestor,False,True,0.0493,True,0.408,False,4.3562,REQUIRED_INPUT_EXCLUDED,b2d83222fe4bab87f393b8e93c8a29f87ac2f8279ebd9de6ca63f25604bbf49f
case-02057,b8e7e9881e9056438755142bec07ff160686ffdb3df9550c0720c3428ab8857b,CONTROLLED_TEST_MUTATION,expired_import,False,True,0.051,False,0.3446,False,4.4226,EVIDENCE_STALE,b2d83222fe4bab87f393b8e93c8a29f87ac2f8279ebd9de6ca63f25604bbf49f
case-02058,6cd2bf964446a0b90763fb12ee6f1e5175d2612979e9ed3735ed6a128b35f71f,CONTROLLED_TEST_MUTATION,expired_import,False,True,0.0432,False,0.3083,False,4.2945,EVIDENCE_STALE,b2d83222fe4bab87f393b8e93c8a29f87ac2f8279ebd9de6ca63f25604bbf49f
case-02059,b49adbdc7c1717c51e065871610c8baf2098ddcce2bc1279a9dcb4c140f6217f,CONTROLLED_TEST_MUTATION,missing_direct_role,False,False,0.0292,False,0.0156,False,4.0018,REQUIRED_ROLE_MISSING,b2d83222fe4bab87f393b8e93c8a29f87ac2f8279ebd9de6ca63f25604bbf49f
case-02060,306d05939d1f64b91777967941dcc9855022731a074783464dd9be5f92f690dd,CONTROLLED_TEST_MUTATION,unavailable_record,False,True,0.0473,False,0.3729,False,6.9181,EVIDENCE_LINEAGE_INCOMPLETE|EVIDENCE_UNAVAILABLE,b2d83222fe4bab87f393b8e93c8a29f87ac2f8279ebd9de6ca63f25604bbf49f
case-02061,6b4cc378361dca716d9e705ccbdcec41836bafc8d60bad12b8024643abc629d0,CONTROLLED_TEST_MUTATION,lineage_cycle,False,True,0.0434,True,0.3619,False,4.5228,EVIDENCE_LINEAGE_INVALID,b2d83222fe4bab87f393b8e93c8a29f87ac2f8279ebd9de6ca63f25604bbf49f
case-02062,2e422cc35f23546dfe27100cf89e251a3607feb0d168efb1ff7f00c3e4e169fa,CONTROLLED_TEST_MUTATION,future_timestamp,False,True,0.0444,False,0.3361,False,4.4198,EVIDENCE_FRESHNESS_UNKNOWN|EVIDENCE_TIMESTAMP_IN_FUTURE,b2d83222fe4bab87f393b8e93c8a29f87ac2f8279ebd9de6ca63f25604bbf49f
case-02063,df5b97cd970cb572c353c540a46335b6080dd3e92b78b5e25948f0f3bbb7d176,CONTROLLED_TEST_MUTATION,empty_payload,False,False,0.0442,False,0.0321,False,4.0531,EVIDENCE_PAYLOAD_EMPTY|EVIDENCE_PAYLOAD_SCHEMA_INVALID|EVIDENCE_SNAPSHOT_CONFLICT,b2d83222fe4bab87f393b8e93c8a29f87ac2f8279ebd9de6ca63f25604bbf49f
case-02064,0de3fbb96366dc8b510546229eb0e9941d278347fd8e86cd7d0b65a2535ada4c,CONTROLLED_TEST_MUTATION,source_type_impersonation,False,True,0.0496,True,0.389,False,5.5195,EVIDENCE_ROLE_SOURCE_NOT_ALLOWED|OPERATOR_EVIDENCE_UNVERIFIED,b2d83222fe4bab87f393b8e93c8a29f87ac2f8279ebd9de6ca63f25604bbf49f
case-02065,13b189de653d9cb5e244fc6f31b166e329cba9112aceaec8a93a0b9379f508d9,CONTROLLED_TEST_MUTATION,excluded_ancestor,False,True,0.0474,True,0.8219,False,7.1904,REQUIRED_INPUT_EXCLUDED,b2d83222fe4bab87f393b8e93c8a29f87ac2f8279ebd9de6ca63f25604bbf49f
case-02066,bb6851008de26cbeb25b0b1ce3d991a9fc904e39863cb71e15e0f2108f11efd9,CONTROLLED_TEST_MUTATION,lineage_cycle,False,True,0.0512,True,0.3906,False,4.5206,EVIDENCE_LINEAGE_INVALID,b2d83222fe4bab87f393b8e93c8a29f87ac2f8279ebd9de6ca63f25604bbf49f
case-02067,d26222fe5c4f353349df6fe6003c828428691c80df84f0cda4a27d1d94c40b52,CONTROLLED_TEST_MUTATION,lineage_cycle,False,True,0.0429,True,0.3636,False,4.8703,EVIDENCE_LINEAGE_INVALID,b2d83222fe4bab87f393b8e93c8a29f87ac2f8279ebd9de6ca63f25604bbf49f
case-02068,8c9bdcff664875bd06788abfd919f64f348b8660c4a10b96cd5921304866b9ca,CONTROLLED_TEST_MUTATION,lineage_cycle,False,True,0.0425,True,0.3583,False,4.1571,EVIDENCE_LINEAGE_INVALID,b2d83222fe4bab87f393b8e93c8a29f87ac2f8279ebd9de6ca63f25604bbf49f
case-02069,7373c96929df3914a6ba5c30df0c3b3c464689661d6442da22f145a0bd6e8782,CLEAN_TEST_FIXTURE,none,True,True,0.0407,True,0.3536,True,7.5737,ALL_REQUIRED_EVIDENCE_TRUSTWORTHY,b2d83222fe4bab87f393b8e93c8a29f87ac2f8279ebd9de6ca63f25604bbf49f
case-02070,ab30e797ee110684785e91f0a5549ad07e6714102a0b563df741d48f20ae0492,CONTROLLED_TEST_MUTATION,malformed_payload,False,True,0.0411,True,0.3473,False,4.2056,EVIDENCE_PAYLOAD_SCHEMA_INVALID|EVIDENCE_SNAPSHOT_CONFLICT,b2d83222fe4bab87f393b8e93c8a29f87ac2f8279ebd9de6ca63f25604bbf49f
case-02071,9df564a3f1cef41ade4165edfc30d19aacf248bc0f08a887cfcf44111b8e5619,CONTROLLED_TEST_MUTATION,excluded_ancestor,False,True,0.0421,True,0.3604,False,4.22,REQUIRED_INPUT_EXCLUDED,b2d83222fe4bab87f393b8e93c8a29f87ac2f8279ebd9de6ca63f25604bbf49f
case-02072,e0a1041efe40cf37cbda9ffe7368b1c185dc7c0af2b87283c19e6776fe704b41,CONTROLLED_TEST_MUTATION,wrong_context,False,True,0.0395,True,0.349,False,6.5404,EVIDENCE_CONTEXT_MISMATCH,b2d83222fe4bab87f393b8e93c8a29f87ac2f8279ebd9de6ca63f25604bbf49f
case-02073,eb0bbd0c5f74dbefe320235a7939db24e240a10867a7accab51160793fb6c99c,CONTROLLED_TEST_MUTATION,missing_direct_role,False,False,0.0224,False,0.015,False,3.5984,REQUIRED_ROLE_MISSING,b2d83222fe4bab87f393b8e93c8a29f87ac2f8279ebd9de6ca63f25604bbf49f
case-02074,f6afb1752c90e593384b96b38aeb9ed86b730caa5a63b004aa14844904240884,CLEAN_TEST_FIXTURE,none,True,True,0.0446,True,0.3718,True,4.1145,ALL_REQUIRED_EVIDENCE_TRUSTWORTHY,b2d83222fe4bab87f393b8e93c8a29f87ac2f8279ebd9de6ca63f25604bbf49f
case-02075,c8c07785b815d7f8c0137cb2f2e2fe5049f9ce97796a5245ec57b645b1ed2f25,CONTROLLED_TEST_MUTATION,stale_live_observation,False,True,0.0407,False,0.3446,False,4.2776,EVIDENCE_STALE,b2d83222fe4bab87f393b8e93c8a29f87ac2f8279ebd9de6ca63f25604bbf49f
case-02076,10a9afa19ee3d62e6662b753af51e1fd499ab21ba82e809a35975810b52a61a8,CONTROLLED_TEST_MUTATION,empty_payload,False,False,0.0481,False,0.0347,False,4.5047,EVIDENCE_PAYLOAD_EMPTY|EVIDENCE_PAYLOAD_SCHEMA_INVALID|EVIDENCE_SNAPSHOT_CONFLICT,b2d83222fe4bab87f393b8e93c8a29f87ac2f8279ebd9de6ca63f25604bbf49f
case-02077,fc7508cacc7e42971ed70be1aeaa60f405d9bf66e4a9c2d88b72026914f900e7,CLEAN_TEST_FIXTURE,none,True,True,0.0426,True,0.3597,True,4.6072,ALL_REQUIRED_EVIDENCE_TRUSTWORTHY,b2d83222fe4bab87f393b8e93c8a29f87ac2f8279ebd9de6ca63f25604bbf49f
case-02078,66a75600ac65e4adbb0ad76622b4b50a908947aea43c6c4d0f27cf1160644fcb,CONTROLLED_TEST_MUTATION,unavailable_record,False,True,0.0499,False,0.3628,False,5.0802,EVIDENCE_LINEAGE_INCOMPLETE|EVIDENCE_UNAVAILABLE,b2d83222fe4bab87f393b8e93c8a29f87ac2f8279ebd9de6ca63f25604bbf49f
case-02079,e4e57deb1545d34c1708704e8fbf32ce399fbffb51b7f8dc787ee67e3e7faa8e,CONTROLLED_TEST_MUTATION,source_type_impersonation,False,True,0.0763,True,0.6355,False,4.4475,EVIDENCE_ROLE_SOURCE_NOT_ALLOWED|OPERATOR_EVIDENCE_UNVERIFIED,b2d83222fe4bab87f393b8e93c8a29f87ac2f8279ebd9de6ca63f25604bbf49f
case-02080,8ae4b3bbb4a8d913664734614594eed8705c2d5b53b61c880ff8e0a430b951a6,CLEAN_TEST_FIXTURE,none,True,True,0.0405,True,0.3548,True,4.0083,ALL_REQUIRED_EVIDENCE_TRUSTWORTHY,b2d83222fe4bab87f393b8e93c8a29f87ac2f8279ebd9de6ca63f25604bbf49f
case-02081,6eb11fb0dc4a69648dbfa9694863846b93ee78277b531a52ceca57b8e90c664d,CONTROLLED_TEST_MUTATION,root_signature_tamper_after_seal,False,True,0.0418,True,0.3659,False,4.0082,EVIDENCE_ROOT_INVALID,b2d83222fe4bab87f393b8e93c8a29f87ac2f8279ebd9de6ca63f25604bbf49f
case-02082,5cb065d7aa637c9ed98062051b3078841f49dd5c5f20e068b7580eaba0822913,CLEAN_TEST_FIXTURE,none,True,True,0.0385,True,0.3511,True,3.987,ALL_REQUIRED_EVIDENCE_TRUSTWORTHY,b2d83222fe4bab87f393b8e93c8a29f87ac2f8279ebd9de6ca63f25604bbf49f
case-02083,cd6810b7a985d0cfb4f1ed6e9b5781fdf30f3dd7cffa92f31246c5962612bfaf,CONTROLLED_TEST_MUTATION,wrong_context,False,True,0.0409,True,0.3597,False,3.9967,EVIDENCE_CONTEXT_MISMATCH,b2d83222fe4bab87f393b8e93c8a29f87ac2f8279ebd9de6ca63f25604bbf49f
case-02084,81f862e63d7e5ab553567cb1f050202fbf0a02196f2ce75c48540a8c60ba8bb8,CONTROLLED_TEST_MUTATION,empty_payload,False,False,0.0463,False,0.0326,False,4.4228,EVIDENCE_PAYLOAD_EMPTY|EVIDENCE_PAYLOAD_SCHEMA_INVALID|EVIDENCE_SNAPSHOT_CONFLICT,b2d83222fe4bab87f393b8e93c8a29f87ac2f8279ebd9de6ca63f25604bbf49f
case-02085,b422194f2314000ad81882073f04b7f78660b0bc942e6a87f6b02a3551eb0103,CONTROLLED_TEST_MUTATION,wrong_context,False,True,0.0454,True,0.3763,False,4.1164,EVIDENCE_CONTEXT_MISMATCH,b2d83222fe4bab87f393b8e93c8a29f87ac2f8279ebd9de6ca63f25604bbf49f
case-02086,d5ec8f2ec80c3ebcdcfd99cbbbcc1d3ab105d94448f103c331d6c0aec96992d0,CONTROLLED_TEST_MUTATION,stale_live_observation,False,True,0.0391,False,0.3322,False,5.8963,EVIDENCE_STALE,b2d83222fe4bab87f393b8e93c8a29f87ac2f8279ebd9de6ca63f25604bbf49f
case-02087,1675319959c4e7a3df56491f595f425c38b72f86e73f9ea96ff20337df84a348,CLEAN_TEST_FIXTURE,none,True,True,0.0419,True,0.3692,True,4.2705,ALL_REQUIRED_EVIDENCE_TRUSTWORTHY,b2d83222fe4bab87f393b8e93c8a29f87ac2f8279ebd9de6ca63f25604bbf49f
case-02088,ba38505f8bbf7968a0ca6be108d23a7982f90f417da37f651ffc89f0fd53c6fc,CONTROLLED_TEST_MUTATION,source_type_impersonation,False,True,0.0414,True,0.3572,False,4.2237,EVIDENCE_ROLE_SOURCE_NOT_ALLOWED|OPERATOR_EVIDENCE_UNVERIFIED,b2d83222fe4bab87f393b8e93c8a29f87ac2f8279ebd9de6ca63f25604bbf49f
case-02089,92d4144de39e4dfe12abac802f762537cc0c2fa42d378f3cdaf7d473c52c914f,CONTROLLED_TEST_MUTATION,unavailable_record,False,True,0.0388,False,0.3179,False,8.1989,EVIDENCE_LINEAGE_INCOMPLETE|EVIDENCE_UNAVAILABLE,b2d83222fe4bab87f393b8e93c8a29f87ac2f8279ebd9de6ca63f25604bbf49f
case-02090,aebbb4f3ce0c9c4e3eb632a0f492506923e400aa67ed742ea5f1c5eab6fc530a,CLEAN_TEST_FIXTURE,none,True,True,0.0433,True,0.3614,True,4.1762,ALL_REQUIRED_EVIDENCE_TRUSTWORTHY,b2d83222fe4bab87f393b8e93c8a29f87ac2f8279ebd9de6ca63f25604bbf49f
case-02091,1bd474ed7a1982615f47726b7d61b803acd82cf7dbcbb04e672d696fd6501d86,CONTROLLED_TEST_MUTATION,empty_payload,False,False,0.0492,False,0.0327,False,4.211,EVIDENCE_PAYLOAD_EMPTY|EVIDENCE_PAYLOAD_SCHEMA_INVALID|EVIDENCE_SNAPSHOT_CONFLICT,b2d83222fe4bab87f393b8e93c8a29f87ac2f8279ebd9de6ca63f25604bbf49f
case-02092,3ee98a68cc6c858609f87734a0e56dd81cbfa07548060880879f085a12952976,CLEAN_TEST_FIXTURE,none,True,True,0.0392,True,0.5077,True,6.5792,ALL_REQUIRED_EVIDENCE_TRUSTWORTHY,b2d83222fe4bab87f393b8e93c8a29f87ac2f8279ebd9de6ca63f25604bbf49f
case-02093,03934b9fd919980744bd9254cde35035d29123cfc40925d62c146a8dc7a4b1c8,CLEAN_TEST_FIXTURE,none,True,True,0.041,True,0.3557,True,4.0922,ALL_REQUIRED_EVIDENCE_TRUSTWORTHY,b2d83222fe4bab87f393b8e93c8a29f87ac2f8279ebd9de6ca63f25604bbf49f
case-02094,a46c4e07154446ff31a1db0f832ce2f2bb0121ee3e0eaa9652ef821bb124efdd,CONTROLLED_TEST_MUTATION,excluded_ancestor,False,True,0.042,True,0.362,False,4.1231,REQUIRED_INPUT_EXCLUDED,b2d83222fe4bab87f393b8e93c8a29f87ac2f8279ebd9de6ca63f25604bbf49f
case-02095,4db1e6bfe53ba5e5b381737cfc54fe28f8114a15119f00a2c6f39a224a8edcd9,CONTROLLED_TEST_MUTATION,root_signature_tamper_after_seal,False,True,0.0395,True,0.3469,False,3.9857,EVIDENCE_ROOT_INVALID,b2d83222fe4bab87f393b8e93c8a29f87ac2f8279ebd9de6ca63f25604bbf49f
case-02096,4db97db40670a0e4739d8c8dbe7d526701b39768066c9dd14733bba105d8e4c5,CONTROLLED_TEST_MUTATION,wrong_context,False,True,0.046,True,0.3659,False,4.0768,EVIDENCE_CONTEXT_MISMATCH,b2d83222fe4bab87f393b8e93c8a29f87ac2f8279ebd9de6ca63f25604bbf49f
case-02097,381d94baa7bf3c42dad288e3ed14f2b985ed90666f8476cf886c6457db5bffd9,CONTROLLED_TEST_MUTATION,unknown_source,False,True,0.0464,True,0.3555,False,4.3206,EVIDENCE_ROLE_SOURCE_NOT_ALLOWED|EVIDENCE_SOURCE_ID_UNKNOWN|EVIDENCE_SOURCE_POLICY_MISSING,b2d83222fe4bab87f393b8e93c8a29f87ac2f8279ebd9de6ca63f25604bbf49f
case-02098,777c365ad05d92c2ba0a8db2297730c03bd59429820a113e5f22d989f8806a59,CONTROLLED_TEST_MUTATION,unknown_source,False,True,0.0401,True,0.3533,False,3.964,EVIDENCE_ROLE_SOURCE_NOT_ALLOWED|EVIDENCE_SOURCE_ID_UNKNOWN|EVIDENCE_SOURCE_POLICY_MISSING,b2d83222fe4bab87f393b8e93c8a29f87ac2f8279ebd9de6ca63f25604bbf49f
case-02099,52bad447ec1b8775eef63297ed90c078b3f1d5269c9a51e2092b1d4bff316168,CONTROLLED_TEST_MUTATION,unknown_source,False,True,0.0387,True,0.3499,False,6.8668,EVIDENCE_ROLE_SOURCE_NOT_ALLOWED|EVIDENCE_SOURCE_ID_UNKNOWN|EVIDENCE_SOURCE_POLICY_MISSING,b2d83222fe4bab87f393b8e93c8a29f87ac2f8279ebd9de6ca63f25604bbf49f
case-02100,dc590d97e20a2cbdca745a38b990034733afeceac6f48a0478cbda1b259609f5,CONTROLLED_TEST_MUTATION,incomplete_payload,False,True,0.0381,False,0.1584,False,3.9336,EVIDENCE_PAYLOAD_INCOMPLETE,b2d83222fe4bab87f393b8e93c8a29f87ac2f8279ebd9de6ca63f25604bbf49f
case-02101,d970699d6426b106600411acf04d6505a3938d9d6506a9d2937707db5687a0ac,CONTROLLED_TEST_MUTATION,malformed_payload,False,True,0.0402,True,0.3396,False,3.8396,EVIDENCE_PAYLOAD_SCHEMA_INVALID|EVIDENCE_SNAPSHOT_CONFLICT,b2d83222fe4bab87f393b8e93c8a29f87ac2f8279ebd9de6ca63f25604bbf49f
case-02102,bf595255100e70c13ec91454b269a22fe08533c1715bdcf606de227b6280f529,CONTROLLED_TEST_MUTATION,missing_direct_role,False,False,0.0198,False,0.0146,False,3.3893,REQUIRED_ROLE_MISSING,b2d83222fe4bab87f393b8e93c8a29f87ac2f8279ebd9de6ca63f25604bbf49f
case-02103,4dade01dc1661160e8f7c3e5b89f883a7c9ea6bbb0c8f7ae9c63a835180bd2f2,CONTROLLED_TEST_MUTATION,future_timestamp,False,True,0.0408,False,0.3227,False,3.9877,EVIDENCE_FRESHNESS_UNKNOWN|EVIDENCE_TIMESTAMP_IN_FUTURE,b2d83222fe4bab87f393b8e93c8a29f87ac2f8279ebd9de6ca63f25604bbf49f
case-02104,765de3563c92c1379f35cf1e88830484dc35a2b2edaaa43b6807b2335a7e572f,CONTROLLED_TEST_MUTATION,broken_lineage,False,True,0.0388,True,0.3368,False,3.8994,EVIDENCE_LINEAGE_INVALID,b2d83222fe4bab87f393b8e93c8a29f87ac2f8279ebd9de6ca63f25604bbf49f
case-02105,baebfb44f73db16e9ce266cad67ccd65824247787e8354608a6d6af99ab70a40,CONTROLLED_TEST_MUTATION,expired_import,False,True,0.0403,False,0.2856,False,3.9265,EVIDENCE_STALE,b2d83222fe4bab87f393b8e93c8a29f87ac2f8279ebd9de6ca63f25604bbf49f
case-02106,ad6306cfa7bf79bd2d8e940a2a8fdb13d363ed11920186f00219cc04f0b1f519,CONTROLLED_TEST_MUTATION,stale_live_observation,False,True,0.0386,False,0.3107,False,4.1833,EVIDENCE_STALE,b2d83222fe4bab87f393b8e93c8a29f87ac2f8279ebd9de6ca63f25604bbf49f
case-02107,035aebbea229cf0fac832561552eeb0a767c0d7c54d3ac2f0b69bed4c1a778a7,CLEAN_TEST_FIXTURE,none,True,True,0.1161,True,0.3617,True,4.0061,ALL_REQUIRED_EVIDENCE_TRUSTWORTHY,b2d83222fe4bab87f393b8e93c8a29f87ac2f8279ebd9de6ca63f25604bbf49f
case-02108,854ffe135afa83ceb5d72173e968a52d5afc4591a6bd6bcf084e0dee16e9a86a,CONTROLLED_TEST_MUTATION,malformed_payload,False,True,0.0382,True,0.3452,False,4.4143,EVIDENCE_PAYLOAD_SCHEMA_INVALID|EVIDENCE_SNAPSHOT_CONFLICT,b2d83222fe4bab87f393b8e93c8a29f87ac2f8279ebd9de6ca63f25604bbf49f
case-02109,fe4054ea8d04e26979b15470861999206ffc6e55a5e0faf92ef7ae25d23c9a86,CONTROLLED_TEST_MUTATION,expired_import,False,True,0.0348,False,0.2665,False,3.6813,EVIDENCE_STALE,b2d83222fe4bab87f393b8e93c8a29f87ac2f8279ebd9de6ca63f25604bbf49f
case-02110,5b0159acedafdac1146d5d0bde77445e4925e01012f1ae8e9eb2407406724e64,CONTROLLED_TEST_MUTATION,broken_lineage,False,True,0.0349,True,0.3616,False,5.1162,EVIDENCE_LINEAGE_INVALID,b2d83222fe4bab87f393b8e93c8a29f87ac2f8279ebd9de6ca63f25604bbf49f
case-02111,d807fab8e2ebcaad4a9f31ff23ce9f34212a10e242444ff8d1695065ce166d1c,CONTROLLED_TEST_MUTATION,snapshot_score_conflict,False,True,0.0382,True,0.3663,False,3.8396,EVIDENCE_SNAPSHOT_CONFLICT,b2d83222fe4bab87f393b8e93c8a29f87ac2f8279ebd9de6ca63f25604bbf49f
case-02112,b42c156a87d509ffa45b0e56ec0d6543b669b3f23524d42037285c4854527762,CONTROLLED_TEST_MUTATION,excluded_ancestor,False,True,0.0358,True,0.4317,False,3.7286,REQUIRED_INPUT_EXCLUDED,b2d83222fe4bab87f393b8e93c8a29f87ac2f8279ebd9de6ca63f25604bbf49f
case-02113,125584d8df7795a75f5c124c7f745169f46276122e3d6c1d28d5c433c2a59c14,CONTROLLED_TEST_MUTATION,broken_lineage,False,True,0.0343,True,0.3333,False,3.5397,EVIDENCE_LINEAGE_INVALID,b2d83222fe4bab87f393b8e93c8a29f87ac2f8279ebd9de6ca63f25604bbf49f
case-02114,ff912dcc136e34588069ffc1ff56b665a0fb24400cc3fb16ce0400be57861340,CLEAN_TEST_FIXTURE,none,True,True,0.0683,True,0.3455,True,5.1516,ALL_REQUIRED_EVIDENCE_TRUSTWORTHY,b2d83222fe4bab87f393b8e93c8a29f87ac2f8279ebd9de6ca63f25604bbf49f
case-02115,61648cdaa3bdfbc6f198faa88af90533327efb526a52dee7f4dca19acecd816a,CLEAN_TEST_FIXTURE,none,True,True,0.0358,True,0.3453,True,3.839,ALL_REQUIRED_EVIDENCE_TRUSTWORTHY,b2d83222fe4bab87f393b8e93c8a29f87ac2f8279ebd9de6ca63f25604bbf49f
case-02116,ec812d625f9b7eeba95a8831d7c635cdd73c5ba00f0803a8b133624a9c46fa6b,CONTROLLED_TEST_MUTATION,source_type_impersonation,False,True,0.0388,True,0.3392,False,3.6326,EVIDENCE_ROLE_SOURCE_NOT_ALLOWED|OPERATOR_EVIDENCE_UNVERIFIED,b2d83222fe4bab87f393b8e93c8a29f87ac2f8279ebd9de6ca63f25604bbf49f
case-02117,0377cac1b5965d1bf5f49404f5de839f8558ed91c1313c985ecf3c327f150bca,CONTROLLED_TEST_MUTATION,malformed_payload,False,True,0.0333,True,0.3093,False,3.7121,EVIDENCE_PAYLOAD_SCHEMA_INVALID|EVIDENCE_SNAPSHOT_CONFLICT,b2d83222fe4bab87f393b8e93c8a29f87ac2f8279ebd9de6ca63f25604bbf49f
case-02118,4350a963a3d64f11328da5345307f229a2d6f10171b26ed441b65f3a105badf2,CLEAN_TEST_FIXTURE,none,True,True,0.0509,True,0.4704,True,3.9031,ALL_REQUIRED_EVIDENCE_TRUSTWORTHY,b2d83222fe4bab87f393b8e93c8a29f87ac2f8279ebd9de6ca63f25604bbf49f
case-02119,29892a7b77b763aa7b8bb0550ad7be5aad62ceb886b5193c65308d907a11ba28,CONTROLLED_TEST_MUTATION,missing_lineage,False,True,0.041,True,0.3567,False,4.2005,EVIDENCE_LINEAGE_INCOMPLETE,b2d83222fe4bab87f393b8e93c8a29f87ac2f8279ebd9de6ca63f25604bbf49f
case-02120,2f0d673c503f8d22c4bd6046bb6136a4b1a00d822b1d2c9b62c3c2daa6d773d5,CONTROLLED_TEST_MUTATION,missing_lineage,False,True,0.0374,True,0.3431,False,3.7189,EVIDENCE_LINEAGE_INCOMPLETE,b2d83222fe4bab87f393b8e93c8a29f87ac2f8279ebd9de6ca63f25604bbf49f
case-02121,f35393bae15c62b72521b54a2254d631d28fba5925c6acad01d32a17ac8af979,CONTROLLED_TEST_MUTATION,empty_payload,False,False,0.0384,False,0.0291,False,3.5823,EVIDENCE_PAYLOAD_EMPTY|EVIDENCE_PAYLOAD_SCHEMA_INVALID|EVIDENCE_SNAPSHOT_CONFLICT,b2d83222fe4bab87f393b8e93c8a29f87ac2f8279ebd9de6ca63f25604bbf49f
case-02122,fd6976b7e198d5b6d707244acbb07a86793d1049a7d9551ceaa3ce0a43923871,CONTROLLED_TEST_MUTATION,stale_live_observation,False,True,0.0385,False,0.2979,False,3.7362,EVIDENCE_STALE,b2d83222fe4bab87f393b8e93c8a29f87ac2f8279ebd9de6ca63f25604bbf49f
case-02123,34767f4dd8f8223e4635ffb988cb7dc706605cb23d01b2decd16299f7ff6799a,CONTROLLED_TEST_MUTATION,source_type_impersonation,False,True,0.0353,True,0.3591,False,3.5944,EVIDENCE_ROLE_SOURCE_NOT_ALLOWED|OPERATOR_EVIDENCE_UNVERIFIED,b2d83222fe4bab87f393b8e93c8a29f87ac2f8279ebd9de6ca63f25604bbf49f
case-02124,6483d5770692339036b2cfa6e77f4d81e9213aa553b0aafdd0c2abdb0cedc69e,CONTROLLED_TEST_MUTATION,stale_live_observation,False,True,0.0357,False,0.2919,False,3.8487,EVIDENCE_STALE,b2d83222fe4bab87f393b8e93c8a29f87ac2f8279ebd9de6ca63f25604bbf49f
case-02125,a54b05c4e60b34d0be91463f60f400875b6aab1b5c8938c85887fffc07d1ce31,CONTROLLED_TEST_MUTATION,unavailable_record,False,True,0.0353,False,0.2919,False,3.6735,EVIDENCE_LINEAGE_INCOMPLETE|EVIDENCE_UNAVAILABLE,b2d83222fe4bab87f393b8e93c8a29f87ac2f8279ebd9de6ca63f25604bbf49f
case-02126,ba4989dc1703c88fca624a037b5abbf9ea64317c9bee40bf95914b846b806185,CONTROLLED_TEST_MUTATION,snapshot_score_conflict,False,True,0.036,True,0.3361,False,4.1776,EVIDENCE_SNAPSHOT_CONFLICT,b2d83222fe4bab87f393b8e93c8a29f87ac2f8279ebd9de6ca63f25604bbf49f
case-02127,4f7b52364d69355e659250f0c1d5d9fbee767d00968286da4eda4b5ed7c04fcb,CONTROLLED_TEST_MUTATION,snapshot_score_conflict,False,True,0.0355,True,0.3192,False,3.8805,EVIDENCE_SNAPSHOT_CONFLICT,b2d83222fe4bab87f393b8e93c8a29f87ac2f8279ebd9de6ca63f25604bbf49f
case-02128,84ddd0cfa25dde9aede80ae33146cfafbca00730f38040cc4e0d29d45ebff720,CONTROLLED_TEST_MUTATION,payload_tamper_after_seal,False,True,0.0359,False,0.0921,False,3.8296,CHECKSUM_INVALID|EVIDENCE_ROOT_INVALID|EVIDENCE_SNAPSHOT_CONFLICT|RECORD_ENVELOPE_INVALID,b2d83222fe4bab87f393b8e93c8a29f87ac2f8279ebd9de6ca63f25604bbf49f
case-02129,6d029b33f5310faeb802b2c174eba3edb242b68a57242c7ead5d3dfa490e41ff,CONTROLLED_TEST_MUTATION,excluded_ancestor,False,True,0.0466,True,0.3274,False,5.3179,REQUIRED_INPUT_EXCLUDED,b2d83222fe4bab87f393b8e93c8a29f87ac2f8279ebd9de6ca63f25604bbf49f
case-02130,3641cb69d132099eff8ff74b011457ea45064e144a2f244b5195aba78abf69f1,CLEAN_TEST_FIXTURE,none,True,True,0.0354,True,0.3157,True,3.691,ALL_REQUIRED_EVIDENCE_TRUSTWORTHY,b2d83222fe4bab87f393b8e93c8a29f87ac2f8279ebd9de6ca63f25604bbf49f
case-02131,8b74caef00e4ffd7afb7dc63eb207d158ec424062ac80507a635c65cf1ca21f8,CONTROLLED_TEST_MUTATION,expired_import,False,True,0.0352,False,0.2645,False,3.9184,EVIDENCE_STALE,b2d83222fe4bab87f393b8e93c8a29f87ac2f8279ebd9de6ca63f25604bbf49f
case-02132,60158aa56ec1785c40dee4b3c1359cfb29e9526bdff53d9a3f34e946c3628dd9,CLEAN_TEST_FIXTURE,none,True,True,0.0342,True,0.3094,True,3.6441,ALL_REQUIRED_EVIDENCE_TRUSTWORTHY,b2d83222fe4bab87f393b8e93c8a29f87ac2f8279ebd9de6ca63f25604bbf49f
case-02133,366cb8891cd013b3fc64ce82bb6e224c07bc29edb68600f5940d6943f630344d,CONTROLLED_TEST_MUTATION,wrong_context,False,True,0.0334,True,0.3069,False,5.0113,EVIDENCE_CONTEXT_MISMATCH,b2d83222fe4bab87f393b8e93c8a29f87ac2f8279ebd9de6ca63f25604bbf49f
case-02134,a0c1d58036058ad3d4fe83ea38f3e113dea951879339562a682bf9b40ef9f30b,CONTROLLED_TEST_MUTATION,lineage_cycle,False,True,0.0361,True,0.3523,False,3.679,EVIDENCE_LINEAGE_INVALID,b2d83222fe4bab87f393b8e93c8a29f87ac2f8279ebd9de6ca63f25604bbf49f
case-02135,99fbedcf95e9f49def446a7832d283c776dbc816ad61058fb1382324ee9d8d4f,CONTROLLED_TEST_MUTATION,missing_lineage,False,True,0.0354,True,0.3196,False,3.8907,EVIDENCE_LINEAGE_INCOMPLETE,b2d83222fe4bab87f393b8e93c8a29f87ac2f8279ebd9de6ca63f25604bbf49f
case-02136,7619c5ea3542ed8b6605d571abb1db8ec1e574301557539b6485811619558af4,CONTROLLED_TEST_MUTATION,incomplete_payload,False,True,0.0352,False,0.149,False,3.6799,EVIDENCE_PAYLOAD_INCOMPLETE,b2d83222fe4bab87f393b8e93c8a29f87ac2f8279ebd9de6ca63f25604bbf49f
case-02137,63471a291368d4291b586f3f9929c19d8dc913dc51762c79e9b41be87fe58d85,CONTROLLED_TEST_MUTATION,unavailable_record,False,True,0.0345,False,0.2892,False,4.4358,EVIDENCE_LINEAGE_INCOMPLETE|EVIDENCE_UNAVAILABLE,b2d83222fe4bab87f393b8e93c8a29f87ac2f8279ebd9de6ca63f25604bbf49f
case-02138,b303f62f44fba2178c14ff7a3b1613296414b34e6ea3fc3cf8e22799b4ff77d1,CONTROLLED_TEST_MUTATION,empty_payload,False,False,0.038,False,0.0289,False,3.7729,EVIDENCE_PAYLOAD_EMPTY|EVIDENCE_PAYLOAD_SCHEMA_INVALID|EVIDENCE_SNAPSHOT_CONFLICT,b2d83222fe4bab87f393b8e93c8a29f87ac2f8279ebd9de6ca63f25604bbf49f
case-02139,3f62b3fd4789ed0c1f268ed70c6d9811cd028fb596ba7b8905b2092906618384,CONTROLLED_TEST_MUTATION,missing_lineage,False,True,0.0356,True,0.3198,False,3.9784,EVIDENCE_LINEAGE_INCOMPLETE,b2d83222fe4bab87f393b8e93c8a29f87ac2f8279ebd9de6ca63f25604bbf49f
case-02140,3cde0e766f02a9ce4ceab2c9f0c1d2f5cc16571d86413d865b3bb4ef8a2865a1,CLEAN_TEST_FIXTURE,none,True,True,0.0354,True,0.3206,True,3.5947,ALL_REQUIRED_EVIDENCE_TRUSTWORTHY,b2d83222fe4bab87f393b8e93c8a29f87ac2f8279ebd9de6ca63f25604bbf49f
case-02141,8f04f9c36568857813f4aa12d5f57800b28f83837a7b3d95a6c57ac2f4c5277b,CLEAN_TEST_FIXTURE,none,True,True,0.0348,True,0.3187,True,4.8891,ALL_REQUIRED_EVIDENCE_TRUSTWORTHY,b2d83222fe4bab87f393b8e93c8a29f87ac2f8279ebd9de6ca63f25604bbf49f
case-02142,1ed1dd20efb7ac65feb15c51d24d8ca33b01e30e54eaf805304fbcfab4df6d8e,CONTROLLED_TEST_MUTATION,malformed_payload,False,True,0.0373,True,0.315,False,3.5693,EVIDENCE_PAYLOAD_SCHEMA_INVALID|EVIDENCE_SNAPSHOT_CONFLICT,b2d83222fe4bab87f393b8e93c8a29f87ac2f8279ebd9de6ca63f25604bbf49f
case-02143,d50986a77572dcc49d687f128423e7098ab31db93e071be78cfcaee9836e5bed,CONTROLLED_TEST_MUTATION,root_signature_tamper_after_seal,False,True,0.0387,True,0.4188,False,3.7948,EVIDENCE_ROOT_INVALID,b2d83222fe4bab87f393b8e93c8a29f87ac2f8279ebd9de6ca63f25604bbf49f
case-02144,7bc3f76f14362bfd306ba6e8da03e471d97b32eb5d5d0ae92bbc595c38097b01,CONTROLLED_TEST_MUTATION,excluded_ancestor,False,True,0.035,True,0.3185,False,3.6677,REQUIRED_INPUT_EXCLUDED,b2d83222fe4bab87f393b8e93c8a29f87ac2f8279ebd9de6ca63f25604bbf49f
case-02145,d187ed0e8725d4a42ccdf51d505400b530758e8e794dbd35d6a405a303bedff9,CONTROLLED_TEST_MUTATION,expired_import,False,True,0.0337,False,0.2531,False,4.9744,EVIDENCE_STALE,b2d83222fe4bab87f393b8e93c8a29f87ac2f8279ebd9de6ca63f25604bbf49f
case-02146,53a358fdca7d45d8c3ffada1f9d9d3b6bf26a326e4dc2b3ef936aecdc0889a94,CLEAN_TEST_FIXTURE,none,True,True,0.0359,True,0.3199,True,3.6921,ALL_REQUIRED_EVIDENCE_TRUSTWORTHY,b2d83222fe4bab87f393b8e93c8a29f87ac2f8279ebd9de6ca63f25604bbf49f
case-02147,06fc691f84bba7626f7ed39185c0a0ba39956524925e424ad5dbcc291703ccd8,CLEAN_TEST_FIXTURE,none,True,True,0.0365,True,0.3476,True,3.6053,ALL_REQUIRED_EVIDENCE_TRUSTWORTHY,b2d83222fe4bab87f393b8e93c8a29f87ac2f8279ebd9de6ca63f25604bbf49f
case-02148,f8f756a9fda847f4eab436f29f6602aaaf3ef77d70c1546fef61e0c168f01626,CONTROLLED_TEST_MUTATION,root_signature_tamper_after_seal,False,True,0.0339,True,0.3473,False,3.5538,EVIDENCE_ROOT_INVALID,b2d83222fe4bab87f393b8e93c8a29f87ac2f8279ebd9de6ca63f25604bbf49f
case-02149,99cced5dde19b318aeee8d0fa797d5001c51f7275a7146072e446a1a67bfa24b,CONTROLLED_TEST_MUTATION,unavailable_record,False,True,0.0553,False,0.9846,False,3.9724,EVIDENCE_LINEAGE_INCOMPLETE|EVIDENCE_UNAVAILABLE,b2d83222fe4bab87f393b8e93c8a29f87ac2f8279ebd9de6ca63f25604bbf49f
case-02150,82abac00a0d356a0e1d0c3949dc93a7cccd4f0e91fdabd48076523412c18c7a5,CONTROLLED_TEST_MUTATION,snapshot_score_conflict,False,True,0.0395,True,0.3749,False,4.6758,EVIDENCE_SNAPSHOT_CONFLICT,b2d83222fe4bab87f393b8e93c8a29f87ac2f8279ebd9de6ca63f25604bbf49f
case-02151,5a2546d9e444e9a8e8ecd9d9430e64fe18ff7fa3adc8a2fcf46dc3094f11ca22,CLEAN_TEST_FIXTURE,none,True,True,0.0419,True,0.3546,True,4.5553,ALL_REQUIRED_EVIDENCE_TRUSTWORTHY,b2d83222fe4bab87f393b8e93c8a29f87ac2f8279ebd9de6ca63f25604bbf49f
case-02152,e32efde3041b21d54035bb672670ce75a3aab792c7b59974e5ff77b144465fd0,CONTROLLED_TEST_MUTATION,malformed_payload,False,True,0.0399,True,0.358,False,3.8838,EVIDENCE_PAYLOAD_SCHEMA_INVALID|EVIDENCE_SNAPSHOT_CONFLICT,b2d83222fe4bab87f393b8e93c8a29f87ac2f8279ebd9de6ca63f25604bbf49f
case-02153,a13de3fc67d575bbc9b18c9e98340ea9b564299850df5fb09f3bf61c4ea3ed1a,CONTROLLED_TEST_MUTATION,malformed_payload,False,True,0.0373,True,0.3392,False,3.6964,EVIDENCE_PAYLOAD_SCHEMA_INVALID|EVIDENCE_SNAPSHOT_CONFLICT,b2d83222fe4bab87f393b8e93c8a29f87ac2f8279ebd9de6ca63f25604bbf49f
case-02154,4e4603ba439103c63b5b68532b59ff8032e2b62e36d7101e24b1abf1fa6f579e,CONTROLLED_TEST_MUTATION,unavailable_record,False,True,0.0358,False,0.2966,False,4.0385,EVIDENCE_LINEAGE_INCOMPLETE|EVIDENCE_UNAVAILABLE,b2d83222fe4bab87f393b8e93c8a29f87ac2f8279ebd9de6ca63f25604bbf49f
case-02155,f9b55b6731b5b51b9e5c5512206f3f23382fde5d7d86c4af796819166d3a9029,CONTROLLED_TEST_MUTATION,incomplete_payload,False,True,0.0357,False,0.15,False,3.8147,EVIDENCE_PAYLOAD_INCOMPLETE,b2d83222fe4bab87f393b8e93c8a29f87ac2f8279ebd9de6ca63f25604bbf49f
case-02156,ef7e465091b6ba768069b6563c273b64e46a687e038fc2956df5c01b6b2836c4,CONTROLLED_TEST_MUTATION,lineage_cycle,False,True,0.0345,True,0.3325,False,5.2428,EVIDENCE_LINEAGE_INVALID,b2d83222fe4bab87f393b8e93c8a29f87ac2f8279ebd9de6ca63f25604bbf49f
case-02157,cd94cbf943c89e97fbd897bc5c8065eb391d82d38107ccdf953b3346847377c8,CONTROLLED_TEST_MUTATION,snapshot_score_conflict,False,True,0.0357,True,0.3383,False,3.7694,EVIDENCE_SNAPSHOT_CONFLICT,b2d83222fe4bab87f393b8e93c8a29f87ac2f8279ebd9de6ca63f25604bbf49f
case-02158,158bf3591b00946f2cd6689e1ea6a4098cc7b057df09280ee8810c66b9f376ce,CONTROLLED_TEST_MUTATION,role_conflict,False,True,0.0383,True,0.3523,False,4.2067,EVIDENCE_ROLE_CONFLICT,b2d83222fe4bab87f393b8e93c8a29f87ac2f8279ebd9de6ca63f25604bbf49f
case-02159,a4003914ac50118ea81dd7a20b7a368667d389487db2d6e61f3431214ef65de9,CLEAN_TEST_FIXTURE,none,True,True,0.04,True,0.3675,True,3.6868,ALL_REQUIRED_EVIDENCE_TRUSTWORTHY,b2d83222fe4bab87f393b8e93c8a29f87ac2f8279ebd9de6ca63f25604bbf49f
case-02160,ecfc88315fe560bb890fd40135d3f9f405cc07c2bfec9e238a245670b6e453a2,CONTROLLED_TEST_MUTATION,stale_live_observation,False,True,0.0355,False,0.29,False,6.3411,EVIDENCE_STALE,b2d83222fe4bab87f393b8e93c8a29f87ac2f8279ebd9de6ca63f25604bbf49f
case-02161,6ae4ee3b12dec53a78b091193ce3a6ec35dab411b9c8605695137008634680e2,CONTROLLED_TEST_MUTATION,expired_import,False,True,0.035,False,0.2813,False,3.5696,EVIDENCE_STALE,b2d83222fe4bab87f393b8e93c8a29f87ac2f8279ebd9de6ca63f25604bbf49f
case-02162,84753149a3d82b47e9f78f30b41f0d3a2257782791097ef690b793fee1f92006,CLEAN_TEST_FIXTURE,none,True,True,0.0345,True,0.3664,True,3.7746,ALL_REQUIRED_EVIDENCE_TRUSTWORTHY,b2d83222fe4bab87f393b8e93c8a29f87ac2f8279ebd9de6ca63f25604bbf49f
case-02163,aa223e2fbaee00ee69e637c16f8b3d1b542f1b85c78d73a4ced36b479c56c530,CLEAN_TEST_FIXTURE,none,True,True,0.0343,True,0.3087,True,3.7858,ALL_REQUIRED_EVIDENCE_TRUSTWORTHY,b2d83222fe4bab87f393b8e93c8a29f87ac2f8279ebd9de6ca63f25604bbf49f
case-02164,6de6dbea76eb48a418b0c79620ac09ce1536141f1ac541cf657a4653bb46bc9e,CONTROLLED_TEST_MUTATION,lineage_cycle,False,True,0.0446,True,0.4027,False,3.7768,EVIDENCE_LINEAGE_INVALID,b2d83222fe4bab87f393b8e93c8a29f87ac2f8279ebd9de6ca63f25604bbf49f
case-02165,c1591583363b88a4c89a68f4d915c7d84bb6a015f79546bf206d257845f0be66,CONTROLLED_TEST_MUTATION,expired_import,False,True,0.036,False,0.2657,False,3.6553,EVIDENCE_STALE,b2d83222fe4bab87f393b8e93c8a29f87ac2f8279ebd9de6ca63f25604bbf49f
case-02166,7300f08afff6bda31e7c85a87da9660a050dfd8f5a0439fc9e895a03cd91ae56,CONTROLLED_TEST_MUTATION,wrong_context,False,True,0.0348,True,0.3227,False,3.5719,EVIDENCE_CONTEXT_MISMATCH,b2d83222fe4bab87f393b8e93c8a29f87ac2f8279ebd9de6ca63f25604bbf49f
case-02167,23d62a534b8ee7bb9501e333db38d51e39ba6dd9ff544656540d3b8a1efbe689,CONTROLLED_TEST_MUTATION,stale_live_observation,False,True,0.034,False,0.281,False,3.6211,EVIDENCE_STALE,b2d83222fe4bab87f393b8e93c8a29f87ac2f8279ebd9de6ca63f25604bbf49f
case-02168,967c7c5b04495b1cf4c892568df32bfa9010c43057bb2fb632c36b26abcd9537,CONTROLLED_TEST_MUTATION,malformed_payload,False,True,0.0366,True,0.3119,False,3.7271,EVIDENCE_PAYLOAD_SCHEMA_INVALID|EVIDENCE_SNAPSHOT_CONFLICT,b2d83222fe4bab87f393b8e93c8a29f87ac2f8279ebd9de6ca63f25604bbf49f
case-02169,2bdd756afa62d7a833dc65c921883b43a7c8c656f5ddec3a36127a51400059f2,CONTROLLED_TEST_MUTATION,broken_lineage,False,True,0.0338,True,0.311,False,3.7853,EVIDENCE_LINEAGE_INVALID,b2d83222fe4bab87f393b8e93c8a29f87ac2f8279ebd9de6ca63f25604bbf49f
case-02170,bb9728748a67e9548a19c76fc7b1f74a47444c3b79cc9ac795828fe28c5b7862,CONTROLLED_TEST_MUTATION,missing_lineage,False,True,0.0351,True,0.3146,False,3.8721,EVIDENCE_LINEAGE_INCOMPLETE,b2d83222fe4bab87f393b8e93c8a29f87ac2f8279ebd9de6ca63f25604bbf49f
case-02171,dffc16a68e70a4e895ad6efc9da961a5726c769c541bc07448931ffa0cd2ec04,CONTROLLED_TEST_MUTATION,expired_import,False,True,0.0357,False,0.2706,False,5.3613,EVIDENCE_STALE,b2d83222fe4bab87f393b8e93c8a29f87ac2f8279ebd9de6ca63f25604bbf49f
case-02172,13d33a6b20add825ea559e155a4fd57569f41507c2fc6ccbd58a67cf3088fb0d,CONTROLLED_TEST_MUTATION,unknown_source,False,True,0.0366,True,0.3535,False,3.8542,EVIDENCE_ROLE_SOURCE_NOT_ALLOWED|EVIDENCE_SOURCE_ID_UNKNOWN|EVIDENCE_SOURCE_POLICY_MISSING,b2d83222fe4bab87f393b8e93c8a29f87ac2f8279ebd9de6ca63f25604bbf49f
case-02173,1864da76c94168f31f896873a0f9c6979a8694f71b41e9cf4105347d6bf651b7,CLEAN_TEST_FIXTURE,none,True,True,0.0348,True,0.3106,True,4.008,ALL_REQUIRED_EVIDENCE_TRUSTWORTHY,b2d83222fe4bab87f393b8e93c8a29f87ac2f8279ebd9de6ca63f25604bbf49f
case-02174,f4d39b23fe0893dcb1d67011bac1dc58eaf8dfebc6af85e9e88b7fe9a90da50e,CONTROLLED_TEST_MUTATION,stale_live_observation,False,True,0.0338,False,0.2956,False,3.6427,EVIDENCE_STALE,b2d83222fe4bab87f393b8e93c8a29f87ac2f8279ebd9de6ca63f25604bbf49f
case-02175,6d83110100116b168d373ef06ac8bdc360b1e3629d85e9b8a3c2571d3eba2c0d,CONTROLLED_TEST_MUTATION,role_conflict,False,True,0.0388,True,0.3475,False,5.1175,EVIDENCE_ROLE_CONFLICT,b2d83222fe4bab87f393b8e93c8a29f87ac2f8279ebd9de6ca63f25604bbf49f
case-02176,c714e7813493272997ad24db6398b7b32a687bf54b51d1d32fc2630c48ebc27d,CONTROLLED_TEST_MUTATION,incomplete_payload,False,True,0.0371,False,0.1566,False,3.8037,EVIDENCE_PAYLOAD_INCOMPLETE,b2d83222fe4bab87f393b8e93c8a29f87ac2f8279ebd9de6ca63f25604bbf49f
case-02177,9e46e3925b2f7fcc604cf28aab7a67c3928ce001bc158412dd5e356ab0f77534,CONTROLLED_TEST_MUTATION,role_conflict,False,True,0.0386,True,0.4889,False,4.0777,EVIDENCE_ROLE_CONFLICT,b2d83222fe4bab87f393b8e93c8a29f87ac2f8279ebd9de6ca63f25604bbf49f
case-02178,7839456c95f52d4f4a00692ffc64c407e3ab83c78475d564ee5ecb09edcab167,CONTROLLED_TEST_MUTATION,future_timestamp,False,True,0.0355,False,0.3365,False,3.6427,EVIDENCE_FRESHNESS_UNKNOWN|EVIDENCE_TIMESTAMP_IN_FUTURE,b2d83222fe4bab87f393b8e93c8a29f87ac2f8279ebd9de6ca63f25604bbf49f
case-02179,679696be7526b94527e805373f171602088066b87c6d693bfcd632d5bbb6af2e,CONTROLLED_TEST_MUTATION,snapshot_score_conflict,False,True,0.0336,True,0.4475,False,5.1899,EVIDENCE_SNAPSHOT_CONFLICT,b2d83222fe4bab87f393b8e93c8a29f87ac2f8279ebd9de6ca63f25604bbf49f
case-02180,8d0792e66aefddbc5cf349a34b12205fcf68f3dee28912fa7473e2f42b131106,CONTROLLED_TEST_MUTATION,future_timestamp,False,True,0.0357,False,0.2903,False,4.1782,EVIDENCE_FRESHNESS_UNKNOWN|EVIDENCE_TIMESTAMP_IN_FUTURE,b2d83222fe4bab87f393b8e93c8a29f87ac2f8279ebd9de6ca63f25604bbf49f
case-02181,a17435c7f1b0e8046f149e675159bd71ef7fd0d1d7eda27ea0338b7b2bad0e6c,CONTROLLED_TEST_MUTATION,expired_import,False,True,0.0389,False,0.2712,False,4.2724,EVIDENCE_STALE,b2d83222fe4bab87f393b8e93c8a29f87ac2f8279ebd9de6ca63f25604bbf49f
case-02182,1821b8869c14a2797e65a14e41ec76545c2dacbc966ad8ee378d728d6a54d7f8,CONTROLLED_TEST_MUTATION,unknown_source,False,True,0.0358,True,0.3232,False,3.8635,EVIDENCE_ROLE_SOURCE_NOT_ALLOWED|EVIDENCE_SOURCE_ID_UNKNOWN|EVIDENCE_SOURCE_POLICY_MISSING,b2d83222fe4bab87f393b8e93c8a29f87ac2f8279ebd9de6ca63f25604bbf49f
case-02183,a9e34d5cc7115b24fc3439251a41604875073f7b4749f9c71dead4e2608ab253,CONTROLLED_TEST_MUTATION,role_conflict,False,True,0.0413,True,0.3485,False,4.1369,EVIDENCE_ROLE_CONFLICT,b2d83222fe4bab87f393b8e93c8a29f87ac2f8279ebd9de6ca63f25604bbf49f
case-02184,22c0d5d8b7c65fbfcf51f0bb2d492487f3fbf00cf426325af55e9662e2c2b8fa,CONTROLLED_TEST_MUTATION,expired_import,False,True,0.0587,False,0.2645,False,4.0205,EVIDENCE_STALE,b2d83222fe4bab87f393b8e93c8a29f87ac2f8279ebd9de6ca63f25604bbf49f
case-02185,ad4f546a089d77147e2ab5c3f8b1af968ac1dc500b05f63c8819304166dc241a,CONTROLLED_TEST_MUTATION,root_signature_tamper_after_seal,False,True,0.0344,True,0.3112,False,3.5182,EVIDENCE_ROOT_INVALID,b2d83222fe4bab87f393b8e93c8a29f87ac2f8279ebd9de6ca63f25604bbf49f
case-02186,c0a973ac476d6dff188fba7b72ca9188889b660e411e342ada152cc549c691e4,CLEAN_TEST_FIXTURE,none,True,True,0.0349,True,0.3114,True,4.5924,ALL_REQUIRED_EVIDENCE_TRUSTWORTHY,b2d83222fe4bab87f393b8e93c8a29f87ac2f8279ebd9de6ca63f25604bbf49f
case-02187,a3e5267d345a9d3d7fb33cd7004cb7c7207778885fdf538e8b2f203ac0f8497f,CONTROLLED_TEST_MUTATION,root_signature_tamper_after_seal,False,True,0.0351,True,0.3333,False,3.6973,EVIDENCE_ROOT_INVALID,b2d83222fe4bab87f393b8e93c8a29f87ac2f8279ebd9de6ca63f25604bbf49f
case-02188,aa1bf51086e32987a983b4f08dbe4f31cec3d0bf0ea88121e8ae543629b1b37a,CONTROLLED_TEST_MUTATION,empty_payload,False,False,0.036,False,0.0279,False,4.0779,EVIDENCE_PAYLOAD_EMPTY|EVIDENCE_PAYLOAD_SCHEMA_INVALID|EVIDENCE_SNAPSHOT_CONFLICT,b2d83222fe4bab87f393b8e93c8a29f87ac2f8279ebd9de6ca63f25604bbf49f
case-02189,06b366417d10e3e2e1864b48678e84703d4daf7d6ab584953ea31d0d55ebb50d,CONTROLLED_TEST_MUTATION,excluded_ancestor,False,True,0.0494,True,0.3252,False,3.799,REQUIRED_INPUT_EXCLUDED,b2d83222fe4bab87f393b8e93c8a29f87ac2f8279ebd9de6ca63f25604bbf49f
case-02190,80ac627953ba6f169f472633b463c225d7f76b58a302fff505c9babd2358836c,CONTROLLED_TEST_MUTATION,incomplete_payload,False,True,0.0348,False,0.1488,False,5.7435,EVIDENCE_PAYLOAD_INCOMPLETE,b2d83222fe4bab87f393b8e93c8a29f87ac2f8279ebd9de6ca63f25604bbf49f
case-02191,d802451999ca9a271b794a778f376d3d09bc04c795eb05ab9f0f4281e66e4539,CONTROLLED_TEST_MUTATION,future_timestamp,False,True,0.0375,False,0.29,False,3.8345,EVIDENCE_FRESHNESS_UNKNOWN|EVIDENCE_TIMESTAMP_IN_FUTURE,b2d83222fe4bab87f393b8e93c8a29f87ac2f8279ebd9de6ca63f25604bbf49f
case-02192,b5b6515f5ef01cd306ce3f87b8103d9f1f9222570ab8f1bd0857e19547ee018d,CONTROLLED_TEST_MUTATION,incomplete_payload,False,True,0.0341,False,0.1446,False,3.8515,EVIDENCE_PAYLOAD_INCOMPLETE,b2d83222fe4bab87f393b8e93c8a29f87ac2f8279ebd9de6ca63f25604bbf49f
case-02193,266ace4e36b7314269587290dc685aa2ecc7ad3db9509b3017b8078b8331574e,CONTROLLED_TEST_MUTATION,payload_tamper_after_seal,False,True,0.0341,False,0.1123,False,4.2117,CHECKSUM_INVALID|EVIDENCE_ROOT_INVALID|EVIDENCE_SNAPSHOT_CONFLICT|RECORD_ENVELOPE_INVALID,b2d83222fe4bab87f393b8e93c8a29f87ac2f8279ebd9de6ca63f25604bbf49f
case-02194,83b4528e9f2c11235f79451e844c86880b6cb9296318c8298a55fe1dc8becf0d,CLEAN_TEST_FIXTURE,none,True,True,0.0352,True,0.3179,True,4.8734,ALL_REQUIRED_EVIDENCE_TRUSTWORTHY,b2d83222fe4bab87f393b8e93c8a29f87ac2f8279ebd9de6ca63f25604bbf49f
case-02195,07ed62114dbb1e2fd8ce6bebe3b9d066ed8db87d33c8d1da5fb4f0fe1d8ea13b,CONTROLLED_TEST_MUTATION,broken_lineage,False,True,0.0422,True,0.368,False,3.6678,EVIDENCE_LINEAGE_INVALID,b2d83222fe4bab87f393b8e93c8a29f87ac2f8279ebd9de6ca63f25604bbf49f
case-02196,db4ee6ed9bda8dd54287b4f26978e5294e63449185c9cc083ab56917af17a299,CLEAN_TEST_FIXTURE,none,True,True,0.0625,True,0.4223,True,3.7368,ALL_REQUIRED_EVIDENCE_TRUSTWORTHY,b2d83222fe4bab87f393b8e93c8a29f87ac2f8279ebd9de6ca63f25604bbf49f
case-02197,884292decbf0735e7d2b6ef83e1de092eb4501bb12dccda26bddc21fc743ee7c,CLEAN_TEST_FIXTURE,none,True,True,0.0337,True,0.333,True,3.7632,ALL_REQUIRED_EVIDENCE_TRUSTWORTHY,b2d83222fe4bab87f393b8e93c8a29f87ac2f8279ebd9de6ca63f25604bbf49f
case-02198,3c4838a2ffbc01066ed18dcd6e3373d66c28f32b7a83b900491f9c30dc229e1e,CONTROLLED_TEST_MUTATION,empty_payload,False,False,0.0356,False,0.0275,False,4.3571,EVIDENCE_PAYLOAD_EMPTY|EVIDENCE_PAYLOAD_SCHEMA_INVALID|EVIDENCE_SNAPSHOT_CONFLICT,b2d83222fe4bab87f393b8e93c8a29f87ac2f8279ebd9de6ca63f25604bbf49f
case-02199,e85b8cb9d1462a11c90adaea06f4d637c1bd8193a3fbdbe3973b7e23d8286d12,CLEAN_TEST_FIXTURE,none,True,True,0.0344,True,0.3079,True,3.6134,ALL_REQUIRED_EVIDENCE_TRUSTWORTHY,b2d83222fe4bab87f393b8e93c8a29f87ac2f8279ebd9de6ca63f25604bbf49f
case-02200,48ed6365068a34e075c82b129dc790825b5111db8eacb7aa3dd83e701a76ba29,CLEAN_TEST_FIXTURE,none,True,True,0.0364,True,0.4123,True,3.8155,ALL_REQUIRED_EVIDENCE_TRUSTWORTHY,b2d83222fe4bab87f393b8e93c8a29f87ac2f8279ebd9de6ca63f25604bbf49f
case-02201,aad529654cdf4295cbd0bef48f75093d98060d96f4c06e817fb7d938f5e5f89b,CONTROLLED_TEST_MUTATION,unavailable_record,False,True,0.0341,False,0.2868,False,3.5959,EVIDENCE_LINEAGE_INCOMPLETE|EVIDENCE_UNAVAILABLE,b2d83222fe4bab87f393b8e93c8a29f87ac2f8279ebd9de6ca63f25604bbf49f
case-02202,c1afe46d919d5590e01dff19e7994925d79275895795b88b6acb459b019a5cdf,CLEAN_TEST_FIXTURE,none,True,True,0.1489,True,1.3162,True,4.0742,ALL_REQUIRED_EVIDENCE_TRUSTWORTHY,b2d83222fe4bab87f393b8e93c8a29f87ac2f8279ebd9de6ca63f25604bbf49f
case-02203,e3ce9a2e80ccaddc3e890722cb8129fc544a8da91092b7bb24a8e070a7f53d52,CLEAN_TEST_FIXTURE,none,True,True,0.0344,True,0.3334,True,3.6683,ALL_REQUIRED_EVIDENCE_TRUSTWORTHY,b2d83222fe4bab87f393b8e93c8a29f87ac2f8279ebd9de6ca63f25604bbf49f
case-02204,05bc31c8716c2fe12bd6f27735fa1ef8608f8f38c280f8d3178a06cc7bd6883e,CONTROLLED_TEST_MUTATION,payload_tamper_after_seal,False,True,0.152,False,0.1217,False,3.7496,CHECKSUM_INVALID|EVIDENCE_ROOT_INVALID|EVIDENCE_SNAPSHOT_CONFLICT|RECORD_ENVELOPE_INVALID,b2d83222fe4bab87f393b8e93c8a29f87ac2f8279ebd9de6ca63f25604bbf49f
case-02205,844fc08658ebb5ecd17604adc8199656581e3a928e96084f52b21f6ae2b5ade4,CLEAN_TEST_FIXTURE,none,True,True,0.0338,True,0.305,True,3.5518,ALL_REQUIRED_EVIDENCE_TRUSTWORTHY,b2d83222fe4bab87f393b8e93c8a29f87ac2f8279ebd9de6ca63f25604bbf49f
case-02206,2ecc70e46a3a92cc3a42f7a5d433c896c3849e3612ccf83bc176bf6ead6fb2e2,CLEAN_TEST_FIXTURE,none,True,True,0.0512,True,0.3945,True,3.8579,ALL_REQUIRED_EVIDENCE_TRUSTWORTHY,b2d83222fe4bab87f393b8e93c8a29f87ac2f8279ebd9de6ca63f25604bbf49f
case-02207,3cc7a761346c8ab4cefc48819a59f2fe86e19b567a7a4ca33e5999b45b65159d,CONTROLLED_TEST_MUTATION,broken_lineage,False,True,0.0345,True,0.3264,False,3.6028,EVIDENCE_LINEAGE_INVALID,b2d83222fe4bab87f393b8e93c8a29f87ac2f8279ebd9de6ca63f25604bbf49f
case-02208,880b189a6190a949c76124a5a6f446415a7fe31b5c29b9a1fc4e3c3430bbed76,CONTROLLED_TEST_MUTATION,source_type_impersonation,False,True,0.0347,True,0.3358,False,3.6004,EVIDENCE_ROLE_SOURCE_NOT_ALLOWED|OPERATOR_EVIDENCE_UNVERIFIED,b2d83222fe4bab87f393b8e93c8a29f87ac2f8279ebd9de6ca63f25604bbf49f
case-02209,1695ac4efc216d646a6b50ea92222a66bf2d0b52e5c0ff372dee461ee8318a1d,CONTROLLED_TEST_MUTATION,missing_lineage,False,True,0.0346,True,0.3422,False,3.6646,EVIDENCE_LINEAGE_INCOMPLETE,b2d83222fe4bab87f393b8e93c8a29f87ac2f8279ebd9de6ca63f25604bbf49f
case-02210,8a31382ce139178829975e859b6b15dff67f0fd9f75c2b66c08b65ad6147996c,CONTROLLED_TEST_MUTATION,source_type_impersonation,False,True,0.0385,True,0.3291,False,3.9048,EVIDENCE_ROLE_SOURCE_NOT_ALLOWED|OPERATOR_EVIDENCE_UNVERIFIED,b2d83222fe4bab87f393b8e93c8a29f87ac2f8279ebd9de6ca63f25604bbf49f
case-02211,63801b772dff9387abbff07a054a8008344453566d89407ede584916a4e5baf9,CONTROLLED_TEST_MUTATION,unknown_source,False,True,0.035,True,0.3192,False,3.8373,EVIDENCE_ROLE_SOURCE_NOT_ALLOWED|EVIDENCE_SOURCE_ID_UNKNOWN|EVIDENCE_SOURCE_POLICY_MISSING,b2d83222fe4bab87f393b8e93c8a29f87ac2f8279ebd9de6ca63f25604bbf49f
case-02212,501bcb3df842ac5bc182ba8fdd819ca011314d0249cb503f39fe17c282116661,CONTROLLED_TEST_MUTATION,excluded_ancestor,False,True,0.0422,True,0.3522,False,4.4222,REQUIRED_INPUT_EXCLUDED,b2d83222fe4bab87f393b8e93c8a29f87ac2f8279ebd9de6ca63f25604bbf49f
case-02213,30f131c166f5fa7ca1d35b0af8de28f9060cbcd969dda5d45fa7598208f27d82,CONTROLLED_TEST_MUTATION,role_conflict,False,True,0.0393,True,0.3434,False,5.2902,EVIDENCE_ROLE_CONFLICT,b2d83222fe4bab87f393b8e93c8a29f87ac2f8279ebd9de6ca63f25604bbf49f
case-02214,cfdff8c3dd8586903919ae85c58640d1d2109d88c97ab86dc4adb1e3d6f16e2d,CONTROLLED_TEST_MUTATION,role_conflict,False,True,0.0403,True,0.3431,False,4.0327,EVIDENCE_ROLE_CONFLICT,b2d83222fe4bab87f393b8e93c8a29f87ac2f8279ebd9de6ca63f25604bbf49f
case-02215,261a7d3cd28dd52a6d69dde4b23a18afe6ee1564c9d9932ee417ae0e9e243555,CLEAN_TEST_FIXTURE,none,True,True,0.0349,True,0.3434,True,4.0676,ALL_REQUIRED_EVIDENCE_TRUSTWORTHY,b2d83222fe4bab87f393b8e93c8a29f87ac2f8279ebd9de6ca63f25604bbf49f
case-02216,e4ed275bf557a20f156997d6d7ba269ca167801871bf0986ef6de3bdc90d1286,CONTROLLED_TEST_MUTATION,empty_payload,False,False,0.0378,False,0.029,False,3.5772,EVIDENCE_PAYLOAD_EMPTY|EVIDENCE_PAYLOAD_SCHEMA_INVALID|EVIDENCE_SNAPSHOT_CONFLICT,b2d83222fe4bab87f393b8e93c8a29f87ac2f8279ebd9de6ca63f25604bbf49f
case-02217,28447bd38b82b5cf5061f763407b5ccc626ba82acf7698fc363e6067692cdd78,CLEAN_TEST_FIXTURE,none,True,True,0.0348,True,0.3237,True,4.1511,ALL_REQUIRED_EVIDENCE_TRUSTWORTHY,b2d83222fe4bab87f393b8e93c8a29f87ac2f8279ebd9de6ca63f25604bbf49f
case-02218,1a339a0f3e84ef48db5af41e17e49ce1997f99293dfb9272f2a9b623f5c08822,CONTROLLED_TEST_MUTATION,role_conflict,False,True,0.046,True,0.3864,False,4.011,EVIDENCE_ROLE_CONFLICT,b2d83222fe4bab87f393b8e93c8a29f87ac2f8279ebd9de6ca63f25604bbf49f
case-02219,31debd0dbca3ee401cb83d340712aa931fb454f7633c6531f2bd01693927bacc,CLEAN_TEST_FIXTURE,none,True,True,0.0488,True,0.6609,True,4.1885,ALL_REQUIRED_EVIDENCE_TRUSTWORTHY,b2d83222fe4bab87f393b8e93c8a29f87ac2f8279ebd9de6ca63f25604bbf49f
case-02220,ec7101cbbddd7d178cfe3621eb85a4b466b16bb34690a28af7326e443f280f73,CONTROLLED_TEST_MUTATION,missing_lineage,False,True,0.0358,True,0.3198,False,3.7311,EVIDENCE_LINEAGE_INCOMPLETE,b2d83222fe4bab87f393b8e93c8a29f87ac2f8279ebd9de6ca63f25604bbf49f
case-02221,3a8c4b7e3790c94093192f156b0d7834cc6c6e6822822dcb28b2a53a790103c8,CONTROLLED_TEST_MUTATION,expired_import,False,True,0.0373,False,0.268,False,3.8543,EVIDENCE_STALE,b2d83222fe4bab87f393b8e93c8a29f87ac2f8279ebd9de6ca63f25604bbf49f
case-02222,3933ff5cf4a16ae98367a42c1ff0fc0a8c2e48f669943b47425bd5a9d24e58b6,CONTROLLED_TEST_MUTATION,lineage_cycle,False,True,0.0357,True,0.3156,False,3.7956,EVIDENCE_LINEAGE_INVALID,b2d83222fe4bab87f393b8e93c8a29f87ac2f8279ebd9de6ca63f25604bbf49f
case-02223,89dbb8d2352797002d3a12d5ac4c0417cbcdfb2f78c06af28b401bb5e2198e6e,CONTROLLED_TEST_MUTATION,missing_lineage,False,True,0.0362,True,0.3241,False,3.5516,EVIDENCE_LINEAGE_INCOMPLETE,b2d83222fe4bab87f393b8e93c8a29f87ac2f8279ebd9de6ca63f25604bbf49f
case-02224,7f61d696ed76a7d1ddb5fac8f12d1e19f9ff1e23e9999bfc9cd3a049f306fdc4,CONTROLLED_TEST_MUTATION,wrong_context,False,True,0.0346,True,0.3167,False,3.6252,EVIDENCE_CONTEXT_MISMATCH,b2d83222fe4bab87f393b8e93c8a29f87ac2f8279ebd9de6ca63f25604bbf49f
case-02225,4ad5e8a6247fab04c20fab4fe88baffe7fc189f17b6bcdf6c97e3ef2886c500b,CONTROLLED_TEST_MUTATION,lineage_cycle,False,True,0.0364,True,0.3135,False,3.7185,EVIDENCE_LINEAGE_INVALID,b2d83222fe4bab87f393b8e93c8a29f87ac2f8279ebd9de6ca63f25604bbf49f
case-02226,ad01490d4d9927e3bf7b6835d7970144d83abc97e481a0cbcdbc81bc67fe17de,CONTROLLED_TEST_MUTATION,source_type_impersonation,False,True,0.034,True,0.5082,False,3.7144,EVIDENCE_ROLE_SOURCE_NOT_ALLOWED|OPERATOR_EVIDENCE_UNVERIFIED,b2d83222fe4bab87f393b8e93c8a29f87ac2f8279ebd9de6ca63f25604bbf49f
case-02227,e09e92112c743da20a6d9476301efea26165c546e3e267fb633e08e844eede33,CONTROLLED_TEST_MUTATION,unknown_source,False,True,0.036,True,0.3883,False,3.7658,EVIDENCE_ROLE_SOURCE_NOT_ALLOWED|EVIDENCE_SOURCE_ID_UNKNOWN|EVIDENCE_SOURCE_POLICY_MISSING,b2d83222fe4bab87f393b8e93c8a29f87ac2f8279ebd9de6ca63f25604bbf49f
case-02228,6c5fe5aee4a2619d653e128c040253b488e7774dbb96c16092df51049e6b5cd6,CONTROLLED_TEST_MUTATION,empty_payload,False,False,0.036,False,0.028,False,3.6352,EVIDENCE_PAYLOAD_EMPTY|EVIDENCE_PAYLOAD_SCHEMA_INVALID|EVIDENCE_SNAPSHOT_CONFLICT,b2d83222fe4bab87f393b8e93c8a29f87ac2f8279ebd9de6ca63f25604bbf49f
case-02229,add5e11d6a456c3a929da30a88e705518985c52953677a49d42708c2669443e4,CONTROLLED_TEST_MUTATION,future_timestamp,False,True,0.0374,False,0.2927,False,3.8818,EVIDENCE_FRESHNESS_UNKNOWN|EVIDENCE_TIMESTAMP_IN_FUTURE,b2d83222fe4bab87f393b8e93c8a29f87ac2f8279ebd9de6ca63f25604bbf49f
case-02230,25a6efadc60c7c88b374389f08f58a7578f20deeb0c41f589d17c9aac4e63143,CONTROLLED_TEST_MUTATION,excluded_ancestor,False,True,0.0763,True,0.693,False,4.1492,REQUIRED_INPUT_EXCLUDED,b2d83222fe4bab87f393b8e93c8a29f87ac2f8279ebd9de6ca63f25604bbf49f
case-02231,df94b4c4b892b5fd88e98eab81157e209cdcd0fc0f7c7dd0447a074fb534e1de,CONTROLLED_TEST_MUTATION,empty_payload,False,False,0.0395,False,0.0304,False,4.1657,EVIDENCE_PAYLOAD_EMPTY|EVIDENCE_PAYLOAD_SCHEMA_INVALID|EVIDENCE_SNAPSHOT_CONFLICT,b2d83222fe4bab87f393b8e93c8a29f87ac2f8279ebd9de6ca63f25604bbf49f
case-02232,a8ae409e566a7786201d83fcdffe5a3ac677b982fe296cd8565154e72000bfc1,CONTROLLED_TEST_MUTATION,missing_lineage,False,True,0.0432,True,0.3522,False,4.2065,EVIDENCE_LINEAGE_INCOMPLETE,b2d83222fe4bab87f393b8e93c8a29f87ac2f8279ebd9de6ca63f25604bbf49f
case-02233,565dd9a3ee7244335bc9bfad5d9559e895ca9f79cc72ff79fe81784c1b64796c,CONTROLLED_TEST_MUTATION,malformed_payload,False,True,0.0342,True,0.3023,False,3.5924,EVIDENCE_PAYLOAD_SCHEMA_INVALID|EVIDENCE_SNAPSHOT_CONFLICT,b2d83222fe4bab87f393b8e93c8a29f87ac2f8279ebd9de6ca63f25604bbf49f
case-02234,97ba60c89198fda52db96cd3253f55e9c01dd1ecc8f36f4507f278f98d784885,CONTROLLED_TEST_MUTATION,source_type_impersonation,False,True,0.035,True,0.4435,False,3.7661,EVIDENCE_ROLE_SOURCE_NOT_ALLOWED|OPERATOR_EVIDENCE_UNVERIFIED,b2d83222fe4bab87f393b8e93c8a29f87ac2f8279ebd9de6ca63f25604bbf49f
case-02235,b4f0203573afaad2abd86c0daad66466797adc6eb7cbc3b4e53d008543a44017,CONTROLLED_TEST_MUTATION,root_signature_tamper_after_seal,False,True,0.0349,True,0.3144,False,3.6281,EVIDENCE_ROOT_INVALID,b2d83222fe4bab87f393b8e93c8a29f87ac2f8279ebd9de6ca63f25604bbf49f
case-02236,c0678f0c14de7f818b1ed03870b1287fa919e80cbe09533685dcf322ad9cd73e,CLEAN_TEST_FIXTURE,none,True,True,0.0342,True,0.3084,True,4.9768,ALL_REQUIRED_EVIDENCE_TRUSTWORTHY,b2d83222fe4bab87f393b8e93c8a29f87ac2f8279ebd9de6ca63f25604bbf49f
case-02237,b72c52aae411c1fb03f5cb68010503bd03f8a9251728f835c1116209755875a9,CONTROLLED_TEST_MUTATION,lineage_cycle,False,True,0.0348,True,0.3371,False,3.6836,EVIDENCE_LINEAGE_INVALID,b2d83222fe4bab87f393b8e93c8a29f87ac2f8279ebd9de6ca63f25604bbf49f
case-02238,34a835ca40ac4a2afdc8c06ce9cd4d8164fd04d200d3bc1efb26fb5eb0bdc4b4,CONTROLLED_TEST_MUTATION,incomplete_payload,False,True,0.0347,False,0.1482,False,3.72,EVIDENCE_PAYLOAD_INCOMPLETE,b2d83222fe4bab87f393b8e93c8a29f87ac2f8279ebd9de6ca63f25604bbf49f
case-02239,dc2350e386a9ec1ad985f175ea9b86263ddd9a6b278413cf13d7c3ec42f64c58,CONTROLLED_TEST_MUTATION,snapshot_score_conflict,False,True,0.0339,True,0.3101,False,3.5911,EVIDENCE_SNAPSHOT_CONFLICT,b2d83222fe4bab87f393b8e93c8a29f87ac2f8279ebd9de6ca63f25604bbf49f
case-02240,8c841e731e8855a373173a535b6d98b1a689b3b98f62f3817f7e67f588023787,CLEAN_TEST_FIXTURE,none,True,True,0.0618,True,0.4232,True,3.8988,ALL_REQUIRED_EVIDENCE_TRUSTWORTHY,b2d83222fe4bab87f393b8e93c8a29f87ac2f8279ebd9de6ca63f25604bbf49f
case-02241,453596b6cfb98a2776dbe08937ff9bbcd20139f66bbc509e7a4e932d680a351b,CONTROLLED_TEST_MUTATION,incomplete_payload,False,True,0.0356,False,0.1496,False,3.6034,EVIDENCE_PAYLOAD_INCOMPLETE,b2d83222fe4bab87f393b8e93c8a29f87ac2f8279ebd9de6ca63f25604bbf49f
case-02242,42c846d5493cf6ecd820bcf6a742c17fca50c1268e9e468db830d29acc077322,CONTROLLED_TEST_MUTATION,incomplete_payload,False,True,0.0442,False,0.2578,False,4.4115,EVIDENCE_PAYLOAD_INCOMPLETE,b2d83222fe4bab87f393b8e93c8a29f87ac2f8279ebd9de6ca63f25604bbf49f
case-02243,c2f82b099b1f39c9c859a780c24cb4b37009a98625a921af495f1689dbe99cc9,CONTROLLED_TEST_MUTATION,missing_direct_role,False,False,0.0189,False,0.0135,False,3.3731,REQUIRED_ROLE_MISSING,b2d83222fe4bab87f393b8e93c8a29f87ac2f8279ebd9de6ca63f25604bbf49f
case-02244,8b4120f8bda65552bd8a838f2556b6c624d2427df39fbd3c10df698d9566acb6,CLEAN_TEST_FIXTURE,none,True,True,0.0391,True,0.3662,True,3.8615,ALL_REQUIRED_EVIDENCE_TRUSTWORTHY,b2d83222fe4bab87f393b8e93c8a29f87ac2f8279ebd9de6ca63f25604bbf49f
case-02245,6067a696c0b1fd4d2b5a76d1f97f798e7dabe41208958fb231cb45af791ec6cd,CONTROLLED_TEST_MUTATION,stale_live_observation,False,True,0.0355,False,0.288,False,3.8496,EVIDENCE_STALE,b2d83222fe4bab87f393b8e93c8a29f87ac2f8279ebd9de6ca63f25604bbf49f
case-02246,6846e6df5737488681905b7672c9fb0bc970a8c496df2796f361060d2383fb0c,CONTROLLED_TEST_MUTATION,incomplete_payload,False,True,0.0361,False,0.1745,False,3.6867,EVIDENCE_PAYLOAD_INCOMPLETE,b2d83222fe4bab87f393b8e93c8a29f87ac2f8279ebd9de6ca63f25604bbf49f
case-02247,e0aca9b5e687983712465b20a463ce32b0818a5f128bda6a1fa9c1c5a2e810b1,CONTROLLED_TEST_MUTATION,malformed_payload,False,True,0.0476,True,0.3201,False,3.706,EVIDENCE_PAYLOAD_SCHEMA_INVALID|EVIDENCE_SNAPSHOT_CONFLICT,b2d83222fe4bab87f393b8e93c8a29f87ac2f8279ebd9de6ca63f25604bbf49f
case-02248,74e521c6c19abc1ae15c39b2f8356a6417f35866954e5fdda4268630c85a1edc,CONTROLLED_TEST_MUTATION,unknown_source,False,True,0.0389,True,0.3328,False,3.7094,EVIDENCE_ROLE_SOURCE_NOT_ALLOWED|EVIDENCE_SOURCE_ID_UNKNOWN|EVIDENCE_SOURCE_POLICY_MISSING,b2d83222fe4bab87f393b8e93c8a29f87ac2f8279ebd9de6ca63f25604bbf49f
case-02249,760db94d36c6560b87282c5f27145a548a14f826c346d803488420a509f77080,CONTROLLED_TEST_MUTATION,stale_live_observation,False,True,0.0361,False,0.2924,False,3.7165,EVIDENCE_STALE,b2d83222fe4bab87f393b8e93c8a29f87ac2f8279ebd9de6ca63f25604bbf49f
case-02250,6ea8f70615d13faf88d1d14c2814b2dbb6a1165034bafb019325be862b65f742,CONTROLLED_TEST_MUTATION,source_type_impersonation,False,True,0.0397,True,0.3592,False,4.2952,EVIDENCE_ROLE_SOURCE_NOT_ALLOWED|OPERATOR_EVIDENCE_UNVERIFIED,b2d83222fe4bab87f393b8e93c8a29f87ac2f8279ebd9de6ca63f25604bbf49f
case-02251,c93ace129db121013b1d15a2d88513b6cdb025ad9324a03bc44b259966538faa,CONTROLLED_TEST_MUTATION,excluded_ancestor,False,True,0.0415,True,0.3727,False,6.4919,REQUIRED_INPUT_EXCLUDED,b2d83222fe4bab87f393b8e93c8a29f87ac2f8279ebd9de6ca63f25604bbf49f
case-02252,3c11248ae2d6cbd059b046f417c332a775bdc61a66ba4d4192c76cda800f9219,CONTROLLED_TEST_MUTATION,future_timestamp,False,True,0.0425,False,0.3208,False,4.0401,EVIDENCE_FRESHNESS_UNKNOWN|EVIDENCE_TIMESTAMP_IN_FUTURE,b2d83222fe4bab87f393b8e93c8a29f87ac2f8279ebd9de6ca63f25604bbf49f
case-02253,15c177deb92c053acec7e337664143f8850a029a20d838259fac034d368cda67,CONTROLLED_TEST_MUTATION,broken_lineage,False,True,0.0437,True,0.3813,False,3.8438,EVIDENCE_LINEAGE_INVALID,b2d83222fe4bab87f393b8e93c8a29f87ac2f8279ebd9de6ca63f25604bbf49f
case-02254,d95b6b4e5f882c76c6adca0c258cb66d029418d1812850ab843adef7ee49594b,CONTROLLED_TEST_MUTATION,wrong_context,False,True,0.0356,True,0.3183,False,3.8622,EVIDENCE_CONTEXT_MISMATCH,b2d83222fe4bab87f393b8e93c8a29f87ac2f8279ebd9de6ca63f25604bbf49f
case-02255,1485aacdeeb259752494d404a2e9bbaee00afd719b5b94c87f8210774259471a,CONTROLLED_TEST_MUTATION,excluded_ancestor,False,True,0.0416,True,0.3772,False,3.8803,REQUIRED_INPUT_EXCLUDED,b2d83222fe4bab87f393b8e93c8a29f87ac2f8279ebd9de6ca63f25604bbf49f
case-02256,8e95d81f81c02a5048d77e1136fd74b0617b4c8570d15465449d716e46186d2a,CONTROLLED_TEST_MUTATION,wrong_context,False,True,0.0427,True,0.3525,False,3.6492,EVIDENCE_CONTEXT_MISMATCH,b2d83222fe4bab87f393b8e93c8a29f87ac2f8279ebd9de6ca63f25604bbf49f
case-02257,f5d5481c64b415a3dad14c21a3abf3823fd3f81415f2b03a2e40a1d93d2be7bc,CONTROLLED_TEST_MUTATION,root_signature_tamper_after_seal,False,True,0.0359,True,0.3271,False,3.605,EVIDENCE_ROOT_INVALID,b2d83222fe4bab87f393b8e93c8a29f87ac2f8279ebd9de6ca63f25604bbf49f
case-02258,a2c34b7423df41cd86509a2aa31d49a80986ca7af9268d229cf56e8828cbbfd0,CONTROLLED_TEST_MUTATION,missing_lineage,False,True,0.0455,True,0.3115,False,3.4876,EVIDENCE_LINEAGE_INCOMPLETE,b2d83222fe4bab87f393b8e93c8a29f87ac2f8279ebd9de6ca63f25604bbf49f
case-02259,b08b72c55ad11d9d541ab8673271fda7cff77911e42b7e70c3984defa23ac0b8,CLEAN_TEST_FIXTURE,none,True,True,0.0518,True,0.4533,True,3.8879,ALL_REQUIRED_EVIDENCE_TRUSTWORTHY,b2d83222fe4bab87f393b8e93c8a29f87ac2f8279ebd9de6ca63f25604bbf49f
case-02260,b3634c4b9d77c481dbc1ce2feef35d1148053dc90d73f3db2fd1f233d684f5b3,CONTROLLED_TEST_MUTATION,broken_lineage,False,True,0.0371,True,0.4006,False,3.7027,EVIDENCE_LINEAGE_INVALID,b2d83222fe4bab87f393b8e93c8a29f87ac2f8279ebd9de6ca63f25604bbf49f
case-02261,4a397a44ca7b212ba5d2978ef555b75af90e3f9c81a2ab7401db1c0fe565c004,CLEAN_TEST_FIXTURE,none,True,True,0.0352,True,0.3181,True,3.8438,ALL_REQUIRED_EVIDENCE_TRUSTWORTHY,b2d83222fe4bab87f393b8e93c8a29f87ac2f8279ebd9de6ca63f25604bbf49f
case-02262,57e98fa15430e0e657cf50ed4e5341db589f24e8d93c80b4139a8d9e77a64e0c,CONTROLLED_TEST_MUTATION,role_conflict,False,True,0.0379,True,0.3333,False,3.9751,EVIDENCE_ROLE_CONFLICT,b2d83222fe4bab87f393b8e93c8a29f87ac2f8279ebd9de6ca63f25604bbf49f
case-02263,c2708d2e33284691c906e4239f61de486d80cf09a47809b6e5e7cf735835a6ce,CONTROLLED_TEST_MUTATION,incomplete_payload,False,True,0.0373,False,0.156,False,3.9751,EVIDENCE_PAYLOAD_INCOMPLETE,b2d83222fe4bab87f393b8e93c8a29f87ac2f8279ebd9de6ca63f25604bbf49f
case-02264,7000d3ac4d224f12260c41b3919a75544225680a9058c99afc430764675c1e50,CONTROLLED_TEST_MUTATION,missing_direct_role,False,False,0.0186,False,0.0136,False,3.2104,REQUIRED_ROLE_MISSING,b2d83222fe4bab87f393b8e93c8a29f87ac2f8279ebd9de6ca63f25604bbf49f
case-02265,6871a66460628d4895bf53b53d2ec7f86f100064a9d4d3067940dd274553ff50,CONTROLLED_TEST_MUTATION,malformed_payload,False,True,0.0355,True,0.3068,False,3.8733,EVIDENCE_PAYLOAD_SCHEMA_INVALID|EVIDENCE_SNAPSHOT_CONFLICT,b2d83222fe4bab87f393b8e93c8a29f87ac2f8279ebd9de6ca63f25604bbf49f
case-02266,e1ca1c9bf1be7e1e3e0d7df0163cdae2405c86c7251965c3cef94674aaf7b6a7,CONTROLLED_TEST_MUTATION,lineage_cycle,False,True,0.0383,True,0.3625,False,3.612,EVIDENCE_LINEAGE_INVALID,b2d83222fe4bab87f393b8e93c8a29f87ac2f8279ebd9de6ca63f25604bbf49f
case-02267,817b8183917c463377fdb6404e6f6d153ac7bf67a44d728d04b18b54f1c4719e,CONTROLLED_TEST_MUTATION,broken_lineage,False,True,0.0384,True,0.3197,False,3.7219,EVIDENCE_LINEAGE_INVALID,b2d83222fe4bab87f393b8e93c8a29f87ac2f8279ebd9de6ca63f25604bbf49f
case-02268,51f117206edfb6057ecd988c77122bf5546a6b2fa8d9847035c34cb299fd8ab8,CLEAN_TEST_FIXTURE,none,True,True,0.0349,True,0.323,True,3.8038,ALL_REQUIRED_EVIDENCE_TRUSTWORTHY,b2d83222fe4bab87f393b8e93c8a29f87ac2f8279ebd9de6ca63f25604bbf49f
case-02269,8477797180b7030df7f84ec0571e8cb0b6ef1413957ca066c8a72f911a57d3fe,CONTROLLED_TEST_MUTATION,role_conflict,False,True,0.039,True,0.347,False,4.1353,EVIDENCE_ROLE_CONFLICT,b2d83222fe4bab87f393b8e93c8a29f87ac2f8279ebd9de6ca63f25604bbf49f
case-02270,a7902a422dbdd2b209d14d25d67462e491dbf8d3d3598ede51c5afc274e522e2,CLEAN_TEST_FIXTURE,none,True,True,0.0348,True,0.3194,True,4.6595,ALL_REQUIRED_EVIDENCE_TRUSTWORTHY,b2d83222fe4bab87f393b8e93c8a29f87ac2f8279ebd9de6ca63f25604bbf49f
case-02271,defaa22e510e17415634bc382eb559b8b7ffa836a95222671c2b135f5d28a392,CONTROLLED_TEST_MUTATION,stale_live_observation,False,True,0.036,False,0.3466,False,3.6915,EVIDENCE_STALE,b2d83222fe4bab87f393b8e93c8a29f87ac2f8279ebd9de6ca63f25604bbf49f
case-02272,594547458472803a35ac0cecb7ade52f8a69b3e748ae56382d6a37ede2893128,CONTROLLED_TEST_MUTATION,missing_lineage,False,True,0.0415,True,0.3672,False,4.2406,EVIDENCE_LINEAGE_INCOMPLETE,b2d83222fe4bab87f393b8e93c8a29f87ac2f8279ebd9de6ca63f25604bbf49f
case-02273,4b8bdb94f08331737daa255d0d09c81dab0aec1ec307a727e8e5937c33e97f68,CLEAN_TEST_FIXTURE,none,True,True,0.0363,True,0.3225,True,3.6194,ALL_REQUIRED_EVIDENCE_TRUSTWORTHY,b2d83222fe4bab87f393b8e93c8a29f87ac2f8279ebd9de6ca63f25604bbf49f
case-02274,ff295c82b552fd74f7aa1113f6fc4d11479592c68e99e01c661e9311991a74ac,CONTROLLED_TEST_MUTATION,missing_lineage,False,True,0.035,True,0.325,False,5.8771,EVIDENCE_LINEAGE_INCOMPLETE,b2d83222fe4bab87f393b8e93c8a29f87ac2f8279ebd9de6ca63f25604bbf49f
case-02275,168b8fff72d92761e6527610d332a013540261bd5b642662f28959090195e3c0,CONTROLLED_TEST_MUTATION,missing_direct_role,False,False,0.0189,False,0.0135,False,3.2648,REQUIRED_ROLE_MISSING,b2d83222fe4bab87f393b8e93c8a29f87ac2f8279ebd9de6ca63f25604bbf49f
case-02276,29afea95dc696b3c8b32840b06e42e1b791c32ae83181b44136836c93a646f9e,CONTROLLED_TEST_MUTATION,future_timestamp,False,True,0.0475,False,0.4923,False,3.9849,EVIDENCE_FRESHNESS_UNKNOWN|EVIDENCE_TIMESTAMP_IN_FUTURE,b2d83222fe4bab87f393b8e93c8a29f87ac2f8279ebd9de6ca63f25604bbf49f
case-02277,a304429ffa21c4a899f032c7b50295655164a470adb6b1537e332ab4982f0bf5,CONTROLLED_TEST_MUTATION,snapshot_score_conflict,False,True,0.0355,True,0.344,False,3.9282,EVIDENCE_SNAPSHOT_CONFLICT,b2d83222fe4bab87f393b8e93c8a29f87ac2f8279ebd9de6ca63f25604bbf49f
case-02278,19a5e452acf74b8c308da944d52d35d5903dc0ce42134049a4f3049a026577a7,CLEAN_TEST_FIXTURE,none,True,True,0.0608,True,0.3617,True,3.8148,ALL_REQUIRED_EVIDENCE_TRUSTWORTHY,b2d83222fe4bab87f393b8e93c8a29f87ac2f8279ebd9de6ca63f25604bbf49f
case-02279,4ad7996c8ec23b18b72740e5265479e54f00f880273d7ea80d989338fcb16603,CONTROLLED_TEST_MUTATION,excluded_ancestor,False,True,0.0358,True,0.3186,False,3.8259,REQUIRED_INPUT_EXCLUDED,b2d83222fe4bab87f393b8e93c8a29f87ac2f8279ebd9de6ca63f25604bbf49f
case-02280,63d43ef064580095cf695c1b1eb8c2b91118bb0785674c3af55c8bb8b70c5c6e,CONTROLLED_TEST_MUTATION,unknown_source,False,True,0.0352,True,0.3224,False,3.6503,EVIDENCE_ROLE_SOURCE_NOT_ALLOWED|EVIDENCE_SOURCE_ID_UNKNOWN|EVIDENCE_SOURCE_POLICY_MISSING,b2d83222fe4bab87f393b8e93c8a29f87ac2f8279ebd9de6ca63f25604bbf49f
case-02281,b1ad3f7ee818d0b1a49e8b68a832b201fed914c269fcdc5417652169580aec15,CONTROLLED_TEST_MUTATION,unknown_source,False,True,0.034,True,0.3344,False,3.5666,EVIDENCE_ROLE_SOURCE_NOT_ALLOWED|EVIDENCE_SOURCE_ID_UNKNOWN|EVIDENCE_SOURCE_POLICY_MISSING,b2d83222fe4bab87f393b8e93c8a29f87ac2f8279ebd9de6ca63f25604bbf49f
case-02282,aec6f62f88a2e0a3aa2ec3e0a583e825336c7768eab3829a2d1519321a1f31fc,CONTROLLED_TEST_MUTATION,lineage_cycle,False,True,0.0371,True,0.3169,False,3.7064,EVIDENCE_LINEAGE_INVALID,b2d83222fe4bab87f393b8e93c8a29f87ac2f8279ebd9de6ca63f25604bbf49f
case-02283,7cb047fd781a140e2efba7ec86e5c86e1ec2f8f54dccab19e955fdb07af67b1d,CONTROLLED_TEST_MUTATION,lineage_cycle,False,True,0.0357,True,0.3184,False,3.6348,EVIDENCE_LINEAGE_INVALID,b2d83222fe4bab87f393b8e93c8a29f87ac2f8279ebd9de6ca63f25604bbf49f
case-02284,b4fb245413a39db793fdc1a271577d761c28c27f42f22351964c3ad439e34e0e,CONTROLLED_TEST_MUTATION,stale_live_observation,False,True,0.0553,False,0.3328,False,3.9794,EVIDENCE_STALE,b2d83222fe4bab87f393b8e93c8a29f87ac2f8279ebd9de6ca63f25604bbf49f
case-02285,b031448dd7e3237a64ce2d853400c1e7d0b36a6a27dca4e95284e95e6e4c81e7,CONTROLLED_TEST_MUTATION,incomplete_payload,False,True,0.036,False,0.1507,False,3.6637,EVIDENCE_PAYLOAD_INCOMPLETE,b2d83222fe4bab87f393b8e93c8a29f87ac2f8279ebd9de6ca63f25604bbf49f
case-02286,6a60ebcbde2409681e9e23877e3f20278470a88b19925cf773c2b24f95e6d399,CLEAN_TEST_FIXTURE,none,True,True,0.0375,True,0.3227,True,4.036,ALL_REQUIRED_EVIDENCE_TRUSTWORTHY,b2d83222fe4bab87f393b8e93c8a29f87ac2f8279ebd9de6ca63f25604bbf49f
case-02287,5aa56bc3568635204f555d96422dfaf5b83a25d6ed92fff956c6961c5a14dd99,CONTROLLED_TEST_MUTATION,stale_live_observation,False,True,0.0377,False,0.2908,False,3.9927,EVIDENCE_STALE,b2d83222fe4bab87f393b8e93c8a29f87ac2f8279ebd9de6ca63f25604bbf49f
case-02288,9e1df559bed160fc4bbfe92cbe104c7b35ebaee335bc625bc80463f27e1339e2,CONTROLLED_TEST_MUTATION,stale_live_observation,False,True,0.0351,False,0.2907,False,3.837,EVIDENCE_STALE,b2d83222fe4bab87f393b8e93c8a29f87ac2f8279ebd9de6ca63f25604bbf49f
case-02289,1fbd0797cf0b5897a1c74e7ee6a3c81b5fa411b769e64c7065f8662b3d48dc91,CONTROLLED_TEST_MUTATION,excluded_ancestor,False,True,0.0338,True,0.3288,False,4.6349,REQUIRED_INPUT_EXCLUDED,b2d83222fe4bab87f393b8e93c8a29f87ac2f8279ebd9de6ca63f25604bbf49f
case-02290,8645211495149d4554b6cf3843a0d3494be5ee3fdfd4458b31818314d3257904,CLEAN_TEST_FIXTURE,none,True,True,0.0367,True,0.3381,True,3.5941,ALL_REQUIRED_EVIDENCE_TRUSTWORTHY,b2d83222fe4bab87f393b8e93c8a29f87ac2f8279ebd9de6ca63f25604bbf49f
case-02291,1e195a85da78213773f5254dfa8b1ce7fde5471dc0c344ad2dc4604badab2107,CONTROLLED_TEST_MUTATION,payload_tamper_after_seal,False,True,0.034,False,0.0759,False,3.8489,CHECKSUM_INVALID|EVIDENCE_ROOT_INVALID|EVIDENCE_SNAPSHOT_CONFLICT|RECORD_ENVELOPE_INVALID,b2d83222fe4bab87f393b8e93c8a29f87ac2f8279ebd9de6ca63f25604bbf49f
case-02292,c5e60a15bc36da118bc40957233f235471e388295879032ca5a01f21158a598c,CONTROLLED_TEST_MUTATION,lineage_cycle,False,True,0.0536,True,0.3872,False,3.6318,EVIDENCE_LINEAGE_INVALID,b2d83222fe4bab87f393b8e93c8a29f87ac2f8279ebd9de6ca63f25604bbf49f
case-02293,0910a09184162336cf37f01a427faa24f2436b48cce71e02ed5511de61a5585a,CONTROLLED_TEST_MUTATION,broken_lineage,False,True,0.034,True,0.3297,False,4.5303,EVIDENCE_LINEAGE_INVALID,b2d83222fe4bab87f393b8e93c8a29f87ac2f8279ebd9de6ca63f25604bbf49f
case-02294,4a684c1910fc663f60b05dea7786c25b9b1c6cae19a58089730411e71ad4e366,CLEAN_TEST_FIXTURE,none,True,True,0.0358,True,0.3317,True,4.0162,ALL_REQUIRED_EVIDENCE_TRUSTWORTHY,b2d83222fe4bab87f393b8e93c8a29f87ac2f8279ebd9de6ca63f25604bbf49f
case-02295,b6e2accf0524f9055b22a528535d7f733f2438b92dac19f79ca5a3975325cc6f,CONTROLLED_TEST_MUTATION,unavailable_record,False,True,0.035,False,0.2888,False,4.3889,EVIDENCE_LINEAGE_INCOMPLETE|EVIDENCE_UNAVAILABLE,b2d83222fe4bab87f393b8e93c8a29f87ac2f8279ebd9de6ca63f25604bbf49f
case-02296,31c50e5683f8950d03843e8e7e7deda415b6ebef0a1c9d77dcdff08ebe5a6343,CONTROLLED_TEST_MUTATION,future_timestamp,False,True,0.0361,False,0.2974,False,3.6122,EVIDENCE_FRESHNESS_UNKNOWN|EVIDENCE_TIMESTAMP_IN_FUTURE,b2d83222fe4bab87f393b8e93c8a29f87ac2f8279ebd9de6ca63f25604bbf49f
case-02297,8477efa1820937325107429d9f140c555ba3584ddc879f42b053cfc0ec786cc7,CONTROLLED_TEST_MUTATION,future_timestamp,False,True,0.0355,False,0.292,False,5.0168,EVIDENCE_FRESHNESS_UNKNOWN|EVIDENCE_TIMESTAMP_IN_FUTURE,b2d83222fe4bab87f393b8e93c8a29f87ac2f8279ebd9de6ca63f25604bbf49f
case-02298,af02bc34966e3c909ca2f05692d5949925085ca37515828928700e6a54573540,CLEAN_TEST_FIXTURE,none,True,True,0.0347,True,0.3127,True,3.6127,ALL_REQUIRED_EVIDENCE_TRUSTWORTHY,b2d83222fe4bab87f393b8e93c8a29f87ac2f8279ebd9de6ca63f25604bbf49f
case-02299,98c2947284b2552cabce479569cefc7d6ebc3b3aad9360b95a863097c2d96c8b,CLEAN_TEST_FIXTURE,none,True,True,0.0575,True,0.3491,True,3.6031,ALL_REQUIRED_EVIDENCE_TRUSTWORTHY,b2d83222fe4bab87f393b8e93c8a29f87ac2f8279ebd9de6ca63f25604bbf49f
case-02300,cb4d80e0cbc246f6662333b386b01f2c502ca74fbd8303858cf2263b61b34d64,CONTROLLED_TEST_MUTATION,root_signature_tamper_after_seal,False,True,0.0344,True,0.3113,False,3.7721,EVIDENCE_ROOT_INVALID,b2d83222fe4bab87f393b8e93c8a29f87ac2f8279ebd9de6ca63f25604bbf49f
case-02301,9e27d3bc85eb55dfb9fb659f223787c0cf463ca39aae7172feef68e57b2e7a60,CONTROLLED_TEST_MUTATION,payload_tamper_after_seal,False,True,0.0647,False,1.2559,False,4.0297,CHECKSUM_INVALID|EVIDENCE_ROOT_INVALID|EVIDENCE_SNAPSHOT_CONFLICT|RECORD_ENVELOPE_INVALID,b2d83222fe4bab87f393b8e93c8a29f87ac2f8279ebd9de6ca63f25604bbf49f
case-02302,a68206c43f4558c05188851b2916c32815acd83a841cba905d0b20bdc7957efa,CONTROLLED_TEST_MUTATION,expired_import,False,True,0.0415,False,0.2922,False,4.4778,EVIDENCE_STALE,b2d83222fe4bab87f393b8e93c8a29f87ac2f8279ebd9de6ca63f25604bbf49f
case-02303,da75ade4fd9ddd3cc24ebf037fd2cefb3dd25153848caf44c00e663f603d2401,CONTROLLED_TEST_MUTATION,expired_import,False,True,0.0383,False,0.2698,False,3.8983,EVIDENCE_STALE,b2d83222fe4bab87f393b8e93c8a29f87ac2f8279ebd9de6ca63f25604bbf49f
case-02304,d8ae21e396d64c1542ab122c3fe1133ee6edbf90ef2dbb2455e07fd48f41a67f,CONTROLLED_TEST_MUTATION,missing_direct_role,False,False,0.0262,False,0.0249,False,3.3325,REQUIRED_ROLE_MISSING,b2d83222fe4bab87f393b8e93c8a29f87ac2f8279ebd9de6ca63f25604bbf49f
case-02305,54dac5091a735fb3cbbce3e482bfd7c08579d5f29a8e76b3362d591ece371386,CLEAN_TEST_FIXTURE,none,True,True,0.042,True,0.3745,True,3.9318,ALL_REQUIRED_EVIDENCE_TRUSTWORTHY,b2d83222fe4bab87f393b8e93c8a29f87ac2f8279ebd9de6ca63f25604bbf49f
case-02306,14e8184d55064ad8f2c6ca8e2c6f0c0b9fa5e8399e305fd46b513e61d80dad6c,CLEAN_TEST_FIXTURE,none,True,True,0.0398,True,0.3473,True,5.0967,ALL_REQUIRED_EVIDENCE_TRUSTWORTHY,b2d83222fe4bab87f393b8e93c8a29f87ac2f8279ebd9de6ca63f25604bbf49f
case-02307,636c6957cde822b90fadff2098a327a31c97b5bd2d26e6b50d59b92d760cfaf0,CONTROLLED_TEST_MUTATION,root_signature_tamper_after_seal,False,True,0.0391,True,0.345,False,3.836,EVIDENCE_ROOT_INVALID,b2d83222fe4bab87f393b8e93c8a29f87ac2f8279ebd9de6ca63f25604bbf49f
case-02308,24b48fcc033690f52cf59a339b560fa4fff428f1e3b71905f2255b3cdc2f803b,CLEAN_TEST_FIXTURE,none,True,True,0.051,True,0.418,True,5.0729,ALL_REQUIRED_EVIDENCE_TRUSTWORTHY,b2d83222fe4bab87f393b8e93c8a29f87ac2f8279ebd9de6ca63f25604bbf49f
case-02309,2c525af664c5a9d59293c1d9bbf216327e0959f4e781ccb3a16492e2a272190c,CONTROLLED_TEST_MUTATION,stale_live_observation,False,True,0.047,False,0.4038,False,3.9439,EVIDENCE_STALE,b2d83222fe4bab87f393b8e93c8a29f87ac2f8279ebd9de6ca63f25604bbf49f
case-02310,55714d99147395eff3ee0f246b75886894737a9c3c98945a39eb24ff7cb2a88a,CONTROLLED_TEST_MUTATION,source_type_impersonation,False,True,0.0385,True,0.366,False,4.1834,EVIDENCE_ROLE_SOURCE_NOT_ALLOWED|OPERATOR_EVIDENCE_UNVERIFIED,b2d83222fe4bab87f393b8e93c8a29f87ac2f8279ebd9de6ca63f25604bbf49f
case-02311,47b7fecfe80c077b502428c344500562b3226bf657fe75a2bb087d329fe0d72c,CONTROLLED_TEST_MUTATION,root_signature_tamper_after_seal,False,True,0.0362,True,0.343,False,5.8555,EVIDENCE_ROOT_INVALID,b2d83222fe4bab87f393b8e93c8a29f87ac2f8279ebd9de6ca63f25604bbf49f
case-02312,16202d79d076862a64b646e3b7f83461f61fde67ba16ed7599b1ab7136df7ef7,CONTROLLED_TEST_MUTATION,missing_direct_role,False,False,0.0209,False,0.0141,False,3.235,REQUIRED_ROLE_MISSING,b2d83222fe4bab87f393b8e93c8a29f87ac2f8279ebd9de6ca63f25604bbf49f
case-02313,b9c96809e3653d3e82618e4be081b50a99796f71a2b0639502f3e50cc2fdb99d,CONTROLLED_TEST_MUTATION,empty_payload,False,False,0.0375,False,0.029,False,4.2915,EVIDENCE_PAYLOAD_EMPTY|EVIDENCE_PAYLOAD_SCHEMA_INVALID|EVIDENCE_SNAPSHOT_CONFLICT,b2d83222fe4bab87f393b8e93c8a29f87ac2f8279ebd9de6ca63f25604bbf49f
case-02314,6b3bef67f18f2980c0563cadd85cced22d5c838ae00933706bbb3615ae34d63e,CLEAN_TEST_FIXTURE,none,True,True,0.036,True,0.324,True,3.695,ALL_REQUIRED_EVIDENCE_TRUSTWORTHY,b2d83222fe4bab87f393b8e93c8a29f87ac2f8279ebd9de6ca63f25604bbf49f
case-02315,10e6fb13ecf557c15d743f9ea798452909038deca363f9c23edb0e8657226cd8,CONTROLLED_TEST_MUTATION,source_type_impersonation,False,True,0.035,True,0.3155,False,5.0389,EVIDENCE_ROLE_SOURCE_NOT_ALLOWED|OPERATOR_EVIDENCE_UNVERIFIED,b2d83222fe4bab87f393b8e93c8a29f87ac2f8279ebd9de6ca63f25604bbf49f
case-02316,135b50923d371ff80992df02c4682124d19bcd52b3c2022f94249cc3f4b4e418,CONTROLLED_TEST_MUTATION,expired_import,False,True,0.0485,False,0.2788,False,3.7363,EVIDENCE_STALE,b2d83222fe4bab87f393b8e93c8a29f87ac2f8279ebd9de6ca63f25604bbf49f
case-02317,484b7a0367023ae3fc0cb6f4c446a4fa232020b9183e006057e6180e8fa073bd,CONTROLLED_TEST_MUTATION,future_timestamp,False,True,0.0433,False,0.4896,False,4.0892,EVIDENCE_FRESHNESS_UNKNOWN|EVIDENCE_TIMESTAMP_IN_FUTURE,b2d83222fe4bab87f393b8e93c8a29f87ac2f8279ebd9de6ca63f25604bbf49f
case-02318,2c0a8fedc351650013d0f43cfe86ee0d92afca818c822c3c20727fbea6e805d4,CONTROLLED_TEST_MUTATION,role_conflict,False,True,0.039,True,0.3457,False,3.9513,EVIDENCE_ROLE_CONFLICT,b2d83222fe4bab87f393b8e93c8a29f87ac2f8279ebd9de6ca63f25604bbf49f
case-02319,335f9707b54801d34a1839ecddb971ee0a1526e896c1df3a5958976c241e3b8f,CLEAN_TEST_FIXTURE,none,True,True,0.0476,True,0.3992,True,3.9141,ALL_REQUIRED_EVIDENCE_TRUSTWORTHY,b2d83222fe4bab87f393b8e93c8a29f87ac2f8279ebd9de6ca63f25604bbf49f
case-02320,297824bcb1b87e208d60b7fe61125b4bfb935f5eb021c441437b4903fe5bf0e1,CONTROLLED_TEST_MUTATION,root_signature_tamper_after_seal,False,True,0.0356,True,0.3193,False,3.8973,EVIDENCE_ROOT_INVALID,b2d83222fe4bab87f393b8e93c8a29f87ac2f8279ebd9de6ca63f25604bbf49f
case-02321,f284aafc71c7d2cc2d9864cd3cc9059c098020445d15c63bccdc6aab11b64443,CLEAN_TEST_FIXTURE,none,True,True,0.0361,True,0.3279,True,3.6394,ALL_REQUIRED_EVIDENCE_TRUSTWORTHY,b2d83222fe4bab87f393b8e93c8a29f87ac2f8279ebd9de6ca63f25604bbf49f
case-02322,70d058b54256a57cb6c6a11e35b2e2c6b17393580625bfc73d270f82cbb5f07c,CONTROLLED_TEST_MUTATION,stale_live_observation,False,True,0.065,False,0.3538,False,3.77,EVIDENCE_STALE,b2d83222fe4bab87f393b8e93c8a29f87ac2f8279ebd9de6ca63f25604bbf49f
case-02323,6815f5dff0f8022d3c8ed851473e43ac2cd3907acf60a8faff1a66e996b2c010,CONTROLLED_TEST_MUTATION,missing_lineage,False,True,0.0382,True,0.3756,False,3.6553,EVIDENCE_LINEAGE_INCOMPLETE,b2d83222fe4bab87f393b8e93c8a29f87ac2f8279ebd9de6ca63f25604bbf49f
case-02324,0e2811a42e996b971845dbf12fa4b14d5b96447211671f57491d9205a36b2804,CONTROLLED_TEST_MUTATION,source_type_impersonation,False,True,0.0359,True,0.3234,False,4.5099,EVIDENCE_ROLE_SOURCE_NOT_ALLOWED|OPERATOR_EVIDENCE_UNVERIFIED,b2d83222fe4bab87f393b8e93c8a29f87ac2f8279ebd9de6ca63f25604bbf49f
case-02325,b9e59ccf6941d1e67b5ece1a387d4ad049408e8a502ba6f6261aad8d802dc2de,CONTROLLED_TEST_MUTATION,missing_direct_role,False,False,0.0194,False,0.0136,False,3.2905,REQUIRED_ROLE_MISSING,b2d83222fe4bab87f393b8e93c8a29f87ac2f8279ebd9de6ca63f25604bbf49f
case-02326,720c1f93cffd834c8eb5d39ce2f4f8d800d3b1c0930235fd189b9d4d19fb8674,CLEAN_TEST_FIXTURE,none,True,True,0.0352,True,0.3235,True,3.5847,ALL_REQUIRED_EVIDENCE_TRUSTWORTHY,b2d83222fe4bab87f393b8e93c8a29f87ac2f8279ebd9de6ca63f25604bbf49f
case-02327,79a2e4d39eac40482ee6c51a6d3fcebeecab328f313f7b05a41637ff5ae46a99,CONTROLLED_TEST_MUTATION,root_signature_tamper_after_seal,False,True,0.0386,True,0.3625,False,3.8657,EVIDENCE_ROOT_INVALID,b2d83222fe4bab87f393b8e93c8a29f87ac2f8279ebd9de6ca63f25604bbf49f
case-02328,ae1197e68c3047bb8b6f04db298ad68693ad59e2c8f0c508d96314388d5dd01e,CONTROLLED_TEST_MUTATION,expired_import,False,True,0.036,False,0.2664,False,4.0978,EVIDENCE_STALE,b2d83222fe4bab87f393b8e93c8a29f87ac2f8279ebd9de6ca63f25604bbf49f
case-02329,575fadcb95d5f5bdb30e4a930ebdc3236deae8855e28d91520e939d9e03b93e6,CLEAN_TEST_FIXTURE,none,True,True,0.0349,True,0.322,True,3.7059,ALL_REQUIRED_EVIDENCE_TRUSTWORTHY,b2d83222fe4bab87f393b8e93c8a29f87ac2f8279ebd9de6ca63f25604bbf49f
case-02330,58789d41fe80075b7c00021485b7ff1e13970d0b895ee8ca3b4cdc9c7a96a6a3,CLEAN_TEST_FIXTURE,none,True,True,0.0345,True,0.3184,True,4.0993,ALL_REQUIRED_EVIDENCE_TRUSTWORTHY,b2d83222fe4bab87f393b8e93c8a29f87ac2f8279ebd9de6ca63f25604bbf49f
case-02331,ddd7fc0d3e41d8eb62a12bcd5bc09e8dd0333b45d880ccc7b0318a7e10119d26,CLEAN_TEST_FIXTURE,none,True,True,0.0361,True,0.3652,True,3.7771,ALL_REQUIRED_EVIDENCE_TRUSTWORTHY,b2d83222fe4bab87f393b8e93c8a29f87ac2f8279ebd9de6ca63f25604bbf49f
case-02332,efa7497f94cc781eeaca568741adce09295f7bdd4191268c3af1be2fdf0d67ba,CONTROLLED_TEST_MUTATION,malformed_payload,False,True,0.1158,True,0.4353,False,4.4275,EVIDENCE_PAYLOAD_SCHEMA_INVALID|EVIDENCE_SNAPSHOT_CONFLICT,b2d83222fe4bab87f393b8e93c8a29f87ac2f8279ebd9de6ca63f25604bbf49f
case-02333,88c1315cc79e7697fd52cd481ca8f8728bc4187a5ea0679aa1479721fb930c48,CONTROLLED_TEST_MUTATION,payload_tamper_after_seal,False,True,0.0611,False,0.1181,False,3.7956,CHECKSUM_INVALID|EVIDENCE_ROOT_INVALID|EVIDENCE_SNAPSHOT_CONFLICT|RECORD_ENVELOPE_INVALID,b2d83222fe4bab87f393b8e93c8a29f87ac2f8279ebd9de6ca63f25604bbf49f
case-02334,a44b3574cf96367e1d01430693d555c483dc5b7244213621c7f8a8e5e7bb7dd3,CONTROLLED_TEST_MUTATION,stale_live_observation,False,True,0.0354,False,0.2937,False,5.3185,EVIDENCE_STALE,b2d83222fe4bab87f393b8e93c8a29f87ac2f8279ebd9de6ca63f25604bbf49f
case-02335,f71ef3783093580d0ddf7f895bb69c5b43a9553c2e062a77e1c419eda1ba68d1,CONTROLLED_TEST_MUTATION,source_type_impersonation,False,True,0.0362,True,0.3428,False,3.6931,EVIDENCE_ROLE_SOURCE_NOT_ALLOWED|OPERATOR_EVIDENCE_UNVERIFIED,b2d83222fe4bab87f393b8e93c8a29f87ac2f8279ebd9de6ca63f25604bbf49f
case-02336,20c139bc69f4e701ba4387aa6ee1360285506fea2c93eefb2fe4c6fb1e8caabd,CLEAN_TEST_FIXTURE,none,True,True,0.039,True,0.6453,True,4.0227,ALL_REQUIRED_EVIDENCE_TRUSTWORTHY,b2d83222fe4bab87f393b8e93c8a29f87ac2f8279ebd9de6ca63f25604bbf49f
case-02337,5ebcfa40146502d78c8ab003c62f0eeb1ae326b429bd42be3f58b9e912f3cfbf,CONTROLLED_TEST_MUTATION,role_conflict,False,True,0.0389,True,0.3411,False,4.0021,EVIDENCE_ROLE_CONFLICT,b2d83222fe4bab87f393b8e93c8a29f87ac2f8279ebd9de6ca63f25604bbf49f
case-02338,cf756695a88b9fd8f5ba00c19d403d097853e335349faeac15d10a6c7a6798e3,CONTROLLED_TEST_MUTATION,unavailable_record,False,True,0.0458,False,0.3438,False,3.7616,EVIDENCE_LINEAGE_INCOMPLETE|EVIDENCE_UNAVAILABLE,b2d83222fe4bab87f393b8e93c8a29f87ac2f8279ebd9de6ca63f25604bbf49f
case-02339,aadce970ad9732b490666ba00334ecea123878394791dceb716315db6c3ad1b7,CLEAN_TEST_FIXTURE,none,True,True,0.0361,True,0.3205,True,3.6786,ALL_REQUIRED_EVIDENCE_TRUSTWORTHY,b2d83222fe4bab87f393b8e93c8a29f87ac2f8279ebd9de6ca63f25604bbf49f
case-02340,80847a52ded9d5584a305fed6382bde082d54eea69728eb9de89b80e593b8376,CONTROLLED_TEST_MUTATION,missing_direct_role,False,False,0.0206,False,0.0148,False,3.5529,REQUIRED_ROLE_MISSING,b2d83222fe4bab87f393b8e93c8a29f87ac2f8279ebd9de6ca63f25604bbf49f
case-02341,dc365c31f74f12f28296df9311e89a60b8e81f556451c2e74f02e32e3aea4648,CLEAN_TEST_FIXTURE,none,True,True,0.0352,True,0.318,True,3.7819,ALL_REQUIRED_EVIDENCE_TRUSTWORTHY,b2d83222fe4bab87f393b8e93c8a29f87ac2f8279ebd9de6ca63f25604bbf49f
case-02342,14075cdd4281da559da5642f030478d85fec0e7f3f71cb18aab8a3bcf1f851ab,CLEAN_TEST_FIXTURE,none,True,True,0.0429,True,0.3642,True,3.8401,ALL_REQUIRED_EVIDENCE_TRUSTWORTHY,b2d83222fe4bab87f393b8e93c8a29f87ac2f8279ebd9de6ca63f25604bbf49f
case-02343,e7befd6d7b7c9a1143840a8877b0006ba514cf26ef561f98d0e46fca9d320f29,CONTROLLED_TEST_MUTATION,empty_payload,False,False,0.0375,False,0.0297,False,3.7764,EVIDENCE_PAYLOAD_EMPTY|EVIDENCE_PAYLOAD_SCHEMA_INVALID|EVIDENCE_SNAPSHOT_CONFLICT,b2d83222fe4bab87f393b8e93c8a29f87ac2f8279ebd9de6ca63f25604bbf49f
case-02344,f6d71e6a4d6b299444141708761a757f082b1f0fd803391b752ff5f665d4c798,CLEAN_TEST_FIXTURE,none,True,True,0.0363,True,0.3258,True,3.6099,ALL_REQUIRED_EVIDENCE_TRUSTWORTHY,b2d83222fe4bab87f393b8e93c8a29f87ac2f8279ebd9de6ca63f25604bbf49f
case-02345,78f8514daaab888366aa250e130fc5ef65b13f400cbed4c3b2ccfb014382429e,CLEAN_TEST_FIXTURE,none,True,True,0.0402,True,0.3464,True,3.6923,ALL_REQUIRED_EVIDENCE_TRUSTWORTHY,b2d83222fe4bab87f393b8e93c8a29f87ac2f8279ebd9de6ca63f25604bbf49f
case-02346,693d8c840d03cdeaaa2dff78620303c51c2746b97ee6c222ee09929ea870e66c,CONTROLLED_TEST_MUTATION,wrong_context,False,True,0.0373,True,0.3202,False,3.7865,EVIDENCE_CONTEXT_MISMATCH,b2d83222fe4bab87f393b8e93c8a29f87ac2f8279ebd9de6ca63f25604bbf49f
case-02347,8149270e60d8d28d89f19d0d39ebb5ce41883ee4a3e24c910c088f9ff15bd61d,CONTROLLED_TEST_MUTATION,role_conflict,False,True,0.0378,True,0.4716,False,4.7154,EVIDENCE_ROLE_CONFLICT,b2d83222fe4bab87f393b8e93c8a29f87ac2f8279ebd9de6ca63f25604bbf49f
case-02348,8b1092405fea91a5c96685aaf54e77ba334942605b58c294b55146e736dbfa85,CONTROLLED_TEST_MUTATION,root_signature_tamper_after_seal,False,True,0.0362,True,0.3223,False,3.6846,EVIDENCE_ROOT_INVALID,b2d83222fe4bab87f393b8e93c8a29f87ac2f8279ebd9de6ca63f25604bbf49f
case-02349,5fbf1ac432077c44ea0cb604e9a412a804bc532c2b2ca4e89cab9fce99afc4b2,CLEAN_TEST_FIXTURE,none,True,True,0.0353,True,0.3214,True,3.7967,ALL_REQUIRED_EVIDENCE_TRUSTWORTHY,b2d83222fe4bab87f393b8e93c8a29f87ac2f8279ebd9de6ca63f25604bbf49f
case-02350,5db9835fc623b92b1d9c80f46efbb066195782be917bfe39a8e6cacbb0c5d3d1,CONTROLLED_TEST_MUTATION,wrong_context,False,True,0.0368,True,0.3238,False,4.0329,EVIDENCE_CONTEXT_MISMATCH,b2d83222fe4bab87f393b8e93c8a29f87ac2f8279ebd9de6ca63f25604bbf49f
case-02351,935524d9945f29cac3412119cbdca698f257e4fdf42ab658ac1af05ade09f3ae,CONTROLLED_TEST_MUTATION,expired_import,False,True,0.0355,False,0.2679,False,4.1144,EVIDENCE_STALE,b2d83222fe4bab87f393b8e93c8a29f87ac2f8279ebd9de6ca63f25604bbf49f
case-02352,8c9c1d211c784957b316cdf3cefeed29a59768e2b2d3ce1db9f02ad246cd3928,CLEAN_TEST_FIXTURE,none,True,True,0.0353,True,0.3204,True,3.6635,ALL_REQUIRED_EVIDENCE_TRUSTWORTHY,b2d83222fe4bab87f393b8e93c8a29f87ac2f8279ebd9de6ca63f25604bbf49f
case-02353,5ca17c8cdc1bdbdbb1ecf511b83a1dd0bb34a187b89dfbf3afd8c1428bbbd7f9,CONTROLLED_TEST_MUTATION,stale_live_observation,False,True,0.0341,False,0.284,False,4.0888,EVIDENCE_STALE,b2d83222fe4bab87f393b8e93c8a29f87ac2f8279ebd9de6ca63f25604bbf49f
case-02354,8282a13d7aa72ae69a990df56a9a7359d49ac06a841d33bf7dec765ce2d73651,CONTROLLED_TEST_MUTATION,empty_payload,False,False,0.0417,False,0.0317,False,3.8137,EVIDENCE_PAYLOAD_EMPTY|EVIDENCE_PAYLOAD_SCHEMA_INVALID|EVIDENCE_SNAPSHOT_CONFLICT,b2d83222fe4bab87f393b8e93c8a29f87ac2f8279ebd9de6ca63f25604bbf49f
case-02355,dfa834415cce3195f23be65f3f4e7826b2c09ec5a0b770386060c6767684076a,CONTROLLED_TEST_MUTATION,stale_live_observation,False,True,0.0355,False,0.2932,False,4.0973,EVIDENCE_STALE,b2d83222fe4bab87f393b8e93c8a29f87ac2f8279ebd9de6ca63f25604bbf49f
case-02356,d48eda19b8a26ac78998703993bed4cdf384b5b09f473b954d101bd045377b78,CLEAN_TEST_FIXTURE,none,True,True,0.036,True,0.3413,True,3.7705,ALL_REQUIRED_EVIDENCE_TRUSTWORTHY,b2d83222fe4bab87f393b8e93c8a29f87ac2f8279ebd9de6ca63f25604bbf49f
case-02357,099bfc49aaa196efb55dd3e981809c907923ff078f37d3d06e2236122a2dd2d2,CONTROLLED_TEST_MUTATION,empty_payload,False,False,0.0365,False,0.0289,False,4.8557,EVIDENCE_PAYLOAD_EMPTY|EVIDENCE_PAYLOAD_SCHEMA_INVALID|EVIDENCE_SNAPSHOT_CONFLICT,b2d83222fe4bab87f393b8e93c8a29f87ac2f8279ebd9de6ca63f25604bbf49f
case-02358,07e658c2b9ceb9b31b91f95a8c91a3257589490747a7950868c85cb475f7e93e,CONTROLLED_TEST_MUTATION,expired_import,False,True,0.0369,False,0.2693,False,3.6538,EVIDENCE_STALE,b2d83222fe4bab87f393b8e93c8a29f87ac2f8279ebd9de6ca63f25604bbf49f
case-02359,b7cc0c07655906497ded36d658d533321e951be0de8f880c5778e354db640866,CONTROLLED_TEST_MUTATION,lineage_cycle,False,True,0.0394,True,0.394,False,3.9783,EVIDENCE_LINEAGE_INVALID,b2d83222fe4bab87f393b8e93c8a29f87ac2f8279ebd9de6ca63f25604bbf49f
case-02360,b0170b99591ab21089ae57ccc659f712fd7fbadee8d345e50d771a6e7f616a8b,CLEAN_TEST_FIXTURE,none,True,True,0.0361,True,0.3228,True,3.656,ALL_REQUIRED_EVIDENCE_TRUSTWORTHY,b2d83222fe4bab87f393b8e93c8a29f87ac2f8279ebd9de6ca63f25604bbf49f
case-02361,6321e9e193997cf27fb252e5cc569d76dcf2cefcf5dd38c9c474fc4e76f15590,CONTROLLED_TEST_MUTATION,unavailable_record,False,True,0.0343,False,0.3611,False,4.8398,EVIDENCE_LINEAGE_INCOMPLETE|EVIDENCE_UNAVAILABLE,b2d83222fe4bab87f393b8e93c8a29f87ac2f8279ebd9de6ca63f25604bbf49f
case-02362,6a314c495f5cb17d677c500d76089a9a0b02f608a7338a3cbe6a2e44a8486d4d,CONTROLLED_TEST_MUTATION,role_conflict,False,True,0.0392,True,0.3708,False,3.9311,EVIDENCE_ROLE_CONFLICT,b2d83222fe4bab87f393b8e93c8a29f87ac2f8279ebd9de6ca63f25604bbf49f
case-02363,e065fd90d887b53c0e8bf5c02602413684c0f758e68bb8f80e84457a8e8b5ded,CONTROLLED_TEST_MUTATION,role_conflict,False,True,0.0482,True,0.3386,False,4.4072,EVIDENCE_ROLE_CONFLICT,b2d83222fe4bab87f393b8e93c8a29f87ac2f8279ebd9de6ca63f25604bbf49f
case-02364,5525d322f843c7e8c0d79ae52aa16490b72dd2893eab7f7ae2613ec37008296d,CONTROLLED_TEST_MUTATION,role_conflict,False,True,0.0423,True,0.353,False,4.1154,EVIDENCE_ROLE_CONFLICT,b2d83222fe4bab87f393b8e93c8a29f87ac2f8279ebd9de6ca63f25604bbf49f
case-02365,552a661eba4578e7f19c42696cef283329ce8d30312158539bf4592a05f05c0a,CONTROLLED_TEST_MUTATION,root_signature_tamper_after_seal,False,True,0.0384,True,0.3507,False,3.8546,EVIDENCE_ROOT_INVALID,b2d83222fe4bab87f393b8e93c8a29f87ac2f8279ebd9de6ca63f25604bbf49f
case-02366,84380f04e08fb8e49e02226433b2799f9c454d29e9cb2b4c47f5d6f2734fa855,CONTROLLED_TEST_MUTATION,malformed_payload,False,True,0.0361,True,0.3086,False,4.0362,EVIDENCE_PAYLOAD_SCHEMA_INVALID|EVIDENCE_SNAPSHOT_CONFLICT,b2d83222fe4bab87f393b8e93c8a29f87ac2f8279ebd9de6ca63f25604bbf49f
case-02367,30a16b5a38a8e45b050cbb772b09302001ee7cf3751e1025d3f6cb1cffe6a912,CONTROLLED_TEST_MUTATION,excluded_ancestor,False,True,0.0353,True,0.3367,False,3.6611,REQUIRED_INPUT_EXCLUDED,b2d83222fe4bab87f393b8e93c8a29f87ac2f8279ebd9de6ca63f25604bbf49f
case-02368,2c52762268e7f4dba0a46e9c52dedfe51a9885567739b8cc059b3cff4560775c,CONTROLLED_TEST_MUTATION,lineage_cycle,False,True,0.0338,True,0.3329,False,4.3724,EVIDENCE_LINEAGE_INVALID,b2d83222fe4bab87f393b8e93c8a29f87ac2f8279ebd9de6ca63f25604bbf49f
case-02369,c1bc3225357990c15fafacdfd1fe9ed110343ca21b56ba5bea907ff9d4916047,CONTROLLED_TEST_MUTATION,missing_lineage,False,True,0.041,True,0.3417,False,3.6784,EVIDENCE_LINEAGE_INCOMPLETE,b2d83222fe4bab87f393b8e93c8a29f87ac2f8279ebd9de6ca63f25604bbf49f
case-02370,29a85b09717b8efe5819ef7d3593c5fc1232e7436e40f3fc6f64e1e5531b007d,CONTROLLED_TEST_MUTATION,snapshot_score_conflict,False,True,0.0354,True,0.3188,False,3.9412,EVIDENCE_SNAPSHOT_CONFLICT,b2d83222fe4bab87f393b8e93c8a29f87ac2f8279ebd9de6ca63f25604bbf49f
case-02371,e2f6cf965be4a8dee970c1da75853a5e85172b6c28a4ec044ecce5f60ae8b4bb,CONTROLLED_TEST_MUTATION,excluded_ancestor,False,True,0.0353,True,0.3739,False,3.6452,REQUIRED_INPUT_EXCLUDED,b2d83222fe4bab87f393b8e93c8a29f87ac2f8279ebd9de6ca63f25604bbf49f
case-02372,2b40df2dfcb60802f4638a585179ba017de01334b6b283ff4511124cfa00b50a,CONTROLLED_TEST_MUTATION,root_signature_tamper_after_seal,False,True,0.0337,True,0.3982,False,5.1038,EVIDENCE_ROOT_INVALID,b2d83222fe4bab87f393b8e93c8a29f87ac2f8279ebd9de6ca63f25604bbf49f
case-02373,0967dced722972c5bd031c6483b5c6fb7a0dc6b0d844de86e8cc60d5d7c5c7f5,CONTROLLED_TEST_MUTATION,broken_lineage,False,True,0.0353,True,0.3125,False,3.6833,EVIDENCE_LINEAGE_INVALID,b2d83222fe4bab87f393b8e93c8a29f87ac2f8279ebd9de6ca63f25604bbf49f
case-02374,78a2fa8b1867e1aac2e8c2bd1ce0e1123b097d8925df6a1828be7413981547ce,CONTROLLED_TEST_MUTATION,missing_direct_role,False,False,0.0203,False,0.0143,False,3.6414,REQUIRED_ROLE_MISSING,b2d83222fe4bab87f393b8e93c8a29f87ac2f8279ebd9de6ca63f25604bbf49f
case-02375,2687e44a0782e782620564fa0b18511bf43ec842dfcfbe63ae729844bedceaaf,CONTROLLED_TEST_MUTATION,lineage_cycle,False,True,0.035,True,0.3107,False,3.5936,EVIDENCE_LINEAGE_INVALID,b2d83222fe4bab87f393b8e93c8a29f87ac2f8279ebd9de6ca63f25604bbf49f
case-02376,58c124899a9d7a24b4da4ad1dcef11990d4b77d0d02c33515540d3bfda8880d4,CLEAN_TEST_FIXTURE,none,True,True,0.0344,True,0.3138,True,5.9696,ALL_REQUIRED_EVIDENCE_TRUSTWORTHY,b2d83222fe4bab87f393b8e93c8a29f87ac2f8279ebd9de6ca63f25604bbf49f
case-02377,4e49a1c9ec0a8f05308a9738f5415b0312f4d555d1ac590955cedc4e3223eaef,CLEAN_TEST_FIXTURE,none,True,True,0.0365,True,0.3143,True,3.7387,ALL_REQUIRED_EVIDENCE_TRUSTWORTHY,b2d83222fe4bab87f393b8e93c8a29f87ac2f8279ebd9de6ca63f25604bbf49f
case-02378,8b2cdadf15a3aaf088c8517dc4a3676fc23f5a8c26fa1866670dde651dcbb894,CLEAN_TEST_FIXTURE,none,True,True,0.0342,True,0.5268,True,3.7947,ALL_REQUIRED_EVIDENCE_TRUSTWORTHY,b2d83222fe4bab87f393b8e93c8a29f87ac2f8279ebd9de6ca63f25604bbf49f
case-02379,5d7bcc011d5f25778627779844497d9170d82ab85aa4da90683690fc443d636e,CONTROLLED_TEST_MUTATION,role_conflict,False,True,0.0377,True,0.3317,False,4.8888,EVIDENCE_ROLE_CONFLICT,b2d83222fe4bab87f393b8e93c8a29f87ac2f8279ebd9de6ca63f25604bbf49f
case-02380,4c475a8a4338c31baed9e8f45e250857d10affbbc500c7fab8773c58438c3e91,CONTROLLED_TEST_MUTATION,payload_tamper_after_seal,False,True,0.0461,False,0.1023,False,4.0139,CHECKSUM_INVALID|EVIDENCE_ROOT_INVALID|EVIDENCE_SNAPSHOT_CONFLICT|RECORD_ENVELOPE_INVALID,b2d83222fe4bab87f393b8e93c8a29f87ac2f8279ebd9de6ca63f25604bbf49f
case-02381,671194cdf72cb74efe2dd165a58f750b182e636f6700c73aba5e99ef3d055617,CONTROLLED_TEST_MUTATION,payload_tamper_after_seal,False,True,0.0558,False,0.0778,False,3.7668,CHECKSUM_INVALID|EVIDENCE_ROOT_INVALID|EVIDENCE_SNAPSHOT_CONFLICT|RECORD_ENVELOPE_INVALID,b2d83222fe4bab87f393b8e93c8a29f87ac2f8279ebd9de6ca63f25604bbf49f
case-02382,b89684d007109d8e5c7b27d4b74af3b4a8593fc99ce676a6e4f6b0c77698c857,CONTROLLED_TEST_MUTATION,broken_lineage,False,True,0.0347,True,0.3106,False,3.6865,EVIDENCE_LINEAGE_INVALID,b2d83222fe4bab87f393b8e93c8a29f87ac2f8279ebd9de6ca63f25604bbf49f
case-02383,91e8a3d8703cf99aad24b5186fe85bbba3d04fa7e10ad50a037d43c376af9ed0,CLEAN_TEST_FIXTURE,none,True,True,0.0355,True,0.3459,True,3.699,ALL_REQUIRED_EVIDENCE_TRUSTWORTHY,b2d83222fe4bab87f393b8e93c8a29f87ac2f8279ebd9de6ca63f25604bbf49f
case-02384,20833a42686048727e03485e1d00e43a2badfb1d03c82a53ee702fc7ae21355a,CONTROLLED_TEST_MUTATION,malformed_payload,False,True,0.037,True,0.3196,False,3.8199,EVIDENCE_PAYLOAD_SCHEMA_INVALID|EVIDENCE_SNAPSHOT_CONFLICT,b2d83222fe4bab87f393b8e93c8a29f87ac2f8279ebd9de6ca63f25604bbf49f
case-02385,756baf0541cbd6f82c79c2336e5662e54aa46389e5cd54474bfccf6c2f982584,CONTROLLED_TEST_MUTATION,snapshot_score_conflict,False,True,0.0351,True,0.3179,False,3.6655,EVIDENCE_SNAPSHOT_CONFLICT,b2d83222fe4bab87f393b8e93c8a29f87ac2f8279ebd9de6ca63f25604bbf49f
case-02386,988e93ce15d8b6dfcecc318586137110bba5023a8b88cbf6a82e51d4e34d40f3,CONTROLLED_TEST_MUTATION,unknown_source,False,True,0.0355,True,0.3472,False,3.992,EVIDENCE_ROLE_SOURCE_NOT_ALLOWED|EVIDENCE_SOURCE_ID_UNKNOWN|EVIDENCE_SOURCE_POLICY_MISSING,b2d83222fe4bab87f393b8e93c8a29f87ac2f8279ebd9de6ca63f25604bbf49f
case-02387,6e598d76f11629d1a9b20b0f09ae24c6e5256eb4a7435381bf741d9cd76ff113,CONTROLLED_TEST_MUTATION,unknown_source,False,True,0.0355,True,0.3165,False,4.1976,EVIDENCE_ROLE_SOURCE_NOT_ALLOWED|EVIDENCE_SOURCE_ID_UNKNOWN|EVIDENCE_SOURCE_POLICY_MISSING,b2d83222fe4bab87f393b8e93c8a29f87ac2f8279ebd9de6ca63f25604bbf49f
case-02388,dee3de02c07ef737b52ffc7ef4de70ea5ce3e4a21caa1fc80bea1de647676a5a,CONTROLLED_TEST_MUTATION,malformed_payload,False,True,0.0379,True,0.3392,False,3.7883,EVIDENCE_PAYLOAD_SCHEMA_INVALID|EVIDENCE_SNAPSHOT_CONFLICT,b2d83222fe4bab87f393b8e93c8a29f87ac2f8279ebd9de6ca63f25604bbf49f
case-02389,905319c950bcf2f070847f6ba167ee6d15a884da50146112f9d9238e04408d97,CLEAN_TEST_FIXTURE,none,True,True,0.0355,True,0.3531,True,4.0572,ALL_REQUIRED_EVIDENCE_TRUSTWORTHY,b2d83222fe4bab87f393b8e93c8a29f87ac2f8279ebd9de6ca63f25604bbf49f
case-02390,12b7ae5094ade4d50f1afe11e09882104ad0ba72364fa578fc28f60b4fe8f4e8,CONTROLLED_TEST_MUTATION,broken_lineage,False,True,0.0349,True,0.3194,False,3.7728,EVIDENCE_LINEAGE_INVALID,b2d83222fe4bab87f393b8e93c8a29f87ac2f8279ebd9de6ca63f25604bbf49f
case-02391,8b1fb0d2b4a4f69388e979af5ec264a72e0ab203b050344ef9fea6f217e075f4,CONTROLLED_TEST_MUTATION,excluded_ancestor,False,True,0.035,True,0.3206,False,4.6323,REQUIRED_INPUT_EXCLUDED,b2d83222fe4bab87f393b8e93c8a29f87ac2f8279ebd9de6ca63f25604bbf49f
case-02392,8946ac5e5aec25bdfab89e18d975f6e182ce805bb81288b17a77c9f80c4d5b61,CLEAN_TEST_FIXTURE,none,True,True,0.0495,True,0.3541,True,3.6077,ALL_REQUIRED_EVIDENCE_TRUSTWORTHY,b2d83222fe4bab87f393b8e93c8a29f87ac2f8279ebd9de6ca63f25604bbf49f
case-02393,551336f83a27caae7b145de10030a9b4e797d7ab9b98673c3327dc7df0e14f48,CONTROLLED_TEST_MUTATION,malformed_payload,False,True,0.0355,True,0.3172,False,4.3495,EVIDENCE_PAYLOAD_SCHEMA_INVALID|EVIDENCE_SNAPSHOT_CONFLICT,b2d83222fe4bab87f393b8e93c8a29f87ac2f8279ebd9de6ca63f25604bbf49f
case-02394,7e01e8aa59861e0960165c542df270c8cc10b339686d28a2577b0ff7955b6ae7,CONTROLLED_TEST_MUTATION,root_signature_tamper_after_seal,False,True,0.038,True,0.327,False,3.6738,EVIDENCE_ROOT_INVALID,b2d83222fe4bab87f393b8e93c8a29f87ac2f8279ebd9de6ca63f25604bbf49f
case-02395,318ad45a6208246c74c0652004c77c5ca260b46f2df544985ad9ea879e8107c1,CLEAN_TEST_FIXTURE,none,True,True,0.0355,True,0.3952,True,5.5308,ALL_REQUIRED_EVIDENCE_TRUSTWORTHY,b2d83222fe4bab87f393b8e93c8a29f87ac2f8279ebd9de6ca63f25604bbf49f
case-02396,3369523f9c09103999c451c99391c9c3427c33bfe69c01287cf3fd3daf92c2ad,CONTROLLED_TEST_MUTATION,incomplete_payload,False,True,0.0362,False,0.1976,False,3.5953,EVIDENCE_PAYLOAD_INCOMPLETE,b2d83222fe4bab87f393b8e93c8a29f87ac2f8279ebd9de6ca63f25604bbf49f
case-02397,79742d6fbda8f25c9425f5e18b5a939baeedf3f24a2b1efe80ca6f677dd89cf7,CONTROLLED_TEST_MUTATION,unknown_source,False,True,0.0467,True,0.6306,False,3.9105,EVIDENCE_ROLE_SOURCE_NOT_ALLOWED|EVIDENCE_SOURCE_ID_UNKNOWN|EVIDENCE_SOURCE_POLICY_MISSING,b2d83222fe4bab87f393b8e93c8a29f87ac2f8279ebd9de6ca63f25604bbf49f
case-02398,a6a5fae90f6beaecad102bcc49e313f5fe2354a30a4890412d2f49add7f4e8b8,CONTROLLED_TEST_MUTATION,empty_payload,False,False,0.0379,False,0.0292,False,3.6445,EVIDENCE_PAYLOAD_EMPTY|EVIDENCE_PAYLOAD_SCHEMA_INVALID|EVIDENCE_SNAPSHOT_CONFLICT,b2d83222fe4bab87f393b8e93c8a29f87ac2f8279ebd9de6ca63f25604bbf49f
case-02399,1984f8bf0798e4fe3eb897a99afa16490e35f737a72597ee08e7f908a6ffa718,CONTROLLED_TEST_MUTATION,payload_tamper_after_seal,False,True,0.0344,False,0.0784,False,4.4222,CHECKSUM_INVALID|EVIDENCE_ROOT_INVALID|EVIDENCE_SNAPSHOT_CONFLICT|RECORD_ENVELOPE_INVALID,b2d83222fe4bab87f393b8e93c8a29f87ac2f8279ebd9de6ca63f25604bbf49f
