scenario,trial,expected_state,actual_state,passed,reason_codes,elapsed_ms
baseline_ready,1,READY,READY,True,ALL_REQUIRED_EVIDENCE_TRUSTWORTHY,2.5117
baseline_ready,2,READY,READY,True,ALL_REQUIRED_EVIDENCE_TRUSTWORTHY,1.608
baseline_ready,3,READY,READY,True,ALL_REQUIRED_EVIDENCE_TRUSTWORTHY,1.5935
baseline_ready,4,READY,READY,True,ALL_REQUIRED_EVIDENCE_TRUSTWORTHY,1.6309
baseline_ready,5,READY,READY,True,ALL_REQUIRED_EVIDENCE_TRUSTWORTHY,1.5712
baseline_ready,6,READY,READY,True,ALL_REQUIRED_EVIDENCE_TRUSTWORTHY,1.5992
baseline_ready,7,READY,READY,True,ALL_REQUIRED_EVIDENCE_TRUSTWORTHY,1.5905
baseline_ready,8,READY,READY,True,ALL_REQUIRED_EVIDENCE_TRUSTWORTHY,1.5698
baseline_ready,9,READY,READY,True,ALL_REQUIRED_EVIDENCE_TRUSTWORTHY,1.7816
baseline_ready,10,READY,READY,True,ALL_REQUIRED_EVIDENCE_TRUSTWORTHY,1.6095
baseline_ready,11,READY,READY,True,ALL_REQUIRED_EVIDENCE_TRUSTWORTHY,1.6259
baseline_ready,12,READY,READY,True,ALL_REQUIRED_EVIDENCE_TRUSTWORTHY,1.6136
baseline_ready,13,READY,READY,True,ALL_REQUIRED_EVIDENCE_TRUSTWORTHY,1.6563
baseline_ready,14,READY,READY,True,ALL_REQUIRED_EVIDENCE_TRUSTWORTHY,1.631
baseline_ready,15,READY,READY,True,ALL_REQUIRED_EVIDENCE_TRUSTWORTHY,1.6379
baseline_ready,16,READY,READY,True,ALL_REQUIRED_EVIDENCE_TRUSTWORTHY,1.6644
baseline_ready,17,READY,READY,True,ALL_REQUIRED_EVIDENCE_TRUSTWORTHY,1.6487
baseline_ready,18,READY,READY,True,ALL_REQUIRED_EVIDENCE_TRUSTWORTHY,1.7506
baseline_ready,19,READY,READY,True,ALL_REQUIRED_EVIDENCE_TRUSTWORTHY,1.6068
baseline_ready,20,READY,READY,True,ALL_REQUIRED_EVIDENCE_TRUSTWORTHY,1.6543
baseline_ready,21,READY,READY,True,ALL_REQUIRED_EVIDENCE_TRUSTWORTHY,1.6192
baseline_ready,22,READY,READY,True,ALL_REQUIRED_EVIDENCE_TRUSTWORTHY,1.6321
baseline_ready,23,READY,READY,True,ALL_REQUIRED_EVIDENCE_TRUSTWORTHY,1.6536
baseline_ready,24,READY,READY,True,ALL_REQUIRED_EVIDENCE_TRUSTWORTHY,1.6293
baseline_ready,25,READY,READY,True,ALL_REQUIRED_EVIDENCE_TRUSTWORTHY,1.6497
baseline_ready,26,READY,READY,True,ALL_REQUIRED_EVIDENCE_TRUSTWORTHY,1.6347
baseline_ready,27,READY,READY,True,ALL_REQUIRED_EVIDENCE_TRUSTWORTHY,1.6296
baseline_ready,28,READY,READY,True,ALL_REQUIRED_EVIDENCE_TRUSTWORTHY,1.5856
baseline_ready,29,READY,READY,True,ALL_REQUIRED_EVIDENCE_TRUSTWORTHY,1.6723
baseline_ready,30,READY,READY,True,ALL_REQUIRED_EVIDENCE_TRUSTWORTHY,1.6294
baseline_ready,31,READY,READY,True,ALL_REQUIRED_EVIDENCE_TRUSTWORTHY,1.5644
baseline_ready,32,READY,READY,True,ALL_REQUIRED_EVIDENCE_TRUSTWORTHY,1.7731
baseline_ready,33,READY,READY,True,ALL_REQUIRED_EVIDENCE_TRUSTWORTHY,1.5678
baseline_ready,34,READY,READY,True,ALL_REQUIRED_EVIDENCE_TRUSTWORTHY,1.6049
baseline_ready,35,READY,READY,True,ALL_REQUIRED_EVIDENCE_TRUSTWORTHY,1.6198
baseline_ready,36,READY,READY,True,ALL_REQUIRED_EVIDENCE_TRUSTWORTHY,1.5623
baseline_ready,37,READY,READY,True,ALL_REQUIRED_EVIDENCE_TRUSTWORTHY,1.6529
baseline_ready,38,READY,READY,True,ALL_REQUIRED_EVIDENCE_TRUSTWORTHY,1.6141
baseline_ready,39,READY,READY,True,ALL_REQUIRED_EVIDENCE_TRUSTWORTHY,1.5857
baseline_ready,40,READY,READY,True,ALL_REQUIRED_EVIDENCE_TRUSTWORTHY,1.6254
baseline_ready,41,READY,READY,True,ALL_REQUIRED_EVIDENCE_TRUSTWORTHY,1.5716
baseline_ready,42,READY,READY,True,ALL_REQUIRED_EVIDENCE_TRUSTWORTHY,1.6241
baseline_ready,43,READY,READY,True,ALL_REQUIRED_EVIDENCE_TRUSTWORTHY,1.5859
baseline_ready,44,READY,READY,True,ALL_REQUIRED_EVIDENCE_TRUSTWORTHY,1.5535
baseline_ready,45,READY,READY,True,ALL_REQUIRED_EVIDENCE_TRUSTWORTHY,1.681
baseline_ready,46,READY,READY,True,ALL_REQUIRED_EVIDENCE_TRUSTWORTHY,1.633
baseline_ready,47,READY,READY,True,ALL_REQUIRED_EVIDENCE_TRUSTWORTHY,1.6688
baseline_ready,48,READY,READY,True,ALL_REQUIRED_EVIDENCE_TRUSTWORTHY,1.6155
baseline_ready,49,READY,READY,True,ALL_REQUIRED_EVIDENCE_TRUSTWORTHY,1.6647
baseline_ready,50,READY,READY,True,ALL_REQUIRED_EVIDENCE_TRUSTWORTHY,2.1005
baseline_ready,51,READY,READY,True,ALL_REQUIRED_EVIDENCE_TRUSTWORTHY,1.9551
baseline_ready,52,READY,READY,True,ALL_REQUIRED_EVIDENCE_TRUSTWORTHY,1.8868
baseline_ready,53,READY,READY,True,ALL_REQUIRED_EVIDENCE_TRUSTWORTHY,1.6178
baseline_ready,54,READY,READY,True,ALL_REQUIRED_EVIDENCE_TRUSTWORTHY,1.737
baseline_ready,55,READY,READY,True,ALL_REQUIRED_EVIDENCE_TRUSTWORTHY,1.7371
baseline_ready,56,READY,READY,True,ALL_REQUIRED_EVIDENCE_TRUSTWORTHY,1.697
baseline_ready,57,READY,READY,True,ALL_REQUIRED_EVIDENCE_TRUSTWORTHY,1.735
baseline_ready,58,READY,READY,True,ALL_REQUIRED_EVIDENCE_TRUSTWORTHY,1.7606
baseline_ready,59,READY,READY,True,ALL_REQUIRED_EVIDENCE_TRUSTWORTHY,2.1311
baseline_ready,60,READY,READY,True,ALL_REQUIRED_EVIDENCE_TRUSTWORTHY,1.7369
baseline_ready,61,READY,READY,True,ALL_REQUIRED_EVIDENCE_TRUSTWORTHY,1.7047
baseline_ready,62,READY,READY,True,ALL_REQUIRED_EVIDENCE_TRUSTWORTHY,1.8924
baseline_ready,63,READY,READY,True,ALL_REQUIRED_EVIDENCE_TRUSTWORTHY,1.7616
baseline_ready,64,READY,READY,True,ALL_REQUIRED_EVIDENCE_TRUSTWORTHY,1.6931
baseline_ready,65,READY,READY,True,ALL_REQUIRED_EVIDENCE_TRUSTWORTHY,1.6533
baseline_ready,66,READY,READY,True,ALL_REQUIRED_EVIDENCE_TRUSTWORTHY,1.6192
baseline_ready,67,READY,READY,True,ALL_REQUIRED_EVIDENCE_TRUSTWORTHY,1.6372
baseline_ready,68,READY,READY,True,ALL_REQUIRED_EVIDENCE_TRUSTWORTHY,1.6773
baseline_ready,69,READY,READY,True,ALL_REQUIRED_EVIDENCE_TRUSTWORTHY,1.6091
baseline_ready,70,READY,READY,True,ALL_REQUIRED_EVIDENCE_TRUSTWORTHY,1.6392
baseline_ready,71,READY,READY,True,ALL_REQUIRED_EVIDENCE_TRUSTWORTHY,1.6153
baseline_ready,72,READY,READY,True,ALL_REQUIRED_EVIDENCE_TRUSTWORTHY,1.6367
baseline_ready,73,READY,READY,True,ALL_REQUIRED_EVIDENCE_TRUSTWORTHY,1.6492
baseline_ready,74,READY,READY,True,ALL_REQUIRED_EVIDENCE_TRUSTWORTHY,1.6501
baseline_ready,75,READY,READY,True,ALL_REQUIRED_EVIDENCE_TRUSTWORTHY,1.6549
baseline_ready,76,READY,READY,True,ALL_REQUIRED_EVIDENCE_TRUSTWORTHY,1.6348
baseline_ready,77,READY,READY,True,ALL_REQUIRED_EVIDENCE_TRUSTWORTHY,1.6811
baseline_ready,78,READY,READY,True,ALL_REQUIRED_EVIDENCE_TRUSTWORTHY,1.6662
baseline_ready,79,READY,READY,True,ALL_REQUIRED_EVIDENCE_TRUSTWORTHY,1.641
baseline_ready,80,READY,READY,True,ALL_REQUIRED_EVIDENCE_TRUSTWORTHY,1.6443
baseline_ready,81,READY,READY,True,ALL_REQUIRED_EVIDENCE_TRUSTWORTHY,1.6721
baseline_ready,82,READY,READY,True,ALL_REQUIRED_EVIDENCE_TRUSTWORTHY,1.6454
baseline_ready,83,READY,READY,True,ALL_REQUIRED_EVIDENCE_TRUSTWORTHY,1.639
baseline_ready,84,READY,READY,True,ALL_REQUIRED_EVIDENCE_TRUSTWORTHY,1.6506
baseline_ready,85,READY,READY,True,ALL_REQUIRED_EVIDENCE_TRUSTWORTHY,1.6427
baseline_ready,86,READY,READY,True,ALL_REQUIRED_EVIDENCE_TRUSTWORTHY,1.6757
baseline_ready,87,READY,READY,True,ALL_REQUIRED_EVIDENCE_TRUSTWORTHY,1.7278
baseline_ready,88,READY,READY,True,ALL_REQUIRED_EVIDENCE_TRUSTWORTHY,1.6246
baseline_ready,89,READY,READY,True,ALL_REQUIRED_EVIDENCE_TRUSTWORTHY,1.6339
baseline_ready,90,READY,READY,True,ALL_REQUIRED_EVIDENCE_TRUSTWORTHY,1.6209
baseline_ready,91,READY,READY,True,ALL_REQUIRED_EVIDENCE_TRUSTWORTHY,1.7548
baseline_ready,92,READY,READY,True,ALL_REQUIRED_EVIDENCE_TRUSTWORTHY,1.6217
baseline_ready,93,READY,READY,True,ALL_REQUIRED_EVIDENCE_TRUSTWORTHY,1.6374
baseline_ready,94,READY,READY,True,ALL_REQUIRED_EVIDENCE_TRUSTWORTHY,1.7064
baseline_ready,95,READY,READY,True,ALL_REQUIRED_EVIDENCE_TRUSTWORTHY,1.6342
baseline_ready,96,READY,READY,True,ALL_REQUIRED_EVIDENCE_TRUSTWORTHY,3.6718
baseline_ready,97,READY,READY,True,ALL_REQUIRED_EVIDENCE_TRUSTWORTHY,1.6607
baseline_ready,98,READY,READY,True,ALL_REQUIRED_EVIDENCE_TRUSTWORTHY,1.6441
baseline_ready,99,READY,READY,True,ALL_REQUIRED_EVIDENCE_TRUSTWORTHY,1.6771
baseline_ready,100,READY,READY,True,ALL_REQUIRED_EVIDENCE_TRUSTWORTHY,1.6756
baseline_ready,101,READY,READY,True,ALL_REQUIRED_EVIDENCE_TRUSTWORTHY,1.7795
baseline_ready,102,READY,READY,True,ALL_REQUIRED_EVIDENCE_TRUSTWORTHY,1.7529
baseline_ready,103,READY,READY,True,ALL_REQUIRED_EVIDENCE_TRUSTWORTHY,1.7088
baseline_ready,104,READY,READY,True,ALL_REQUIRED_EVIDENCE_TRUSTWORTHY,1.6961
baseline_ready,105,READY,READY,True,ALL_REQUIRED_EVIDENCE_TRUSTWORTHY,1.9185
baseline_ready,106,READY,READY,True,ALL_REQUIRED_EVIDENCE_TRUSTWORTHY,1.7442
baseline_ready,107,READY,READY,True,ALL_REQUIRED_EVIDENCE_TRUSTWORTHY,1.7324
baseline_ready,108,READY,READY,True,ALL_REQUIRED_EVIDENCE_TRUSTWORTHY,2.1116
baseline_ready,109,READY,READY,True,ALL_REQUIRED_EVIDENCE_TRUSTWORTHY,1.795
baseline_ready,110,READY,READY,True,ALL_REQUIRED_EVIDENCE_TRUSTWORTHY,1.7562
baseline_ready,111,READY,READY,True,ALL_REQUIRED_EVIDENCE_TRUSTWORTHY,1.9052
baseline_ready,112,READY,READY,True,ALL_REQUIRED_EVIDENCE_TRUSTWORTHY,2.1605
baseline_ready,113,READY,READY,True,ALL_REQUIRED_EVIDENCE_TRUSTWORTHY,1.7203
baseline_ready,114,READY,READY,True,ALL_REQUIRED_EVIDENCE_TRUSTWORTHY,1.7064
baseline_ready,115,READY,READY,True,ALL_REQUIRED_EVIDENCE_TRUSTWORTHY,1.7267
baseline_ready,116,READY,READY,True,ALL_REQUIRED_EVIDENCE_TRUSTWORTHY,1.7776
baseline_ready,117,READY,READY,True,ALL_REQUIRED_EVIDENCE_TRUSTWORTHY,1.7071
baseline_ready,118,READY,READY,True,ALL_REQUIRED_EVIDENCE_TRUSTWORTHY,1.7195
baseline_ready,119,READY,READY,True,ALL_REQUIRED_EVIDENCE_TRUSTWORTHY,1.7323
baseline_ready,120,READY,READY,True,ALL_REQUIRED_EVIDENCE_TRUSTWORTHY,1.7175
baseline_ready,121,READY,READY,True,ALL_REQUIRED_EVIDENCE_TRUSTWORTHY,1.9162
baseline_ready,122,READY,READY,True,ALL_REQUIRED_EVIDENCE_TRUSTWORTHY,1.6829
baseline_ready,123,READY,READY,True,ALL_REQUIRED_EVIDENCE_TRUSTWORTHY,1.711
baseline_ready,124,READY,READY,True,ALL_REQUIRED_EVIDENCE_TRUSTWORTHY,1.6919
baseline_ready,125,READY,READY,True,ALL_REQUIRED_EVIDENCE_TRUSTWORTHY,1.8931
baseline_ready,126,READY,READY,True,ALL_REQUIRED_EVIDENCE_TRUSTWORTHY,2.1173
baseline_ready,127,READY,READY,True,ALL_REQUIRED_EVIDENCE_TRUSTWORTHY,1.7071
baseline_ready,128,READY,READY,True,ALL_REQUIRED_EVIDENCE_TRUSTWORTHY,1.7069
baseline_ready,129,READY,READY,True,ALL_REQUIRED_EVIDENCE_TRUSTWORTHY,1.7136
baseline_ready,130,READY,READY,True,ALL_REQUIRED_EVIDENCE_TRUSTWORTHY,1.8213
baseline_ready,131,READY,READY,True,ALL_REQUIRED_EVIDENCE_TRUSTWORTHY,1.701
baseline_ready,132,READY,READY,True,ALL_REQUIRED_EVIDENCE_TRUSTWORTHY,1.6984
baseline_ready,133,READY,READY,True,ALL_REQUIRED_EVIDENCE_TRUSTWORTHY,1.7065
baseline_ready,134,READY,READY,True,ALL_REQUIRED_EVIDENCE_TRUSTWORTHY,1.8027
baseline_ready,135,READY,READY,True,ALL_REQUIRED_EVIDENCE_TRUSTWORTHY,1.6973
baseline_ready,136,READY,READY,True,ALL_REQUIRED_EVIDENCE_TRUSTWORTHY,1.7
baseline_ready,137,READY,READY,True,ALL_REQUIRED_EVIDENCE_TRUSTWORTHY,1.8265
baseline_ready,138,READY,READY,True,ALL_REQUIRED_EVIDENCE_TRUSTWORTHY,1.8873
baseline_ready,139,READY,READY,True,ALL_REQUIRED_EVIDENCE_TRUSTWORTHY,1.8755
baseline_ready,140,READY,READY,True,ALL_REQUIRED_EVIDENCE_TRUSTWORTHY,1.7272
baseline_ready,141,READY,READY,True,ALL_REQUIRED_EVIDENCE_TRUSTWORTHY,1.8719
baseline_ready,142,READY,READY,True,ALL_REQUIRED_EVIDENCE_TRUSTWORTHY,1.7036
baseline_ready,143,READY,READY,True,ALL_REQUIRED_EVIDENCE_TRUSTWORTHY,1.7314
baseline_ready,144,READY,READY,True,ALL_REQUIRED_EVIDENCE_TRUSTWORTHY,1.738
baseline_ready,145,READY,READY,True,ALL_REQUIRED_EVIDENCE_TRUSTWORTHY,1.7136
baseline_ready,146,READY,READY,True,ALL_REQUIRED_EVIDENCE_TRUSTWORTHY,1.7275
baseline_ready,147,READY,READY,True,ALL_REQUIRED_EVIDENCE_TRUSTWORTHY,1.7157
baseline_ready,148,READY,READY,True,ALL_REQUIRED_EVIDENCE_TRUSTWORTHY,1.7176
baseline_ready,149,READY,READY,True,ALL_REQUIRED_EVIDENCE_TRUSTWORTHY,1.7226
baseline_ready,150,READY,READY,True,ALL_REQUIRED_EVIDENCE_TRUSTWORTHY,1.7171
baseline_ready,151,READY,READY,True,ALL_REQUIRED_EVIDENCE_TRUSTWORTHY,1.7391
baseline_ready,152,READY,READY,True,ALL_REQUIRED_EVIDENCE_TRUSTWORTHY,1.7351
baseline_ready,153,READY,READY,True,ALL_REQUIRED_EVIDENCE_TRUSTWORTHY,1.7039
baseline_ready,154,READY,READY,True,ALL_REQUIRED_EVIDENCE_TRUSTWORTHY,1.802
baseline_ready,155,READY,READY,True,ALL_REQUIRED_EVIDENCE_TRUSTWORTHY,1.7344
baseline_ready,156,READY,READY,True,ALL_REQUIRED_EVIDENCE_TRUSTWORTHY,1.8215
baseline_ready,157,READY,READY,True,ALL_REQUIRED_EVIDENCE_TRUSTWORTHY,1.6929
baseline_ready,158,READY,READY,True,ALL_REQUIRED_EVIDENCE_TRUSTWORTHY,1.689
baseline_ready,159,READY,READY,True,ALL_REQUIRED_EVIDENCE_TRUSTWORTHY,1.7818
baseline_ready,160,READY,READY,True,ALL_REQUIRED_EVIDENCE_TRUSTWORTHY,1.7256
baseline_ready,161,READY,READY,True,ALL_REQUIRED_EVIDENCE_TRUSTWORTHY,1.7161
baseline_ready,162,READY,READY,True,ALL_REQUIRED_EVIDENCE_TRUSTWORTHY,1.6943
baseline_ready,163,READY,READY,True,ALL_REQUIRED_EVIDENCE_TRUSTWORTHY,1.6817
baseline_ready,164,READY,READY,True,ALL_REQUIRED_EVIDENCE_TRUSTWORTHY,1.7809
baseline_ready,165,READY,READY,True,ALL_REQUIRED_EVIDENCE_TRUSTWORTHY,1.7073
baseline_ready,166,READY,READY,True,ALL_REQUIRED_EVIDENCE_TRUSTWORTHY,1.7017
baseline_ready,167,READY,READY,True,ALL_REQUIRED_EVIDENCE_TRUSTWORTHY,1.694
baseline_ready,168,READY,READY,True,ALL_REQUIRED_EVIDENCE_TRUSTWORTHY,1.7429
baseline_ready,169,READY,READY,True,ALL_REQUIRED_EVIDENCE_TRUSTWORTHY,1.8871
baseline_ready,170,READY,READY,True,ALL_REQUIRED_EVIDENCE_TRUSTWORTHY,1.7143
baseline_ready,171,READY,READY,True,ALL_REQUIRED_EVIDENCE_TRUSTWORTHY,1.6942
baseline_ready,172,READY,READY,True,ALL_REQUIRED_EVIDENCE_TRUSTWORTHY,1.6865
baseline_ready,173,READY,READY,True,ALL_REQUIRED_EVIDENCE_TRUSTWORTHY,1.7299
baseline_ready,174,READY,READY,True,ALL_REQUIRED_EVIDENCE_TRUSTWORTHY,1.7007
baseline_ready,175,READY,READY,True,ALL_REQUIRED_EVIDENCE_TRUSTWORTHY,1.716
baseline_ready,176,READY,READY,True,ALL_REQUIRED_EVIDENCE_TRUSTWORTHY,1.6865
baseline_ready,177,READY,READY,True,ALL_REQUIRED_EVIDENCE_TRUSTWORTHY,1.718
baseline_ready,178,READY,READY,True,ALL_REQUIRED_EVIDENCE_TRUSTWORTHY,1.7072
baseline_ready,179,READY,READY,True,ALL_REQUIRED_EVIDENCE_TRUSTWORTHY,1.8734
baseline_ready,180,READY,READY,True,ALL_REQUIRED_EVIDENCE_TRUSTWORTHY,1.7279
baseline_ready,181,READY,READY,True,ALL_REQUIRED_EVIDENCE_TRUSTWORTHY,1.6929
baseline_ready,182,READY,READY,True,ALL_REQUIRED_EVIDENCE_TRUSTWORTHY,1.9475
baseline_ready,183,READY,READY,True,ALL_REQUIRED_EVIDENCE_TRUSTWORTHY,1.8458
baseline_ready,184,READY,READY,True,ALL_REQUIRED_EVIDENCE_TRUSTWORTHY,1.7408
baseline_ready,185,READY,READY,True,ALL_REQUIRED_EVIDENCE_TRUSTWORTHY,1.7903
baseline_ready,186,READY,READY,True,ALL_REQUIRED_EVIDENCE_TRUSTWORTHY,1.7168
baseline_ready,187,READY,READY,True,ALL_REQUIRED_EVIDENCE_TRUSTWORTHY,1.7584
baseline_ready,188,READY,READY,True,ALL_REQUIRED_EVIDENCE_TRUSTWORTHY,1.734
baseline_ready,189,READY,READY,True,ALL_REQUIRED_EVIDENCE_TRUSTWORTHY,1.7645
baseline_ready,190,READY,READY,True,ALL_REQUIRED_EVIDENCE_TRUSTWORTHY,1.7313
baseline_ready,191,READY,READY,True,ALL_REQUIRED_EVIDENCE_TRUSTWORTHY,1.7436
baseline_ready,192,READY,READY,True,ALL_REQUIRED_EVIDENCE_TRUSTWORTHY,1.7042
baseline_ready,193,READY,READY,True,ALL_REQUIRED_EVIDENCE_TRUSTWORTHY,1.7296
baseline_ready,194,READY,READY,True,ALL_REQUIRED_EVIDENCE_TRUSTWORTHY,1.7893
baseline_ready,195,READY,READY,True,ALL_REQUIRED_EVIDENCE_TRUSTWORTHY,1.7972
baseline_ready,196,READY,READY,True,ALL_REQUIRED_EVIDENCE_TRUSTWORTHY,1.6702
baseline_ready,197,READY,READY,True,ALL_REQUIRED_EVIDENCE_TRUSTWORTHY,1.701
baseline_ready,198,READY,READY,True,ALL_REQUIRED_EVIDENCE_TRUSTWORTHY,1.685
baseline_ready,199,READY,READY,True,ALL_REQUIRED_EVIDENCE_TRUSTWORTHY,1.6408
baseline_ready,200,READY,READY,True,ALL_REQUIRED_EVIDENCE_TRUSTWORTHY,1.6287
snapshot_timestamp_tamper,1,HOLD,HOLD,True,EVIDENCE_ROOT_INVALID,1.6518
snapshot_timestamp_tamper,2,HOLD,HOLD,True,EVIDENCE_ROOT_INVALID,1.6477
snapshot_timestamp_tamper,3,HOLD,HOLD,True,EVIDENCE_ROOT_INVALID,1.6757
snapshot_timestamp_tamper,4,HOLD,HOLD,True,EVIDENCE_ROOT_INVALID,1.6518
snapshot_timestamp_tamper,5,HOLD,HOLD,True,EVIDENCE_ROOT_INVALID,1.6402
snapshot_timestamp_tamper,6,HOLD,HOLD,True,EVIDENCE_ROOT_INVALID,1.6462
snapshot_timestamp_tamper,7,HOLD,HOLD,True,EVIDENCE_ROOT_INVALID,1.6324
snapshot_timestamp_tamper,8,HOLD,HOLD,True,EVIDENCE_ROOT_INVALID,1.6413
snapshot_timestamp_tamper,9,HOLD,HOLD,True,EVIDENCE_ROOT_INVALID,1.654
snapshot_timestamp_tamper,10,HOLD,HOLD,True,EVIDENCE_ROOT_INVALID,1.6822
snapshot_timestamp_tamper,11,HOLD,HOLD,True,EVIDENCE_ROOT_INVALID,1.6086
snapshot_timestamp_tamper,12,HOLD,HOLD,True,EVIDENCE_ROOT_INVALID,1.6643
snapshot_timestamp_tamper,13,HOLD,HOLD,True,EVIDENCE_ROOT_INVALID,1.7301
snapshot_timestamp_tamper,14,HOLD,HOLD,True,EVIDENCE_ROOT_INVALID,1.6458
snapshot_timestamp_tamper,15,HOLD,HOLD,True,EVIDENCE_ROOT_INVALID,1.6543
snapshot_timestamp_tamper,16,HOLD,HOLD,True,EVIDENCE_ROOT_INVALID,1.6453
snapshot_timestamp_tamper,17,HOLD,HOLD,True,EVIDENCE_ROOT_INVALID,1.6593
snapshot_timestamp_tamper,18,HOLD,HOLD,True,EVIDENCE_ROOT_INVALID,1.6285
snapshot_timestamp_tamper,19,HOLD,HOLD,True,EVIDENCE_ROOT_INVALID,1.6435
snapshot_timestamp_tamper,20,HOLD,HOLD,True,EVIDENCE_ROOT_INVALID,1.6298
snapshot_timestamp_tamper,21,HOLD,HOLD,True,EVIDENCE_ROOT_INVALID,1.6487
snapshot_timestamp_tamper,22,HOLD,HOLD,True,EVIDENCE_ROOT_INVALID,1.6159
snapshot_timestamp_tamper,23,HOLD,HOLD,True,EVIDENCE_ROOT_INVALID,1.8322
snapshot_timestamp_tamper,24,HOLD,HOLD,True,EVIDENCE_ROOT_INVALID,1.6989
snapshot_timestamp_tamper,25,HOLD,HOLD,True,EVIDENCE_ROOT_INVALID,1.7151
snapshot_timestamp_tamper,26,HOLD,HOLD,True,EVIDENCE_ROOT_INVALID,1.7186
snapshot_timestamp_tamper,27,HOLD,HOLD,True,EVIDENCE_ROOT_INVALID,1.7077
snapshot_timestamp_tamper,28,HOLD,HOLD,True,EVIDENCE_ROOT_INVALID,1.6494
snapshot_timestamp_tamper,29,HOLD,HOLD,True,EVIDENCE_ROOT_INVALID,1.6507
snapshot_timestamp_tamper,30,HOLD,HOLD,True,EVIDENCE_ROOT_INVALID,1.6465
snapshot_timestamp_tamper,31,HOLD,HOLD,True,EVIDENCE_ROOT_INVALID,1.6903
snapshot_timestamp_tamper,32,HOLD,HOLD,True,EVIDENCE_ROOT_INVALID,1.7179
snapshot_timestamp_tamper,33,HOLD,HOLD,True,EVIDENCE_ROOT_INVALID,1.6095
snapshot_timestamp_tamper,34,HOLD,HOLD,True,EVIDENCE_ROOT_INVALID,1.6672
snapshot_timestamp_tamper,35,HOLD,HOLD,True,EVIDENCE_ROOT_INVALID,1.6142
snapshot_timestamp_tamper,36,HOLD,HOLD,True,EVIDENCE_ROOT_INVALID,1.6495
snapshot_timestamp_tamper,37,HOLD,HOLD,True,EVIDENCE_ROOT_INVALID,1.6223
snapshot_timestamp_tamper,38,HOLD,HOLD,True,EVIDENCE_ROOT_INVALID,1.6586
snapshot_timestamp_tamper,39,HOLD,HOLD,True,EVIDENCE_ROOT_INVALID,1.6554
snapshot_timestamp_tamper,40,HOLD,HOLD,True,EVIDENCE_ROOT_INVALID,1.6226
snapshot_timestamp_tamper,41,HOLD,HOLD,True,EVIDENCE_ROOT_INVALID,1.7456
snapshot_timestamp_tamper,42,HOLD,HOLD,True,EVIDENCE_ROOT_INVALID,1.6277
snapshot_timestamp_tamper,43,HOLD,HOLD,True,EVIDENCE_ROOT_INVALID,1.6325
snapshot_timestamp_tamper,44,HOLD,HOLD,True,EVIDENCE_ROOT_INVALID,1.6113
snapshot_timestamp_tamper,45,HOLD,HOLD,True,EVIDENCE_ROOT_INVALID,1.6336
snapshot_timestamp_tamper,46,HOLD,HOLD,True,EVIDENCE_ROOT_INVALID,1.6761
snapshot_timestamp_tamper,47,HOLD,HOLD,True,EVIDENCE_ROOT_INVALID,1.6592
snapshot_timestamp_tamper,48,HOLD,HOLD,True,EVIDENCE_ROOT_INVALID,1.6138
snapshot_timestamp_tamper,49,HOLD,HOLD,True,EVIDENCE_ROOT_INVALID,1.6361
snapshot_timestamp_tamper,50,HOLD,HOLD,True,EVIDENCE_ROOT_INVALID,1.6293
snapshot_timestamp_tamper,51,HOLD,HOLD,True,EVIDENCE_ROOT_INVALID,1.724
snapshot_timestamp_tamper,52,HOLD,HOLD,True,EVIDENCE_ROOT_INVALID,1.7471
snapshot_timestamp_tamper,53,HOLD,HOLD,True,EVIDENCE_ROOT_INVALID,1.7548
snapshot_timestamp_tamper,54,HOLD,HOLD,True,EVIDENCE_ROOT_INVALID,1.7316
snapshot_timestamp_tamper,55,HOLD,HOLD,True,EVIDENCE_ROOT_INVALID,1.7678
snapshot_timestamp_tamper,56,HOLD,HOLD,True,EVIDENCE_ROOT_INVALID,1.7286
snapshot_timestamp_tamper,57,HOLD,HOLD,True,EVIDENCE_ROOT_INVALID,1.7769
snapshot_timestamp_tamper,58,HOLD,HOLD,True,EVIDENCE_ROOT_INVALID,1.7417
snapshot_timestamp_tamper,59,HOLD,HOLD,True,EVIDENCE_ROOT_INVALID,1.7266
snapshot_timestamp_tamper,60,HOLD,HOLD,True,EVIDENCE_ROOT_INVALID,1.7686
snapshot_timestamp_tamper,61,HOLD,HOLD,True,EVIDENCE_ROOT_INVALID,1.6987
snapshot_timestamp_tamper,62,HOLD,HOLD,True,EVIDENCE_ROOT_INVALID,1.7657
snapshot_timestamp_tamper,63,HOLD,HOLD,True,EVIDENCE_ROOT_INVALID,1.757
snapshot_timestamp_tamper,64,HOLD,HOLD,True,EVIDENCE_ROOT_INVALID,1.7202
snapshot_timestamp_tamper,65,HOLD,HOLD,True,EVIDENCE_ROOT_INVALID,1.664
snapshot_timestamp_tamper,66,HOLD,HOLD,True,EVIDENCE_ROOT_INVALID,1.6163
snapshot_timestamp_tamper,67,HOLD,HOLD,True,EVIDENCE_ROOT_INVALID,1.6524
snapshot_timestamp_tamper,68,HOLD,HOLD,True,EVIDENCE_ROOT_INVALID,1.6423
snapshot_timestamp_tamper,69,HOLD,HOLD,True,EVIDENCE_ROOT_INVALID,1.6308
snapshot_timestamp_tamper,70,HOLD,HOLD,True,EVIDENCE_ROOT_INVALID,1.6128
snapshot_timestamp_tamper,71,HOLD,HOLD,True,EVIDENCE_ROOT_INVALID,1.6645
snapshot_timestamp_tamper,72,HOLD,HOLD,True,EVIDENCE_ROOT_INVALID,1.6311
snapshot_timestamp_tamper,73,HOLD,HOLD,True,EVIDENCE_ROOT_INVALID,1.6281
snapshot_timestamp_tamper,74,HOLD,HOLD,True,EVIDENCE_ROOT_INVALID,1.6592
snapshot_timestamp_tamper,75,HOLD,HOLD,True,EVIDENCE_ROOT_INVALID,1.6289
snapshot_timestamp_tamper,76,HOLD,HOLD,True,EVIDENCE_ROOT_INVALID,1.6416
snapshot_timestamp_tamper,77,HOLD,HOLD,True,EVIDENCE_ROOT_INVALID,1.6491
snapshot_timestamp_tamper,78,HOLD,HOLD,True,EVIDENCE_ROOT_INVALID,1.6347
snapshot_timestamp_tamper,79,HOLD,HOLD,True,EVIDENCE_ROOT_INVALID,1.6118
snapshot_timestamp_tamper,80,HOLD,HOLD,True,EVIDENCE_ROOT_INVALID,1.6506
snapshot_timestamp_tamper,81,HOLD,HOLD,True,EVIDENCE_ROOT_INVALID,1.6629
snapshot_timestamp_tamper,82,HOLD,HOLD,True,EVIDENCE_ROOT_INVALID,1.6566
snapshot_timestamp_tamper,83,HOLD,HOLD,True,EVIDENCE_ROOT_INVALID,1.6096
snapshot_timestamp_tamper,84,HOLD,HOLD,True,EVIDENCE_ROOT_INVALID,1.6847
snapshot_timestamp_tamper,85,HOLD,HOLD,True,EVIDENCE_ROOT_INVALID,1.6207
snapshot_timestamp_tamper,86,HOLD,HOLD,True,EVIDENCE_ROOT_INVALID,1.7118
snapshot_timestamp_tamper,87,HOLD,HOLD,True,EVIDENCE_ROOT_INVALID,1.6493
snapshot_timestamp_tamper,88,HOLD,HOLD,True,EVIDENCE_ROOT_INVALID,1.6269
snapshot_timestamp_tamper,89,HOLD,HOLD,True,EVIDENCE_ROOT_INVALID,1.6614
snapshot_timestamp_tamper,90,HOLD,HOLD,True,EVIDENCE_ROOT_INVALID,1.6405
snapshot_timestamp_tamper,91,HOLD,HOLD,True,EVIDENCE_ROOT_INVALID,1.7329
snapshot_timestamp_tamper,92,HOLD,HOLD,True,EVIDENCE_ROOT_INVALID,1.6221
snapshot_timestamp_tamper,93,HOLD,HOLD,True,EVIDENCE_ROOT_INVALID,1.6315
snapshot_timestamp_tamper,94,HOLD,HOLD,True,EVIDENCE_ROOT_INVALID,1.6278
snapshot_timestamp_tamper,95,HOLD,HOLD,True,EVIDENCE_ROOT_INVALID,1.6463
snapshot_timestamp_tamper,96,HOLD,HOLD,True,EVIDENCE_ROOT_INVALID,1.6481
snapshot_timestamp_tamper,97,HOLD,HOLD,True,EVIDENCE_ROOT_INVALID,1.6429
snapshot_timestamp_tamper,98,HOLD,HOLD,True,EVIDENCE_ROOT_INVALID,1.6189
snapshot_timestamp_tamper,99,HOLD,HOLD,True,EVIDENCE_ROOT_INVALID,1.6599
snapshot_timestamp_tamper,100,HOLD,HOLD,True,EVIDENCE_ROOT_INVALID,1.714
snapshot_timestamp_tamper,101,HOLD,HOLD,True,EVIDENCE_ROOT_INVALID,1.6971
snapshot_timestamp_tamper,102,HOLD,HOLD,True,EVIDENCE_ROOT_INVALID,1.6173
snapshot_timestamp_tamper,103,HOLD,HOLD,True,EVIDENCE_ROOT_INVALID,1.6685
snapshot_timestamp_tamper,104,HOLD,HOLD,True,EVIDENCE_ROOT_INVALID,1.6313
snapshot_timestamp_tamper,105,HOLD,HOLD,True,EVIDENCE_ROOT_INVALID,1.7645
snapshot_timestamp_tamper,106,HOLD,HOLD,True,EVIDENCE_ROOT_INVALID,1.6509
snapshot_timestamp_tamper,107,HOLD,HOLD,True,EVIDENCE_ROOT_INVALID,1.6214
snapshot_timestamp_tamper,108,HOLD,HOLD,True,EVIDENCE_ROOT_INVALID,1.6776
snapshot_timestamp_tamper,109,HOLD,HOLD,True,EVIDENCE_ROOT_INVALID,1.7403
snapshot_timestamp_tamper,110,HOLD,HOLD,True,EVIDENCE_ROOT_INVALID,1.9746
snapshot_timestamp_tamper,111,HOLD,HOLD,True,EVIDENCE_ROOT_INVALID,1.877
snapshot_timestamp_tamper,112,HOLD,HOLD,True,EVIDENCE_ROOT_INVALID,1.897
snapshot_timestamp_tamper,113,HOLD,HOLD,True,EVIDENCE_ROOT_INVALID,1.7104
snapshot_timestamp_tamper,114,HOLD,HOLD,True,EVIDENCE_ROOT_INVALID,1.6503
snapshot_timestamp_tamper,115,HOLD,HOLD,True,EVIDENCE_ROOT_INVALID,1.6514
snapshot_timestamp_tamper,116,HOLD,HOLD,True,EVIDENCE_ROOT_INVALID,1.6244
snapshot_timestamp_tamper,117,HOLD,HOLD,True,EVIDENCE_ROOT_INVALID,1.6429
snapshot_timestamp_tamper,118,HOLD,HOLD,True,EVIDENCE_ROOT_INVALID,1.6693
snapshot_timestamp_tamper,119,HOLD,HOLD,True,EVIDENCE_ROOT_INVALID,1.677
snapshot_timestamp_tamper,120,HOLD,HOLD,True,EVIDENCE_ROOT_INVALID,1.6342
snapshot_timestamp_tamper,121,HOLD,HOLD,True,EVIDENCE_ROOT_INVALID,1.6438
snapshot_timestamp_tamper,122,HOLD,HOLD,True,EVIDENCE_ROOT_INVALID,1.6303
snapshot_timestamp_tamper,123,HOLD,HOLD,True,EVIDENCE_ROOT_INVALID,1.6279
snapshot_timestamp_tamper,124,HOLD,HOLD,True,EVIDENCE_ROOT_INVALID,1.6854
snapshot_timestamp_tamper,125,HOLD,HOLD,True,EVIDENCE_ROOT_INVALID,1.6169
snapshot_timestamp_tamper,126,HOLD,HOLD,True,EVIDENCE_ROOT_INVALID,1.6356
snapshot_timestamp_tamper,127,HOLD,HOLD,True,EVIDENCE_ROOT_INVALID,1.62
snapshot_timestamp_tamper,128,HOLD,HOLD,True,EVIDENCE_ROOT_INVALID,1.6434
snapshot_timestamp_tamper,129,HOLD,HOLD,True,EVIDENCE_ROOT_INVALID,1.662
snapshot_timestamp_tamper,130,HOLD,HOLD,True,EVIDENCE_ROOT_INVALID,1.6365
snapshot_timestamp_tamper,131,HOLD,HOLD,True,EVIDENCE_ROOT_INVALID,1.6392
snapshot_timestamp_tamper,132,HOLD,HOLD,True,EVIDENCE_ROOT_INVALID,1.6164
snapshot_timestamp_tamper,133,HOLD,HOLD,True,EVIDENCE_ROOT_INVALID,1.6575
snapshot_timestamp_tamper,134,HOLD,HOLD,True,EVIDENCE_ROOT_INVALID,1.6209
snapshot_timestamp_tamper,135,HOLD,HOLD,True,EVIDENCE_ROOT_INVALID,1.6305
snapshot_timestamp_tamper,136,HOLD,HOLD,True,EVIDENCE_ROOT_INVALID,1.6098
snapshot_timestamp_tamper,137,HOLD,HOLD,True,EVIDENCE_ROOT_INVALID,1.7188
snapshot_timestamp_tamper,138,HOLD,HOLD,True,EVIDENCE_ROOT_INVALID,1.7127
snapshot_timestamp_tamper,139,HOLD,HOLD,True,EVIDENCE_ROOT_INVALID,1.8747
snapshot_timestamp_tamper,140,HOLD,HOLD,True,EVIDENCE_ROOT_INVALID,1.7086
snapshot_timestamp_tamper,141,HOLD,HOLD,True,EVIDENCE_ROOT_INVALID,1.7116
snapshot_timestamp_tamper,142,HOLD,HOLD,True,EVIDENCE_ROOT_INVALID,1.7024
snapshot_timestamp_tamper,143,HOLD,HOLD,True,EVIDENCE_ROOT_INVALID,1.6989
snapshot_timestamp_tamper,144,HOLD,HOLD,True,EVIDENCE_ROOT_INVALID,1.6973
snapshot_timestamp_tamper,145,HOLD,HOLD,True,EVIDENCE_ROOT_INVALID,1.8572
snapshot_timestamp_tamper,146,HOLD,HOLD,True,EVIDENCE_ROOT_INVALID,1.7474
snapshot_timestamp_tamper,147,HOLD,HOLD,True,EVIDENCE_ROOT_INVALID,1.7406
snapshot_timestamp_tamper,148,HOLD,HOLD,True,EVIDENCE_ROOT_INVALID,1.756
snapshot_timestamp_tamper,149,HOLD,HOLD,True,EVIDENCE_ROOT_INVALID,1.7336
snapshot_timestamp_tamper,150,HOLD,HOLD,True,EVIDENCE_ROOT_INVALID,1.7113
snapshot_timestamp_tamper,151,HOLD,HOLD,True,EVIDENCE_ROOT_INVALID,1.7272
snapshot_timestamp_tamper,152,HOLD,HOLD,True,EVIDENCE_ROOT_INVALID,1.6786
snapshot_timestamp_tamper,153,HOLD,HOLD,True,EVIDENCE_ROOT_INVALID,1.6521
snapshot_timestamp_tamper,154,HOLD,HOLD,True,EVIDENCE_ROOT_INVALID,1.6302
snapshot_timestamp_tamper,155,HOLD,HOLD,True,EVIDENCE_ROOT_INVALID,1.6389
snapshot_timestamp_tamper,156,HOLD,HOLD,True,EVIDENCE_ROOT_INVALID,1.6358
snapshot_timestamp_tamper,157,HOLD,HOLD,True,EVIDENCE_ROOT_INVALID,1.6372
snapshot_timestamp_tamper,158,HOLD,HOLD,True,EVIDENCE_ROOT_INVALID,1.6063
snapshot_timestamp_tamper,159,HOLD,HOLD,True,EVIDENCE_ROOT_INVALID,1.6368
snapshot_timestamp_tamper,160,HOLD,HOLD,True,EVIDENCE_ROOT_INVALID,1.6218
snapshot_timestamp_tamper,161,HOLD,HOLD,True,EVIDENCE_ROOT_INVALID,1.6669
snapshot_timestamp_tamper,162,HOLD,HOLD,True,EVIDENCE_ROOT_INVALID,1.6863
snapshot_timestamp_tamper,163,HOLD,HOLD,True,EVIDENCE_ROOT_INVALID,1.6577
snapshot_timestamp_tamper,164,HOLD,HOLD,True,EVIDENCE_ROOT_INVALID,1.65
snapshot_timestamp_tamper,165,HOLD,HOLD,True,EVIDENCE_ROOT_INVALID,1.6778
snapshot_timestamp_tamper,166,HOLD,HOLD,True,EVIDENCE_ROOT_INVALID,1.6359
snapshot_timestamp_tamper,167,HOLD,HOLD,True,EVIDENCE_ROOT_INVALID,1.6146
snapshot_timestamp_tamper,168,HOLD,HOLD,True,EVIDENCE_ROOT_INVALID,1.6277
snapshot_timestamp_tamper,169,HOLD,HOLD,True,EVIDENCE_ROOT_INVALID,1.6389
snapshot_timestamp_tamper,170,HOLD,HOLD,True,EVIDENCE_ROOT_INVALID,1.6196
snapshot_timestamp_tamper,171,HOLD,HOLD,True,EVIDENCE_ROOT_INVALID,1.8839
snapshot_timestamp_tamper,172,HOLD,HOLD,True,EVIDENCE_ROOT_INVALID,1.8013
snapshot_timestamp_tamper,173,HOLD,HOLD,True,EVIDENCE_ROOT_INVALID,1.7414
snapshot_timestamp_tamper,174,HOLD,HOLD,True,EVIDENCE_ROOT_INVALID,1.75
snapshot_timestamp_tamper,175,HOLD,HOLD,True,EVIDENCE_ROOT_INVALID,1.7518
snapshot_timestamp_tamper,176,HOLD,HOLD,True,EVIDENCE_ROOT_INVALID,1.7679
snapshot_timestamp_tamper,177,HOLD,HOLD,True,EVIDENCE_ROOT_INVALID,1.7256
snapshot_timestamp_tamper,178,HOLD,HOLD,True,EVIDENCE_ROOT_INVALID,1.7392
snapshot_timestamp_tamper,179,HOLD,HOLD,True,EVIDENCE_ROOT_INVALID,1.7284
snapshot_timestamp_tamper,180,HOLD,HOLD,True,EVIDENCE_ROOT_INVALID,1.8361
snapshot_timestamp_tamper,181,HOLD,HOLD,True,EVIDENCE_ROOT_INVALID,1.8924
snapshot_timestamp_tamper,182,HOLD,HOLD,True,EVIDENCE_ROOT_INVALID,1.6636
snapshot_timestamp_tamper,183,HOLD,HOLD,True,EVIDENCE_ROOT_INVALID,1.6011
snapshot_timestamp_tamper,184,HOLD,HOLD,True,EVIDENCE_ROOT_INVALID,1.6353
snapshot_timestamp_tamper,185,HOLD,HOLD,True,EVIDENCE_ROOT_INVALID,1.6517
snapshot_timestamp_tamper,186,HOLD,HOLD,True,EVIDENCE_ROOT_INVALID,1.607
snapshot_timestamp_tamper,187,HOLD,HOLD,True,EVIDENCE_ROOT_INVALID,1.6136
snapshot_timestamp_tamper,188,HOLD,HOLD,True,EVIDENCE_ROOT_INVALID,1.6573
snapshot_timestamp_tamper,189,HOLD,HOLD,True,EVIDENCE_ROOT_INVALID,1.7539
snapshot_timestamp_tamper,190,HOLD,HOLD,True,EVIDENCE_ROOT_INVALID,1.6292
snapshot_timestamp_tamper,191,HOLD,HOLD,True,EVIDENCE_ROOT_INVALID,1.7771
snapshot_timestamp_tamper,192,HOLD,HOLD,True,EVIDENCE_ROOT_INVALID,1.7077
snapshot_timestamp_tamper,193,HOLD,HOLD,True,EVIDENCE_ROOT_INVALID,1.8213
snapshot_timestamp_tamper,194,HOLD,HOLD,True,EVIDENCE_ROOT_INVALID,1.8164
snapshot_timestamp_tamper,195,HOLD,HOLD,True,EVIDENCE_ROOT_INVALID,1.7549
snapshot_timestamp_tamper,196,HOLD,HOLD,True,EVIDENCE_ROOT_INVALID,1.6975
snapshot_timestamp_tamper,197,HOLD,HOLD,True,EVIDENCE_ROOT_INVALID,1.7205
snapshot_timestamp_tamper,198,HOLD,HOLD,True,EVIDENCE_ROOT_INVALID,1.8675
snapshot_timestamp_tamper,199,HOLD,HOLD,True,EVIDENCE_ROOT_INVALID,1.6989
snapshot_timestamp_tamper,200,HOLD,HOLD,True,EVIDENCE_ROOT_INVALID,1.7283
record_source_tamper,1,HOLD,HOLD,True,CRITICAL_CLEARANCE_SIMULATED|EVIDENCE_ROOT_INVALID|EVIDENCE_SIMULATED|RECORD_ENVELOPE_INVALID,1.7643
record_source_tamper,2,HOLD,HOLD,True,CRITICAL_CLEARANCE_SIMULATED|EVIDENCE_ROOT_INVALID|EVIDENCE_SIMULATED|RECORD_ENVELOPE_INVALID,1.7869
record_source_tamper,3,HOLD,HOLD,True,CRITICAL_CLEARANCE_SIMULATED|EVIDENCE_ROOT_INVALID|EVIDENCE_SIMULATED|RECORD_ENVELOPE_INVALID,1.8284
record_source_tamper,4,HOLD,HOLD,True,CRITICAL_CLEARANCE_SIMULATED|EVIDENCE_ROOT_INVALID|EVIDENCE_SIMULATED|RECORD_ENVELOPE_INVALID,1.819
record_source_tamper,5,HOLD,HOLD,True,CRITICAL_CLEARANCE_SIMULATED|EVIDENCE_ROOT_INVALID|EVIDENCE_SIMULATED|RECORD_ENVELOPE_INVALID,1.7454
record_source_tamper,6,HOLD,HOLD,True,CRITICAL_CLEARANCE_SIMULATED|EVIDENCE_ROOT_INVALID|EVIDENCE_SIMULATED|RECORD_ENVELOPE_INVALID,1.6782
record_source_tamper,7,HOLD,HOLD,True,CRITICAL_CLEARANCE_SIMULATED|EVIDENCE_ROOT_INVALID|EVIDENCE_SIMULATED|RECORD_ENVELOPE_INVALID,1.7385
record_source_tamper,8,HOLD,HOLD,True,CRITICAL_CLEARANCE_SIMULATED|EVIDENCE_ROOT_INVALID|EVIDENCE_SIMULATED|RECORD_ENVELOPE_INVALID,1.6638
record_source_tamper,9,HOLD,HOLD,True,CRITICAL_CLEARANCE_SIMULATED|EVIDENCE_ROOT_INVALID|EVIDENCE_SIMULATED|RECORD_ENVELOPE_INVALID,1.6446
record_source_tamper,10,HOLD,HOLD,True,CRITICAL_CLEARANCE_SIMULATED|EVIDENCE_ROOT_INVALID|EVIDENCE_SIMULATED|RECORD_ENVELOPE_INVALID,1.6463
record_source_tamper,11,HOLD,HOLD,True,CRITICAL_CLEARANCE_SIMULATED|EVIDENCE_ROOT_INVALID|EVIDENCE_SIMULATED|RECORD_ENVELOPE_INVALID,1.7044
record_source_tamper,12,HOLD,HOLD,True,CRITICAL_CLEARANCE_SIMULATED|EVIDENCE_ROOT_INVALID|EVIDENCE_SIMULATED|RECORD_ENVELOPE_INVALID,1.6716
record_source_tamper,13,HOLD,HOLD,True,CRITICAL_CLEARANCE_SIMULATED|EVIDENCE_ROOT_INVALID|EVIDENCE_SIMULATED|RECORD_ENVELOPE_INVALID,1.6199
record_source_tamper,14,HOLD,HOLD,True,CRITICAL_CLEARANCE_SIMULATED|EVIDENCE_ROOT_INVALID|EVIDENCE_SIMULATED|RECORD_ENVELOPE_INVALID,1.6515
record_source_tamper,15,HOLD,HOLD,True,CRITICAL_CLEARANCE_SIMULATED|EVIDENCE_ROOT_INVALID|EVIDENCE_SIMULATED|RECORD_ENVELOPE_INVALID,1.6642
record_source_tamper,16,HOLD,HOLD,True,CRITICAL_CLEARANCE_SIMULATED|EVIDENCE_ROOT_INVALID|EVIDENCE_SIMULATED|RECORD_ENVELOPE_INVALID,1.6319
record_source_tamper,17,HOLD,HOLD,True,CRITICAL_CLEARANCE_SIMULATED|EVIDENCE_ROOT_INVALID|EVIDENCE_SIMULATED|RECORD_ENVELOPE_INVALID,1.7214
record_source_tamper,18,HOLD,HOLD,True,CRITICAL_CLEARANCE_SIMULATED|EVIDENCE_ROOT_INVALID|EVIDENCE_SIMULATED|RECORD_ENVELOPE_INVALID,1.6252
record_source_tamper,19,HOLD,HOLD,True,CRITICAL_CLEARANCE_SIMULATED|EVIDENCE_ROOT_INVALID|EVIDENCE_SIMULATED|RECORD_ENVELOPE_INVALID,1.7039
record_source_tamper,20,HOLD,HOLD,True,CRITICAL_CLEARANCE_SIMULATED|EVIDENCE_ROOT_INVALID|EVIDENCE_SIMULATED|RECORD_ENVELOPE_INVALID,1.6168
record_source_tamper,21,HOLD,HOLD,True,CRITICAL_CLEARANCE_SIMULATED|EVIDENCE_ROOT_INVALID|EVIDENCE_SIMULATED|RECORD_ENVELOPE_INVALID,1.7552
record_source_tamper,22,HOLD,HOLD,True,CRITICAL_CLEARANCE_SIMULATED|EVIDENCE_ROOT_INVALID|EVIDENCE_SIMULATED|RECORD_ENVELOPE_INVALID,1.7123
record_source_tamper,23,HOLD,HOLD,True,CRITICAL_CLEARANCE_SIMULATED|EVIDENCE_ROOT_INVALID|EVIDENCE_SIMULATED|RECORD_ENVELOPE_INVALID,1.7205
record_source_tamper,24,HOLD,HOLD,True,CRITICAL_CLEARANCE_SIMULATED|EVIDENCE_ROOT_INVALID|EVIDENCE_SIMULATED|RECORD_ENVELOPE_INVALID,1.7059
record_source_tamper,25,HOLD,HOLD,True,CRITICAL_CLEARANCE_SIMULATED|EVIDENCE_ROOT_INVALID|EVIDENCE_SIMULATED|RECORD_ENVELOPE_INVALID,1.7068
record_source_tamper,26,HOLD,HOLD,True,CRITICAL_CLEARANCE_SIMULATED|EVIDENCE_ROOT_INVALID|EVIDENCE_SIMULATED|RECORD_ENVELOPE_INVALID,1.7313
record_source_tamper,27,HOLD,HOLD,True,CRITICAL_CLEARANCE_SIMULATED|EVIDENCE_ROOT_INVALID|EVIDENCE_SIMULATED|RECORD_ENVELOPE_INVALID,1.7327
record_source_tamper,28,HOLD,HOLD,True,CRITICAL_CLEARANCE_SIMULATED|EVIDENCE_ROOT_INVALID|EVIDENCE_SIMULATED|RECORD_ENVELOPE_INVALID,1.719
record_source_tamper,29,HOLD,HOLD,True,CRITICAL_CLEARANCE_SIMULATED|EVIDENCE_ROOT_INVALID|EVIDENCE_SIMULATED|RECORD_ENVELOPE_INVALID,1.724
record_source_tamper,30,HOLD,HOLD,True,CRITICAL_CLEARANCE_SIMULATED|EVIDENCE_ROOT_INVALID|EVIDENCE_SIMULATED|RECORD_ENVELOPE_INVALID,1.7082
record_source_tamper,31,HOLD,HOLD,True,CRITICAL_CLEARANCE_SIMULATED|EVIDENCE_ROOT_INVALID|EVIDENCE_SIMULATED|RECORD_ENVELOPE_INVALID,1.8213
record_source_tamper,32,HOLD,HOLD,True,CRITICAL_CLEARANCE_SIMULATED|EVIDENCE_ROOT_INVALID|EVIDENCE_SIMULATED|RECORD_ENVELOPE_INVALID,1.7098
record_source_tamper,33,HOLD,HOLD,True,CRITICAL_CLEARANCE_SIMULATED|EVIDENCE_ROOT_INVALID|EVIDENCE_SIMULATED|RECORD_ENVELOPE_INVALID,1.7157
record_source_tamper,34,HOLD,HOLD,True,CRITICAL_CLEARANCE_SIMULATED|EVIDENCE_ROOT_INVALID|EVIDENCE_SIMULATED|RECORD_ENVELOPE_INVALID,1.7202
record_source_tamper,35,HOLD,HOLD,True,CRITICAL_CLEARANCE_SIMULATED|EVIDENCE_ROOT_INVALID|EVIDENCE_SIMULATED|RECORD_ENVELOPE_INVALID,1.7463
record_source_tamper,36,HOLD,HOLD,True,CRITICAL_CLEARANCE_SIMULATED|EVIDENCE_ROOT_INVALID|EVIDENCE_SIMULATED|RECORD_ENVELOPE_INVALID,1.7694
record_source_tamper,37,HOLD,HOLD,True,CRITICAL_CLEARANCE_SIMULATED|EVIDENCE_ROOT_INVALID|EVIDENCE_SIMULATED|RECORD_ENVELOPE_INVALID,1.7033
record_source_tamper,38,HOLD,HOLD,True,CRITICAL_CLEARANCE_SIMULATED|EVIDENCE_ROOT_INVALID|EVIDENCE_SIMULATED|RECORD_ENVELOPE_INVALID,1.728
record_source_tamper,39,HOLD,HOLD,True,CRITICAL_CLEARANCE_SIMULATED|EVIDENCE_ROOT_INVALID|EVIDENCE_SIMULATED|RECORD_ENVELOPE_INVALID,1.7177
record_source_tamper,40,HOLD,HOLD,True,CRITICAL_CLEARANCE_SIMULATED|EVIDENCE_ROOT_INVALID|EVIDENCE_SIMULATED|RECORD_ENVELOPE_INVALID,1.8486
record_source_tamper,41,HOLD,HOLD,True,CRITICAL_CLEARANCE_SIMULATED|EVIDENCE_ROOT_INVALID|EVIDENCE_SIMULATED|RECORD_ENVELOPE_INVALID,1.6984
record_source_tamper,42,HOLD,HOLD,True,CRITICAL_CLEARANCE_SIMULATED|EVIDENCE_ROOT_INVALID|EVIDENCE_SIMULATED|RECORD_ENVELOPE_INVALID,1.7425
record_source_tamper,43,HOLD,HOLD,True,CRITICAL_CLEARANCE_SIMULATED|EVIDENCE_ROOT_INVALID|EVIDENCE_SIMULATED|RECORD_ENVELOPE_INVALID,1.7045
record_source_tamper,44,HOLD,HOLD,True,CRITICAL_CLEARANCE_SIMULATED|EVIDENCE_ROOT_INVALID|EVIDENCE_SIMULATED|RECORD_ENVELOPE_INVALID,1.8273
record_source_tamper,45,HOLD,HOLD,True,CRITICAL_CLEARANCE_SIMULATED|EVIDENCE_ROOT_INVALID|EVIDENCE_SIMULATED|RECORD_ENVELOPE_INVALID,1.7823
record_source_tamper,46,HOLD,HOLD,True,CRITICAL_CLEARANCE_SIMULATED|EVIDENCE_ROOT_INVALID|EVIDENCE_SIMULATED|RECORD_ENVELOPE_INVALID,1.8576
record_source_tamper,47,HOLD,HOLD,True,CRITICAL_CLEARANCE_SIMULATED|EVIDENCE_ROOT_INVALID|EVIDENCE_SIMULATED|RECORD_ENVELOPE_INVALID,1.7249
record_source_tamper,48,HOLD,HOLD,True,CRITICAL_CLEARANCE_SIMULATED|EVIDENCE_ROOT_INVALID|EVIDENCE_SIMULATED|RECORD_ENVELOPE_INVALID,1.6826
record_source_tamper,49,HOLD,HOLD,True,CRITICAL_CLEARANCE_SIMULATED|EVIDENCE_ROOT_INVALID|EVIDENCE_SIMULATED|RECORD_ENVELOPE_INVALID,1.7412
record_source_tamper,50,HOLD,HOLD,True,CRITICAL_CLEARANCE_SIMULATED|EVIDENCE_ROOT_INVALID|EVIDENCE_SIMULATED|RECORD_ENVELOPE_INVALID,1.6323
record_source_tamper,51,HOLD,HOLD,True,CRITICAL_CLEARANCE_SIMULATED|EVIDENCE_ROOT_INVALID|EVIDENCE_SIMULATED|RECORD_ENVELOPE_INVALID,1.8117
record_source_tamper,52,HOLD,HOLD,True,CRITICAL_CLEARANCE_SIMULATED|EVIDENCE_ROOT_INVALID|EVIDENCE_SIMULATED|RECORD_ENVELOPE_INVALID,1.7131
record_source_tamper,53,HOLD,HOLD,True,CRITICAL_CLEARANCE_SIMULATED|EVIDENCE_ROOT_INVALID|EVIDENCE_SIMULATED|RECORD_ENVELOPE_INVALID,1.7155
record_source_tamper,54,HOLD,HOLD,True,CRITICAL_CLEARANCE_SIMULATED|EVIDENCE_ROOT_INVALID|EVIDENCE_SIMULATED|RECORD_ENVELOPE_INVALID,1.7503
record_source_tamper,55,HOLD,HOLD,True,CRITICAL_CLEARANCE_SIMULATED|EVIDENCE_ROOT_INVALID|EVIDENCE_SIMULATED|RECORD_ENVELOPE_INVALID,1.6986
record_source_tamper,56,HOLD,HOLD,True,CRITICAL_CLEARANCE_SIMULATED|EVIDENCE_ROOT_INVALID|EVIDENCE_SIMULATED|RECORD_ENVELOPE_INVALID,1.6445
record_source_tamper,57,HOLD,HOLD,True,CRITICAL_CLEARANCE_SIMULATED|EVIDENCE_ROOT_INVALID|EVIDENCE_SIMULATED|RECORD_ENVELOPE_INVALID,1.6413
record_source_tamper,58,HOLD,HOLD,True,CRITICAL_CLEARANCE_SIMULATED|EVIDENCE_ROOT_INVALID|EVIDENCE_SIMULATED|RECORD_ENVELOPE_INVALID,1.6652
record_source_tamper,59,HOLD,HOLD,True,CRITICAL_CLEARANCE_SIMULATED|EVIDENCE_ROOT_INVALID|EVIDENCE_SIMULATED|RECORD_ENVELOPE_INVALID,1.6197
record_source_tamper,60,HOLD,HOLD,True,CRITICAL_CLEARANCE_SIMULATED|EVIDENCE_ROOT_INVALID|EVIDENCE_SIMULATED|RECORD_ENVELOPE_INVALID,1.746
record_source_tamper,61,HOLD,HOLD,True,CRITICAL_CLEARANCE_SIMULATED|EVIDENCE_ROOT_INVALID|EVIDENCE_SIMULATED|RECORD_ENVELOPE_INVALID,1.6288
record_source_tamper,62,HOLD,HOLD,True,CRITICAL_CLEARANCE_SIMULATED|EVIDENCE_ROOT_INVALID|EVIDENCE_SIMULATED|RECORD_ENVELOPE_INVALID,1.6499
record_source_tamper,63,HOLD,HOLD,True,CRITICAL_CLEARANCE_SIMULATED|EVIDENCE_ROOT_INVALID|EVIDENCE_SIMULATED|RECORD_ENVELOPE_INVALID,1.7009
record_source_tamper,64,HOLD,HOLD,True,CRITICAL_CLEARANCE_SIMULATED|EVIDENCE_ROOT_INVALID|EVIDENCE_SIMULATED|RECORD_ENVELOPE_INVALID,1.6461
record_source_tamper,65,HOLD,HOLD,True,CRITICAL_CLEARANCE_SIMULATED|EVIDENCE_ROOT_INVALID|EVIDENCE_SIMULATED|RECORD_ENVELOPE_INVALID,1.617
record_source_tamper,66,HOLD,HOLD,True,CRITICAL_CLEARANCE_SIMULATED|EVIDENCE_ROOT_INVALID|EVIDENCE_SIMULATED|RECORD_ENVELOPE_INVALID,1.6841
record_source_tamper,67,HOLD,HOLD,True,CRITICAL_CLEARANCE_SIMULATED|EVIDENCE_ROOT_INVALID|EVIDENCE_SIMULATED|RECORD_ENVELOPE_INVALID,1.7013
record_source_tamper,68,HOLD,HOLD,True,CRITICAL_CLEARANCE_SIMULATED|EVIDENCE_ROOT_INVALID|EVIDENCE_SIMULATED|RECORD_ENVELOPE_INVALID,1.6648
record_source_tamper,69,HOLD,HOLD,True,CRITICAL_CLEARANCE_SIMULATED|EVIDENCE_ROOT_INVALID|EVIDENCE_SIMULATED|RECORD_ENVELOPE_INVALID,1.6553
record_source_tamper,70,HOLD,HOLD,True,CRITICAL_CLEARANCE_SIMULATED|EVIDENCE_ROOT_INVALID|EVIDENCE_SIMULATED|RECORD_ENVELOPE_INVALID,1.6798
record_source_tamper,71,HOLD,HOLD,True,CRITICAL_CLEARANCE_SIMULATED|EVIDENCE_ROOT_INVALID|EVIDENCE_SIMULATED|RECORD_ENVELOPE_INVALID,1.6323
record_source_tamper,72,HOLD,HOLD,True,CRITICAL_CLEARANCE_SIMULATED|EVIDENCE_ROOT_INVALID|EVIDENCE_SIMULATED|RECORD_ENVELOPE_INVALID,1.6499
record_source_tamper,73,HOLD,HOLD,True,CRITICAL_CLEARANCE_SIMULATED|EVIDENCE_ROOT_INVALID|EVIDENCE_SIMULATED|RECORD_ENVELOPE_INVALID,1.7211
record_source_tamper,74,HOLD,HOLD,True,CRITICAL_CLEARANCE_SIMULATED|EVIDENCE_ROOT_INVALID|EVIDENCE_SIMULATED|RECORD_ENVELOPE_INVALID,1.6528
record_source_tamper,75,HOLD,HOLD,True,CRITICAL_CLEARANCE_SIMULATED|EVIDENCE_ROOT_INVALID|EVIDENCE_SIMULATED|RECORD_ENVELOPE_INVALID,1.6606
record_source_tamper,76,HOLD,HOLD,True,CRITICAL_CLEARANCE_SIMULATED|EVIDENCE_ROOT_INVALID|EVIDENCE_SIMULATED|RECORD_ENVELOPE_INVALID,1.6518
record_source_tamper,77,HOLD,HOLD,True,CRITICAL_CLEARANCE_SIMULATED|EVIDENCE_ROOT_INVALID|EVIDENCE_SIMULATED|RECORD_ENVELOPE_INVALID,1.6571
record_source_tamper,78,HOLD,HOLD,True,CRITICAL_CLEARANCE_SIMULATED|EVIDENCE_ROOT_INVALID|EVIDENCE_SIMULATED|RECORD_ENVELOPE_INVALID,1.6228
record_source_tamper,79,HOLD,HOLD,True,CRITICAL_CLEARANCE_SIMULATED|EVIDENCE_ROOT_INVALID|EVIDENCE_SIMULATED|RECORD_ENVELOPE_INVALID,1.6774
record_source_tamper,80,HOLD,HOLD,True,CRITICAL_CLEARANCE_SIMULATED|EVIDENCE_ROOT_INVALID|EVIDENCE_SIMULATED|RECORD_ENVELOPE_INVALID,1.6198
record_source_tamper,81,HOLD,HOLD,True,CRITICAL_CLEARANCE_SIMULATED|EVIDENCE_ROOT_INVALID|EVIDENCE_SIMULATED|RECORD_ENVELOPE_INVALID,1.6475
record_source_tamper,82,HOLD,HOLD,True,CRITICAL_CLEARANCE_SIMULATED|EVIDENCE_ROOT_INVALID|EVIDENCE_SIMULATED|RECORD_ENVELOPE_INVALID,1.6199
record_source_tamper,83,HOLD,HOLD,True,CRITICAL_CLEARANCE_SIMULATED|EVIDENCE_ROOT_INVALID|EVIDENCE_SIMULATED|RECORD_ENVELOPE_INVALID,1.6684
record_source_tamper,84,HOLD,HOLD,True,CRITICAL_CLEARANCE_SIMULATED|EVIDENCE_ROOT_INVALID|EVIDENCE_SIMULATED|RECORD_ENVELOPE_INVALID,1.6506
record_source_tamper,85,HOLD,HOLD,True,CRITICAL_CLEARANCE_SIMULATED|EVIDENCE_ROOT_INVALID|EVIDENCE_SIMULATED|RECORD_ENVELOPE_INVALID,1.6642
record_source_tamper,86,HOLD,HOLD,True,CRITICAL_CLEARANCE_SIMULATED|EVIDENCE_ROOT_INVALID|EVIDENCE_SIMULATED|RECORD_ENVELOPE_INVALID,1.6433
record_source_tamper,87,HOLD,HOLD,True,CRITICAL_CLEARANCE_SIMULATED|EVIDENCE_ROOT_INVALID|EVIDENCE_SIMULATED|RECORD_ENVELOPE_INVALID,1.649
record_source_tamper,88,HOLD,HOLD,True,CRITICAL_CLEARANCE_SIMULATED|EVIDENCE_ROOT_INVALID|EVIDENCE_SIMULATED|RECORD_ENVELOPE_INVALID,1.628
record_source_tamper,89,HOLD,HOLD,True,CRITICAL_CLEARANCE_SIMULATED|EVIDENCE_ROOT_INVALID|EVIDENCE_SIMULATED|RECORD_ENVELOPE_INVALID,1.6635
record_source_tamper,90,HOLD,HOLD,True,CRITICAL_CLEARANCE_SIMULATED|EVIDENCE_ROOT_INVALID|EVIDENCE_SIMULATED|RECORD_ENVELOPE_INVALID,1.6182
record_source_tamper,91,HOLD,HOLD,True,CRITICAL_CLEARANCE_SIMULATED|EVIDENCE_ROOT_INVALID|EVIDENCE_SIMULATED|RECORD_ENVELOPE_INVALID,1.6943
record_source_tamper,92,HOLD,HOLD,True,CRITICAL_CLEARANCE_SIMULATED|EVIDENCE_ROOT_INVALID|EVIDENCE_SIMULATED|RECORD_ENVELOPE_INVALID,1.7151
record_source_tamper,93,HOLD,HOLD,True,CRITICAL_CLEARANCE_SIMULATED|EVIDENCE_ROOT_INVALID|EVIDENCE_SIMULATED|RECORD_ENVELOPE_INVALID,1.7188
record_source_tamper,94,HOLD,HOLD,True,CRITICAL_CLEARANCE_SIMULATED|EVIDENCE_ROOT_INVALID|EVIDENCE_SIMULATED|RECORD_ENVELOPE_INVALID,1.6276
record_source_tamper,95,HOLD,HOLD,True,CRITICAL_CLEARANCE_SIMULATED|EVIDENCE_ROOT_INVALID|EVIDENCE_SIMULATED|RECORD_ENVELOPE_INVALID,1.6718
record_source_tamper,96,HOLD,HOLD,True,CRITICAL_CLEARANCE_SIMULATED|EVIDENCE_ROOT_INVALID|EVIDENCE_SIMULATED|RECORD_ENVELOPE_INVALID,1.6523
record_source_tamper,97,HOLD,HOLD,True,CRITICAL_CLEARANCE_SIMULATED|EVIDENCE_ROOT_INVALID|EVIDENCE_SIMULATED|RECORD_ENVELOPE_INVALID,1.6863
record_source_tamper,98,HOLD,HOLD,True,CRITICAL_CLEARANCE_SIMULATED|EVIDENCE_ROOT_INVALID|EVIDENCE_SIMULATED|RECORD_ENVELOPE_INVALID,1.673
record_source_tamper,99,HOLD,HOLD,True,CRITICAL_CLEARANCE_SIMULATED|EVIDENCE_ROOT_INVALID|EVIDENCE_SIMULATED|RECORD_ENVELOPE_INVALID,1.6545
record_source_tamper,100,HOLD,HOLD,True,CRITICAL_CLEARANCE_SIMULATED|EVIDENCE_ROOT_INVALID|EVIDENCE_SIMULATED|RECORD_ENVELOPE_INVALID,1.6472
record_source_tamper,101,HOLD,HOLD,True,CRITICAL_CLEARANCE_SIMULATED|EVIDENCE_ROOT_INVALID|EVIDENCE_SIMULATED|RECORD_ENVELOPE_INVALID,1.6276
record_source_tamper,102,HOLD,HOLD,True,CRITICAL_CLEARANCE_SIMULATED|EVIDENCE_ROOT_INVALID|EVIDENCE_SIMULATED|RECORD_ENVELOPE_INVALID,1.749
record_source_tamper,103,HOLD,HOLD,True,CRITICAL_CLEARANCE_SIMULATED|EVIDENCE_ROOT_INVALID|EVIDENCE_SIMULATED|RECORD_ENVELOPE_INVALID,1.7501
record_source_tamper,104,HOLD,HOLD,True,CRITICAL_CLEARANCE_SIMULATED|EVIDENCE_ROOT_INVALID|EVIDENCE_SIMULATED|RECORD_ENVELOPE_INVALID,1.7821
record_source_tamper,105,HOLD,HOLD,True,CRITICAL_CLEARANCE_SIMULATED|EVIDENCE_ROOT_INVALID|EVIDENCE_SIMULATED|RECORD_ENVELOPE_INVALID,1.6437
record_source_tamper,106,HOLD,HOLD,True,CRITICAL_CLEARANCE_SIMULATED|EVIDENCE_ROOT_INVALID|EVIDENCE_SIMULATED|RECORD_ENVELOPE_INVALID,1.8928
record_source_tamper,107,HOLD,HOLD,True,CRITICAL_CLEARANCE_SIMULATED|EVIDENCE_ROOT_INVALID|EVIDENCE_SIMULATED|RECORD_ENVELOPE_INVALID,1.7619
record_source_tamper,108,HOLD,HOLD,True,CRITICAL_CLEARANCE_SIMULATED|EVIDENCE_ROOT_INVALID|EVIDENCE_SIMULATED|RECORD_ENVELOPE_INVALID,2.0311
record_source_tamper,109,HOLD,HOLD,True,CRITICAL_CLEARANCE_SIMULATED|EVIDENCE_ROOT_INVALID|EVIDENCE_SIMULATED|RECORD_ENVELOPE_INVALID,1.773
record_source_tamper,110,HOLD,HOLD,True,CRITICAL_CLEARANCE_SIMULATED|EVIDENCE_ROOT_INVALID|EVIDENCE_SIMULATED|RECORD_ENVELOPE_INVALID,1.7834
record_source_tamper,111,HOLD,HOLD,True,CRITICAL_CLEARANCE_SIMULATED|EVIDENCE_ROOT_INVALID|EVIDENCE_SIMULATED|RECORD_ENVELOPE_INVALID,1.7431
record_source_tamper,112,HOLD,HOLD,True,CRITICAL_CLEARANCE_SIMULATED|EVIDENCE_ROOT_INVALID|EVIDENCE_SIMULATED|RECORD_ENVELOPE_INVALID,1.7197
record_source_tamper,113,HOLD,HOLD,True,CRITICAL_CLEARANCE_SIMULATED|EVIDENCE_ROOT_INVALID|EVIDENCE_SIMULATED|RECORD_ENVELOPE_INVALID,1.7566
record_source_tamper,114,HOLD,HOLD,True,CRITICAL_CLEARANCE_SIMULATED|EVIDENCE_ROOT_INVALID|EVIDENCE_SIMULATED|RECORD_ENVELOPE_INVALID,1.7812
record_source_tamper,115,HOLD,HOLD,True,CRITICAL_CLEARANCE_SIMULATED|EVIDENCE_ROOT_INVALID|EVIDENCE_SIMULATED|RECORD_ENVELOPE_INVALID,2.2214
record_source_tamper,116,HOLD,HOLD,True,CRITICAL_CLEARANCE_SIMULATED|EVIDENCE_ROOT_INVALID|EVIDENCE_SIMULATED|RECORD_ENVELOPE_INVALID,1.8412
record_source_tamper,117,HOLD,HOLD,True,CRITICAL_CLEARANCE_SIMULATED|EVIDENCE_ROOT_INVALID|EVIDENCE_SIMULATED|RECORD_ENVELOPE_INVALID,1.8996
record_source_tamper,118,HOLD,HOLD,True,CRITICAL_CLEARANCE_SIMULATED|EVIDENCE_ROOT_INVALID|EVIDENCE_SIMULATED|RECORD_ENVELOPE_INVALID,1.9134
record_source_tamper,119,HOLD,HOLD,True,CRITICAL_CLEARANCE_SIMULATED|EVIDENCE_ROOT_INVALID|EVIDENCE_SIMULATED|RECORD_ENVELOPE_INVALID,1.7336
record_source_tamper,120,HOLD,HOLD,True,CRITICAL_CLEARANCE_SIMULATED|EVIDENCE_ROOT_INVALID|EVIDENCE_SIMULATED|RECORD_ENVELOPE_INVALID,1.7917
record_source_tamper,121,HOLD,HOLD,True,CRITICAL_CLEARANCE_SIMULATED|EVIDENCE_ROOT_INVALID|EVIDENCE_SIMULATED|RECORD_ENVELOPE_INVALID,1.7137
record_source_tamper,122,HOLD,HOLD,True,CRITICAL_CLEARANCE_SIMULATED|EVIDENCE_ROOT_INVALID|EVIDENCE_SIMULATED|RECORD_ENVELOPE_INVALID,1.7131
record_source_tamper,123,HOLD,HOLD,True,CRITICAL_CLEARANCE_SIMULATED|EVIDENCE_ROOT_INVALID|EVIDENCE_SIMULATED|RECORD_ENVELOPE_INVALID,1.8931
record_source_tamper,124,HOLD,HOLD,True,CRITICAL_CLEARANCE_SIMULATED|EVIDENCE_ROOT_INVALID|EVIDENCE_SIMULATED|RECORD_ENVELOPE_INVALID,1.778
record_source_tamper,125,HOLD,HOLD,True,CRITICAL_CLEARANCE_SIMULATED|EVIDENCE_ROOT_INVALID|EVIDENCE_SIMULATED|RECORD_ENVELOPE_INVALID,2.4115
record_source_tamper,126,HOLD,HOLD,True,CRITICAL_CLEARANCE_SIMULATED|EVIDENCE_ROOT_INVALID|EVIDENCE_SIMULATED|RECORD_ENVELOPE_INVALID,2.0476
record_source_tamper,127,HOLD,HOLD,True,CRITICAL_CLEARANCE_SIMULATED|EVIDENCE_ROOT_INVALID|EVIDENCE_SIMULATED|RECORD_ENVELOPE_INVALID,4.1183
record_source_tamper,128,HOLD,HOLD,True,CRITICAL_CLEARANCE_SIMULATED|EVIDENCE_ROOT_INVALID|EVIDENCE_SIMULATED|RECORD_ENVELOPE_INVALID,1.9777
record_source_tamper,129,HOLD,HOLD,True,CRITICAL_CLEARANCE_SIMULATED|EVIDENCE_ROOT_INVALID|EVIDENCE_SIMULATED|RECORD_ENVELOPE_INVALID,1.971
record_source_tamper,130,HOLD,HOLD,True,CRITICAL_CLEARANCE_SIMULATED|EVIDENCE_ROOT_INVALID|EVIDENCE_SIMULATED|RECORD_ENVELOPE_INVALID,1.8163
record_source_tamper,131,HOLD,HOLD,True,CRITICAL_CLEARANCE_SIMULATED|EVIDENCE_ROOT_INVALID|EVIDENCE_SIMULATED|RECORD_ENVELOPE_INVALID,1.7315
record_source_tamper,132,HOLD,HOLD,True,CRITICAL_CLEARANCE_SIMULATED|EVIDENCE_ROOT_INVALID|EVIDENCE_SIMULATED|RECORD_ENVELOPE_INVALID,1.7693
record_source_tamper,133,HOLD,HOLD,True,CRITICAL_CLEARANCE_SIMULATED|EVIDENCE_ROOT_INVALID|EVIDENCE_SIMULATED|RECORD_ENVELOPE_INVALID,1.7177
record_source_tamper,134,HOLD,HOLD,True,CRITICAL_CLEARANCE_SIMULATED|EVIDENCE_ROOT_INVALID|EVIDENCE_SIMULATED|RECORD_ENVELOPE_INVALID,1.7168
record_source_tamper,135,HOLD,HOLD,True,CRITICAL_CLEARANCE_SIMULATED|EVIDENCE_ROOT_INVALID|EVIDENCE_SIMULATED|RECORD_ENVELOPE_INVALID,1.9015
record_source_tamper,136,HOLD,HOLD,True,CRITICAL_CLEARANCE_SIMULATED|EVIDENCE_ROOT_INVALID|EVIDENCE_SIMULATED|RECORD_ENVELOPE_INVALID,1.9112
record_source_tamper,137,HOLD,HOLD,True,CRITICAL_CLEARANCE_SIMULATED|EVIDENCE_ROOT_INVALID|EVIDENCE_SIMULATED|RECORD_ENVELOPE_INVALID,1.8686
record_source_tamper,138,HOLD,HOLD,True,CRITICAL_CLEARANCE_SIMULATED|EVIDENCE_ROOT_INVALID|EVIDENCE_SIMULATED|RECORD_ENVELOPE_INVALID,1.9955
record_source_tamper,139,HOLD,HOLD,True,CRITICAL_CLEARANCE_SIMULATED|EVIDENCE_ROOT_INVALID|EVIDENCE_SIMULATED|RECORD_ENVELOPE_INVALID,1.9701
record_source_tamper,140,HOLD,HOLD,True,CRITICAL_CLEARANCE_SIMULATED|EVIDENCE_ROOT_INVALID|EVIDENCE_SIMULATED|RECORD_ENVELOPE_INVALID,1.9521
record_source_tamper,141,HOLD,HOLD,True,CRITICAL_CLEARANCE_SIMULATED|EVIDENCE_ROOT_INVALID|EVIDENCE_SIMULATED|RECORD_ENVELOPE_INVALID,2.0282
record_source_tamper,142,HOLD,HOLD,True,CRITICAL_CLEARANCE_SIMULATED|EVIDENCE_ROOT_INVALID|EVIDENCE_SIMULATED|RECORD_ENVELOPE_INVALID,1.8373
record_source_tamper,143,HOLD,HOLD,True,CRITICAL_CLEARANCE_SIMULATED|EVIDENCE_ROOT_INVALID|EVIDENCE_SIMULATED|RECORD_ENVELOPE_INVALID,1.7603
record_source_tamper,144,HOLD,HOLD,True,CRITICAL_CLEARANCE_SIMULATED|EVIDENCE_ROOT_INVALID|EVIDENCE_SIMULATED|RECORD_ENVELOPE_INVALID,1.7245
record_source_tamper,145,HOLD,HOLD,True,CRITICAL_CLEARANCE_SIMULATED|EVIDENCE_ROOT_INVALID|EVIDENCE_SIMULATED|RECORD_ENVELOPE_INVALID,1.7794
record_source_tamper,146,HOLD,HOLD,True,CRITICAL_CLEARANCE_SIMULATED|EVIDENCE_ROOT_INVALID|EVIDENCE_SIMULATED|RECORD_ENVELOPE_INVALID,1.8197
record_source_tamper,147,HOLD,HOLD,True,CRITICAL_CLEARANCE_SIMULATED|EVIDENCE_ROOT_INVALID|EVIDENCE_SIMULATED|RECORD_ENVELOPE_INVALID,2.0048
record_source_tamper,148,HOLD,HOLD,True,CRITICAL_CLEARANCE_SIMULATED|EVIDENCE_ROOT_INVALID|EVIDENCE_SIMULATED|RECORD_ENVELOPE_INVALID,2.1036
record_source_tamper,149,HOLD,HOLD,True,CRITICAL_CLEARANCE_SIMULATED|EVIDENCE_ROOT_INVALID|EVIDENCE_SIMULATED|RECORD_ENVELOPE_INVALID,1.8153
record_source_tamper,150,HOLD,HOLD,True,CRITICAL_CLEARANCE_SIMULATED|EVIDENCE_ROOT_INVALID|EVIDENCE_SIMULATED|RECORD_ENVELOPE_INVALID,1.9524
record_source_tamper,151,HOLD,HOLD,True,CRITICAL_CLEARANCE_SIMULATED|EVIDENCE_ROOT_INVALID|EVIDENCE_SIMULATED|RECORD_ENVELOPE_INVALID,2.0862
record_source_tamper,152,HOLD,HOLD,True,CRITICAL_CLEARANCE_SIMULATED|EVIDENCE_ROOT_INVALID|EVIDENCE_SIMULATED|RECORD_ENVELOPE_INVALID,2.1119
record_source_tamper,153,HOLD,HOLD,True,CRITICAL_CLEARANCE_SIMULATED|EVIDENCE_ROOT_INVALID|EVIDENCE_SIMULATED|RECORD_ENVELOPE_INVALID,1.8148
record_source_tamper,154,HOLD,HOLD,True,CRITICAL_CLEARANCE_SIMULATED|EVIDENCE_ROOT_INVALID|EVIDENCE_SIMULATED|RECORD_ENVELOPE_INVALID,2.0112
record_source_tamper,155,HOLD,HOLD,True,CRITICAL_CLEARANCE_SIMULATED|EVIDENCE_ROOT_INVALID|EVIDENCE_SIMULATED|RECORD_ENVELOPE_INVALID,2.0039
record_source_tamper,156,HOLD,HOLD,True,CRITICAL_CLEARANCE_SIMULATED|EVIDENCE_ROOT_INVALID|EVIDENCE_SIMULATED|RECORD_ENVELOPE_INVALID,1.9169
record_source_tamper,157,HOLD,HOLD,True,CRITICAL_CLEARANCE_SIMULATED|EVIDENCE_ROOT_INVALID|EVIDENCE_SIMULATED|RECORD_ENVELOPE_INVALID,1.968
record_source_tamper,158,HOLD,HOLD,True,CRITICAL_CLEARANCE_SIMULATED|EVIDENCE_ROOT_INVALID|EVIDENCE_SIMULATED|RECORD_ENVELOPE_INVALID,2.1529
record_source_tamper,159,HOLD,HOLD,True,CRITICAL_CLEARANCE_SIMULATED|EVIDENCE_ROOT_INVALID|EVIDENCE_SIMULATED|RECORD_ENVELOPE_INVALID,2.6412
record_source_tamper,160,HOLD,HOLD,True,CRITICAL_CLEARANCE_SIMULATED|EVIDENCE_ROOT_INVALID|EVIDENCE_SIMULATED|RECORD_ENVELOPE_INVALID,1.838
record_source_tamper,161,HOLD,HOLD,True,CRITICAL_CLEARANCE_SIMULATED|EVIDENCE_ROOT_INVALID|EVIDENCE_SIMULATED|RECORD_ENVELOPE_INVALID,1.9165
record_source_tamper,162,HOLD,HOLD,True,CRITICAL_CLEARANCE_SIMULATED|EVIDENCE_ROOT_INVALID|EVIDENCE_SIMULATED|RECORD_ENVELOPE_INVALID,1.7824
record_source_tamper,163,HOLD,HOLD,True,CRITICAL_CLEARANCE_SIMULATED|EVIDENCE_ROOT_INVALID|EVIDENCE_SIMULATED|RECORD_ENVELOPE_INVALID,1.9716
record_source_tamper,164,HOLD,HOLD,True,CRITICAL_CLEARANCE_SIMULATED|EVIDENCE_ROOT_INVALID|EVIDENCE_SIMULATED|RECORD_ENVELOPE_INVALID,1.944
record_source_tamper,165,HOLD,HOLD,True,CRITICAL_CLEARANCE_SIMULATED|EVIDENCE_ROOT_INVALID|EVIDENCE_SIMULATED|RECORD_ENVELOPE_INVALID,1.9135
record_source_tamper,166,HOLD,HOLD,True,CRITICAL_CLEARANCE_SIMULATED|EVIDENCE_ROOT_INVALID|EVIDENCE_SIMULATED|RECORD_ENVELOPE_INVALID,1.8037
record_source_tamper,167,HOLD,HOLD,True,CRITICAL_CLEARANCE_SIMULATED|EVIDENCE_ROOT_INVALID|EVIDENCE_SIMULATED|RECORD_ENVELOPE_INVALID,1.8201
record_source_tamper,168,HOLD,HOLD,True,CRITICAL_CLEARANCE_SIMULATED|EVIDENCE_ROOT_INVALID|EVIDENCE_SIMULATED|RECORD_ENVELOPE_INVALID,1.782
record_source_tamper,169,HOLD,HOLD,True,CRITICAL_CLEARANCE_SIMULATED|EVIDENCE_ROOT_INVALID|EVIDENCE_SIMULATED|RECORD_ENVELOPE_INVALID,1.875
record_source_tamper,170,HOLD,HOLD,True,CRITICAL_CLEARANCE_SIMULATED|EVIDENCE_ROOT_INVALID|EVIDENCE_SIMULATED|RECORD_ENVELOPE_INVALID,1.7902
record_source_tamper,171,HOLD,HOLD,True,CRITICAL_CLEARANCE_SIMULATED|EVIDENCE_ROOT_INVALID|EVIDENCE_SIMULATED|RECORD_ENVELOPE_INVALID,1.779
record_source_tamper,172,HOLD,HOLD,True,CRITICAL_CLEARANCE_SIMULATED|EVIDENCE_ROOT_INVALID|EVIDENCE_SIMULATED|RECORD_ENVELOPE_INVALID,1.9412
record_source_tamper,173,HOLD,HOLD,True,CRITICAL_CLEARANCE_SIMULATED|EVIDENCE_ROOT_INVALID|EVIDENCE_SIMULATED|RECORD_ENVELOPE_INVALID,1.8057
record_source_tamper,174,HOLD,HOLD,True,CRITICAL_CLEARANCE_SIMULATED|EVIDENCE_ROOT_INVALID|EVIDENCE_SIMULATED|RECORD_ENVELOPE_INVALID,1.8032
record_source_tamper,175,HOLD,HOLD,True,CRITICAL_CLEARANCE_SIMULATED|EVIDENCE_ROOT_INVALID|EVIDENCE_SIMULATED|RECORD_ENVELOPE_INVALID,1.8224
record_source_tamper,176,HOLD,HOLD,True,CRITICAL_CLEARANCE_SIMULATED|EVIDENCE_ROOT_INVALID|EVIDENCE_SIMULATED|RECORD_ENVELOPE_INVALID,1.7724
record_source_tamper,177,HOLD,HOLD,True,CRITICAL_CLEARANCE_SIMULATED|EVIDENCE_ROOT_INVALID|EVIDENCE_SIMULATED|RECORD_ENVELOPE_INVALID,1.9013
record_source_tamper,178,HOLD,HOLD,True,CRITICAL_CLEARANCE_SIMULATED|EVIDENCE_ROOT_INVALID|EVIDENCE_SIMULATED|RECORD_ENVELOPE_INVALID,1.7668
record_source_tamper,179,HOLD,HOLD,True,CRITICAL_CLEARANCE_SIMULATED|EVIDENCE_ROOT_INVALID|EVIDENCE_SIMULATED|RECORD_ENVELOPE_INVALID,1.8041
record_source_tamper,180,HOLD,HOLD,True,CRITICAL_CLEARANCE_SIMULATED|EVIDENCE_ROOT_INVALID|EVIDENCE_SIMULATED|RECORD_ENVELOPE_INVALID,1.7723
record_source_tamper,181,HOLD,HOLD,True,CRITICAL_CLEARANCE_SIMULATED|EVIDENCE_ROOT_INVALID|EVIDENCE_SIMULATED|RECORD_ENVELOPE_INVALID,1.7887
record_source_tamper,182,HOLD,HOLD,True,CRITICAL_CLEARANCE_SIMULATED|EVIDENCE_ROOT_INVALID|EVIDENCE_SIMULATED|RECORD_ENVELOPE_INVALID,1.8863
record_source_tamper,183,HOLD,HOLD,True,CRITICAL_CLEARANCE_SIMULATED|EVIDENCE_ROOT_INVALID|EVIDENCE_SIMULATED|RECORD_ENVELOPE_INVALID,1.7779
record_source_tamper,184,HOLD,HOLD,True,CRITICAL_CLEARANCE_SIMULATED|EVIDENCE_ROOT_INVALID|EVIDENCE_SIMULATED|RECORD_ENVELOPE_INVALID,1.7844
record_source_tamper,185,HOLD,HOLD,True,CRITICAL_CLEARANCE_SIMULATED|EVIDENCE_ROOT_INVALID|EVIDENCE_SIMULATED|RECORD_ENVELOPE_INVALID,1.7872
record_source_tamper,186,HOLD,HOLD,True,CRITICAL_CLEARANCE_SIMULATED|EVIDENCE_ROOT_INVALID|EVIDENCE_SIMULATED|RECORD_ENVELOPE_INVALID,1.8124
record_source_tamper,187,HOLD,HOLD,True,CRITICAL_CLEARANCE_SIMULATED|EVIDENCE_ROOT_INVALID|EVIDENCE_SIMULATED|RECORD_ENVELOPE_INVALID,1.7912
record_source_tamper,188,HOLD,HOLD,True,CRITICAL_CLEARANCE_SIMULATED|EVIDENCE_ROOT_INVALID|EVIDENCE_SIMULATED|RECORD_ENVELOPE_INVALID,2.2206
record_source_tamper,189,HOLD,HOLD,True,CRITICAL_CLEARANCE_SIMULATED|EVIDENCE_ROOT_INVALID|EVIDENCE_SIMULATED|RECORD_ENVELOPE_INVALID,1.9439
record_source_tamper,190,HOLD,HOLD,True,CRITICAL_CLEARANCE_SIMULATED|EVIDENCE_ROOT_INVALID|EVIDENCE_SIMULATED|RECORD_ENVELOPE_INVALID,1.9247
record_source_tamper,191,HOLD,HOLD,True,CRITICAL_CLEARANCE_SIMULATED|EVIDENCE_ROOT_INVALID|EVIDENCE_SIMULATED|RECORD_ENVELOPE_INVALID,1.9397
record_source_tamper,192,HOLD,HOLD,True,CRITICAL_CLEARANCE_SIMULATED|EVIDENCE_ROOT_INVALID|EVIDENCE_SIMULATED|RECORD_ENVELOPE_INVALID,1.9411
record_source_tamper,193,HOLD,HOLD,True,CRITICAL_CLEARANCE_SIMULATED|EVIDENCE_ROOT_INVALID|EVIDENCE_SIMULATED|RECORD_ENVELOPE_INVALID,1.8364
record_source_tamper,194,HOLD,HOLD,True,CRITICAL_CLEARANCE_SIMULATED|EVIDENCE_ROOT_INVALID|EVIDENCE_SIMULATED|RECORD_ENVELOPE_INVALID,1.8261
record_source_tamper,195,HOLD,HOLD,True,CRITICAL_CLEARANCE_SIMULATED|EVIDENCE_ROOT_INVALID|EVIDENCE_SIMULATED|RECORD_ENVELOPE_INVALID,1.7855
record_source_tamper,196,HOLD,HOLD,True,CRITICAL_CLEARANCE_SIMULATED|EVIDENCE_ROOT_INVALID|EVIDENCE_SIMULATED|RECORD_ENVELOPE_INVALID,1.8416
record_source_tamper,197,HOLD,HOLD,True,CRITICAL_CLEARANCE_SIMULATED|EVIDENCE_ROOT_INVALID|EVIDENCE_SIMULATED|RECORD_ENVELOPE_INVALID,1.8622
record_source_tamper,198,HOLD,HOLD,True,CRITICAL_CLEARANCE_SIMULATED|EVIDENCE_ROOT_INVALID|EVIDENCE_SIMULATED|RECORD_ENVELOPE_INVALID,1.733
record_source_tamper,199,HOLD,HOLD,True,CRITICAL_CLEARANCE_SIMULATED|EVIDENCE_ROOT_INVALID|EVIDENCE_SIMULATED|RECORD_ENVELOPE_INVALID,2.0578
record_source_tamper,200,HOLD,HOLD,True,CRITICAL_CLEARANCE_SIMULATED|EVIDENCE_ROOT_INVALID|EVIDENCE_SIMULATED|RECORD_ENVELOPE_INVALID,1.7421
missing_weather_role,1,HOLD,HOLD,True,REQUIRED_ROLE_MISSING,1.4748
missing_weather_role,2,HOLD,HOLD,True,REQUIRED_ROLE_MISSING,1.5597
missing_weather_role,3,HOLD,HOLD,True,REQUIRED_ROLE_MISSING,1.5074
missing_weather_role,4,HOLD,HOLD,True,REQUIRED_ROLE_MISSING,1.4614
missing_weather_role,5,HOLD,HOLD,True,REQUIRED_ROLE_MISSING,1.423
missing_weather_role,6,HOLD,HOLD,True,REQUIRED_ROLE_MISSING,1.461
missing_weather_role,7,HOLD,HOLD,True,REQUIRED_ROLE_MISSING,1.596
missing_weather_role,8,HOLD,HOLD,True,REQUIRED_ROLE_MISSING,1.4353
missing_weather_role,9,HOLD,HOLD,True,REQUIRED_ROLE_MISSING,1.5404
missing_weather_role,10,HOLD,HOLD,True,REQUIRED_ROLE_MISSING,1.557
missing_weather_role,11,HOLD,HOLD,True,REQUIRED_ROLE_MISSING,1.542
missing_weather_role,12,HOLD,HOLD,True,REQUIRED_ROLE_MISSING,1.4875
missing_weather_role,13,HOLD,HOLD,True,REQUIRED_ROLE_MISSING,1.5325
missing_weather_role,14,HOLD,HOLD,True,REQUIRED_ROLE_MISSING,1.5345
missing_weather_role,15,HOLD,HOLD,True,REQUIRED_ROLE_MISSING,1.5041
missing_weather_role,16,HOLD,HOLD,True,REQUIRED_ROLE_MISSING,1.4599
missing_weather_role,17,HOLD,HOLD,True,REQUIRED_ROLE_MISSING,1.3961
missing_weather_role,18,HOLD,HOLD,True,REQUIRED_ROLE_MISSING,1.3733
missing_weather_role,19,HOLD,HOLD,True,REQUIRED_ROLE_MISSING,1.3871
missing_weather_role,20,HOLD,HOLD,True,REQUIRED_ROLE_MISSING,1.3741
missing_weather_role,21,HOLD,HOLD,True,REQUIRED_ROLE_MISSING,1.3797
missing_weather_role,22,HOLD,HOLD,True,REQUIRED_ROLE_MISSING,1.4578
missing_weather_role,23,HOLD,HOLD,True,REQUIRED_ROLE_MISSING,1.5199
missing_weather_role,24,HOLD,HOLD,True,REQUIRED_ROLE_MISSING,1.4879
missing_weather_role,25,HOLD,HOLD,True,REQUIRED_ROLE_MISSING,1.4412
missing_weather_role,26,HOLD,HOLD,True,REQUIRED_ROLE_MISSING,1.3484
missing_weather_role,27,HOLD,HOLD,True,REQUIRED_ROLE_MISSING,1.4748
missing_weather_role,28,HOLD,HOLD,True,REQUIRED_ROLE_MISSING,1.4692
missing_weather_role,29,HOLD,HOLD,True,REQUIRED_ROLE_MISSING,1.4107
missing_weather_role,30,HOLD,HOLD,True,REQUIRED_ROLE_MISSING,1.4264
missing_weather_role,31,HOLD,HOLD,True,REQUIRED_ROLE_MISSING,1.5159
missing_weather_role,32,HOLD,HOLD,True,REQUIRED_ROLE_MISSING,1.4874
missing_weather_role,33,HOLD,HOLD,True,REQUIRED_ROLE_MISSING,1.5314
missing_weather_role,34,HOLD,HOLD,True,REQUIRED_ROLE_MISSING,1.5484
missing_weather_role,35,HOLD,HOLD,True,REQUIRED_ROLE_MISSING,1.5475
missing_weather_role,36,HOLD,HOLD,True,REQUIRED_ROLE_MISSING,1.541
missing_weather_role,37,HOLD,HOLD,True,REQUIRED_ROLE_MISSING,1.542
missing_weather_role,38,HOLD,HOLD,True,REQUIRED_ROLE_MISSING,1.4821
missing_weather_role,39,HOLD,HOLD,True,REQUIRED_ROLE_MISSING,1.49
missing_weather_role,40,HOLD,HOLD,True,REQUIRED_ROLE_MISSING,1.4581
missing_weather_role,41,HOLD,HOLD,True,REQUIRED_ROLE_MISSING,1.5772
missing_weather_role,42,HOLD,HOLD,True,REQUIRED_ROLE_MISSING,1.8869
missing_weather_role,43,HOLD,HOLD,True,REQUIRED_ROLE_MISSING,1.867
missing_weather_role,44,HOLD,HOLD,True,REQUIRED_ROLE_MISSING,1.6556
missing_weather_role,45,HOLD,HOLD,True,REQUIRED_ROLE_MISSING,1.7156
missing_weather_role,46,HOLD,HOLD,True,REQUIRED_ROLE_MISSING,1.9057
missing_weather_role,47,HOLD,HOLD,True,REQUIRED_ROLE_MISSING,1.6593
missing_weather_role,48,HOLD,HOLD,True,REQUIRED_ROLE_MISSING,1.4829
missing_weather_role,49,HOLD,HOLD,True,REQUIRED_ROLE_MISSING,1.4102
missing_weather_role,50,HOLD,HOLD,True,REQUIRED_ROLE_MISSING,1.4371
missing_weather_role,51,HOLD,HOLD,True,REQUIRED_ROLE_MISSING,1.4163
missing_weather_role,52,HOLD,HOLD,True,REQUIRED_ROLE_MISSING,1.4052
missing_weather_role,53,HOLD,HOLD,True,REQUIRED_ROLE_MISSING,1.367
missing_weather_role,54,HOLD,HOLD,True,REQUIRED_ROLE_MISSING,1.3701
missing_weather_role,55,HOLD,HOLD,True,REQUIRED_ROLE_MISSING,1.4136
missing_weather_role,56,HOLD,HOLD,True,REQUIRED_ROLE_MISSING,1.407
missing_weather_role,57,HOLD,HOLD,True,REQUIRED_ROLE_MISSING,1.3661
missing_weather_role,58,HOLD,HOLD,True,REQUIRED_ROLE_MISSING,1.4762
missing_weather_role,59,HOLD,HOLD,True,REQUIRED_ROLE_MISSING,1.3492
missing_weather_role,60,HOLD,HOLD,True,REQUIRED_ROLE_MISSING,1.5542
missing_weather_role,61,HOLD,HOLD,True,REQUIRED_ROLE_MISSING,1.5679
missing_weather_role,62,HOLD,HOLD,True,REQUIRED_ROLE_MISSING,1.4617
missing_weather_role,63,HOLD,HOLD,True,REQUIRED_ROLE_MISSING,1.5001
missing_weather_role,64,HOLD,HOLD,True,REQUIRED_ROLE_MISSING,1.4918
missing_weather_role,65,HOLD,HOLD,True,REQUIRED_ROLE_MISSING,1.4799
missing_weather_role,66,HOLD,HOLD,True,REQUIRED_ROLE_MISSING,1.3685
missing_weather_role,67,HOLD,HOLD,True,REQUIRED_ROLE_MISSING,1.4709
missing_weather_role,68,HOLD,HOLD,True,REQUIRED_ROLE_MISSING,1.4252
missing_weather_role,69,HOLD,HOLD,True,REQUIRED_ROLE_MISSING,1.4774
missing_weather_role,70,HOLD,HOLD,True,REQUIRED_ROLE_MISSING,1.5336
missing_weather_role,71,HOLD,HOLD,True,REQUIRED_ROLE_MISSING,1.4108
missing_weather_role,72,HOLD,HOLD,True,REQUIRED_ROLE_MISSING,1.5305
missing_weather_role,73,HOLD,HOLD,True,REQUIRED_ROLE_MISSING,1.7185
missing_weather_role,74,HOLD,HOLD,True,REQUIRED_ROLE_MISSING,1.4667
missing_weather_role,75,HOLD,HOLD,True,REQUIRED_ROLE_MISSING,1.4965
missing_weather_role,76,HOLD,HOLD,True,REQUIRED_ROLE_MISSING,1.5632
missing_weather_role,77,HOLD,HOLD,True,REQUIRED_ROLE_MISSING,1.4273
missing_weather_role,78,HOLD,HOLD,True,REQUIRED_ROLE_MISSING,1.5335
missing_weather_role,79,HOLD,HOLD,True,REQUIRED_ROLE_MISSING,1.3347
missing_weather_role,80,HOLD,HOLD,True,REQUIRED_ROLE_MISSING,1.3648
missing_weather_role,81,HOLD,HOLD,True,REQUIRED_ROLE_MISSING,1.8124
missing_weather_role,82,HOLD,HOLD,True,REQUIRED_ROLE_MISSING,1.3265
missing_weather_role,83,HOLD,HOLD,True,REQUIRED_ROLE_MISSING,1.3158
missing_weather_role,84,HOLD,HOLD,True,REQUIRED_ROLE_MISSING,1.3256
missing_weather_role,85,HOLD,HOLD,True,REQUIRED_ROLE_MISSING,1.4142
missing_weather_role,86,HOLD,HOLD,True,REQUIRED_ROLE_MISSING,1.3923
missing_weather_role,87,HOLD,HOLD,True,REQUIRED_ROLE_MISSING,1.3796
missing_weather_role,88,HOLD,HOLD,True,REQUIRED_ROLE_MISSING,1.3691
missing_weather_role,89,HOLD,HOLD,True,REQUIRED_ROLE_MISSING,1.3864
missing_weather_role,90,HOLD,HOLD,True,REQUIRED_ROLE_MISSING,1.391
missing_weather_role,91,HOLD,HOLD,True,REQUIRED_ROLE_MISSING,1.5056
missing_weather_role,92,HOLD,HOLD,True,REQUIRED_ROLE_MISSING,1.4908
missing_weather_role,93,HOLD,HOLD,True,REQUIRED_ROLE_MISSING,1.4954
missing_weather_role,94,HOLD,HOLD,True,REQUIRED_ROLE_MISSING,1.3796
missing_weather_role,95,HOLD,HOLD,True,REQUIRED_ROLE_MISSING,1.5443
missing_weather_role,96,HOLD,HOLD,True,REQUIRED_ROLE_MISSING,1.4346
missing_weather_role,97,HOLD,HOLD,True,REQUIRED_ROLE_MISSING,1.4312
missing_weather_role,98,HOLD,HOLD,True,REQUIRED_ROLE_MISSING,1.441
missing_weather_role,99,HOLD,HOLD,True,REQUIRED_ROLE_MISSING,1.4359
missing_weather_role,100,HOLD,HOLD,True,REQUIRED_ROLE_MISSING,1.4414
missing_weather_role,101,HOLD,HOLD,True,REQUIRED_ROLE_MISSING,1.5179
missing_weather_role,102,HOLD,HOLD,True,REQUIRED_ROLE_MISSING,1.3287
missing_weather_role,103,HOLD,HOLD,True,REQUIRED_ROLE_MISSING,1.3477
missing_weather_role,104,HOLD,HOLD,True,REQUIRED_ROLE_MISSING,1.3701
missing_weather_role,105,HOLD,HOLD,True,REQUIRED_ROLE_MISSING,2.2401
missing_weather_role,106,HOLD,HOLD,True,REQUIRED_ROLE_MISSING,1.6219
missing_weather_role,107,HOLD,HOLD,True,REQUIRED_ROLE_MISSING,1.492
missing_weather_role,108,HOLD,HOLD,True,REQUIRED_ROLE_MISSING,1.4604
missing_weather_role,109,HOLD,HOLD,True,REQUIRED_ROLE_MISSING,1.7312
missing_weather_role,110,HOLD,HOLD,True,REQUIRED_ROLE_MISSING,1.471
missing_weather_role,111,HOLD,HOLD,True,REQUIRED_ROLE_MISSING,1.4594
missing_weather_role,112,HOLD,HOLD,True,REQUIRED_ROLE_MISSING,1.453
missing_weather_role,113,HOLD,HOLD,True,REQUIRED_ROLE_MISSING,1.6903
missing_weather_role,114,HOLD,HOLD,True,REQUIRED_ROLE_MISSING,1.4799
missing_weather_role,115,HOLD,HOLD,True,REQUIRED_ROLE_MISSING,1.5364
missing_weather_role,116,HOLD,HOLD,True,REQUIRED_ROLE_MISSING,1.4433
missing_weather_role,117,HOLD,HOLD,True,REQUIRED_ROLE_MISSING,1.49
missing_weather_role,118,HOLD,HOLD,True,REQUIRED_ROLE_MISSING,1.4411
missing_weather_role,119,HOLD,HOLD,True,REQUIRED_ROLE_MISSING,1.4316
missing_weather_role,120,HOLD,HOLD,True,REQUIRED_ROLE_MISSING,1.4157
missing_weather_role,121,HOLD,HOLD,True,REQUIRED_ROLE_MISSING,1.4433
missing_weather_role,122,HOLD,HOLD,True,REQUIRED_ROLE_MISSING,1.4022
missing_weather_role,123,HOLD,HOLD,True,REQUIRED_ROLE_MISSING,1.4109
missing_weather_role,124,HOLD,HOLD,True,REQUIRED_ROLE_MISSING,1.4289
missing_weather_role,125,HOLD,HOLD,True,REQUIRED_ROLE_MISSING,1.4433
missing_weather_role,126,HOLD,HOLD,True,REQUIRED_ROLE_MISSING,1.508
missing_weather_role,127,HOLD,HOLD,True,REQUIRED_ROLE_MISSING,1.4152
missing_weather_role,128,HOLD,HOLD,True,REQUIRED_ROLE_MISSING,1.4468
missing_weather_role,129,HOLD,HOLD,True,REQUIRED_ROLE_MISSING,1.358
missing_weather_role,130,HOLD,HOLD,True,REQUIRED_ROLE_MISSING,1.3139
missing_weather_role,131,HOLD,HOLD,True,REQUIRED_ROLE_MISSING,1.3179
missing_weather_role,132,HOLD,HOLD,True,REQUIRED_ROLE_MISSING,1.3171
missing_weather_role,133,HOLD,HOLD,True,REQUIRED_ROLE_MISSING,1.3062
missing_weather_role,134,HOLD,HOLD,True,REQUIRED_ROLE_MISSING,1.3378
missing_weather_role,135,HOLD,HOLD,True,REQUIRED_ROLE_MISSING,1.3142
missing_weather_role,136,HOLD,HOLD,True,REQUIRED_ROLE_MISSING,1.3198
missing_weather_role,137,HOLD,HOLD,True,REQUIRED_ROLE_MISSING,1.4018
missing_weather_role,138,HOLD,HOLD,True,REQUIRED_ROLE_MISSING,1.3493
missing_weather_role,139,HOLD,HOLD,True,REQUIRED_ROLE_MISSING,1.2967
missing_weather_role,140,HOLD,HOLD,True,REQUIRED_ROLE_MISSING,1.3785
missing_weather_role,141,HOLD,HOLD,True,REQUIRED_ROLE_MISSING,1.3151
missing_weather_role,142,HOLD,HOLD,True,REQUIRED_ROLE_MISSING,1.3565
missing_weather_role,143,HOLD,HOLD,True,REQUIRED_ROLE_MISSING,1.4286
missing_weather_role,144,HOLD,HOLD,True,REQUIRED_ROLE_MISSING,1.4435
missing_weather_role,145,HOLD,HOLD,True,REQUIRED_ROLE_MISSING,1.3209
missing_weather_role,146,HOLD,HOLD,True,REQUIRED_ROLE_MISSING,1.3013
missing_weather_role,147,HOLD,HOLD,True,REQUIRED_ROLE_MISSING,1.2961
missing_weather_role,148,HOLD,HOLD,True,REQUIRED_ROLE_MISSING,1.3005
missing_weather_role,149,HOLD,HOLD,True,REQUIRED_ROLE_MISSING,1.4729
missing_weather_role,150,HOLD,HOLD,True,REQUIRED_ROLE_MISSING,1.2956
missing_weather_role,151,HOLD,HOLD,True,REQUIRED_ROLE_MISSING,1.3829
missing_weather_role,152,HOLD,HOLD,True,REQUIRED_ROLE_MISSING,1.3202
missing_weather_role,153,HOLD,HOLD,True,REQUIRED_ROLE_MISSING,1.2952
missing_weather_role,154,HOLD,HOLD,True,REQUIRED_ROLE_MISSING,1.2919
missing_weather_role,155,HOLD,HOLD,True,REQUIRED_ROLE_MISSING,1.3442
missing_weather_role,156,HOLD,HOLD,True,REQUIRED_ROLE_MISSING,1.3004
missing_weather_role,157,HOLD,HOLD,True,REQUIRED_ROLE_MISSING,1.3796
missing_weather_role,158,HOLD,HOLD,True,REQUIRED_ROLE_MISSING,1.3765
missing_weather_role,159,HOLD,HOLD,True,REQUIRED_ROLE_MISSING,1.317
missing_weather_role,160,HOLD,HOLD,True,REQUIRED_ROLE_MISSING,1.3114
missing_weather_role,161,HOLD,HOLD,True,REQUIRED_ROLE_MISSING,1.3581
missing_weather_role,162,HOLD,HOLD,True,REQUIRED_ROLE_MISSING,1.4232
missing_weather_role,163,HOLD,HOLD,True,REQUIRED_ROLE_MISSING,1.3182
missing_weather_role,164,HOLD,HOLD,True,REQUIRED_ROLE_MISSING,1.2956
missing_weather_role,165,HOLD,HOLD,True,REQUIRED_ROLE_MISSING,1.3009
missing_weather_role,166,HOLD,HOLD,True,REQUIRED_ROLE_MISSING,1.3575
missing_weather_role,167,HOLD,HOLD,True,REQUIRED_ROLE_MISSING,1.3087
missing_weather_role,168,HOLD,HOLD,True,REQUIRED_ROLE_MISSING,1.3058
missing_weather_role,169,HOLD,HOLD,True,REQUIRED_ROLE_MISSING,1.3233
missing_weather_role,170,HOLD,HOLD,True,REQUIRED_ROLE_MISSING,1.3213
missing_weather_role,171,HOLD,HOLD,True,REQUIRED_ROLE_MISSING,1.316
missing_weather_role,172,HOLD,HOLD,True,REQUIRED_ROLE_MISSING,1.4489
missing_weather_role,173,HOLD,HOLD,True,REQUIRED_ROLE_MISSING,1.3005
missing_weather_role,174,HOLD,HOLD,True,REQUIRED_ROLE_MISSING,1.3076
missing_weather_role,175,HOLD,HOLD,True,REQUIRED_ROLE_MISSING,1.2952
missing_weather_role,176,HOLD,HOLD,True,REQUIRED_ROLE_MISSING,1.3388
missing_weather_role,177,HOLD,HOLD,True,REQUIRED_ROLE_MISSING,1.2963
missing_weather_role,178,HOLD,HOLD,True,REQUIRED_ROLE_MISSING,1.4089
missing_weather_role,179,HOLD,HOLD,True,REQUIRED_ROLE_MISSING,1.3596
missing_weather_role,180,HOLD,HOLD,True,REQUIRED_ROLE_MISSING,1.4138
missing_weather_role,181,HOLD,HOLD,True,REQUIRED_ROLE_MISSING,1.3187
missing_weather_role,182,HOLD,HOLD,True,REQUIRED_ROLE_MISSING,1.2984
missing_weather_role,183,HOLD,HOLD,True,REQUIRED_ROLE_MISSING,1.2991
missing_weather_role,184,HOLD,HOLD,True,REQUIRED_ROLE_MISSING,1.2952
missing_weather_role,185,HOLD,HOLD,True,REQUIRED_ROLE_MISSING,1.3654
missing_weather_role,186,HOLD,HOLD,True,REQUIRED_ROLE_MISSING,1.3153
missing_weather_role,187,HOLD,HOLD,True,REQUIRED_ROLE_MISSING,1.3225
missing_weather_role,188,HOLD,HOLD,True,REQUIRED_ROLE_MISSING,1.3284
missing_weather_role,189,HOLD,HOLD,True,REQUIRED_ROLE_MISSING,1.4892
missing_weather_role,190,HOLD,HOLD,True,REQUIRED_ROLE_MISSING,1.3183
missing_weather_role,191,HOLD,HOLD,True,REQUIRED_ROLE_MISSING,1.3703
missing_weather_role,192,HOLD,HOLD,True,REQUIRED_ROLE_MISSING,1.3224
missing_weather_role,193,HOLD,HOLD,True,REQUIRED_ROLE_MISSING,1.3213
missing_weather_role,194,HOLD,HOLD,True,REQUIRED_ROLE_MISSING,1.3232
missing_weather_role,195,HOLD,HOLD,True,REQUIRED_ROLE_MISSING,1.7869
missing_weather_role,196,HOLD,HOLD,True,REQUIRED_ROLE_MISSING,1.3197
missing_weather_role,197,HOLD,HOLD,True,REQUIRED_ROLE_MISSING,1.3233
missing_weather_role,198,HOLD,HOLD,True,REQUIRED_ROLE_MISSING,1.3293
missing_weather_role,199,HOLD,HOLD,True,REQUIRED_ROLE_MISSING,1.3194
missing_weather_role,200,HOLD,HOLD,True,REQUIRED_ROLE_MISSING,1.3177
stale_weather,1,HOLD,HOLD,True,EVIDENCE_STALE,1.6703
stale_weather,2,HOLD,HOLD,True,EVIDENCE_STALE,1.6276
stale_weather,3,HOLD,HOLD,True,EVIDENCE_STALE,1.568
stale_weather,4,HOLD,HOLD,True,EVIDENCE_STALE,1.5988
stale_weather,5,HOLD,HOLD,True,EVIDENCE_STALE,1.9078
stale_weather,6,HOLD,HOLD,True,EVIDENCE_STALE,1.6096
stale_weather,7,HOLD,HOLD,True,EVIDENCE_STALE,1.5785
stale_weather,8,HOLD,HOLD,True,EVIDENCE_STALE,1.6384
stale_weather,9,HOLD,HOLD,True,EVIDENCE_STALE,1.5797
stale_weather,10,HOLD,HOLD,True,EVIDENCE_STALE,2.0098
stale_weather,11,HOLD,HOLD,True,EVIDENCE_STALE,1.6235
stale_weather,12,HOLD,HOLD,True,EVIDENCE_STALE,1.5629
stale_weather,13,HOLD,HOLD,True,EVIDENCE_STALE,1.6202
stale_weather,14,HOLD,HOLD,True,EVIDENCE_STALE,1.5591
stale_weather,15,HOLD,HOLD,True,EVIDENCE_STALE,1.8573
stale_weather,16,HOLD,HOLD,True,EVIDENCE_STALE,1.5571
stale_weather,17,HOLD,HOLD,True,EVIDENCE_STALE,1.5506
stale_weather,18,HOLD,HOLD,True,EVIDENCE_STALE,1.5844
stale_weather,19,HOLD,HOLD,True,EVIDENCE_STALE,1.7436
stale_weather,20,HOLD,HOLD,True,EVIDENCE_STALE,1.7343
stale_weather,21,HOLD,HOLD,True,EVIDENCE_STALE,1.5684
stale_weather,22,HOLD,HOLD,True,EVIDENCE_STALE,1.5609
stale_weather,23,HOLD,HOLD,True,EVIDENCE_STALE,1.5585
stale_weather,24,HOLD,HOLD,True,EVIDENCE_STALE,2.156
stale_weather,25,HOLD,HOLD,True,EVIDENCE_STALE,1.6034
stale_weather,26,HOLD,HOLD,True,EVIDENCE_STALE,1.6041
stale_weather,27,HOLD,HOLD,True,EVIDENCE_STALE,1.6366
stale_weather,28,HOLD,HOLD,True,EVIDENCE_STALE,1.727
stale_weather,29,HOLD,HOLD,True,EVIDENCE_STALE,1.6103
stale_weather,30,HOLD,HOLD,True,EVIDENCE_STALE,1.6747
stale_weather,31,HOLD,HOLD,True,EVIDENCE_STALE,1.595
stale_weather,32,HOLD,HOLD,True,EVIDENCE_STALE,1.594
stale_weather,33,HOLD,HOLD,True,EVIDENCE_STALE,1.869
stale_weather,34,HOLD,HOLD,True,EVIDENCE_STALE,1.6746
stale_weather,35,HOLD,HOLD,True,EVIDENCE_STALE,1.7363
stale_weather,36,HOLD,HOLD,True,EVIDENCE_STALE,1.5957
stale_weather,37,HOLD,HOLD,True,EVIDENCE_STALE,1.687
stale_weather,38,HOLD,HOLD,True,EVIDENCE_STALE,1.7084
stale_weather,39,HOLD,HOLD,True,EVIDENCE_STALE,1.7258
stale_weather,40,HOLD,HOLD,True,EVIDENCE_STALE,1.5779
stale_weather,41,HOLD,HOLD,True,EVIDENCE_STALE,1.6128
stale_weather,42,HOLD,HOLD,True,EVIDENCE_STALE,1.7661
stale_weather,43,HOLD,HOLD,True,EVIDENCE_STALE,1.6934
stale_weather,44,HOLD,HOLD,True,EVIDENCE_STALE,1.6012
stale_weather,45,HOLD,HOLD,True,EVIDENCE_STALE,1.572
stale_weather,46,HOLD,HOLD,True,EVIDENCE_STALE,1.6037
stale_weather,47,HOLD,HOLD,True,EVIDENCE_STALE,1.5834
stale_weather,48,HOLD,HOLD,True,EVIDENCE_STALE,1.591
stale_weather,49,HOLD,HOLD,True,EVIDENCE_STALE,1.5739
stale_weather,50,HOLD,HOLD,True,EVIDENCE_STALE,1.6125
stale_weather,51,HOLD,HOLD,True,EVIDENCE_STALE,1.6777
stale_weather,52,HOLD,HOLD,True,EVIDENCE_STALE,1.6087
stale_weather,53,HOLD,HOLD,True,EVIDENCE_STALE,1.6017
stale_weather,54,HOLD,HOLD,True,EVIDENCE_STALE,1.6613
stale_weather,55,HOLD,HOLD,True,EVIDENCE_STALE,1.6382
stale_weather,56,HOLD,HOLD,True,EVIDENCE_STALE,1.9193
stale_weather,57,HOLD,HOLD,True,EVIDENCE_STALE,1.7211
stale_weather,58,HOLD,HOLD,True,EVIDENCE_STALE,1.7991
stale_weather,59,HOLD,HOLD,True,EVIDENCE_STALE,1.6224
stale_weather,60,HOLD,HOLD,True,EVIDENCE_STALE,1.6976
stale_weather,61,HOLD,HOLD,True,EVIDENCE_STALE,1.6762
stale_weather,62,HOLD,HOLD,True,EVIDENCE_STALE,1.6693
stale_weather,63,HOLD,HOLD,True,EVIDENCE_STALE,1.7064
stale_weather,64,HOLD,HOLD,True,EVIDENCE_STALE,1.6322
stale_weather,65,HOLD,HOLD,True,EVIDENCE_STALE,1.6293
stale_weather,66,HOLD,HOLD,True,EVIDENCE_STALE,1.6332
stale_weather,67,HOLD,HOLD,True,EVIDENCE_STALE,1.6499
stale_weather,68,HOLD,HOLD,True,EVIDENCE_STALE,1.7124
stale_weather,69,HOLD,HOLD,True,EVIDENCE_STALE,1.7132
stale_weather,70,HOLD,HOLD,True,EVIDENCE_STALE,1.6945
stale_weather,71,HOLD,HOLD,True,EVIDENCE_STALE,1.6288
stale_weather,72,HOLD,HOLD,True,EVIDENCE_STALE,1.793
stale_weather,73,HOLD,HOLD,True,EVIDENCE_STALE,1.9142
stale_weather,74,HOLD,HOLD,True,EVIDENCE_STALE,1.6583
stale_weather,75,HOLD,HOLD,True,EVIDENCE_STALE,1.6675
stale_weather,76,HOLD,HOLD,True,EVIDENCE_STALE,1.8029
stale_weather,77,HOLD,HOLD,True,EVIDENCE_STALE,1.8785
stale_weather,78,HOLD,HOLD,True,EVIDENCE_STALE,1.5987
stale_weather,79,HOLD,HOLD,True,EVIDENCE_STALE,1.9821
stale_weather,80,HOLD,HOLD,True,EVIDENCE_STALE,1.6019
stale_weather,81,HOLD,HOLD,True,EVIDENCE_STALE,1.6476
stale_weather,82,HOLD,HOLD,True,EVIDENCE_STALE,1.8773
stale_weather,83,HOLD,HOLD,True,EVIDENCE_STALE,1.656
stale_weather,84,HOLD,HOLD,True,EVIDENCE_STALE,1.5734
stale_weather,85,HOLD,HOLD,True,EVIDENCE_STALE,1.6921
stale_weather,86,HOLD,HOLD,True,EVIDENCE_STALE,1.6786
stale_weather,87,HOLD,HOLD,True,EVIDENCE_STALE,1.5979
stale_weather,88,HOLD,HOLD,True,EVIDENCE_STALE,1.5987
stale_weather,89,HOLD,HOLD,True,EVIDENCE_STALE,1.5753
stale_weather,90,HOLD,HOLD,True,EVIDENCE_STALE,1.5972
stale_weather,91,HOLD,HOLD,True,EVIDENCE_STALE,1.7153
stale_weather,92,HOLD,HOLD,True,EVIDENCE_STALE,1.6144
stale_weather,93,HOLD,HOLD,True,EVIDENCE_STALE,1.636
stale_weather,94,HOLD,HOLD,True,EVIDENCE_STALE,1.6594
stale_weather,95,HOLD,HOLD,True,EVIDENCE_STALE,1.6372
stale_weather,96,HOLD,HOLD,True,EVIDENCE_STALE,1.6137
stale_weather,97,HOLD,HOLD,True,EVIDENCE_STALE,1.6018
stale_weather,98,HOLD,HOLD,True,EVIDENCE_STALE,1.6389
stale_weather,99,HOLD,HOLD,True,EVIDENCE_STALE,1.6091
stale_weather,100,HOLD,HOLD,True,EVIDENCE_STALE,1.7973
stale_weather,101,HOLD,HOLD,True,EVIDENCE_STALE,1.9146
stale_weather,102,HOLD,HOLD,True,EVIDENCE_STALE,2.0928
stale_weather,103,HOLD,HOLD,True,EVIDENCE_STALE,1.5906
stale_weather,104,HOLD,HOLD,True,EVIDENCE_STALE,1.6213
stale_weather,105,HOLD,HOLD,True,EVIDENCE_STALE,1.7571
stale_weather,106,HOLD,HOLD,True,EVIDENCE_STALE,1.5848
stale_weather,107,HOLD,HOLD,True,EVIDENCE_STALE,1.6486
stale_weather,108,HOLD,HOLD,True,EVIDENCE_STALE,1.5765
stale_weather,109,HOLD,HOLD,True,EVIDENCE_STALE,1.6528
stale_weather,110,HOLD,HOLD,True,EVIDENCE_STALE,1.7286
stale_weather,111,HOLD,HOLD,True,EVIDENCE_STALE,1.6641
stale_weather,112,HOLD,HOLD,True,EVIDENCE_STALE,1.5994
stale_weather,113,HOLD,HOLD,True,EVIDENCE_STALE,1.5743
stale_weather,114,HOLD,HOLD,True,EVIDENCE_STALE,2.227
stale_weather,115,HOLD,HOLD,True,EVIDENCE_STALE,1.6469
stale_weather,116,HOLD,HOLD,True,EVIDENCE_STALE,1.7085
stale_weather,117,HOLD,HOLD,True,EVIDENCE_STALE,1.7018
stale_weather,118,HOLD,HOLD,True,EVIDENCE_STALE,1.6834
stale_weather,119,HOLD,HOLD,True,EVIDENCE_STALE,1.7714
stale_weather,120,HOLD,HOLD,True,EVIDENCE_STALE,1.6252
stale_weather,121,HOLD,HOLD,True,EVIDENCE_STALE,1.6558
stale_weather,122,HOLD,HOLD,True,EVIDENCE_STALE,1.6687
stale_weather,123,HOLD,HOLD,True,EVIDENCE_STALE,1.6498
stale_weather,124,HOLD,HOLD,True,EVIDENCE_STALE,1.7194
stale_weather,125,HOLD,HOLD,True,EVIDENCE_STALE,1.6472
stale_weather,126,HOLD,HOLD,True,EVIDENCE_STALE,1.6442
stale_weather,127,HOLD,HOLD,True,EVIDENCE_STALE,1.6438
stale_weather,128,HOLD,HOLD,True,EVIDENCE_STALE,1.6237
stale_weather,129,HOLD,HOLD,True,EVIDENCE_STALE,1.6501
stale_weather,130,HOLD,HOLD,True,EVIDENCE_STALE,1.5791
stale_weather,131,HOLD,HOLD,True,EVIDENCE_STALE,1.6624
stale_weather,132,HOLD,HOLD,True,EVIDENCE_STALE,1.6226
stale_weather,133,HOLD,HOLD,True,EVIDENCE_STALE,1.5889
stale_weather,134,HOLD,HOLD,True,EVIDENCE_STALE,1.629
stale_weather,135,HOLD,HOLD,True,EVIDENCE_STALE,1.5748
stale_weather,136,HOLD,HOLD,True,EVIDENCE_STALE,1.5923
stale_weather,137,HOLD,HOLD,True,EVIDENCE_STALE,1.5908
stale_weather,138,HOLD,HOLD,True,EVIDENCE_STALE,1.6803
stale_weather,139,HOLD,HOLD,True,EVIDENCE_STALE,1.5718
stale_weather,140,HOLD,HOLD,True,EVIDENCE_STALE,1.7466
stale_weather,141,HOLD,HOLD,True,EVIDENCE_STALE,1.5917
stale_weather,142,HOLD,HOLD,True,EVIDENCE_STALE,1.5638
stale_weather,143,HOLD,HOLD,True,EVIDENCE_STALE,1.7691
stale_weather,144,HOLD,HOLD,True,EVIDENCE_STALE,1.5752
stale_weather,145,HOLD,HOLD,True,EVIDENCE_STALE,1.7044
stale_weather,146,HOLD,HOLD,True,EVIDENCE_STALE,1.5747
stale_weather,147,HOLD,HOLD,True,EVIDENCE_STALE,1.5947
stale_weather,148,HOLD,HOLD,True,EVIDENCE_STALE,1.9081
stale_weather,149,HOLD,HOLD,True,EVIDENCE_STALE,1.6108
stale_weather,150,HOLD,HOLD,True,EVIDENCE_STALE,2.1653
stale_weather,151,HOLD,HOLD,True,EVIDENCE_STALE,1.696
stale_weather,152,HOLD,HOLD,True,EVIDENCE_STALE,1.6226
stale_weather,153,HOLD,HOLD,True,EVIDENCE_STALE,1.6269
stale_weather,154,HOLD,HOLD,True,EVIDENCE_STALE,1.7745
stale_weather,155,HOLD,HOLD,True,EVIDENCE_STALE,1.7679
stale_weather,156,HOLD,HOLD,True,EVIDENCE_STALE,1.6521
stale_weather,157,HOLD,HOLD,True,EVIDENCE_STALE,1.8811
stale_weather,158,HOLD,HOLD,True,EVIDENCE_STALE,1.6847
stale_weather,159,HOLD,HOLD,True,EVIDENCE_STALE,1.6045
stale_weather,160,HOLD,HOLD,True,EVIDENCE_STALE,1.9214
stale_weather,161,HOLD,HOLD,True,EVIDENCE_STALE,1.5693
stale_weather,162,HOLD,HOLD,True,EVIDENCE_STALE,1.5929
stale_weather,163,HOLD,HOLD,True,EVIDENCE_STALE,1.5749
stale_weather,164,HOLD,HOLD,True,EVIDENCE_STALE,1.5902
stale_weather,165,HOLD,HOLD,True,EVIDENCE_STALE,1.6057
stale_weather,166,HOLD,HOLD,True,EVIDENCE_STALE,1.6678
stale_weather,167,HOLD,HOLD,True,EVIDENCE_STALE,1.6627
stale_weather,168,HOLD,HOLD,True,EVIDENCE_STALE,1.5699
stale_weather,169,HOLD,HOLD,True,EVIDENCE_STALE,1.6441
stale_weather,170,HOLD,HOLD,True,EVIDENCE_STALE,1.5761
stale_weather,171,HOLD,HOLD,True,EVIDENCE_STALE,1.5666
stale_weather,172,HOLD,HOLD,True,EVIDENCE_STALE,2.6896
stale_weather,173,HOLD,HOLD,True,EVIDENCE_STALE,2.6593
stale_weather,174,HOLD,HOLD,True,EVIDENCE_STALE,3.9026
stale_weather,175,HOLD,HOLD,True,EVIDENCE_STALE,3.3907
stale_weather,176,HOLD,HOLD,True,EVIDENCE_STALE,7.272
stale_weather,177,HOLD,HOLD,True,EVIDENCE_STALE,3.2545
stale_weather,178,HOLD,HOLD,True,EVIDENCE_STALE,2.1978
stale_weather,179,HOLD,HOLD,True,EVIDENCE_STALE,1.8763
stale_weather,180,HOLD,HOLD,True,EVIDENCE_STALE,1.7739
stale_weather,181,HOLD,HOLD,True,EVIDENCE_STALE,1.8196
stale_weather,182,HOLD,HOLD,True,EVIDENCE_STALE,1.9648
stale_weather,183,HOLD,HOLD,True,EVIDENCE_STALE,1.8403
stale_weather,184,HOLD,HOLD,True,EVIDENCE_STALE,1.7761
stale_weather,185,HOLD,HOLD,True,EVIDENCE_STALE,1.7717
stale_weather,186,HOLD,HOLD,True,EVIDENCE_STALE,1.7722
stale_weather,187,HOLD,HOLD,True,EVIDENCE_STALE,1.88
stale_weather,188,HOLD,HOLD,True,EVIDENCE_STALE,1.9746
stale_weather,189,HOLD,HOLD,True,EVIDENCE_STALE,1.8439
stale_weather,190,HOLD,HOLD,True,EVIDENCE_STALE,2.0073
stale_weather,191,HOLD,HOLD,True,EVIDENCE_STALE,2.255
stale_weather,192,HOLD,HOLD,True,EVIDENCE_STALE,1.7773
stale_weather,193,HOLD,HOLD,True,EVIDENCE_STALE,1.9574
stale_weather,194,HOLD,HOLD,True,EVIDENCE_STALE,1.8392
stale_weather,195,HOLD,HOLD,True,EVIDENCE_STALE,2.0659
stale_weather,196,HOLD,HOLD,True,EVIDENCE_STALE,1.878
stale_weather,197,HOLD,HOLD,True,EVIDENCE_STALE,1.7292
stale_weather,198,HOLD,HOLD,True,EVIDENCE_STALE,2.1646
stale_weather,199,HOLD,HOLD,True,EVIDENCE_STALE,2.0771
stale_weather,200,HOLD,HOLD,True,EVIDENCE_STALE,1.7762
future_weather,1,HOLD,HOLD,True,EVIDENCE_FRESHNESS_UNKNOWN,1.7776
future_weather,2,HOLD,HOLD,True,EVIDENCE_FRESHNESS_UNKNOWN,1.9586
future_weather,3,HOLD,HOLD,True,EVIDENCE_FRESHNESS_UNKNOWN,2.0656
future_weather,4,HOLD,HOLD,True,EVIDENCE_FRESHNESS_UNKNOWN,1.9523
future_weather,5,HOLD,HOLD,True,EVIDENCE_FRESHNESS_UNKNOWN,1.6795
future_weather,6,HOLD,HOLD,True,EVIDENCE_FRESHNESS_UNKNOWN,1.8199
future_weather,7,HOLD,HOLD,True,EVIDENCE_FRESHNESS_UNKNOWN,1.8654
future_weather,8,HOLD,HOLD,True,EVIDENCE_FRESHNESS_UNKNOWN,1.8448
future_weather,9,HOLD,HOLD,True,EVIDENCE_FRESHNESS_UNKNOWN,1.7807
future_weather,10,HOLD,HOLD,True,EVIDENCE_FRESHNESS_UNKNOWN,1.8616
future_weather,11,HOLD,HOLD,True,EVIDENCE_FRESHNESS_UNKNOWN,1.7478
future_weather,12,HOLD,HOLD,True,EVIDENCE_FRESHNESS_UNKNOWN,1.925
future_weather,13,HOLD,HOLD,True,EVIDENCE_FRESHNESS_UNKNOWN,1.9971
future_weather,14,HOLD,HOLD,True,EVIDENCE_FRESHNESS_UNKNOWN,1.869
future_weather,15,HOLD,HOLD,True,EVIDENCE_FRESHNESS_UNKNOWN,1.7834
future_weather,16,HOLD,HOLD,True,EVIDENCE_FRESHNESS_UNKNOWN,1.8191
future_weather,17,HOLD,HOLD,True,EVIDENCE_FRESHNESS_UNKNOWN,1.7201
future_weather,18,HOLD,HOLD,True,EVIDENCE_FRESHNESS_UNKNOWN,1.7603
future_weather,19,HOLD,HOLD,True,EVIDENCE_FRESHNESS_UNKNOWN,1.9363
future_weather,20,HOLD,HOLD,True,EVIDENCE_FRESHNESS_UNKNOWN,1.7058
future_weather,21,HOLD,HOLD,True,EVIDENCE_FRESHNESS_UNKNOWN,1.7201
future_weather,22,HOLD,HOLD,True,EVIDENCE_FRESHNESS_UNKNOWN,1.7605
future_weather,23,HOLD,HOLD,True,EVIDENCE_FRESHNESS_UNKNOWN,1.733
future_weather,24,HOLD,HOLD,True,EVIDENCE_FRESHNESS_UNKNOWN,1.8583
future_weather,25,HOLD,HOLD,True,EVIDENCE_FRESHNESS_UNKNOWN,1.8821
future_weather,26,HOLD,HOLD,True,EVIDENCE_FRESHNESS_UNKNOWN,1.7324
future_weather,27,HOLD,HOLD,True,EVIDENCE_FRESHNESS_UNKNOWN,1.7782
future_weather,28,HOLD,HOLD,True,EVIDENCE_FRESHNESS_UNKNOWN,1.773
future_weather,29,HOLD,HOLD,True,EVIDENCE_FRESHNESS_UNKNOWN,1.7089
future_weather,30,HOLD,HOLD,True,EVIDENCE_FRESHNESS_UNKNOWN,1.6279
future_weather,31,HOLD,HOLD,True,EVIDENCE_FRESHNESS_UNKNOWN,1.6809
future_weather,32,HOLD,HOLD,True,EVIDENCE_FRESHNESS_UNKNOWN,1.6752
future_weather,33,HOLD,HOLD,True,EVIDENCE_FRESHNESS_UNKNOWN,1.6629
future_weather,34,HOLD,HOLD,True,EVIDENCE_FRESHNESS_UNKNOWN,1.6996
future_weather,35,HOLD,HOLD,True,EVIDENCE_FRESHNESS_UNKNOWN,1.7527
future_weather,36,HOLD,HOLD,True,EVIDENCE_FRESHNESS_UNKNOWN,1.9761
future_weather,37,HOLD,HOLD,True,EVIDENCE_FRESHNESS_UNKNOWN,2.006
future_weather,38,HOLD,HOLD,True,EVIDENCE_FRESHNESS_UNKNOWN,2.3049
future_weather,39,HOLD,HOLD,True,EVIDENCE_FRESHNESS_UNKNOWN,2.2481
future_weather,40,HOLD,HOLD,True,EVIDENCE_FRESHNESS_UNKNOWN,1.7294
future_weather,41,HOLD,HOLD,True,EVIDENCE_FRESHNESS_UNKNOWN,1.6173
future_weather,42,HOLD,HOLD,True,EVIDENCE_FRESHNESS_UNKNOWN,1.6578
future_weather,43,HOLD,HOLD,True,EVIDENCE_FRESHNESS_UNKNOWN,1.7373
future_weather,44,HOLD,HOLD,True,EVIDENCE_FRESHNESS_UNKNOWN,1.804
future_weather,45,HOLD,HOLD,True,EVIDENCE_FRESHNESS_UNKNOWN,1.7152
future_weather,46,HOLD,HOLD,True,EVIDENCE_FRESHNESS_UNKNOWN,1.7006
future_weather,47,HOLD,HOLD,True,EVIDENCE_FRESHNESS_UNKNOWN,1.7235
future_weather,48,HOLD,HOLD,True,EVIDENCE_FRESHNESS_UNKNOWN,1.7499
future_weather,49,HOLD,HOLD,True,EVIDENCE_FRESHNESS_UNKNOWN,1.7881
future_weather,50,HOLD,HOLD,True,EVIDENCE_FRESHNESS_UNKNOWN,1.7403
future_weather,51,HOLD,HOLD,True,EVIDENCE_FRESHNESS_UNKNOWN,1.7786
future_weather,52,HOLD,HOLD,True,EVIDENCE_FRESHNESS_UNKNOWN,1.6489
future_weather,53,HOLD,HOLD,True,EVIDENCE_FRESHNESS_UNKNOWN,1.7667
future_weather,54,HOLD,HOLD,True,EVIDENCE_FRESHNESS_UNKNOWN,1.7333
future_weather,55,HOLD,HOLD,True,EVIDENCE_FRESHNESS_UNKNOWN,1.6051
future_weather,56,HOLD,HOLD,True,EVIDENCE_FRESHNESS_UNKNOWN,1.7045
future_weather,57,HOLD,HOLD,True,EVIDENCE_FRESHNESS_UNKNOWN,1.785
future_weather,58,HOLD,HOLD,True,EVIDENCE_FRESHNESS_UNKNOWN,1.6019
future_weather,59,HOLD,HOLD,True,EVIDENCE_FRESHNESS_UNKNOWN,1.589
future_weather,60,HOLD,HOLD,True,EVIDENCE_FRESHNESS_UNKNOWN,1.7158
future_weather,61,HOLD,HOLD,True,EVIDENCE_FRESHNESS_UNKNOWN,1.7591
future_weather,62,HOLD,HOLD,True,EVIDENCE_FRESHNESS_UNKNOWN,1.6154
future_weather,63,HOLD,HOLD,True,EVIDENCE_FRESHNESS_UNKNOWN,1.7667
future_weather,64,HOLD,HOLD,True,EVIDENCE_FRESHNESS_UNKNOWN,1.615
future_weather,65,HOLD,HOLD,True,EVIDENCE_FRESHNESS_UNKNOWN,1.6858
future_weather,66,HOLD,HOLD,True,EVIDENCE_FRESHNESS_UNKNOWN,1.5958
future_weather,67,HOLD,HOLD,True,EVIDENCE_FRESHNESS_UNKNOWN,1.5898
future_weather,68,HOLD,HOLD,True,EVIDENCE_FRESHNESS_UNKNOWN,1.5695
future_weather,69,HOLD,HOLD,True,EVIDENCE_FRESHNESS_UNKNOWN,1.5866
future_weather,70,HOLD,HOLD,True,EVIDENCE_FRESHNESS_UNKNOWN,1.843
future_weather,71,HOLD,HOLD,True,EVIDENCE_FRESHNESS_UNKNOWN,1.5946
future_weather,72,HOLD,HOLD,True,EVIDENCE_FRESHNESS_UNKNOWN,1.6118
future_weather,73,HOLD,HOLD,True,EVIDENCE_FRESHNESS_UNKNOWN,1.6461
future_weather,74,HOLD,HOLD,True,EVIDENCE_FRESHNESS_UNKNOWN,1.5891
future_weather,75,HOLD,HOLD,True,EVIDENCE_FRESHNESS_UNKNOWN,1.6142
future_weather,76,HOLD,HOLD,True,EVIDENCE_FRESHNESS_UNKNOWN,1.6357
future_weather,77,HOLD,HOLD,True,EVIDENCE_FRESHNESS_UNKNOWN,1.5818
future_weather,78,HOLD,HOLD,True,EVIDENCE_FRESHNESS_UNKNOWN,1.585
future_weather,79,HOLD,HOLD,True,EVIDENCE_FRESHNESS_UNKNOWN,1.6693
future_weather,80,HOLD,HOLD,True,EVIDENCE_FRESHNESS_UNKNOWN,1.6164
future_weather,81,HOLD,HOLD,True,EVIDENCE_FRESHNESS_UNKNOWN,1.5956
future_weather,82,HOLD,HOLD,True,EVIDENCE_FRESHNESS_UNKNOWN,1.679
future_weather,83,HOLD,HOLD,True,EVIDENCE_FRESHNESS_UNKNOWN,1.5914
future_weather,84,HOLD,HOLD,True,EVIDENCE_FRESHNESS_UNKNOWN,1.6136
future_weather,85,HOLD,HOLD,True,EVIDENCE_FRESHNESS_UNKNOWN,1.6445
future_weather,86,HOLD,HOLD,True,EVIDENCE_FRESHNESS_UNKNOWN,1.6304
future_weather,87,HOLD,HOLD,True,EVIDENCE_FRESHNESS_UNKNOWN,1.6036
future_weather,88,HOLD,HOLD,True,EVIDENCE_FRESHNESS_UNKNOWN,1.6643
future_weather,89,HOLD,HOLD,True,EVIDENCE_FRESHNESS_UNKNOWN,1.6311
future_weather,90,HOLD,HOLD,True,EVIDENCE_FRESHNESS_UNKNOWN,1.6396
future_weather,91,HOLD,HOLD,True,EVIDENCE_FRESHNESS_UNKNOWN,1.6092
future_weather,92,HOLD,HOLD,True,EVIDENCE_FRESHNESS_UNKNOWN,1.6079
future_weather,93,HOLD,HOLD,True,EVIDENCE_FRESHNESS_UNKNOWN,2.1525
future_weather,94,HOLD,HOLD,True,EVIDENCE_FRESHNESS_UNKNOWN,1.6669
future_weather,95,HOLD,HOLD,True,EVIDENCE_FRESHNESS_UNKNOWN,1.616
future_weather,96,HOLD,HOLD,True,EVIDENCE_FRESHNESS_UNKNOWN,1.6388
future_weather,97,HOLD,HOLD,True,EVIDENCE_FRESHNESS_UNKNOWN,1.6146
future_weather,98,HOLD,HOLD,True,EVIDENCE_FRESHNESS_UNKNOWN,1.6367
future_weather,99,HOLD,HOLD,True,EVIDENCE_FRESHNESS_UNKNOWN,1.6112
future_weather,100,HOLD,HOLD,True,EVIDENCE_FRESHNESS_UNKNOWN,1.6481
future_weather,101,HOLD,HOLD,True,EVIDENCE_FRESHNESS_UNKNOWN,1.6168
future_weather,102,HOLD,HOLD,True,EVIDENCE_FRESHNESS_UNKNOWN,1.7141
future_weather,103,HOLD,HOLD,True,EVIDENCE_FRESHNESS_UNKNOWN,1.6161
future_weather,104,HOLD,HOLD,True,EVIDENCE_FRESHNESS_UNKNOWN,1.6726
future_weather,105,HOLD,HOLD,True,EVIDENCE_FRESHNESS_UNKNOWN,1.6109
future_weather,106,HOLD,HOLD,True,EVIDENCE_FRESHNESS_UNKNOWN,1.6781
future_weather,107,HOLD,HOLD,True,EVIDENCE_FRESHNESS_UNKNOWN,1.6178
future_weather,108,HOLD,HOLD,True,EVIDENCE_FRESHNESS_UNKNOWN,1.6771
future_weather,109,HOLD,HOLD,True,EVIDENCE_FRESHNESS_UNKNOWN,1.633
future_weather,110,HOLD,HOLD,True,EVIDENCE_FRESHNESS_UNKNOWN,1.6018
future_weather,111,HOLD,HOLD,True,EVIDENCE_FRESHNESS_UNKNOWN,1.6245
future_weather,112,HOLD,HOLD,True,EVIDENCE_FRESHNESS_UNKNOWN,1.6318
future_weather,113,HOLD,HOLD,True,EVIDENCE_FRESHNESS_UNKNOWN,1.6091
future_weather,114,HOLD,HOLD,True,EVIDENCE_FRESHNESS_UNKNOWN,1.6405
future_weather,115,HOLD,HOLD,True,EVIDENCE_FRESHNESS_UNKNOWN,1.5738
future_weather,116,HOLD,HOLD,True,EVIDENCE_FRESHNESS_UNKNOWN,1.8621
future_weather,117,HOLD,HOLD,True,EVIDENCE_FRESHNESS_UNKNOWN,1.6859
future_weather,118,HOLD,HOLD,True,EVIDENCE_FRESHNESS_UNKNOWN,1.6361
future_weather,119,HOLD,HOLD,True,EVIDENCE_FRESHNESS_UNKNOWN,1.6419
future_weather,120,HOLD,HOLD,True,EVIDENCE_FRESHNESS_UNKNOWN,1.6354
future_weather,121,HOLD,HOLD,True,EVIDENCE_FRESHNESS_UNKNOWN,1.6412
future_weather,122,HOLD,HOLD,True,EVIDENCE_FRESHNESS_UNKNOWN,1.6429
future_weather,123,HOLD,HOLD,True,EVIDENCE_FRESHNESS_UNKNOWN,1.6083
future_weather,124,HOLD,HOLD,True,EVIDENCE_FRESHNESS_UNKNOWN,1.6704
future_weather,125,HOLD,HOLD,True,EVIDENCE_FRESHNESS_UNKNOWN,1.7774
future_weather,126,HOLD,HOLD,True,EVIDENCE_FRESHNESS_UNKNOWN,1.6174
future_weather,127,HOLD,HOLD,True,EVIDENCE_FRESHNESS_UNKNOWN,1.6449
future_weather,128,HOLD,HOLD,True,EVIDENCE_FRESHNESS_UNKNOWN,1.8658
future_weather,129,HOLD,HOLD,True,EVIDENCE_FRESHNESS_UNKNOWN,1.6092
future_weather,130,HOLD,HOLD,True,EVIDENCE_FRESHNESS_UNKNOWN,1.6951
future_weather,131,HOLD,HOLD,True,EVIDENCE_FRESHNESS_UNKNOWN,1.6178
future_weather,132,HOLD,HOLD,True,EVIDENCE_FRESHNESS_UNKNOWN,1.6736
future_weather,133,HOLD,HOLD,True,EVIDENCE_FRESHNESS_UNKNOWN,1.7676
future_weather,134,HOLD,HOLD,True,EVIDENCE_FRESHNESS_UNKNOWN,1.6751
future_weather,135,HOLD,HOLD,True,EVIDENCE_FRESHNESS_UNKNOWN,1.5759
future_weather,136,HOLD,HOLD,True,EVIDENCE_FRESHNESS_UNKNOWN,1.7251
future_weather,137,HOLD,HOLD,True,EVIDENCE_FRESHNESS_UNKNOWN,1.557
future_weather,138,HOLD,HOLD,True,EVIDENCE_FRESHNESS_UNKNOWN,1.6763
future_weather,139,HOLD,HOLD,True,EVIDENCE_FRESHNESS_UNKNOWN,1.5623
future_weather,140,HOLD,HOLD,True,EVIDENCE_FRESHNESS_UNKNOWN,1.5577
future_weather,141,HOLD,HOLD,True,EVIDENCE_FRESHNESS_UNKNOWN,1.5578
future_weather,142,HOLD,HOLD,True,EVIDENCE_FRESHNESS_UNKNOWN,1.5628
future_weather,143,HOLD,HOLD,True,EVIDENCE_FRESHNESS_UNKNOWN,1.8011
future_weather,144,HOLD,HOLD,True,EVIDENCE_FRESHNESS_UNKNOWN,1.721
future_weather,145,HOLD,HOLD,True,EVIDENCE_FRESHNESS_UNKNOWN,1.7351
future_weather,146,HOLD,HOLD,True,EVIDENCE_FRESHNESS_UNKNOWN,1.6919
future_weather,147,HOLD,HOLD,True,EVIDENCE_FRESHNESS_UNKNOWN,1.5583
future_weather,148,HOLD,HOLD,True,EVIDENCE_FRESHNESS_UNKNOWN,1.6097
future_weather,149,HOLD,HOLD,True,EVIDENCE_FRESHNESS_UNKNOWN,1.6195
future_weather,150,HOLD,HOLD,True,EVIDENCE_FRESHNESS_UNKNOWN,1.5699
future_weather,151,HOLD,HOLD,True,EVIDENCE_FRESHNESS_UNKNOWN,1.9362
future_weather,152,HOLD,HOLD,True,EVIDENCE_FRESHNESS_UNKNOWN,1.6285
future_weather,153,HOLD,HOLD,True,EVIDENCE_FRESHNESS_UNKNOWN,1.8068
future_weather,154,HOLD,HOLD,True,EVIDENCE_FRESHNESS_UNKNOWN,1.6618
future_weather,155,HOLD,HOLD,True,EVIDENCE_FRESHNESS_UNKNOWN,1.6118
future_weather,156,HOLD,HOLD,True,EVIDENCE_FRESHNESS_UNKNOWN,1.609
future_weather,157,HOLD,HOLD,True,EVIDENCE_FRESHNESS_UNKNOWN,1.8304
future_weather,158,HOLD,HOLD,True,EVIDENCE_FRESHNESS_UNKNOWN,1.6082
future_weather,159,HOLD,HOLD,True,EVIDENCE_FRESHNESS_UNKNOWN,1.7022
future_weather,160,HOLD,HOLD,True,EVIDENCE_FRESHNESS_UNKNOWN,1.7477
future_weather,161,HOLD,HOLD,True,EVIDENCE_FRESHNESS_UNKNOWN,1.7214
future_weather,162,HOLD,HOLD,True,EVIDENCE_FRESHNESS_UNKNOWN,1.7877
future_weather,163,HOLD,HOLD,True,EVIDENCE_FRESHNESS_UNKNOWN,1.6046
future_weather,164,HOLD,HOLD,True,EVIDENCE_FRESHNESS_UNKNOWN,1.6722
future_weather,165,HOLD,HOLD,True,EVIDENCE_FRESHNESS_UNKNOWN,1.789
future_weather,166,HOLD,HOLD,True,EVIDENCE_FRESHNESS_UNKNOWN,1.6783
future_weather,167,HOLD,HOLD,True,EVIDENCE_FRESHNESS_UNKNOWN,1.6257
future_weather,168,HOLD,HOLD,True,EVIDENCE_FRESHNESS_UNKNOWN,1.6531
future_weather,169,HOLD,HOLD,True,EVIDENCE_FRESHNESS_UNKNOWN,1.5972
future_weather,170,HOLD,HOLD,True,EVIDENCE_FRESHNESS_UNKNOWN,1.5956
future_weather,171,HOLD,HOLD,True,EVIDENCE_FRESHNESS_UNKNOWN,1.5856
future_weather,172,HOLD,HOLD,True,EVIDENCE_FRESHNESS_UNKNOWN,1.5946
future_weather,173,HOLD,HOLD,True,EVIDENCE_FRESHNESS_UNKNOWN,1.5831
future_weather,174,HOLD,HOLD,True,EVIDENCE_FRESHNESS_UNKNOWN,1.6998
future_weather,175,HOLD,HOLD,True,EVIDENCE_FRESHNESS_UNKNOWN,1.6726
future_weather,176,HOLD,HOLD,True,EVIDENCE_FRESHNESS_UNKNOWN,1.6068
future_weather,177,HOLD,HOLD,True,EVIDENCE_FRESHNESS_UNKNOWN,1.6922
future_weather,178,HOLD,HOLD,True,EVIDENCE_FRESHNESS_UNKNOWN,1.575
future_weather,179,HOLD,HOLD,True,EVIDENCE_FRESHNESS_UNKNOWN,1.6006
future_weather,180,HOLD,HOLD,True,EVIDENCE_FRESHNESS_UNKNOWN,1.7329
future_weather,181,HOLD,HOLD,True,EVIDENCE_FRESHNESS_UNKNOWN,1.6171
future_weather,182,HOLD,HOLD,True,EVIDENCE_FRESHNESS_UNKNOWN,1.6235
future_weather,183,HOLD,HOLD,True,EVIDENCE_FRESHNESS_UNKNOWN,1.5833
future_weather,184,HOLD,HOLD,True,EVIDENCE_FRESHNESS_UNKNOWN,1.7355
future_weather,185,HOLD,HOLD,True,EVIDENCE_FRESHNESS_UNKNOWN,1.7176
future_weather,186,HOLD,HOLD,True,EVIDENCE_FRESHNESS_UNKNOWN,1.6443
future_weather,187,HOLD,HOLD,True,EVIDENCE_FRESHNESS_UNKNOWN,1.6427
future_weather,188,HOLD,HOLD,True,EVIDENCE_FRESHNESS_UNKNOWN,1.6551
future_weather,189,HOLD,HOLD,True,EVIDENCE_FRESHNESS_UNKNOWN,1.6471
future_weather,190,HOLD,HOLD,True,EVIDENCE_FRESHNESS_UNKNOWN,1.6231
future_weather,191,HOLD,HOLD,True,EVIDENCE_FRESHNESS_UNKNOWN,1.6808
future_weather,192,HOLD,HOLD,True,EVIDENCE_FRESHNESS_UNKNOWN,1.6534
future_weather,193,HOLD,HOLD,True,EVIDENCE_FRESHNESS_UNKNOWN,1.7439
future_weather,194,HOLD,HOLD,True,EVIDENCE_FRESHNESS_UNKNOWN,1.6967
future_weather,195,HOLD,HOLD,True,EVIDENCE_FRESHNESS_UNKNOWN,1.6605
future_weather,196,HOLD,HOLD,True,EVIDENCE_FRESHNESS_UNKNOWN,1.7087
future_weather,197,HOLD,HOLD,True,EVIDENCE_FRESHNESS_UNKNOWN,1.6467
future_weather,198,HOLD,HOLD,True,EVIDENCE_FRESHNESS_UNKNOWN,1.6965
future_weather,199,HOLD,HOLD,True,EVIDENCE_FRESHNESS_UNKNOWN,1.6744
future_weather,200,HOLD,HOLD,True,EVIDENCE_FRESHNESS_UNKNOWN,1.6279
seeded_clearance,1,HOLD,HOLD,True,CRITICAL_CLEARANCE_SEEDED|EVIDENCE_SEEDED,1.6004
seeded_clearance,2,HOLD,HOLD,True,CRITICAL_CLEARANCE_SEEDED|EVIDENCE_SEEDED,1.5862
seeded_clearance,3,HOLD,HOLD,True,CRITICAL_CLEARANCE_SEEDED|EVIDENCE_SEEDED,1.6813
seeded_clearance,4,HOLD,HOLD,True,CRITICAL_CLEARANCE_SEEDED|EVIDENCE_SEEDED,1.6273
seeded_clearance,5,HOLD,HOLD,True,CRITICAL_CLEARANCE_SEEDED|EVIDENCE_SEEDED,1.6882
seeded_clearance,6,HOLD,HOLD,True,CRITICAL_CLEARANCE_SEEDED|EVIDENCE_SEEDED,1.6224
seeded_clearance,7,HOLD,HOLD,True,CRITICAL_CLEARANCE_SEEDED|EVIDENCE_SEEDED,1.659
seeded_clearance,8,HOLD,HOLD,True,CRITICAL_CLEARANCE_SEEDED|EVIDENCE_SEEDED,1.6489
seeded_clearance,9,HOLD,HOLD,True,CRITICAL_CLEARANCE_SEEDED|EVIDENCE_SEEDED,1.655
seeded_clearance,10,HOLD,HOLD,True,CRITICAL_CLEARANCE_SEEDED|EVIDENCE_SEEDED,1.6767
seeded_clearance,11,HOLD,HOLD,True,CRITICAL_CLEARANCE_SEEDED|EVIDENCE_SEEDED,1.6826
seeded_clearance,12,HOLD,HOLD,True,CRITICAL_CLEARANCE_SEEDED|EVIDENCE_SEEDED,1.6
seeded_clearance,13,HOLD,HOLD,True,CRITICAL_CLEARANCE_SEEDED|EVIDENCE_SEEDED,1.6049
seeded_clearance,14,HOLD,HOLD,True,CRITICAL_CLEARANCE_SEEDED|EVIDENCE_SEEDED,1.582
seeded_clearance,15,HOLD,HOLD,True,CRITICAL_CLEARANCE_SEEDED|EVIDENCE_SEEDED,1.6663
seeded_clearance,16,HOLD,HOLD,True,CRITICAL_CLEARANCE_SEEDED|EVIDENCE_SEEDED,1.6523
seeded_clearance,17,HOLD,HOLD,True,CRITICAL_CLEARANCE_SEEDED|EVIDENCE_SEEDED,1.6499
seeded_clearance,18,HOLD,HOLD,True,CRITICAL_CLEARANCE_SEEDED|EVIDENCE_SEEDED,1.585
seeded_clearance,19,HOLD,HOLD,True,CRITICAL_CLEARANCE_SEEDED|EVIDENCE_SEEDED,1.7795
seeded_clearance,20,HOLD,HOLD,True,CRITICAL_CLEARANCE_SEEDED|EVIDENCE_SEEDED,1.6469
seeded_clearance,21,HOLD,HOLD,True,CRITICAL_CLEARANCE_SEEDED|EVIDENCE_SEEDED,1.6999
seeded_clearance,22,HOLD,HOLD,True,CRITICAL_CLEARANCE_SEEDED|EVIDENCE_SEEDED,1.693
seeded_clearance,23,HOLD,HOLD,True,CRITICAL_CLEARANCE_SEEDED|EVIDENCE_SEEDED,1.6424
seeded_clearance,24,HOLD,HOLD,True,CRITICAL_CLEARANCE_SEEDED|EVIDENCE_SEEDED,2.0501
seeded_clearance,25,HOLD,HOLD,True,CRITICAL_CLEARANCE_SEEDED|EVIDENCE_SEEDED,1.7931
seeded_clearance,26,HOLD,HOLD,True,CRITICAL_CLEARANCE_SEEDED|EVIDENCE_SEEDED,1.6154
seeded_clearance,27,HOLD,HOLD,True,CRITICAL_CLEARANCE_SEEDED|EVIDENCE_SEEDED,1.6744
seeded_clearance,28,HOLD,HOLD,True,CRITICAL_CLEARANCE_SEEDED|EVIDENCE_SEEDED,1.5953
seeded_clearance,29,HOLD,HOLD,True,CRITICAL_CLEARANCE_SEEDED|EVIDENCE_SEEDED,1.6611
seeded_clearance,30,HOLD,HOLD,True,CRITICAL_CLEARANCE_SEEDED|EVIDENCE_SEEDED,1.6306
seeded_clearance,31,HOLD,HOLD,True,CRITICAL_CLEARANCE_SEEDED|EVIDENCE_SEEDED,1.6172
seeded_clearance,32,HOLD,HOLD,True,CRITICAL_CLEARANCE_SEEDED|EVIDENCE_SEEDED,1.6178
seeded_clearance,33,HOLD,HOLD,True,CRITICAL_CLEARANCE_SEEDED|EVIDENCE_SEEDED,1.9283
seeded_clearance,34,HOLD,HOLD,True,CRITICAL_CLEARANCE_SEEDED|EVIDENCE_SEEDED,1.676
seeded_clearance,35,HOLD,HOLD,True,CRITICAL_CLEARANCE_SEEDED|EVIDENCE_SEEDED,1.6925
seeded_clearance,36,HOLD,HOLD,True,CRITICAL_CLEARANCE_SEEDED|EVIDENCE_SEEDED,1.6476
seeded_clearance,37,HOLD,HOLD,True,CRITICAL_CLEARANCE_SEEDED|EVIDENCE_SEEDED,1.6382
seeded_clearance,38,HOLD,HOLD,True,CRITICAL_CLEARANCE_SEEDED|EVIDENCE_SEEDED,1.6679
seeded_clearance,39,HOLD,HOLD,True,CRITICAL_CLEARANCE_SEEDED|EVIDENCE_SEEDED,1.6099
seeded_clearance,40,HOLD,HOLD,True,CRITICAL_CLEARANCE_SEEDED|EVIDENCE_SEEDED,1.6087
seeded_clearance,41,HOLD,HOLD,True,CRITICAL_CLEARANCE_SEEDED|EVIDENCE_SEEDED,1.5794
seeded_clearance,42,HOLD,HOLD,True,CRITICAL_CLEARANCE_SEEDED|EVIDENCE_SEEDED,1.6021
seeded_clearance,43,HOLD,HOLD,True,CRITICAL_CLEARANCE_SEEDED|EVIDENCE_SEEDED,1.6535
seeded_clearance,44,HOLD,HOLD,True,CRITICAL_CLEARANCE_SEEDED|EVIDENCE_SEEDED,1.5799
seeded_clearance,45,HOLD,HOLD,True,CRITICAL_CLEARANCE_SEEDED|EVIDENCE_SEEDED,1.6449
seeded_clearance,46,HOLD,HOLD,True,CRITICAL_CLEARANCE_SEEDED|EVIDENCE_SEEDED,1.5821
seeded_clearance,47,HOLD,HOLD,True,CRITICAL_CLEARANCE_SEEDED|EVIDENCE_SEEDED,1.5988
seeded_clearance,48,HOLD,HOLD,True,CRITICAL_CLEARANCE_SEEDED|EVIDENCE_SEEDED,1.8155
seeded_clearance,49,HOLD,HOLD,True,CRITICAL_CLEARANCE_SEEDED|EVIDENCE_SEEDED,1.8734
seeded_clearance,50,HOLD,HOLD,True,CRITICAL_CLEARANCE_SEEDED|EVIDENCE_SEEDED,1.6079
seeded_clearance,51,HOLD,HOLD,True,CRITICAL_CLEARANCE_SEEDED|EVIDENCE_SEEDED,1.6113
seeded_clearance,52,HOLD,HOLD,True,CRITICAL_CLEARANCE_SEEDED|EVIDENCE_SEEDED,1.6855
seeded_clearance,53,HOLD,HOLD,True,CRITICAL_CLEARANCE_SEEDED|EVIDENCE_SEEDED,1.6074
seeded_clearance,54,HOLD,HOLD,True,CRITICAL_CLEARANCE_SEEDED|EVIDENCE_SEEDED,1.7125
seeded_clearance,55,HOLD,HOLD,True,CRITICAL_CLEARANCE_SEEDED|EVIDENCE_SEEDED,1.6095
seeded_clearance,56,HOLD,HOLD,True,CRITICAL_CLEARANCE_SEEDED|EVIDENCE_SEEDED,1.5873
seeded_clearance,57,HOLD,HOLD,True,CRITICAL_CLEARANCE_SEEDED|EVIDENCE_SEEDED,1.7565
seeded_clearance,58,HOLD,HOLD,True,CRITICAL_CLEARANCE_SEEDED|EVIDENCE_SEEDED,1.6508
seeded_clearance,59,HOLD,HOLD,True,CRITICAL_CLEARANCE_SEEDED|EVIDENCE_SEEDED,1.6457
seeded_clearance,60,HOLD,HOLD,True,CRITICAL_CLEARANCE_SEEDED|EVIDENCE_SEEDED,1.6219
seeded_clearance,61,HOLD,HOLD,True,CRITICAL_CLEARANCE_SEEDED|EVIDENCE_SEEDED,1.7184
seeded_clearance,62,HOLD,HOLD,True,CRITICAL_CLEARANCE_SEEDED|EVIDENCE_SEEDED,1.6413
seeded_clearance,63,HOLD,HOLD,True,CRITICAL_CLEARANCE_SEEDED|EVIDENCE_SEEDED,1.6646
seeded_clearance,64,HOLD,HOLD,True,CRITICAL_CLEARANCE_SEEDED|EVIDENCE_SEEDED,1.7194
seeded_clearance,65,HOLD,HOLD,True,CRITICAL_CLEARANCE_SEEDED|EVIDENCE_SEEDED,1.6455
seeded_clearance,66,HOLD,HOLD,True,CRITICAL_CLEARANCE_SEEDED|EVIDENCE_SEEDED,1.8152
seeded_clearance,67,HOLD,HOLD,True,CRITICAL_CLEARANCE_SEEDED|EVIDENCE_SEEDED,1.6795
seeded_clearance,68,HOLD,HOLD,True,CRITICAL_CLEARANCE_SEEDED|EVIDENCE_SEEDED,1.6485
seeded_clearance,69,HOLD,HOLD,True,CRITICAL_CLEARANCE_SEEDED|EVIDENCE_SEEDED,1.6354
seeded_clearance,70,HOLD,HOLD,True,CRITICAL_CLEARANCE_SEEDED|EVIDENCE_SEEDED,1.689
seeded_clearance,71,HOLD,HOLD,True,CRITICAL_CLEARANCE_SEEDED|EVIDENCE_SEEDED,1.6835
seeded_clearance,72,HOLD,HOLD,True,CRITICAL_CLEARANCE_SEEDED|EVIDENCE_SEEDED,1.6414
seeded_clearance,73,HOLD,HOLD,True,CRITICAL_CLEARANCE_SEEDED|EVIDENCE_SEEDED,1.621
seeded_clearance,74,HOLD,HOLD,True,CRITICAL_CLEARANCE_SEEDED|EVIDENCE_SEEDED,1.7018
seeded_clearance,75,HOLD,HOLD,True,CRITICAL_CLEARANCE_SEEDED|EVIDENCE_SEEDED,1.9143
seeded_clearance,76,HOLD,HOLD,True,CRITICAL_CLEARANCE_SEEDED|EVIDENCE_SEEDED,1.6533
seeded_clearance,77,HOLD,HOLD,True,CRITICAL_CLEARANCE_SEEDED|EVIDENCE_SEEDED,1.9569
seeded_clearance,78,HOLD,HOLD,True,CRITICAL_CLEARANCE_SEEDED|EVIDENCE_SEEDED,1.8173
seeded_clearance,79,HOLD,HOLD,True,CRITICAL_CLEARANCE_SEEDED|EVIDENCE_SEEDED,1.6801
seeded_clearance,80,HOLD,HOLD,True,CRITICAL_CLEARANCE_SEEDED|EVIDENCE_SEEDED,1.6469
seeded_clearance,81,HOLD,HOLD,True,CRITICAL_CLEARANCE_SEEDED|EVIDENCE_SEEDED,1.646
seeded_clearance,82,HOLD,HOLD,True,CRITICAL_CLEARANCE_SEEDED|EVIDENCE_SEEDED,1.6434
seeded_clearance,83,HOLD,HOLD,True,CRITICAL_CLEARANCE_SEEDED|EVIDENCE_SEEDED,1.6644
seeded_clearance,84,HOLD,HOLD,True,CRITICAL_CLEARANCE_SEEDED|EVIDENCE_SEEDED,1.6379
seeded_clearance,85,HOLD,HOLD,True,CRITICAL_CLEARANCE_SEEDED|EVIDENCE_SEEDED,1.6883
seeded_clearance,86,HOLD,HOLD,True,CRITICAL_CLEARANCE_SEEDED|EVIDENCE_SEEDED,1.6746
seeded_clearance,87,HOLD,HOLD,True,CRITICAL_CLEARANCE_SEEDED|EVIDENCE_SEEDED,1.6227
seeded_clearance,88,HOLD,HOLD,True,CRITICAL_CLEARANCE_SEEDED|EVIDENCE_SEEDED,1.7559
seeded_clearance,89,HOLD,HOLD,True,CRITICAL_CLEARANCE_SEEDED|EVIDENCE_SEEDED,1.7493
seeded_clearance,90,HOLD,HOLD,True,CRITICAL_CLEARANCE_SEEDED|EVIDENCE_SEEDED,1.7017
seeded_clearance,91,HOLD,HOLD,True,CRITICAL_CLEARANCE_SEEDED|EVIDENCE_SEEDED,1.701
seeded_clearance,92,HOLD,HOLD,True,CRITICAL_CLEARANCE_SEEDED|EVIDENCE_SEEDED,1.6031
seeded_clearance,93,HOLD,HOLD,True,CRITICAL_CLEARANCE_SEEDED|EVIDENCE_SEEDED,1.5996
seeded_clearance,94,HOLD,HOLD,True,CRITICAL_CLEARANCE_SEEDED|EVIDENCE_SEEDED,1.6412
seeded_clearance,95,HOLD,HOLD,True,CRITICAL_CLEARANCE_SEEDED|EVIDENCE_SEEDED,1.6215
seeded_clearance,96,HOLD,HOLD,True,CRITICAL_CLEARANCE_SEEDED|EVIDENCE_SEEDED,1.596
seeded_clearance,97,HOLD,HOLD,True,CRITICAL_CLEARANCE_SEEDED|EVIDENCE_SEEDED,1.601
seeded_clearance,98,HOLD,HOLD,True,CRITICAL_CLEARANCE_SEEDED|EVIDENCE_SEEDED,1.5953
seeded_clearance,99,HOLD,HOLD,True,CRITICAL_CLEARANCE_SEEDED|EVIDENCE_SEEDED,1.5928
seeded_clearance,100,HOLD,HOLD,True,CRITICAL_CLEARANCE_SEEDED|EVIDENCE_SEEDED,1.582
seeded_clearance,101,HOLD,HOLD,True,CRITICAL_CLEARANCE_SEEDED|EVIDENCE_SEEDED,1.6023
seeded_clearance,102,HOLD,HOLD,True,CRITICAL_CLEARANCE_SEEDED|EVIDENCE_SEEDED,1.6705
seeded_clearance,103,HOLD,HOLD,True,CRITICAL_CLEARANCE_SEEDED|EVIDENCE_SEEDED,1.5717
seeded_clearance,104,HOLD,HOLD,True,CRITICAL_CLEARANCE_SEEDED|EVIDENCE_SEEDED,1.6497
seeded_clearance,105,HOLD,HOLD,True,CRITICAL_CLEARANCE_SEEDED|EVIDENCE_SEEDED,1.5783
seeded_clearance,106,HOLD,HOLD,True,CRITICAL_CLEARANCE_SEEDED|EVIDENCE_SEEDED,1.5964
seeded_clearance,107,HOLD,HOLD,True,CRITICAL_CLEARANCE_SEEDED|EVIDENCE_SEEDED,1.7291
seeded_clearance,108,HOLD,HOLD,True,CRITICAL_CLEARANCE_SEEDED|EVIDENCE_SEEDED,1.584
seeded_clearance,109,HOLD,HOLD,True,CRITICAL_CLEARANCE_SEEDED|EVIDENCE_SEEDED,1.6727
seeded_clearance,110,HOLD,HOLD,True,CRITICAL_CLEARANCE_SEEDED|EVIDENCE_SEEDED,1.6601
seeded_clearance,111,HOLD,HOLD,True,CRITICAL_CLEARANCE_SEEDED|EVIDENCE_SEEDED,1.6076
seeded_clearance,112,HOLD,HOLD,True,CRITICAL_CLEARANCE_SEEDED|EVIDENCE_SEEDED,1.8603
seeded_clearance,113,HOLD,HOLD,True,CRITICAL_CLEARANCE_SEEDED|EVIDENCE_SEEDED,1.9344
seeded_clearance,114,HOLD,HOLD,True,CRITICAL_CLEARANCE_SEEDED|EVIDENCE_SEEDED,1.8997
seeded_clearance,115,HOLD,HOLD,True,CRITICAL_CLEARANCE_SEEDED|EVIDENCE_SEEDED,1.7456
seeded_clearance,116,HOLD,HOLD,True,CRITICAL_CLEARANCE_SEEDED|EVIDENCE_SEEDED,1.7941
seeded_clearance,117,HOLD,HOLD,True,CRITICAL_CLEARANCE_SEEDED|EVIDENCE_SEEDED,1.7689
seeded_clearance,118,HOLD,HOLD,True,CRITICAL_CLEARANCE_SEEDED|EVIDENCE_SEEDED,1.7647
seeded_clearance,119,HOLD,HOLD,True,CRITICAL_CLEARANCE_SEEDED|EVIDENCE_SEEDED,1.8097
seeded_clearance,120,HOLD,HOLD,True,CRITICAL_CLEARANCE_SEEDED|EVIDENCE_SEEDED,1.8565
seeded_clearance,121,HOLD,HOLD,True,CRITICAL_CLEARANCE_SEEDED|EVIDENCE_SEEDED,1.8035
seeded_clearance,122,HOLD,HOLD,True,CRITICAL_CLEARANCE_SEEDED|EVIDENCE_SEEDED,1.8681
seeded_clearance,123,HOLD,HOLD,True,CRITICAL_CLEARANCE_SEEDED|EVIDENCE_SEEDED,1.7732
seeded_clearance,124,HOLD,HOLD,True,CRITICAL_CLEARANCE_SEEDED|EVIDENCE_SEEDED,1.9265
seeded_clearance,125,HOLD,HOLD,True,CRITICAL_CLEARANCE_SEEDED|EVIDENCE_SEEDED,1.785
seeded_clearance,126,HOLD,HOLD,True,CRITICAL_CLEARANCE_SEEDED|EVIDENCE_SEEDED,1.7666
seeded_clearance,127,HOLD,HOLD,True,CRITICAL_CLEARANCE_SEEDED|EVIDENCE_SEEDED,1.7145
seeded_clearance,128,HOLD,HOLD,True,CRITICAL_CLEARANCE_SEEDED|EVIDENCE_SEEDED,1.7355
seeded_clearance,129,HOLD,HOLD,True,CRITICAL_CLEARANCE_SEEDED|EVIDENCE_SEEDED,1.7479
seeded_clearance,130,HOLD,HOLD,True,CRITICAL_CLEARANCE_SEEDED|EVIDENCE_SEEDED,1.7098
seeded_clearance,131,HOLD,HOLD,True,CRITICAL_CLEARANCE_SEEDED|EVIDENCE_SEEDED,1.6983
seeded_clearance,132,HOLD,HOLD,True,CRITICAL_CLEARANCE_SEEDED|EVIDENCE_SEEDED,1.7023
seeded_clearance,133,HOLD,HOLD,True,CRITICAL_CLEARANCE_SEEDED|EVIDENCE_SEEDED,1.7326
seeded_clearance,134,HOLD,HOLD,True,CRITICAL_CLEARANCE_SEEDED|EVIDENCE_SEEDED,1.757
seeded_clearance,135,HOLD,HOLD,True,CRITICAL_CLEARANCE_SEEDED|EVIDENCE_SEEDED,1.8423
seeded_clearance,136,HOLD,HOLD,True,CRITICAL_CLEARANCE_SEEDED|EVIDENCE_SEEDED,1.8244
seeded_clearance,137,HOLD,HOLD,True,CRITICAL_CLEARANCE_SEEDED|EVIDENCE_SEEDED,1.8171
seeded_clearance,138,HOLD,HOLD,True,CRITICAL_CLEARANCE_SEEDED|EVIDENCE_SEEDED,1.82
seeded_clearance,139,HOLD,HOLD,True,CRITICAL_CLEARANCE_SEEDED|EVIDENCE_SEEDED,1.8294
seeded_clearance,140,HOLD,HOLD,True,CRITICAL_CLEARANCE_SEEDED|EVIDENCE_SEEDED,1.7412
seeded_clearance,141,HOLD,HOLD,True,CRITICAL_CLEARANCE_SEEDED|EVIDENCE_SEEDED,1.7219
seeded_clearance,142,HOLD,HOLD,True,CRITICAL_CLEARANCE_SEEDED|EVIDENCE_SEEDED,1.7319
seeded_clearance,143,HOLD,HOLD,True,CRITICAL_CLEARANCE_SEEDED|EVIDENCE_SEEDED,1.75
seeded_clearance,144,HOLD,HOLD,True,CRITICAL_CLEARANCE_SEEDED|EVIDENCE_SEEDED,1.7162
seeded_clearance,145,HOLD,HOLD,True,CRITICAL_CLEARANCE_SEEDED|EVIDENCE_SEEDED,1.7464
seeded_clearance,146,HOLD,HOLD,True,CRITICAL_CLEARANCE_SEEDED|EVIDENCE_SEEDED,1.7091
seeded_clearance,147,HOLD,HOLD,True,CRITICAL_CLEARANCE_SEEDED|EVIDENCE_SEEDED,1.789
seeded_clearance,148,HOLD,HOLD,True,CRITICAL_CLEARANCE_SEEDED|EVIDENCE_SEEDED,1.7308
seeded_clearance,149,HOLD,HOLD,True,CRITICAL_CLEARANCE_SEEDED|EVIDENCE_SEEDED,1.7071
seeded_clearance,150,HOLD,HOLD,True,CRITICAL_CLEARANCE_SEEDED|EVIDENCE_SEEDED,1.8794
seeded_clearance,151,HOLD,HOLD,True,CRITICAL_CLEARANCE_SEEDED|EVIDENCE_SEEDED,1.7247
seeded_clearance,152,HOLD,HOLD,True,CRITICAL_CLEARANCE_SEEDED|EVIDENCE_SEEDED,1.607
seeded_clearance,153,HOLD,HOLD,True,CRITICAL_CLEARANCE_SEEDED|EVIDENCE_SEEDED,1.6666
seeded_clearance,154,HOLD,HOLD,True,CRITICAL_CLEARANCE_SEEDED|EVIDENCE_SEEDED,1.6376
seeded_clearance,155,HOLD,HOLD,True,CRITICAL_CLEARANCE_SEEDED|EVIDENCE_SEEDED,1.6027
seeded_clearance,156,HOLD,HOLD,True,CRITICAL_CLEARANCE_SEEDED|EVIDENCE_SEEDED,1.6183
seeded_clearance,157,HOLD,HOLD,True,CRITICAL_CLEARANCE_SEEDED|EVIDENCE_SEEDED,1.6642
seeded_clearance,158,HOLD,HOLD,True,CRITICAL_CLEARANCE_SEEDED|EVIDENCE_SEEDED,1.6035
seeded_clearance,159,HOLD,HOLD,True,CRITICAL_CLEARANCE_SEEDED|EVIDENCE_SEEDED,1.6273
seeded_clearance,160,HOLD,HOLD,True,CRITICAL_CLEARANCE_SEEDED|EVIDENCE_SEEDED,1.6033
seeded_clearance,161,HOLD,HOLD,True,CRITICAL_CLEARANCE_SEEDED|EVIDENCE_SEEDED,1.6529
seeded_clearance,162,HOLD,HOLD,True,CRITICAL_CLEARANCE_SEEDED|EVIDENCE_SEEDED,1.7565
seeded_clearance,163,HOLD,HOLD,True,CRITICAL_CLEARANCE_SEEDED|EVIDENCE_SEEDED,1.659
seeded_clearance,164,HOLD,HOLD,True,CRITICAL_CLEARANCE_SEEDED|EVIDENCE_SEEDED,1.7746
seeded_clearance,165,HOLD,HOLD,True,CRITICAL_CLEARANCE_SEEDED|EVIDENCE_SEEDED,1.7238
seeded_clearance,166,HOLD,HOLD,True,CRITICAL_CLEARANCE_SEEDED|EVIDENCE_SEEDED,1.7203
seeded_clearance,167,HOLD,HOLD,True,CRITICAL_CLEARANCE_SEEDED|EVIDENCE_SEEDED,1.7079
seeded_clearance,168,HOLD,HOLD,True,CRITICAL_CLEARANCE_SEEDED|EVIDENCE_SEEDED,1.7317
seeded_clearance,169,HOLD,HOLD,True,CRITICAL_CLEARANCE_SEEDED|EVIDENCE_SEEDED,1.6248
seeded_clearance,170,HOLD,HOLD,True,CRITICAL_CLEARANCE_SEEDED|EVIDENCE_SEEDED,1.6444
seeded_clearance,171,HOLD,HOLD,True,CRITICAL_CLEARANCE_SEEDED|EVIDENCE_SEEDED,1.6373
seeded_clearance,172,HOLD,HOLD,True,CRITICAL_CLEARANCE_SEEDED|EVIDENCE_SEEDED,1.6495
seeded_clearance,173,HOLD,HOLD,True,CRITICAL_CLEARANCE_SEEDED|EVIDENCE_SEEDED,1.6202
seeded_clearance,174,HOLD,HOLD,True,CRITICAL_CLEARANCE_SEEDED|EVIDENCE_SEEDED,1.6409
seeded_clearance,175,HOLD,HOLD,True,CRITICAL_CLEARANCE_SEEDED|EVIDENCE_SEEDED,1.6255
seeded_clearance,176,HOLD,HOLD,True,CRITICAL_CLEARANCE_SEEDED|EVIDENCE_SEEDED,1.6682
seeded_clearance,177,HOLD,HOLD,True,CRITICAL_CLEARANCE_SEEDED|EVIDENCE_SEEDED,1.8706
seeded_clearance,178,HOLD,HOLD,True,CRITICAL_CLEARANCE_SEEDED|EVIDENCE_SEEDED,1.9062
seeded_clearance,179,HOLD,HOLD,True,CRITICAL_CLEARANCE_SEEDED|EVIDENCE_SEEDED,1.7212
seeded_clearance,180,HOLD,HOLD,True,CRITICAL_CLEARANCE_SEEDED|EVIDENCE_SEEDED,1.7047
seeded_clearance,181,HOLD,HOLD,True,CRITICAL_CLEARANCE_SEEDED|EVIDENCE_SEEDED,1.8837
seeded_clearance,182,HOLD,HOLD,True,CRITICAL_CLEARANCE_SEEDED|EVIDENCE_SEEDED,1.6189
seeded_clearance,183,HOLD,HOLD,True,CRITICAL_CLEARANCE_SEEDED|EVIDENCE_SEEDED,1.6079
seeded_clearance,184,HOLD,HOLD,True,CRITICAL_CLEARANCE_SEEDED|EVIDENCE_SEEDED,1.5754
seeded_clearance,185,HOLD,HOLD,True,CRITICAL_CLEARANCE_SEEDED|EVIDENCE_SEEDED,1.6003
seeded_clearance,186,HOLD,HOLD,True,CRITICAL_CLEARANCE_SEEDED|EVIDENCE_SEEDED,1.6053
seeded_clearance,187,HOLD,HOLD,True,CRITICAL_CLEARANCE_SEEDED|EVIDENCE_SEEDED,1.573
seeded_clearance,188,HOLD,HOLD,True,CRITICAL_CLEARANCE_SEEDED|EVIDENCE_SEEDED,1.7209
seeded_clearance,189,HOLD,HOLD,True,CRITICAL_CLEARANCE_SEEDED|EVIDENCE_SEEDED,1.5785
seeded_clearance,190,HOLD,HOLD,True,CRITICAL_CLEARANCE_SEEDED|EVIDENCE_SEEDED,1.5998
seeded_clearance,191,HOLD,HOLD,True,CRITICAL_CLEARANCE_SEEDED|EVIDENCE_SEEDED,1.6148
seeded_clearance,192,HOLD,HOLD,True,CRITICAL_CLEARANCE_SEEDED|EVIDENCE_SEEDED,1.6717
seeded_clearance,193,HOLD,HOLD,True,CRITICAL_CLEARANCE_SEEDED|EVIDENCE_SEEDED,1.5991
seeded_clearance,194,HOLD,HOLD,True,CRITICAL_CLEARANCE_SEEDED|EVIDENCE_SEEDED,1.5727
seeded_clearance,195,HOLD,HOLD,True,CRITICAL_CLEARANCE_SEEDED|EVIDENCE_SEEDED,1.5982
seeded_clearance,196,HOLD,HOLD,True,CRITICAL_CLEARANCE_SEEDED|EVIDENCE_SEEDED,1.5902
seeded_clearance,197,HOLD,HOLD,True,CRITICAL_CLEARANCE_SEEDED|EVIDENCE_SEEDED,1.675
seeded_clearance,198,HOLD,HOLD,True,CRITICAL_CLEARANCE_SEEDED|EVIDENCE_SEEDED,1.5975
seeded_clearance,199,HOLD,HOLD,True,CRITICAL_CLEARANCE_SEEDED|EVIDENCE_SEEDED,1.5924
seeded_clearance,200,HOLD,HOLD,True,CRITICAL_CLEARANCE_SEEDED|EVIDENCE_SEEDED,1.7048
hard_blocked,1,HARD_BLOCKED,HARD_BLOCKED,True,HARD_CLEARANCE_BLOCK,1.581
hard_blocked,2,HARD_BLOCKED,HARD_BLOCKED,True,HARD_CLEARANCE_BLOCK,1.6955
hard_blocked,3,HARD_BLOCKED,HARD_BLOCKED,True,HARD_CLEARANCE_BLOCK,1.5869
hard_blocked,4,HARD_BLOCKED,HARD_BLOCKED,True,HARD_CLEARANCE_BLOCK,1.6284
hard_blocked,5,HARD_BLOCKED,HARD_BLOCKED,True,HARD_CLEARANCE_BLOCK,1.8545
hard_blocked,6,HARD_BLOCKED,HARD_BLOCKED,True,HARD_CLEARANCE_BLOCK,1.6094
hard_blocked,7,HARD_BLOCKED,HARD_BLOCKED,True,HARD_CLEARANCE_BLOCK,1.7019
hard_blocked,8,HARD_BLOCKED,HARD_BLOCKED,True,HARD_CLEARANCE_BLOCK,1.7896
hard_blocked,9,HARD_BLOCKED,HARD_BLOCKED,True,HARD_CLEARANCE_BLOCK,1.8992
hard_blocked,10,HARD_BLOCKED,HARD_BLOCKED,True,HARD_CLEARANCE_BLOCK,1.6761
hard_blocked,11,HARD_BLOCKED,HARD_BLOCKED,True,HARD_CLEARANCE_BLOCK,1.6524
hard_blocked,12,HARD_BLOCKED,HARD_BLOCKED,True,HARD_CLEARANCE_BLOCK,1.6254
hard_blocked,13,HARD_BLOCKED,HARD_BLOCKED,True,HARD_CLEARANCE_BLOCK,1.6959
hard_blocked,14,HARD_BLOCKED,HARD_BLOCKED,True,HARD_CLEARANCE_BLOCK,1.6334
hard_blocked,15,HARD_BLOCKED,HARD_BLOCKED,True,HARD_CLEARANCE_BLOCK,1.6447
hard_blocked,16,HARD_BLOCKED,HARD_BLOCKED,True,HARD_CLEARANCE_BLOCK,1.6943
hard_blocked,17,HARD_BLOCKED,HARD_BLOCKED,True,HARD_CLEARANCE_BLOCK,1.6666
hard_blocked,18,HARD_BLOCKED,HARD_BLOCKED,True,HARD_CLEARANCE_BLOCK,1.63
hard_blocked,19,HARD_BLOCKED,HARD_BLOCKED,True,HARD_CLEARANCE_BLOCK,1.6481
hard_blocked,20,HARD_BLOCKED,HARD_BLOCKED,True,HARD_CLEARANCE_BLOCK,1.6503
hard_blocked,21,HARD_BLOCKED,HARD_BLOCKED,True,HARD_CLEARANCE_BLOCK,1.6933
hard_blocked,22,HARD_BLOCKED,HARD_BLOCKED,True,HARD_CLEARANCE_BLOCK,1.6309
hard_blocked,23,HARD_BLOCKED,HARD_BLOCKED,True,HARD_CLEARANCE_BLOCK,1.8099
hard_blocked,24,HARD_BLOCKED,HARD_BLOCKED,True,HARD_CLEARANCE_BLOCK,1.6158
hard_blocked,25,HARD_BLOCKED,HARD_BLOCKED,True,HARD_CLEARANCE_BLOCK,1.6218
hard_blocked,26,HARD_BLOCKED,HARD_BLOCKED,True,HARD_CLEARANCE_BLOCK,1.6309
hard_blocked,27,HARD_BLOCKED,HARD_BLOCKED,True,HARD_CLEARANCE_BLOCK,1.6212
hard_blocked,28,HARD_BLOCKED,HARD_BLOCKED,True,HARD_CLEARANCE_BLOCK,1.5675
hard_blocked,29,HARD_BLOCKED,HARD_BLOCKED,True,HARD_CLEARANCE_BLOCK,1.6275
hard_blocked,30,HARD_BLOCKED,HARD_BLOCKED,True,HARD_CLEARANCE_BLOCK,1.5609
hard_blocked,31,HARD_BLOCKED,HARD_BLOCKED,True,HARD_CLEARANCE_BLOCK,1.5987
hard_blocked,32,HARD_BLOCKED,HARD_BLOCKED,True,HARD_CLEARANCE_BLOCK,1.7025
hard_blocked,33,HARD_BLOCKED,HARD_BLOCKED,True,HARD_CLEARANCE_BLOCK,1.6188
hard_blocked,34,HARD_BLOCKED,HARD_BLOCKED,True,HARD_CLEARANCE_BLOCK,1.5843
hard_blocked,35,HARD_BLOCKED,HARD_BLOCKED,True,HARD_CLEARANCE_BLOCK,1.6734
hard_blocked,36,HARD_BLOCKED,HARD_BLOCKED,True,HARD_CLEARANCE_BLOCK,1.6122
hard_blocked,37,HARD_BLOCKED,HARD_BLOCKED,True,HARD_CLEARANCE_BLOCK,1.6097
hard_blocked,38,HARD_BLOCKED,HARD_BLOCKED,True,HARD_CLEARANCE_BLOCK,1.581
hard_blocked,39,HARD_BLOCKED,HARD_BLOCKED,True,HARD_CLEARANCE_BLOCK,1.6115
hard_blocked,40,HARD_BLOCKED,HARD_BLOCKED,True,HARD_CLEARANCE_BLOCK,1.6211
hard_blocked,41,HARD_BLOCKED,HARD_BLOCKED,True,HARD_CLEARANCE_BLOCK,1.6152
hard_blocked,42,HARD_BLOCKED,HARD_BLOCKED,True,HARD_CLEARANCE_BLOCK,1.6061
hard_blocked,43,HARD_BLOCKED,HARD_BLOCKED,True,HARD_CLEARANCE_BLOCK,1.5836
hard_blocked,44,HARD_BLOCKED,HARD_BLOCKED,True,HARD_CLEARANCE_BLOCK,1.6184
hard_blocked,45,HARD_BLOCKED,HARD_BLOCKED,True,HARD_CLEARANCE_BLOCK,1.6626
hard_blocked,46,HARD_BLOCKED,HARD_BLOCKED,True,HARD_CLEARANCE_BLOCK,2.0325
hard_blocked,47,HARD_BLOCKED,HARD_BLOCKED,True,HARD_CLEARANCE_BLOCK,1.6646
hard_blocked,48,HARD_BLOCKED,HARD_BLOCKED,True,HARD_CLEARANCE_BLOCK,1.6737
hard_blocked,49,HARD_BLOCKED,HARD_BLOCKED,True,HARD_CLEARANCE_BLOCK,1.7005
hard_blocked,50,HARD_BLOCKED,HARD_BLOCKED,True,HARD_CLEARANCE_BLOCK,1.8536
hard_blocked,51,HARD_BLOCKED,HARD_BLOCKED,True,HARD_CLEARANCE_BLOCK,1.6452
hard_blocked,52,HARD_BLOCKED,HARD_BLOCKED,True,HARD_CLEARANCE_BLOCK,1.6151
hard_blocked,53,HARD_BLOCKED,HARD_BLOCKED,True,HARD_CLEARANCE_BLOCK,1.6206
hard_blocked,54,HARD_BLOCKED,HARD_BLOCKED,True,HARD_CLEARANCE_BLOCK,1.6558
hard_blocked,55,HARD_BLOCKED,HARD_BLOCKED,True,HARD_CLEARANCE_BLOCK,1.6412
hard_blocked,56,HARD_BLOCKED,HARD_BLOCKED,True,HARD_CLEARANCE_BLOCK,1.6059
hard_blocked,57,HARD_BLOCKED,HARD_BLOCKED,True,HARD_CLEARANCE_BLOCK,1.671
hard_blocked,58,HARD_BLOCKED,HARD_BLOCKED,True,HARD_CLEARANCE_BLOCK,1.6095
hard_blocked,59,HARD_BLOCKED,HARD_BLOCKED,True,HARD_CLEARANCE_BLOCK,1.6066
hard_blocked,60,HARD_BLOCKED,HARD_BLOCKED,True,HARD_CLEARANCE_BLOCK,1.6188
hard_blocked,61,HARD_BLOCKED,HARD_BLOCKED,True,HARD_CLEARANCE_BLOCK,1.565
hard_blocked,62,HARD_BLOCKED,HARD_BLOCKED,True,HARD_CLEARANCE_BLOCK,1.6463
hard_blocked,63,HARD_BLOCKED,HARD_BLOCKED,True,HARD_CLEARANCE_BLOCK,1.5603
hard_blocked,64,HARD_BLOCKED,HARD_BLOCKED,True,HARD_CLEARANCE_BLOCK,1.5737
hard_blocked,65,HARD_BLOCKED,HARD_BLOCKED,True,HARD_CLEARANCE_BLOCK,1.6259
hard_blocked,66,HARD_BLOCKED,HARD_BLOCKED,True,HARD_CLEARANCE_BLOCK,1.6159
hard_blocked,67,HARD_BLOCKED,HARD_BLOCKED,True,HARD_CLEARANCE_BLOCK,1.656
hard_blocked,68,HARD_BLOCKED,HARD_BLOCKED,True,HARD_CLEARANCE_BLOCK,1.7755
hard_blocked,69,HARD_BLOCKED,HARD_BLOCKED,True,HARD_CLEARANCE_BLOCK,1.6423
hard_blocked,70,HARD_BLOCKED,HARD_BLOCKED,True,HARD_CLEARANCE_BLOCK,1.6743
hard_blocked,71,HARD_BLOCKED,HARD_BLOCKED,True,HARD_CLEARANCE_BLOCK,1.7768
hard_blocked,72,HARD_BLOCKED,HARD_BLOCKED,True,HARD_CLEARANCE_BLOCK,1.7683
hard_blocked,73,HARD_BLOCKED,HARD_BLOCKED,True,HARD_CLEARANCE_BLOCK,1.6243
hard_blocked,74,HARD_BLOCKED,HARD_BLOCKED,True,HARD_CLEARANCE_BLOCK,1.6166
hard_blocked,75,HARD_BLOCKED,HARD_BLOCKED,True,HARD_CLEARANCE_BLOCK,1.6063
hard_blocked,76,HARD_BLOCKED,HARD_BLOCKED,True,HARD_CLEARANCE_BLOCK,1.6482
hard_blocked,77,HARD_BLOCKED,HARD_BLOCKED,True,HARD_CLEARANCE_BLOCK,1.6638
hard_blocked,78,HARD_BLOCKED,HARD_BLOCKED,True,HARD_CLEARANCE_BLOCK,1.6077
hard_blocked,79,HARD_BLOCKED,HARD_BLOCKED,True,HARD_CLEARANCE_BLOCK,1.6453
hard_blocked,80,HARD_BLOCKED,HARD_BLOCKED,True,HARD_CLEARANCE_BLOCK,1.5828
hard_blocked,81,HARD_BLOCKED,HARD_BLOCKED,True,HARD_CLEARANCE_BLOCK,1.5824
hard_blocked,82,HARD_BLOCKED,HARD_BLOCKED,True,HARD_CLEARANCE_BLOCK,1.6454
hard_blocked,83,HARD_BLOCKED,HARD_BLOCKED,True,HARD_CLEARANCE_BLOCK,1.5824
hard_blocked,84,HARD_BLOCKED,HARD_BLOCKED,True,HARD_CLEARANCE_BLOCK,1.6007
hard_blocked,85,HARD_BLOCKED,HARD_BLOCKED,True,HARD_CLEARANCE_BLOCK,1.582
hard_blocked,86,HARD_BLOCKED,HARD_BLOCKED,True,HARD_CLEARANCE_BLOCK,1.6321
hard_blocked,87,HARD_BLOCKED,HARD_BLOCKED,True,HARD_CLEARANCE_BLOCK,1.6464
hard_blocked,88,HARD_BLOCKED,HARD_BLOCKED,True,HARD_CLEARANCE_BLOCK,1.6122
hard_blocked,89,HARD_BLOCKED,HARD_BLOCKED,True,HARD_CLEARANCE_BLOCK,1.6032
hard_blocked,90,HARD_BLOCKED,HARD_BLOCKED,True,HARD_CLEARANCE_BLOCK,1.589
hard_blocked,91,HARD_BLOCKED,HARD_BLOCKED,True,HARD_CLEARANCE_BLOCK,1.5802
hard_blocked,92,HARD_BLOCKED,HARD_BLOCKED,True,HARD_CLEARANCE_BLOCK,1.9449
hard_blocked,93,HARD_BLOCKED,HARD_BLOCKED,True,HARD_CLEARANCE_BLOCK,1.7488
hard_blocked,94,HARD_BLOCKED,HARD_BLOCKED,True,HARD_CLEARANCE_BLOCK,1.631
hard_blocked,95,HARD_BLOCKED,HARD_BLOCKED,True,HARD_CLEARANCE_BLOCK,1.6963
hard_blocked,96,HARD_BLOCKED,HARD_BLOCKED,True,HARD_CLEARANCE_BLOCK,1.6248
hard_blocked,97,HARD_BLOCKED,HARD_BLOCKED,True,HARD_CLEARANCE_BLOCK,1.6096
hard_blocked,98,HARD_BLOCKED,HARD_BLOCKED,True,HARD_CLEARANCE_BLOCK,1.6703
hard_blocked,99,HARD_BLOCKED,HARD_BLOCKED,True,HARD_CLEARANCE_BLOCK,1.6042
hard_blocked,100,HARD_BLOCKED,HARD_BLOCKED,True,HARD_CLEARANCE_BLOCK,1.6125
hard_blocked,101,HARD_BLOCKED,HARD_BLOCKED,True,HARD_CLEARANCE_BLOCK,1.9506
hard_blocked,102,HARD_BLOCKED,HARD_BLOCKED,True,HARD_CLEARANCE_BLOCK,1.7066
hard_blocked,103,HARD_BLOCKED,HARD_BLOCKED,True,HARD_CLEARANCE_BLOCK,1.7482
hard_blocked,104,HARD_BLOCKED,HARD_BLOCKED,True,HARD_CLEARANCE_BLOCK,1.6762
hard_blocked,105,HARD_BLOCKED,HARD_BLOCKED,True,HARD_CLEARANCE_BLOCK,1.7443
hard_blocked,106,HARD_BLOCKED,HARD_BLOCKED,True,HARD_CLEARANCE_BLOCK,1.5867
hard_blocked,107,HARD_BLOCKED,HARD_BLOCKED,True,HARD_CLEARANCE_BLOCK,1.8144
hard_blocked,108,HARD_BLOCKED,HARD_BLOCKED,True,HARD_CLEARANCE_BLOCK,1.5742
hard_blocked,109,HARD_BLOCKED,HARD_BLOCKED,True,HARD_CLEARANCE_BLOCK,1.7184
hard_blocked,110,HARD_BLOCKED,HARD_BLOCKED,True,HARD_CLEARANCE_BLOCK,1.8961
hard_blocked,111,HARD_BLOCKED,HARD_BLOCKED,True,HARD_CLEARANCE_BLOCK,1.6254
hard_blocked,112,HARD_BLOCKED,HARD_BLOCKED,True,HARD_CLEARANCE_BLOCK,1.6891
hard_blocked,113,HARD_BLOCKED,HARD_BLOCKED,True,HARD_CLEARANCE_BLOCK,1.621
hard_blocked,114,HARD_BLOCKED,HARD_BLOCKED,True,HARD_CLEARANCE_BLOCK,1.6856
hard_blocked,115,HARD_BLOCKED,HARD_BLOCKED,True,HARD_CLEARANCE_BLOCK,1.6302
hard_blocked,116,HARD_BLOCKED,HARD_BLOCKED,True,HARD_CLEARANCE_BLOCK,1.6545
hard_blocked,117,HARD_BLOCKED,HARD_BLOCKED,True,HARD_CLEARANCE_BLOCK,1.6258
hard_blocked,118,HARD_BLOCKED,HARD_BLOCKED,True,HARD_CLEARANCE_BLOCK,1.6499
hard_blocked,119,HARD_BLOCKED,HARD_BLOCKED,True,HARD_CLEARANCE_BLOCK,1.6932
hard_blocked,120,HARD_BLOCKED,HARD_BLOCKED,True,HARD_CLEARANCE_BLOCK,1.6534
hard_blocked,121,HARD_BLOCKED,HARD_BLOCKED,True,HARD_CLEARANCE_BLOCK,1.6731
hard_blocked,122,HARD_BLOCKED,HARD_BLOCKED,True,HARD_CLEARANCE_BLOCK,1.6711
hard_blocked,123,HARD_BLOCKED,HARD_BLOCKED,True,HARD_CLEARANCE_BLOCK,1.6891
hard_blocked,124,HARD_BLOCKED,HARD_BLOCKED,True,HARD_CLEARANCE_BLOCK,1.6113
hard_blocked,125,HARD_BLOCKED,HARD_BLOCKED,True,HARD_CLEARANCE_BLOCK,1.6133
hard_blocked,126,HARD_BLOCKED,HARD_BLOCKED,True,HARD_CLEARANCE_BLOCK,1.6316
hard_blocked,127,HARD_BLOCKED,HARD_BLOCKED,True,HARD_CLEARANCE_BLOCK,1.6197
hard_blocked,128,HARD_BLOCKED,HARD_BLOCKED,True,HARD_CLEARANCE_BLOCK,1.6491
hard_blocked,129,HARD_BLOCKED,HARD_BLOCKED,True,HARD_CLEARANCE_BLOCK,1.6448
hard_blocked,130,HARD_BLOCKED,HARD_BLOCKED,True,HARD_CLEARANCE_BLOCK,1.6068
hard_blocked,131,HARD_BLOCKED,HARD_BLOCKED,True,HARD_CLEARANCE_BLOCK,1.7212
hard_blocked,132,HARD_BLOCKED,HARD_BLOCKED,True,HARD_CLEARANCE_BLOCK,1.6142
hard_blocked,133,HARD_BLOCKED,HARD_BLOCKED,True,HARD_CLEARANCE_BLOCK,1.6128
hard_blocked,134,HARD_BLOCKED,HARD_BLOCKED,True,HARD_CLEARANCE_BLOCK,1.6544
hard_blocked,135,HARD_BLOCKED,HARD_BLOCKED,True,HARD_CLEARANCE_BLOCK,1.5799
hard_blocked,136,HARD_BLOCKED,HARD_BLOCKED,True,HARD_CLEARANCE_BLOCK,1.7189
hard_blocked,137,HARD_BLOCKED,HARD_BLOCKED,True,HARD_CLEARANCE_BLOCK,1.6369
hard_blocked,138,HARD_BLOCKED,HARD_BLOCKED,True,HARD_CLEARANCE_BLOCK,1.622
hard_blocked,139,HARD_BLOCKED,HARD_BLOCKED,True,HARD_CLEARANCE_BLOCK,1.636
hard_blocked,140,HARD_BLOCKED,HARD_BLOCKED,True,HARD_CLEARANCE_BLOCK,1.6123
hard_blocked,141,HARD_BLOCKED,HARD_BLOCKED,True,HARD_CLEARANCE_BLOCK,1.7381
hard_blocked,142,HARD_BLOCKED,HARD_BLOCKED,True,HARD_CLEARANCE_BLOCK,1.7241
hard_blocked,143,HARD_BLOCKED,HARD_BLOCKED,True,HARD_CLEARANCE_BLOCK,1.6362
hard_blocked,144,HARD_BLOCKED,HARD_BLOCKED,True,HARD_CLEARANCE_BLOCK,1.6238
hard_blocked,145,HARD_BLOCKED,HARD_BLOCKED,True,HARD_CLEARANCE_BLOCK,1.6804
hard_blocked,146,HARD_BLOCKED,HARD_BLOCKED,True,HARD_CLEARANCE_BLOCK,1.6152
hard_blocked,147,HARD_BLOCKED,HARD_BLOCKED,True,HARD_CLEARANCE_BLOCK,1.7377
hard_blocked,148,HARD_BLOCKED,HARD_BLOCKED,True,HARD_CLEARANCE_BLOCK,1.6463
hard_blocked,149,HARD_BLOCKED,HARD_BLOCKED,True,HARD_CLEARANCE_BLOCK,1.6044
hard_blocked,150,HARD_BLOCKED,HARD_BLOCKED,True,HARD_CLEARANCE_BLOCK,1.6353
hard_blocked,151,HARD_BLOCKED,HARD_BLOCKED,True,HARD_CLEARANCE_BLOCK,2.7506
hard_blocked,152,HARD_BLOCKED,HARD_BLOCKED,True,HARD_CLEARANCE_BLOCK,1.7311
hard_blocked,153,HARD_BLOCKED,HARD_BLOCKED,True,HARD_CLEARANCE_BLOCK,1.7777
hard_blocked,154,HARD_BLOCKED,HARD_BLOCKED,True,HARD_CLEARANCE_BLOCK,1.7101
hard_blocked,155,HARD_BLOCKED,HARD_BLOCKED,True,HARD_CLEARANCE_BLOCK,1.6315
hard_blocked,156,HARD_BLOCKED,HARD_BLOCKED,True,HARD_CLEARANCE_BLOCK,1.5651
hard_blocked,157,HARD_BLOCKED,HARD_BLOCKED,True,HARD_CLEARANCE_BLOCK,1.622
hard_blocked,158,HARD_BLOCKED,HARD_BLOCKED,True,HARD_CLEARANCE_BLOCK,1.5659
hard_blocked,159,HARD_BLOCKED,HARD_BLOCKED,True,HARD_CLEARANCE_BLOCK,1.5655
hard_blocked,160,HARD_BLOCKED,HARD_BLOCKED,True,HARD_CLEARANCE_BLOCK,1.8589
hard_blocked,161,HARD_BLOCKED,HARD_BLOCKED,True,HARD_CLEARANCE_BLOCK,1.7967
hard_blocked,162,HARD_BLOCKED,HARD_BLOCKED,True,HARD_CLEARANCE_BLOCK,1.6076
hard_blocked,163,HARD_BLOCKED,HARD_BLOCKED,True,HARD_CLEARANCE_BLOCK,1.6094
hard_blocked,164,HARD_BLOCKED,HARD_BLOCKED,True,HARD_CLEARANCE_BLOCK,1.6136
hard_blocked,165,HARD_BLOCKED,HARD_BLOCKED,True,HARD_CLEARANCE_BLOCK,1.7101
hard_blocked,166,HARD_BLOCKED,HARD_BLOCKED,True,HARD_CLEARANCE_BLOCK,1.6344
hard_blocked,167,HARD_BLOCKED,HARD_BLOCKED,True,HARD_CLEARANCE_BLOCK,1.6058
hard_blocked,168,HARD_BLOCKED,HARD_BLOCKED,True,HARD_CLEARANCE_BLOCK,1.6262
hard_blocked,169,HARD_BLOCKED,HARD_BLOCKED,True,HARD_CLEARANCE_BLOCK,1.8124
hard_blocked,170,HARD_BLOCKED,HARD_BLOCKED,True,HARD_CLEARANCE_BLOCK,1.7776
hard_blocked,171,HARD_BLOCKED,HARD_BLOCKED,True,HARD_CLEARANCE_BLOCK,1.7305
hard_blocked,172,HARD_BLOCKED,HARD_BLOCKED,True,HARD_CLEARANCE_BLOCK,1.6231
hard_blocked,173,HARD_BLOCKED,HARD_BLOCKED,True,HARD_CLEARANCE_BLOCK,1.616
hard_blocked,174,HARD_BLOCKED,HARD_BLOCKED,True,HARD_CLEARANCE_BLOCK,1.6184
hard_blocked,175,HARD_BLOCKED,HARD_BLOCKED,True,HARD_CLEARANCE_BLOCK,1.6153
hard_blocked,176,HARD_BLOCKED,HARD_BLOCKED,True,HARD_CLEARANCE_BLOCK,1.6591
hard_blocked,177,HARD_BLOCKED,HARD_BLOCKED,True,HARD_CLEARANCE_BLOCK,1.7836
hard_blocked,178,HARD_BLOCKED,HARD_BLOCKED,True,HARD_CLEARANCE_BLOCK,1.8475
hard_blocked,179,HARD_BLOCKED,HARD_BLOCKED,True,HARD_CLEARANCE_BLOCK,1.6178
hard_blocked,180,HARD_BLOCKED,HARD_BLOCKED,True,HARD_CLEARANCE_BLOCK,1.684
hard_blocked,181,HARD_BLOCKED,HARD_BLOCKED,True,HARD_CLEARANCE_BLOCK,1.6573
hard_blocked,182,HARD_BLOCKED,HARD_BLOCKED,True,HARD_CLEARANCE_BLOCK,1.6843
hard_blocked,183,HARD_BLOCKED,HARD_BLOCKED,True,HARD_CLEARANCE_BLOCK,1.7163
hard_blocked,184,HARD_BLOCKED,HARD_BLOCKED,True,HARD_CLEARANCE_BLOCK,1.6148
hard_blocked,185,HARD_BLOCKED,HARD_BLOCKED,True,HARD_CLEARANCE_BLOCK,1.6681
hard_blocked,186,HARD_BLOCKED,HARD_BLOCKED,True,HARD_CLEARANCE_BLOCK,1.6175
hard_blocked,187,HARD_BLOCKED,HARD_BLOCKED,True,HARD_CLEARANCE_BLOCK,1.6163
hard_blocked,188,HARD_BLOCKED,HARD_BLOCKED,True,HARD_CLEARANCE_BLOCK,1.7377
hard_blocked,189,HARD_BLOCKED,HARD_BLOCKED,True,HARD_CLEARANCE_BLOCK,1.5759
hard_blocked,190,HARD_BLOCKED,HARD_BLOCKED,True,HARD_CLEARANCE_BLOCK,1.5703
hard_blocked,191,HARD_BLOCKED,HARD_BLOCKED,True,HARD_CLEARANCE_BLOCK,1.5685
hard_blocked,192,HARD_BLOCKED,HARD_BLOCKED,True,HARD_CLEARANCE_BLOCK,1.699
hard_blocked,193,HARD_BLOCKED,HARD_BLOCKED,True,HARD_CLEARANCE_BLOCK,1.6718
hard_blocked,194,HARD_BLOCKED,HARD_BLOCKED,True,HARD_CLEARANCE_BLOCK,1.5791
hard_blocked,195,HARD_BLOCKED,HARD_BLOCKED,True,HARD_CLEARANCE_BLOCK,1.6313
hard_blocked,196,HARD_BLOCKED,HARD_BLOCKED,True,HARD_CLEARANCE_BLOCK,1.5572
hard_blocked,197,HARD_BLOCKED,HARD_BLOCKED,True,HARD_CLEARANCE_BLOCK,1.5615
hard_blocked,198,HARD_BLOCKED,HARD_BLOCKED,True,HARD_CLEARANCE_BLOCK,1.7304
hard_blocked,199,HARD_BLOCKED,HARD_BLOCKED,True,HARD_CLEARANCE_BLOCK,1.6419
hard_blocked,200,HARD_BLOCKED,HARD_BLOCKED,True,HARD_CLEARANCE_BLOCK,1.5801
