scenario,trial,expected_state,actual_state,passed,reason_codes,elapsed_ms
baseline_ready,1,READY,READY,True,ALL_REQUIRED_EVIDENCE_TRUSTWORTHY,1.8883
baseline_ready,2,READY,READY,True,ALL_REQUIRED_EVIDENCE_TRUSTWORTHY,1.817
baseline_ready,3,READY,READY,True,ALL_REQUIRED_EVIDENCE_TRUSTWORTHY,2.0842
baseline_ready,4,READY,READY,True,ALL_REQUIRED_EVIDENCE_TRUSTWORTHY,1.8986
baseline_ready,5,READY,READY,True,ALL_REQUIRED_EVIDENCE_TRUSTWORTHY,1.8135
baseline_ready,6,READY,READY,True,ALL_REQUIRED_EVIDENCE_TRUSTWORTHY,2.0015
baseline_ready,7,READY,READY,True,ALL_REQUIRED_EVIDENCE_TRUSTWORTHY,3.181
baseline_ready,8,READY,READY,True,ALL_REQUIRED_EVIDENCE_TRUSTWORTHY,1.8364
baseline_ready,9,READY,READY,True,ALL_REQUIRED_EVIDENCE_TRUSTWORTHY,1.7844
baseline_ready,10,READY,READY,True,ALL_REQUIRED_EVIDENCE_TRUSTWORTHY,2.1101
baseline_ready,11,READY,READY,True,ALL_REQUIRED_EVIDENCE_TRUSTWORTHY,6.0381
baseline_ready,12,READY,READY,True,ALL_REQUIRED_EVIDENCE_TRUSTWORTHY,1.8513
baseline_ready,13,READY,READY,True,ALL_REQUIRED_EVIDENCE_TRUSTWORTHY,1.8217
baseline_ready,14,READY,READY,True,ALL_REQUIRED_EVIDENCE_TRUSTWORTHY,3.1098
baseline_ready,15,READY,READY,True,ALL_REQUIRED_EVIDENCE_TRUSTWORTHY,1.8729
baseline_ready,16,READY,READY,True,ALL_REQUIRED_EVIDENCE_TRUSTWORTHY,1.8344
baseline_ready,17,READY,READY,True,ALL_REQUIRED_EVIDENCE_TRUSTWORTHY,1.7988
baseline_ready,18,READY,READY,True,ALL_REQUIRED_EVIDENCE_TRUSTWORTHY,3.1486
baseline_ready,19,READY,READY,True,ALL_REQUIRED_EVIDENCE_TRUSTWORTHY,1.8932
baseline_ready,20,READY,READY,True,ALL_REQUIRED_EVIDENCE_TRUSTWORTHY,3.7951
baseline_ready,21,READY,READY,True,ALL_REQUIRED_EVIDENCE_TRUSTWORTHY,2.1245
baseline_ready,22,READY,READY,True,ALL_REQUIRED_EVIDENCE_TRUSTWORTHY,3.8035
baseline_ready,23,READY,READY,True,ALL_REQUIRED_EVIDENCE_TRUSTWORTHY,2.1662
baseline_ready,24,READY,READY,True,ALL_REQUIRED_EVIDENCE_TRUSTWORTHY,3.9842
baseline_ready,25,READY,READY,True,ALL_REQUIRED_EVIDENCE_TRUSTWORTHY,2.7389
baseline_ready,26,READY,READY,True,ALL_REQUIRED_EVIDENCE_TRUSTWORTHY,1.854
baseline_ready,27,READY,READY,True,ALL_REQUIRED_EVIDENCE_TRUSTWORTHY,4.8627
baseline_ready,28,READY,READY,True,ALL_REQUIRED_EVIDENCE_TRUSTWORTHY,3.5605
baseline_ready,29,READY,READY,True,ALL_REQUIRED_EVIDENCE_TRUSTWORTHY,5.5763
baseline_ready,30,READY,READY,True,ALL_REQUIRED_EVIDENCE_TRUSTWORTHY,3.8061
baseline_ready,31,READY,READY,True,ALL_REQUIRED_EVIDENCE_TRUSTWORTHY,5.8882
baseline_ready,32,READY,READY,True,ALL_REQUIRED_EVIDENCE_TRUSTWORTHY,3.7267
baseline_ready,33,READY,READY,True,ALL_REQUIRED_EVIDENCE_TRUSTWORTHY,7.739
baseline_ready,34,READY,READY,True,ALL_REQUIRED_EVIDENCE_TRUSTWORTHY,3.101
baseline_ready,35,READY,READY,True,ALL_REQUIRED_EVIDENCE_TRUSTWORTHY,3.6242
baseline_ready,36,READY,READY,True,ALL_REQUIRED_EVIDENCE_TRUSTWORTHY,2.1635
baseline_ready,37,READY,READY,True,ALL_REQUIRED_EVIDENCE_TRUSTWORTHY,5.8345
baseline_ready,38,READY,READY,True,ALL_REQUIRED_EVIDENCE_TRUSTWORTHY,2.3621
baseline_ready,39,READY,READY,True,ALL_REQUIRED_EVIDENCE_TRUSTWORTHY,2.665
baseline_ready,40,READY,READY,True,ALL_REQUIRED_EVIDENCE_TRUSTWORTHY,5.1326
baseline_ready,41,READY,READY,True,ALL_REQUIRED_EVIDENCE_TRUSTWORTHY,2.705
baseline_ready,42,READY,READY,True,ALL_REQUIRED_EVIDENCE_TRUSTWORTHY,2.1026
baseline_ready,43,READY,READY,True,ALL_REQUIRED_EVIDENCE_TRUSTWORTHY,2.6164
baseline_ready,44,READY,READY,True,ALL_REQUIRED_EVIDENCE_TRUSTWORTHY,2.3355
baseline_ready,45,READY,READY,True,ALL_REQUIRED_EVIDENCE_TRUSTWORTHY,5.2224
baseline_ready,46,READY,READY,True,ALL_REQUIRED_EVIDENCE_TRUSTWORTHY,6.2105
baseline_ready,47,READY,READY,True,ALL_REQUIRED_EVIDENCE_TRUSTWORTHY,2.868
baseline_ready,48,READY,READY,True,ALL_REQUIRED_EVIDENCE_TRUSTWORTHY,18.5145
baseline_ready,49,READY,READY,True,ALL_REQUIRED_EVIDENCE_TRUSTWORTHY,2.8656
baseline_ready,50,READY,READY,True,ALL_REQUIRED_EVIDENCE_TRUSTWORTHY,1.9577
baseline_ready,51,READY,READY,True,ALL_REQUIRED_EVIDENCE_TRUSTWORTHY,2.6564
baseline_ready,52,READY,READY,True,ALL_REQUIRED_EVIDENCE_TRUSTWORTHY,2.4924
baseline_ready,53,READY,READY,True,ALL_REQUIRED_EVIDENCE_TRUSTWORTHY,5.7953
baseline_ready,54,READY,READY,True,ALL_REQUIRED_EVIDENCE_TRUSTWORTHY,1.9889
baseline_ready,55,READY,READY,True,ALL_REQUIRED_EVIDENCE_TRUSTWORTHY,2.2325
baseline_ready,56,READY,READY,True,ALL_REQUIRED_EVIDENCE_TRUSTWORTHY,1.9658
baseline_ready,57,READY,READY,True,ALL_REQUIRED_EVIDENCE_TRUSTWORTHY,2.0349
baseline_ready,58,READY,READY,True,ALL_REQUIRED_EVIDENCE_TRUSTWORTHY,2.0973
baseline_ready,59,READY,READY,True,ALL_REQUIRED_EVIDENCE_TRUSTWORTHY,3.9389
baseline_ready,60,READY,READY,True,ALL_REQUIRED_EVIDENCE_TRUSTWORTHY,2.2124
baseline_ready,61,READY,READY,True,ALL_REQUIRED_EVIDENCE_TRUSTWORTHY,2.2
baseline_ready,62,READY,READY,True,ALL_REQUIRED_EVIDENCE_TRUSTWORTHY,4.7548
baseline_ready,63,READY,READY,True,ALL_REQUIRED_EVIDENCE_TRUSTWORTHY,2.0841
baseline_ready,64,READY,READY,True,ALL_REQUIRED_EVIDENCE_TRUSTWORTHY,2.0799
baseline_ready,65,READY,READY,True,ALL_REQUIRED_EVIDENCE_TRUSTWORTHY,5.8151
baseline_ready,66,READY,READY,True,ALL_REQUIRED_EVIDENCE_TRUSTWORTHY,2.8391
baseline_ready,67,READY,READY,True,ALL_REQUIRED_EVIDENCE_TRUSTWORTHY,2.1241
baseline_ready,68,READY,READY,True,ALL_REQUIRED_EVIDENCE_TRUSTWORTHY,5.5897
baseline_ready,69,READY,READY,True,ALL_REQUIRED_EVIDENCE_TRUSTWORTHY,2.1953
baseline_ready,70,READY,READY,True,ALL_REQUIRED_EVIDENCE_TRUSTWORTHY,1.9814
baseline_ready,71,READY,READY,True,ALL_REQUIRED_EVIDENCE_TRUSTWORTHY,4.1763
baseline_ready,72,READY,READY,True,ALL_REQUIRED_EVIDENCE_TRUSTWORTHY,2.2987
baseline_ready,73,READY,READY,True,ALL_REQUIRED_EVIDENCE_TRUSTWORTHY,2.1578
baseline_ready,74,READY,READY,True,ALL_REQUIRED_EVIDENCE_TRUSTWORTHY,4.6784
baseline_ready,75,READY,READY,True,ALL_REQUIRED_EVIDENCE_TRUSTWORTHY,2.0251
baseline_ready,76,READY,READY,True,ALL_REQUIRED_EVIDENCE_TRUSTWORTHY,1.8634
baseline_ready,77,READY,READY,True,ALL_REQUIRED_EVIDENCE_TRUSTWORTHY,2.0927
baseline_ready,78,READY,READY,True,ALL_REQUIRED_EVIDENCE_TRUSTWORTHY,2.007
baseline_ready,79,READY,READY,True,ALL_REQUIRED_EVIDENCE_TRUSTWORTHY,1.853
baseline_ready,80,READY,READY,True,ALL_REQUIRED_EVIDENCE_TRUSTWORTHY,1.8404
baseline_ready,81,READY,READY,True,ALL_REQUIRED_EVIDENCE_TRUSTWORTHY,3.209
baseline_ready,82,READY,READY,True,ALL_REQUIRED_EVIDENCE_TRUSTWORTHY,2.1419
baseline_ready,83,READY,READY,True,ALL_REQUIRED_EVIDENCE_TRUSTWORTHY,1.8337
baseline_ready,84,READY,READY,True,ALL_REQUIRED_EVIDENCE_TRUSTWORTHY,1.856
baseline_ready,85,READY,READY,True,ALL_REQUIRED_EVIDENCE_TRUSTWORTHY,4.1655
baseline_ready,86,READY,READY,True,ALL_REQUIRED_EVIDENCE_TRUSTWORTHY,1.8615
baseline_ready,87,READY,READY,True,ALL_REQUIRED_EVIDENCE_TRUSTWORTHY,2.0291
baseline_ready,88,READY,READY,True,ALL_REQUIRED_EVIDENCE_TRUSTWORTHY,1.822
baseline_ready,89,READY,READY,True,ALL_REQUIRED_EVIDENCE_TRUSTWORTHY,1.9717
baseline_ready,90,READY,READY,True,ALL_REQUIRED_EVIDENCE_TRUSTWORTHY,1.9524
baseline_ready,91,READY,READY,True,ALL_REQUIRED_EVIDENCE_TRUSTWORTHY,2.1008
baseline_ready,92,READY,READY,True,ALL_REQUIRED_EVIDENCE_TRUSTWORTHY,1.9593
baseline_ready,93,READY,READY,True,ALL_REQUIRED_EVIDENCE_TRUSTWORTHY,2.6499
baseline_ready,94,READY,READY,True,ALL_REQUIRED_EVIDENCE_TRUSTWORTHY,1.8705
baseline_ready,95,READY,READY,True,ALL_REQUIRED_EVIDENCE_TRUSTWORTHY,1.9168
baseline_ready,96,READY,READY,True,ALL_REQUIRED_EVIDENCE_TRUSTWORTHY,2.3137
baseline_ready,97,READY,READY,True,ALL_REQUIRED_EVIDENCE_TRUSTWORTHY,1.8635
baseline_ready,98,READY,READY,True,ALL_REQUIRED_EVIDENCE_TRUSTWORTHY,2.7191
baseline_ready,99,READY,READY,True,ALL_REQUIRED_EVIDENCE_TRUSTWORTHY,1.8409
baseline_ready,100,READY,READY,True,ALL_REQUIRED_EVIDENCE_TRUSTWORTHY,1.8389
baseline_ready,101,READY,READY,True,ALL_REQUIRED_EVIDENCE_TRUSTWORTHY,1.8202
baseline_ready,102,READY,READY,True,ALL_REQUIRED_EVIDENCE_TRUSTWORTHY,1.8475
baseline_ready,103,READY,READY,True,ALL_REQUIRED_EVIDENCE_TRUSTWORTHY,1.8565
baseline_ready,104,READY,READY,True,ALL_REQUIRED_EVIDENCE_TRUSTWORTHY,1.8339
baseline_ready,105,READY,READY,True,ALL_REQUIRED_EVIDENCE_TRUSTWORTHY,1.814
baseline_ready,106,READY,READY,True,ALL_REQUIRED_EVIDENCE_TRUSTWORTHY,2.6627
baseline_ready,107,READY,READY,True,ALL_REQUIRED_EVIDENCE_TRUSTWORTHY,1.9688
baseline_ready,108,READY,READY,True,ALL_REQUIRED_EVIDENCE_TRUSTWORTHY,1.8327
baseline_ready,109,READY,READY,True,ALL_REQUIRED_EVIDENCE_TRUSTWORTHY,1.8109
baseline_ready,110,READY,READY,True,ALL_REQUIRED_EVIDENCE_TRUSTWORTHY,2.6927
baseline_ready,111,READY,READY,True,ALL_REQUIRED_EVIDENCE_TRUSTWORTHY,1.9109
baseline_ready,112,READY,READY,True,ALL_REQUIRED_EVIDENCE_TRUSTWORTHY,1.8418
baseline_ready,113,READY,READY,True,ALL_REQUIRED_EVIDENCE_TRUSTWORTHY,1.8312
baseline_ready,114,READY,READY,True,ALL_REQUIRED_EVIDENCE_TRUSTWORTHY,2.9234
baseline_ready,115,READY,READY,True,ALL_REQUIRED_EVIDENCE_TRUSTWORTHY,1.8964
baseline_ready,116,READY,READY,True,ALL_REQUIRED_EVIDENCE_TRUSTWORTHY,1.9642
baseline_ready,117,READY,READY,True,ALL_REQUIRED_EVIDENCE_TRUSTWORTHY,2.0023
baseline_ready,118,READY,READY,True,ALL_REQUIRED_EVIDENCE_TRUSTWORTHY,2.5066
baseline_ready,119,READY,READY,True,ALL_REQUIRED_EVIDENCE_TRUSTWORTHY,1.8608
baseline_ready,120,READY,READY,True,ALL_REQUIRED_EVIDENCE_TRUSTWORTHY,1.8227
baseline_ready,121,READY,READY,True,ALL_REQUIRED_EVIDENCE_TRUSTWORTHY,2.0034
baseline_ready,122,READY,READY,True,ALL_REQUIRED_EVIDENCE_TRUSTWORTHY,3.8937
baseline_ready,123,READY,READY,True,ALL_REQUIRED_EVIDENCE_TRUSTWORTHY,1.8441
baseline_ready,124,READY,READY,True,ALL_REQUIRED_EVIDENCE_TRUSTWORTHY,2.0087
baseline_ready,125,READY,READY,True,ALL_REQUIRED_EVIDENCE_TRUSTWORTHY,1.8496
baseline_ready,126,READY,READY,True,ALL_REQUIRED_EVIDENCE_TRUSTWORTHY,1.981
baseline_ready,127,READY,READY,True,ALL_REQUIRED_EVIDENCE_TRUSTWORTHY,1.8971
baseline_ready,128,READY,READY,True,ALL_REQUIRED_EVIDENCE_TRUSTWORTHY,1.8143
baseline_ready,129,READY,READY,True,ALL_REQUIRED_EVIDENCE_TRUSTWORTHY,1.8469
baseline_ready,130,READY,READY,True,ALL_REQUIRED_EVIDENCE_TRUSTWORTHY,2.6832
baseline_ready,131,READY,READY,True,ALL_REQUIRED_EVIDENCE_TRUSTWORTHY,1.8418
baseline_ready,132,READY,READY,True,ALL_REQUIRED_EVIDENCE_TRUSTWORTHY,2.2662
baseline_ready,133,READY,READY,True,ALL_REQUIRED_EVIDENCE_TRUSTWORTHY,1.8287
baseline_ready,134,READY,READY,True,ALL_REQUIRED_EVIDENCE_TRUSTWORTHY,2.0628
baseline_ready,135,READY,READY,True,ALL_REQUIRED_EVIDENCE_TRUSTWORTHY,1.9849
baseline_ready,136,READY,READY,True,ALL_REQUIRED_EVIDENCE_TRUSTWORTHY,2.0047
baseline_ready,137,READY,READY,True,ALL_REQUIRED_EVIDENCE_TRUSTWORTHY,1.7643
baseline_ready,138,READY,READY,True,ALL_REQUIRED_EVIDENCE_TRUSTWORTHY,2.1622
baseline_ready,139,READY,READY,True,ALL_REQUIRED_EVIDENCE_TRUSTWORTHY,1.9332
baseline_ready,140,READY,READY,True,ALL_REQUIRED_EVIDENCE_TRUSTWORTHY,1.9458
baseline_ready,141,READY,READY,True,ALL_REQUIRED_EVIDENCE_TRUSTWORTHY,1.8591
baseline_ready,142,READY,READY,True,ALL_REQUIRED_EVIDENCE_TRUSTWORTHY,2.0178
baseline_ready,143,READY,READY,True,ALL_REQUIRED_EVIDENCE_TRUSTWORTHY,2.0141
baseline_ready,144,READY,READY,True,ALL_REQUIRED_EVIDENCE_TRUSTWORTHY,1.8136
baseline_ready,145,READY,READY,True,ALL_REQUIRED_EVIDENCE_TRUSTWORTHY,1.8171
baseline_ready,146,READY,READY,True,ALL_REQUIRED_EVIDENCE_TRUSTWORTHY,1.9884
baseline_ready,147,READY,READY,True,ALL_REQUIRED_EVIDENCE_TRUSTWORTHY,1.9278
baseline_ready,148,READY,READY,True,ALL_REQUIRED_EVIDENCE_TRUSTWORTHY,2.0962
baseline_ready,149,READY,READY,True,ALL_REQUIRED_EVIDENCE_TRUSTWORTHY,2.1427
baseline_ready,150,READY,READY,True,ALL_REQUIRED_EVIDENCE_TRUSTWORTHY,2.278
baseline_ready,151,READY,READY,True,ALL_REQUIRED_EVIDENCE_TRUSTWORTHY,1.84
baseline_ready,152,READY,READY,True,ALL_REQUIRED_EVIDENCE_TRUSTWORTHY,1.9183
baseline_ready,153,READY,READY,True,ALL_REQUIRED_EVIDENCE_TRUSTWORTHY,2.0053
baseline_ready,154,READY,READY,True,ALL_REQUIRED_EVIDENCE_TRUSTWORTHY,1.7521
baseline_ready,155,READY,READY,True,ALL_REQUIRED_EVIDENCE_TRUSTWORTHY,1.7654
baseline_ready,156,READY,READY,True,ALL_REQUIRED_EVIDENCE_TRUSTWORTHY,2.0369
baseline_ready,157,READY,READY,True,ALL_REQUIRED_EVIDENCE_TRUSTWORTHY,2.0149
baseline_ready,158,READY,READY,True,ALL_REQUIRED_EVIDENCE_TRUSTWORTHY,1.8105
baseline_ready,159,READY,READY,True,ALL_REQUIRED_EVIDENCE_TRUSTWORTHY,1.76
baseline_ready,160,READY,READY,True,ALL_REQUIRED_EVIDENCE_TRUSTWORTHY,1.8091
baseline_ready,161,READY,READY,True,ALL_REQUIRED_EVIDENCE_TRUSTWORTHY,3.0343
baseline_ready,162,READY,READY,True,ALL_REQUIRED_EVIDENCE_TRUSTWORTHY,2.0468
baseline_ready,163,READY,READY,True,ALL_REQUIRED_EVIDENCE_TRUSTWORTHY,1.8806
baseline_ready,164,READY,READY,True,ALL_REQUIRED_EVIDENCE_TRUSTWORTHY,1.8584
baseline_ready,165,READY,READY,True,ALL_REQUIRED_EVIDENCE_TRUSTWORTHY,2.1107
baseline_ready,166,READY,READY,True,ALL_REQUIRED_EVIDENCE_TRUSTWORTHY,1.7946
baseline_ready,167,READY,READY,True,ALL_REQUIRED_EVIDENCE_TRUSTWORTHY,1.8726
baseline_ready,168,READY,READY,True,ALL_REQUIRED_EVIDENCE_TRUSTWORTHY,1.9349
baseline_ready,169,READY,READY,True,ALL_REQUIRED_EVIDENCE_TRUSTWORTHY,2.2769
baseline_ready,170,READY,READY,True,ALL_REQUIRED_EVIDENCE_TRUSTWORTHY,1.9151
baseline_ready,171,READY,READY,True,ALL_REQUIRED_EVIDENCE_TRUSTWORTHY,1.9604
baseline_ready,172,READY,READY,True,ALL_REQUIRED_EVIDENCE_TRUSTWORTHY,1.8213
baseline_ready,173,READY,READY,True,ALL_REQUIRED_EVIDENCE_TRUSTWORTHY,4.1496
baseline_ready,174,READY,READY,True,ALL_REQUIRED_EVIDENCE_TRUSTWORTHY,1.8523
baseline_ready,175,READY,READY,True,ALL_REQUIRED_EVIDENCE_TRUSTWORTHY,1.8205
baseline_ready,176,READY,READY,True,ALL_REQUIRED_EVIDENCE_TRUSTWORTHY,1.8394
baseline_ready,177,READY,READY,True,ALL_REQUIRED_EVIDENCE_TRUSTWORTHY,1.8162
baseline_ready,178,READY,READY,True,ALL_REQUIRED_EVIDENCE_TRUSTWORTHY,1.9152
baseline_ready,179,READY,READY,True,ALL_REQUIRED_EVIDENCE_TRUSTWORTHY,1.7459
baseline_ready,180,READY,READY,True,ALL_REQUIRED_EVIDENCE_TRUSTWORTHY,3.9111
baseline_ready,181,READY,READY,True,ALL_REQUIRED_EVIDENCE_TRUSTWORTHY,2.0433
baseline_ready,182,READY,READY,True,ALL_REQUIRED_EVIDENCE_TRUSTWORTHY,1.875
baseline_ready,183,READY,READY,True,ALL_REQUIRED_EVIDENCE_TRUSTWORTHY,1.9022
baseline_ready,184,READY,READY,True,ALL_REQUIRED_EVIDENCE_TRUSTWORTHY,2.1077
baseline_ready,185,READY,READY,True,ALL_REQUIRED_EVIDENCE_TRUSTWORTHY,2.0755
baseline_ready,186,READY,READY,True,ALL_REQUIRED_EVIDENCE_TRUSTWORTHY,2.1723
baseline_ready,187,READY,READY,True,ALL_REQUIRED_EVIDENCE_TRUSTWORTHY,4.2499
baseline_ready,188,READY,READY,True,ALL_REQUIRED_EVIDENCE_TRUSTWORTHY,2.518
baseline_ready,189,READY,READY,True,ALL_REQUIRED_EVIDENCE_TRUSTWORTHY,2.5991
baseline_ready,190,READY,READY,True,ALL_REQUIRED_EVIDENCE_TRUSTWORTHY,2.7139
baseline_ready,191,READY,READY,True,ALL_REQUIRED_EVIDENCE_TRUSTWORTHY,1.8365
baseline_ready,192,READY,READY,True,ALL_REQUIRED_EVIDENCE_TRUSTWORTHY,2.815
baseline_ready,193,READY,READY,True,ALL_REQUIRED_EVIDENCE_TRUSTWORTHY,4.0239
baseline_ready,194,READY,READY,True,ALL_REQUIRED_EVIDENCE_TRUSTWORTHY,2.3486
baseline_ready,195,READY,READY,True,ALL_REQUIRED_EVIDENCE_TRUSTWORTHY,2.5313
baseline_ready,196,READY,READY,True,ALL_REQUIRED_EVIDENCE_TRUSTWORTHY,3.4311
baseline_ready,197,READY,READY,True,ALL_REQUIRED_EVIDENCE_TRUSTWORTHY,2.1652
baseline_ready,198,READY,READY,True,ALL_REQUIRED_EVIDENCE_TRUSTWORTHY,3.5277
baseline_ready,199,READY,READY,True,ALL_REQUIRED_EVIDENCE_TRUSTWORTHY,3.5163
baseline_ready,200,READY,READY,True,ALL_REQUIRED_EVIDENCE_TRUSTWORTHY,1.8782
snapshot_timestamp_tamper,1,HOLD,HOLD,True,EVIDENCE_ROOT_INVALID,1.8902
snapshot_timestamp_tamper,2,HOLD,HOLD,True,EVIDENCE_ROOT_INVALID,2.8376
snapshot_timestamp_tamper,3,HOLD,HOLD,True,EVIDENCE_ROOT_INVALID,1.992
snapshot_timestamp_tamper,4,HOLD,HOLD,True,EVIDENCE_ROOT_INVALID,2.5066
snapshot_timestamp_tamper,5,HOLD,HOLD,True,EVIDENCE_ROOT_INVALID,4.3392
snapshot_timestamp_tamper,6,HOLD,HOLD,True,EVIDENCE_ROOT_INVALID,2.04
snapshot_timestamp_tamper,7,HOLD,HOLD,True,EVIDENCE_ROOT_INVALID,2.0864
snapshot_timestamp_tamper,8,HOLD,HOLD,True,EVIDENCE_ROOT_INVALID,2.5295
snapshot_timestamp_tamper,9,HOLD,HOLD,True,EVIDENCE_ROOT_INVALID,2.0897
snapshot_timestamp_tamper,10,HOLD,HOLD,True,EVIDENCE_ROOT_INVALID,2.1668
snapshot_timestamp_tamper,11,HOLD,HOLD,True,EVIDENCE_ROOT_INVALID,2.4158
snapshot_timestamp_tamper,12,HOLD,HOLD,True,EVIDENCE_ROOT_INVALID,1.9711
snapshot_timestamp_tamper,13,HOLD,HOLD,True,EVIDENCE_ROOT_INVALID,1.9604
snapshot_timestamp_tamper,14,HOLD,HOLD,True,EVIDENCE_ROOT_INVALID,1.9566
snapshot_timestamp_tamper,15,HOLD,HOLD,True,EVIDENCE_ROOT_INVALID,2.878
snapshot_timestamp_tamper,16,HOLD,HOLD,True,EVIDENCE_ROOT_INVALID,2.5463
snapshot_timestamp_tamper,17,HOLD,HOLD,True,EVIDENCE_ROOT_INVALID,2.1184
snapshot_timestamp_tamper,18,HOLD,HOLD,True,EVIDENCE_ROOT_INVALID,2.1103
snapshot_timestamp_tamper,19,HOLD,HOLD,True,EVIDENCE_ROOT_INVALID,2.3369
snapshot_timestamp_tamper,20,HOLD,HOLD,True,EVIDENCE_ROOT_INVALID,3.0509
snapshot_timestamp_tamper,21,HOLD,HOLD,True,EVIDENCE_ROOT_INVALID,1.9894
snapshot_timestamp_tamper,22,HOLD,HOLD,True,EVIDENCE_ROOT_INVALID,2.4549
snapshot_timestamp_tamper,23,HOLD,HOLD,True,EVIDENCE_ROOT_INVALID,2.409
snapshot_timestamp_tamper,24,HOLD,HOLD,True,EVIDENCE_ROOT_INVALID,2.5995
snapshot_timestamp_tamper,25,HOLD,HOLD,True,EVIDENCE_ROOT_INVALID,5.1899
snapshot_timestamp_tamper,26,HOLD,HOLD,True,EVIDENCE_ROOT_INVALID,2.4432
snapshot_timestamp_tamper,27,HOLD,HOLD,True,EVIDENCE_ROOT_INVALID,4.0267
snapshot_timestamp_tamper,28,HOLD,HOLD,True,EVIDENCE_ROOT_INVALID,2.5455
snapshot_timestamp_tamper,29,HOLD,HOLD,True,EVIDENCE_ROOT_INVALID,2.1521
snapshot_timestamp_tamper,30,HOLD,HOLD,True,EVIDENCE_ROOT_INVALID,2.1624
snapshot_timestamp_tamper,31,HOLD,HOLD,True,EVIDENCE_ROOT_INVALID,2.2935
snapshot_timestamp_tamper,32,HOLD,HOLD,True,EVIDENCE_ROOT_INVALID,2.0269
snapshot_timestamp_tamper,33,HOLD,HOLD,True,EVIDENCE_ROOT_INVALID,2.6733
snapshot_timestamp_tamper,34,HOLD,HOLD,True,EVIDENCE_ROOT_INVALID,3.1167
snapshot_timestamp_tamper,35,HOLD,HOLD,True,EVIDENCE_ROOT_INVALID,1.8561
snapshot_timestamp_tamper,36,HOLD,HOLD,True,EVIDENCE_ROOT_INVALID,1.8223
snapshot_timestamp_tamper,37,HOLD,HOLD,True,EVIDENCE_ROOT_INVALID,36.7093
snapshot_timestamp_tamper,38,HOLD,HOLD,True,EVIDENCE_ROOT_INVALID,2.2459
snapshot_timestamp_tamper,39,HOLD,HOLD,True,EVIDENCE_ROOT_INVALID,2.5754
snapshot_timestamp_tamper,40,HOLD,HOLD,True,EVIDENCE_ROOT_INVALID,1.895
snapshot_timestamp_tamper,41,HOLD,HOLD,True,EVIDENCE_ROOT_INVALID,1.8396
snapshot_timestamp_tamper,42,HOLD,HOLD,True,EVIDENCE_ROOT_INVALID,1.8487
snapshot_timestamp_tamper,43,HOLD,HOLD,True,EVIDENCE_ROOT_INVALID,1.8501
snapshot_timestamp_tamper,44,HOLD,HOLD,True,EVIDENCE_ROOT_INVALID,1.9256
snapshot_timestamp_tamper,45,HOLD,HOLD,True,EVIDENCE_ROOT_INVALID,1.8161
snapshot_timestamp_tamper,46,HOLD,HOLD,True,EVIDENCE_ROOT_INVALID,1.8233
snapshot_timestamp_tamper,47,HOLD,HOLD,True,EVIDENCE_ROOT_INVALID,1.8264
snapshot_timestamp_tamper,48,HOLD,HOLD,True,EVIDENCE_ROOT_INVALID,2.2327
snapshot_timestamp_tamper,49,HOLD,HOLD,True,EVIDENCE_ROOT_INVALID,1.8326
snapshot_timestamp_tamper,50,HOLD,HOLD,True,EVIDENCE_ROOT_INVALID,1.8207
snapshot_timestamp_tamper,51,HOLD,HOLD,True,EVIDENCE_ROOT_INVALID,1.7972
snapshot_timestamp_tamper,52,HOLD,HOLD,True,EVIDENCE_ROOT_INVALID,2.6225
snapshot_timestamp_tamper,53,HOLD,HOLD,True,EVIDENCE_ROOT_INVALID,1.9591
snapshot_timestamp_tamper,54,HOLD,HOLD,True,EVIDENCE_ROOT_INVALID,1.8191
snapshot_timestamp_tamper,55,HOLD,HOLD,True,EVIDENCE_ROOT_INVALID,1.8081
snapshot_timestamp_tamper,56,HOLD,HOLD,True,EVIDENCE_ROOT_INVALID,2.443
snapshot_timestamp_tamper,57,HOLD,HOLD,True,EVIDENCE_ROOT_INVALID,2.0296
snapshot_timestamp_tamper,58,HOLD,HOLD,True,EVIDENCE_ROOT_INVALID,1.8739
snapshot_timestamp_tamper,59,HOLD,HOLD,True,EVIDENCE_ROOT_INVALID,1.8268
snapshot_timestamp_tamper,60,HOLD,HOLD,True,EVIDENCE_ROOT_INVALID,2.3174
snapshot_timestamp_tamper,61,HOLD,HOLD,True,EVIDENCE_ROOT_INVALID,1.8536
snapshot_timestamp_tamper,62,HOLD,HOLD,True,EVIDENCE_ROOT_INVALID,1.8195
snapshot_timestamp_tamper,63,HOLD,HOLD,True,EVIDENCE_ROOT_INVALID,1.7474
snapshot_timestamp_tamper,64,HOLD,HOLD,True,EVIDENCE_ROOT_INVALID,1.8257
snapshot_timestamp_tamper,65,HOLD,HOLD,True,EVIDENCE_ROOT_INVALID,1.908
snapshot_timestamp_tamper,66,HOLD,HOLD,True,EVIDENCE_ROOT_INVALID,1.8077
snapshot_timestamp_tamper,67,HOLD,HOLD,True,EVIDENCE_ROOT_INVALID,1.9049
snapshot_timestamp_tamper,68,HOLD,HOLD,True,EVIDENCE_ROOT_INVALID,1.8217
snapshot_timestamp_tamper,69,HOLD,HOLD,True,EVIDENCE_ROOT_INVALID,1.9218
snapshot_timestamp_tamper,70,HOLD,HOLD,True,EVIDENCE_ROOT_INVALID,1.8075
snapshot_timestamp_tamper,71,HOLD,HOLD,True,EVIDENCE_ROOT_INVALID,1.7947
snapshot_timestamp_tamper,72,HOLD,HOLD,True,EVIDENCE_ROOT_INVALID,1.7631
snapshot_timestamp_tamper,73,HOLD,HOLD,True,EVIDENCE_ROOT_INVALID,2.7548
snapshot_timestamp_tamper,74,HOLD,HOLD,True,EVIDENCE_ROOT_INVALID,1.8558
snapshot_timestamp_tamper,75,HOLD,HOLD,True,EVIDENCE_ROOT_INVALID,1.9837
snapshot_timestamp_tamper,76,HOLD,HOLD,True,EVIDENCE_ROOT_INVALID,2.0101
snapshot_timestamp_tamper,77,HOLD,HOLD,True,EVIDENCE_ROOT_INVALID,2.2264
snapshot_timestamp_tamper,78,HOLD,HOLD,True,EVIDENCE_ROOT_INVALID,1.7919
snapshot_timestamp_tamper,79,HOLD,HOLD,True,EVIDENCE_ROOT_INVALID,1.8008
snapshot_timestamp_tamper,80,HOLD,HOLD,True,EVIDENCE_ROOT_INVALID,1.8975
snapshot_timestamp_tamper,81,HOLD,HOLD,True,EVIDENCE_ROOT_INVALID,1.8966
snapshot_timestamp_tamper,82,HOLD,HOLD,True,EVIDENCE_ROOT_INVALID,1.9172
snapshot_timestamp_tamper,83,HOLD,HOLD,True,EVIDENCE_ROOT_INVALID,2.1058
snapshot_timestamp_tamper,84,HOLD,HOLD,True,EVIDENCE_ROOT_INVALID,1.8709
snapshot_timestamp_tamper,85,HOLD,HOLD,True,EVIDENCE_ROOT_INVALID,1.8425
snapshot_timestamp_tamper,86,HOLD,HOLD,True,EVIDENCE_ROOT_INVALID,1.8009
snapshot_timestamp_tamper,87,HOLD,HOLD,True,EVIDENCE_ROOT_INVALID,1.8147
snapshot_timestamp_tamper,88,HOLD,HOLD,True,EVIDENCE_ROOT_INVALID,1.9835
snapshot_timestamp_tamper,89,HOLD,HOLD,True,EVIDENCE_ROOT_INVALID,2.7136
snapshot_timestamp_tamper,90,HOLD,HOLD,True,EVIDENCE_ROOT_INVALID,2.0335
snapshot_timestamp_tamper,91,HOLD,HOLD,True,EVIDENCE_ROOT_INVALID,2.1624
snapshot_timestamp_tamper,92,HOLD,HOLD,True,EVIDENCE_ROOT_INVALID,1.9059
snapshot_timestamp_tamper,93,HOLD,HOLD,True,EVIDENCE_ROOT_INVALID,2.0862
snapshot_timestamp_tamper,94,HOLD,HOLD,True,EVIDENCE_ROOT_INVALID,2.0675
snapshot_timestamp_tamper,95,HOLD,HOLD,True,EVIDENCE_ROOT_INVALID,1.9098
snapshot_timestamp_tamper,96,HOLD,HOLD,True,EVIDENCE_ROOT_INVALID,1.8555
snapshot_timestamp_tamper,97,HOLD,HOLD,True,EVIDENCE_ROOT_INVALID,1.9453
snapshot_timestamp_tamper,98,HOLD,HOLD,True,EVIDENCE_ROOT_INVALID,1.9383
snapshot_timestamp_tamper,99,HOLD,HOLD,True,EVIDENCE_ROOT_INVALID,1.9448
snapshot_timestamp_tamper,100,HOLD,HOLD,True,EVIDENCE_ROOT_INVALID,1.8286
snapshot_timestamp_tamper,101,HOLD,HOLD,True,EVIDENCE_ROOT_INVALID,1.8908
snapshot_timestamp_tamper,102,HOLD,HOLD,True,EVIDENCE_ROOT_INVALID,1.867
snapshot_timestamp_tamper,103,HOLD,HOLD,True,EVIDENCE_ROOT_INVALID,1.8148
snapshot_timestamp_tamper,104,HOLD,HOLD,True,EVIDENCE_ROOT_INVALID,1.8321
snapshot_timestamp_tamper,105,HOLD,HOLD,True,EVIDENCE_ROOT_INVALID,2.3322
snapshot_timestamp_tamper,106,HOLD,HOLD,True,EVIDENCE_ROOT_INVALID,2.4007
snapshot_timestamp_tamper,107,HOLD,HOLD,True,EVIDENCE_ROOT_INVALID,1.8642
snapshot_timestamp_tamper,108,HOLD,HOLD,True,EVIDENCE_ROOT_INVALID,2.0106
snapshot_timestamp_tamper,109,HOLD,HOLD,True,EVIDENCE_ROOT_INVALID,2.2169
snapshot_timestamp_tamper,110,HOLD,HOLD,True,EVIDENCE_ROOT_INVALID,1.9323
snapshot_timestamp_tamper,111,HOLD,HOLD,True,EVIDENCE_ROOT_INVALID,1.8598
snapshot_timestamp_tamper,112,HOLD,HOLD,True,EVIDENCE_ROOT_INVALID,1.9739
snapshot_timestamp_tamper,113,HOLD,HOLD,True,EVIDENCE_ROOT_INVALID,2.2416
snapshot_timestamp_tamper,114,HOLD,HOLD,True,EVIDENCE_ROOT_INVALID,2.5603
snapshot_timestamp_tamper,115,HOLD,HOLD,True,EVIDENCE_ROOT_INVALID,1.8304
snapshot_timestamp_tamper,116,HOLD,HOLD,True,EVIDENCE_ROOT_INVALID,1.834
snapshot_timestamp_tamper,117,HOLD,HOLD,True,EVIDENCE_ROOT_INVALID,2.5798
snapshot_timestamp_tamper,118,HOLD,HOLD,True,EVIDENCE_ROOT_INVALID,1.8414
snapshot_timestamp_tamper,119,HOLD,HOLD,True,EVIDENCE_ROOT_INVALID,1.9294
snapshot_timestamp_tamper,120,HOLD,HOLD,True,EVIDENCE_ROOT_INVALID,1.7752
snapshot_timestamp_tamper,121,HOLD,HOLD,True,EVIDENCE_ROOT_INVALID,2.7725
snapshot_timestamp_tamper,122,HOLD,HOLD,True,EVIDENCE_ROOT_INVALID,1.8609
snapshot_timestamp_tamper,123,HOLD,HOLD,True,EVIDENCE_ROOT_INVALID,1.8712
snapshot_timestamp_tamper,124,HOLD,HOLD,True,EVIDENCE_ROOT_INVALID,1.8232
snapshot_timestamp_tamper,125,HOLD,HOLD,True,EVIDENCE_ROOT_INVALID,2.1779
snapshot_timestamp_tamper,126,HOLD,HOLD,True,EVIDENCE_ROOT_INVALID,1.8644
snapshot_timestamp_tamper,127,HOLD,HOLD,True,EVIDENCE_ROOT_INVALID,1.8309
snapshot_timestamp_tamper,128,HOLD,HOLD,True,EVIDENCE_ROOT_INVALID,1.7967
snapshot_timestamp_tamper,129,HOLD,HOLD,True,EVIDENCE_ROOT_INVALID,1.8043
snapshot_timestamp_tamper,130,HOLD,HOLD,True,EVIDENCE_ROOT_INVALID,2.0041
snapshot_timestamp_tamper,131,HOLD,HOLD,True,EVIDENCE_ROOT_INVALID,1.8656
snapshot_timestamp_tamper,132,HOLD,HOLD,True,EVIDENCE_ROOT_INVALID,2.0165
snapshot_timestamp_tamper,133,HOLD,HOLD,True,EVIDENCE_ROOT_INVALID,1.8553
snapshot_timestamp_tamper,134,HOLD,HOLD,True,EVIDENCE_ROOT_INVALID,1.8244
snapshot_timestamp_tamper,135,HOLD,HOLD,True,EVIDENCE_ROOT_INVALID,1.8385
snapshot_timestamp_tamper,136,HOLD,HOLD,True,EVIDENCE_ROOT_INVALID,3.4746
snapshot_timestamp_tamper,137,HOLD,HOLD,True,EVIDENCE_ROOT_INVALID,1.9194
snapshot_timestamp_tamper,138,HOLD,HOLD,True,EVIDENCE_ROOT_INVALID,7.1023
snapshot_timestamp_tamper,139,HOLD,HOLD,True,EVIDENCE_ROOT_INVALID,1.8838
snapshot_timestamp_tamper,140,HOLD,HOLD,True,EVIDENCE_ROOT_INVALID,1.9028
snapshot_timestamp_tamper,141,HOLD,HOLD,True,EVIDENCE_ROOT_INVALID,2.1182
snapshot_timestamp_tamper,142,HOLD,HOLD,True,EVIDENCE_ROOT_INVALID,1.8626
snapshot_timestamp_tamper,143,HOLD,HOLD,True,EVIDENCE_ROOT_INVALID,1.8042
snapshot_timestamp_tamper,144,HOLD,HOLD,True,EVIDENCE_ROOT_INVALID,1.8375
snapshot_timestamp_tamper,145,HOLD,HOLD,True,EVIDENCE_ROOT_INVALID,1.8985
snapshot_timestamp_tamper,146,HOLD,HOLD,True,EVIDENCE_ROOT_INVALID,2.4742
snapshot_timestamp_tamper,147,HOLD,HOLD,True,EVIDENCE_ROOT_INVALID,1.837
snapshot_timestamp_tamper,148,HOLD,HOLD,True,EVIDENCE_ROOT_INVALID,1.8454
snapshot_timestamp_tamper,149,HOLD,HOLD,True,EVIDENCE_ROOT_INVALID,1.8569
snapshot_timestamp_tamper,150,HOLD,HOLD,True,EVIDENCE_ROOT_INVALID,1.8764
snapshot_timestamp_tamper,151,HOLD,HOLD,True,EVIDENCE_ROOT_INVALID,1.8263
snapshot_timestamp_tamper,152,HOLD,HOLD,True,EVIDENCE_ROOT_INVALID,1.8632
snapshot_timestamp_tamper,153,HOLD,HOLD,True,EVIDENCE_ROOT_INVALID,2.0042
snapshot_timestamp_tamper,154,HOLD,HOLD,True,EVIDENCE_ROOT_INVALID,1.9075
snapshot_timestamp_tamper,155,HOLD,HOLD,True,EVIDENCE_ROOT_INVALID,1.9501
snapshot_timestamp_tamper,156,HOLD,HOLD,True,EVIDENCE_ROOT_INVALID,1.7816
snapshot_timestamp_tamper,157,HOLD,HOLD,True,EVIDENCE_ROOT_INVALID,1.7416
snapshot_timestamp_tamper,158,HOLD,HOLD,True,EVIDENCE_ROOT_INVALID,1.8354
snapshot_timestamp_tamper,159,HOLD,HOLD,True,EVIDENCE_ROOT_INVALID,1.787
snapshot_timestamp_tamper,160,HOLD,HOLD,True,EVIDENCE_ROOT_INVALID,1.748
snapshot_timestamp_tamper,161,HOLD,HOLD,True,EVIDENCE_ROOT_INVALID,1.779
snapshot_timestamp_tamper,162,HOLD,HOLD,True,EVIDENCE_ROOT_INVALID,2.0625
snapshot_timestamp_tamper,163,HOLD,HOLD,True,EVIDENCE_ROOT_INVALID,1.7576
snapshot_timestamp_tamper,164,HOLD,HOLD,True,EVIDENCE_ROOT_INVALID,1.8873
snapshot_timestamp_tamper,165,HOLD,HOLD,True,EVIDENCE_ROOT_INVALID,1.9201
snapshot_timestamp_tamper,166,HOLD,HOLD,True,EVIDENCE_ROOT_INVALID,1.8353
snapshot_timestamp_tamper,167,HOLD,HOLD,True,EVIDENCE_ROOT_INVALID,1.8494
snapshot_timestamp_tamper,168,HOLD,HOLD,True,EVIDENCE_ROOT_INVALID,1.7862
snapshot_timestamp_tamper,169,HOLD,HOLD,True,EVIDENCE_ROOT_INVALID,1.7717
snapshot_timestamp_tamper,170,HOLD,HOLD,True,EVIDENCE_ROOT_INVALID,1.7479
snapshot_timestamp_tamper,171,HOLD,HOLD,True,EVIDENCE_ROOT_INVALID,1.9848
snapshot_timestamp_tamper,172,HOLD,HOLD,True,EVIDENCE_ROOT_INVALID,1.8121
snapshot_timestamp_tamper,173,HOLD,HOLD,True,EVIDENCE_ROOT_INVALID,1.7647
snapshot_timestamp_tamper,174,HOLD,HOLD,True,EVIDENCE_ROOT_INVALID,1.7335
snapshot_timestamp_tamper,175,HOLD,HOLD,True,EVIDENCE_ROOT_INVALID,2.4016
snapshot_timestamp_tamper,176,HOLD,HOLD,True,EVIDENCE_ROOT_INVALID,1.8436
snapshot_timestamp_tamper,177,HOLD,HOLD,True,EVIDENCE_ROOT_INVALID,1.8149
snapshot_timestamp_tamper,178,HOLD,HOLD,True,EVIDENCE_ROOT_INVALID,1.8116
snapshot_timestamp_tamper,179,HOLD,HOLD,True,EVIDENCE_ROOT_INVALID,1.811
snapshot_timestamp_tamper,180,HOLD,HOLD,True,EVIDENCE_ROOT_INVALID,2.0311
snapshot_timestamp_tamper,181,HOLD,HOLD,True,EVIDENCE_ROOT_INVALID,1.8227
snapshot_timestamp_tamper,182,HOLD,HOLD,True,EVIDENCE_ROOT_INVALID,1.8288
snapshot_timestamp_tamper,183,HOLD,HOLD,True,EVIDENCE_ROOT_INVALID,1.7497
snapshot_timestamp_tamper,184,HOLD,HOLD,True,EVIDENCE_ROOT_INVALID,1.8339
snapshot_timestamp_tamper,185,HOLD,HOLD,True,EVIDENCE_ROOT_INVALID,1.7818
snapshot_timestamp_tamper,186,HOLD,HOLD,True,EVIDENCE_ROOT_INVALID,1.7487
snapshot_timestamp_tamper,187,HOLD,HOLD,True,EVIDENCE_ROOT_INVALID,1.9167
snapshot_timestamp_tamper,188,HOLD,HOLD,True,EVIDENCE_ROOT_INVALID,2.5083
snapshot_timestamp_tamper,189,HOLD,HOLD,True,EVIDENCE_ROOT_INVALID,1.7455
snapshot_timestamp_tamper,190,HOLD,HOLD,True,EVIDENCE_ROOT_INVALID,1.7136
snapshot_timestamp_tamper,191,HOLD,HOLD,True,EVIDENCE_ROOT_INVALID,1.6755
snapshot_timestamp_tamper,192,HOLD,HOLD,True,EVIDENCE_ROOT_INVALID,2.2975
snapshot_timestamp_tamper,193,HOLD,HOLD,True,EVIDENCE_ROOT_INVALID,1.6937
snapshot_timestamp_tamper,194,HOLD,HOLD,True,EVIDENCE_ROOT_INVALID,1.6698
snapshot_timestamp_tamper,195,HOLD,HOLD,True,EVIDENCE_ROOT_INVALID,1.7126
snapshot_timestamp_tamper,196,HOLD,HOLD,True,EVIDENCE_ROOT_INVALID,1.8083
snapshot_timestamp_tamper,197,HOLD,HOLD,True,EVIDENCE_ROOT_INVALID,2.1568
snapshot_timestamp_tamper,198,HOLD,HOLD,True,EVIDENCE_ROOT_INVALID,1.7483
snapshot_timestamp_tamper,199,HOLD,HOLD,True,EVIDENCE_ROOT_INVALID,1.753
snapshot_timestamp_tamper,200,HOLD,HOLD,True,EVIDENCE_ROOT_INVALID,1.8082
record_source_tamper,1,HOLD,HOLD,True,CRITICAL_CLEARANCE_SIMULATED|EVIDENCE_ROOT_INVALID|EVIDENCE_SIMULATED|RECORD_ENVELOPE_INVALID,2.3626
record_source_tamper,2,HOLD,HOLD,True,CRITICAL_CLEARANCE_SIMULATED|EVIDENCE_ROOT_INVALID|EVIDENCE_SIMULATED|RECORD_ENVELOPE_INVALID,1.949
record_source_tamper,3,HOLD,HOLD,True,CRITICAL_CLEARANCE_SIMULATED|EVIDENCE_ROOT_INVALID|EVIDENCE_SIMULATED|RECORD_ENVELOPE_INVALID,1.796
record_source_tamper,4,HOLD,HOLD,True,CRITICAL_CLEARANCE_SIMULATED|EVIDENCE_ROOT_INVALID|EVIDENCE_SIMULATED|RECORD_ENVELOPE_INVALID,2.2558
record_source_tamper,5,HOLD,HOLD,True,CRITICAL_CLEARANCE_SIMULATED|EVIDENCE_ROOT_INVALID|EVIDENCE_SIMULATED|RECORD_ENVELOPE_INVALID,2.1027
record_source_tamper,6,HOLD,HOLD,True,CRITICAL_CLEARANCE_SIMULATED|EVIDENCE_ROOT_INVALID|EVIDENCE_SIMULATED|RECORD_ENVELOPE_INVALID,1.6545
record_source_tamper,7,HOLD,HOLD,True,CRITICAL_CLEARANCE_SIMULATED|EVIDENCE_ROOT_INVALID|EVIDENCE_SIMULATED|RECORD_ENVELOPE_INVALID,1.821
record_source_tamper,8,HOLD,HOLD,True,CRITICAL_CLEARANCE_SIMULATED|EVIDENCE_ROOT_INVALID|EVIDENCE_SIMULATED|RECORD_ENVELOPE_INVALID,1.7885
record_source_tamper,9,HOLD,HOLD,True,CRITICAL_CLEARANCE_SIMULATED|EVIDENCE_ROOT_INVALID|EVIDENCE_SIMULATED|RECORD_ENVELOPE_INVALID,2.6623
record_source_tamper,10,HOLD,HOLD,True,CRITICAL_CLEARANCE_SIMULATED|EVIDENCE_ROOT_INVALID|EVIDENCE_SIMULATED|RECORD_ENVELOPE_INVALID,1.8722
record_source_tamper,11,HOLD,HOLD,True,CRITICAL_CLEARANCE_SIMULATED|EVIDENCE_ROOT_INVALID|EVIDENCE_SIMULATED|RECORD_ENVELOPE_INVALID,1.8585
record_source_tamper,12,HOLD,HOLD,True,CRITICAL_CLEARANCE_SIMULATED|EVIDENCE_ROOT_INVALID|EVIDENCE_SIMULATED|RECORD_ENVELOPE_INVALID,1.8563
record_source_tamper,13,HOLD,HOLD,True,CRITICAL_CLEARANCE_SIMULATED|EVIDENCE_ROOT_INVALID|EVIDENCE_SIMULATED|RECORD_ENVELOPE_INVALID,1.7896
record_source_tamper,14,HOLD,HOLD,True,CRITICAL_CLEARANCE_SIMULATED|EVIDENCE_ROOT_INVALID|EVIDENCE_SIMULATED|RECORD_ENVELOPE_INVALID,1.8511
record_source_tamper,15,HOLD,HOLD,True,CRITICAL_CLEARANCE_SIMULATED|EVIDENCE_ROOT_INVALID|EVIDENCE_SIMULATED|RECORD_ENVELOPE_INVALID,1.9554
record_source_tamper,16,HOLD,HOLD,True,CRITICAL_CLEARANCE_SIMULATED|EVIDENCE_ROOT_INVALID|EVIDENCE_SIMULATED|RECORD_ENVELOPE_INVALID,1.6464
record_source_tamper,17,HOLD,HOLD,True,CRITICAL_CLEARANCE_SIMULATED|EVIDENCE_ROOT_INVALID|EVIDENCE_SIMULATED|RECORD_ENVELOPE_INVALID,1.7929
record_source_tamper,18,HOLD,HOLD,True,CRITICAL_CLEARANCE_SIMULATED|EVIDENCE_ROOT_INVALID|EVIDENCE_SIMULATED|RECORD_ENVELOPE_INVALID,2.6845
record_source_tamper,19,HOLD,HOLD,True,CRITICAL_CLEARANCE_SIMULATED|EVIDENCE_ROOT_INVALID|EVIDENCE_SIMULATED|RECORD_ENVELOPE_INVALID,1.8165
record_source_tamper,20,HOLD,HOLD,True,CRITICAL_CLEARANCE_SIMULATED|EVIDENCE_ROOT_INVALID|EVIDENCE_SIMULATED|RECORD_ENVELOPE_INVALID,1.7478
record_source_tamper,21,HOLD,HOLD,True,CRITICAL_CLEARANCE_SIMULATED|EVIDENCE_ROOT_INVALID|EVIDENCE_SIMULATED|RECORD_ENVELOPE_INVALID,1.7612
record_source_tamper,22,HOLD,HOLD,True,CRITICAL_CLEARANCE_SIMULATED|EVIDENCE_ROOT_INVALID|EVIDENCE_SIMULATED|RECORD_ENVELOPE_INVALID,1.8932
record_source_tamper,23,HOLD,HOLD,True,CRITICAL_CLEARANCE_SIMULATED|EVIDENCE_ROOT_INVALID|EVIDENCE_SIMULATED|RECORD_ENVELOPE_INVALID,1.7732
record_source_tamper,24,HOLD,HOLD,True,CRITICAL_CLEARANCE_SIMULATED|EVIDENCE_ROOT_INVALID|EVIDENCE_SIMULATED|RECORD_ENVELOPE_INVALID,1.847
record_source_tamper,25,HOLD,HOLD,True,CRITICAL_CLEARANCE_SIMULATED|EVIDENCE_ROOT_INVALID|EVIDENCE_SIMULATED|RECORD_ENVELOPE_INVALID,1.7548
record_source_tamper,26,HOLD,HOLD,True,CRITICAL_CLEARANCE_SIMULATED|EVIDENCE_ROOT_INVALID|EVIDENCE_SIMULATED|RECORD_ENVELOPE_INVALID,2.1538
record_source_tamper,27,HOLD,HOLD,True,CRITICAL_CLEARANCE_SIMULATED|EVIDENCE_ROOT_INVALID|EVIDENCE_SIMULATED|RECORD_ENVELOPE_INVALID,1.9115
record_source_tamper,28,HOLD,HOLD,True,CRITICAL_CLEARANCE_SIMULATED|EVIDENCE_ROOT_INVALID|EVIDENCE_SIMULATED|RECORD_ENVELOPE_INVALID,1.752
record_source_tamper,29,HOLD,HOLD,True,CRITICAL_CLEARANCE_SIMULATED|EVIDENCE_ROOT_INVALID|EVIDENCE_SIMULATED|RECORD_ENVELOPE_INVALID,1.8685
record_source_tamper,30,HOLD,HOLD,True,CRITICAL_CLEARANCE_SIMULATED|EVIDENCE_ROOT_INVALID|EVIDENCE_SIMULATED|RECORD_ENVELOPE_INVALID,1.9433
record_source_tamper,31,HOLD,HOLD,True,CRITICAL_CLEARANCE_SIMULATED|EVIDENCE_ROOT_INVALID|EVIDENCE_SIMULATED|RECORD_ENVELOPE_INVALID,1.7468
record_source_tamper,32,HOLD,HOLD,True,CRITICAL_CLEARANCE_SIMULATED|EVIDENCE_ROOT_INVALID|EVIDENCE_SIMULATED|RECORD_ENVELOPE_INVALID,1.7942
record_source_tamper,33,HOLD,HOLD,True,CRITICAL_CLEARANCE_SIMULATED|EVIDENCE_ROOT_INVALID|EVIDENCE_SIMULATED|RECORD_ENVELOPE_INVALID,1.6703
record_source_tamper,34,HOLD,HOLD,True,CRITICAL_CLEARANCE_SIMULATED|EVIDENCE_ROOT_INVALID|EVIDENCE_SIMULATED|RECORD_ENVELOPE_INVALID,1.8278
record_source_tamper,35,HOLD,HOLD,True,CRITICAL_CLEARANCE_SIMULATED|EVIDENCE_ROOT_INVALID|EVIDENCE_SIMULATED|RECORD_ENVELOPE_INVALID,2.0474
record_source_tamper,36,HOLD,HOLD,True,CRITICAL_CLEARANCE_SIMULATED|EVIDENCE_ROOT_INVALID|EVIDENCE_SIMULATED|RECORD_ENVELOPE_INVALID,1.8141
record_source_tamper,37,HOLD,HOLD,True,CRITICAL_CLEARANCE_SIMULATED|EVIDENCE_ROOT_INVALID|EVIDENCE_SIMULATED|RECORD_ENVELOPE_INVALID,1.8006
record_source_tamper,38,HOLD,HOLD,True,CRITICAL_CLEARANCE_SIMULATED|EVIDENCE_ROOT_INVALID|EVIDENCE_SIMULATED|RECORD_ENVELOPE_INVALID,1.6411
record_source_tamper,39,HOLD,HOLD,True,CRITICAL_CLEARANCE_SIMULATED|EVIDENCE_ROOT_INVALID|EVIDENCE_SIMULATED|RECORD_ENVELOPE_INVALID,1.8893
record_source_tamper,40,HOLD,HOLD,True,CRITICAL_CLEARANCE_SIMULATED|EVIDENCE_ROOT_INVALID|EVIDENCE_SIMULATED|RECORD_ENVELOPE_INVALID,1.828
record_source_tamper,41,HOLD,HOLD,True,CRITICAL_CLEARANCE_SIMULATED|EVIDENCE_ROOT_INVALID|EVIDENCE_SIMULATED|RECORD_ENVELOPE_INVALID,1.7305
record_source_tamper,42,HOLD,HOLD,True,CRITICAL_CLEARANCE_SIMULATED|EVIDENCE_ROOT_INVALID|EVIDENCE_SIMULATED|RECORD_ENVELOPE_INVALID,2.1493
record_source_tamper,43,HOLD,HOLD,True,CRITICAL_CLEARANCE_SIMULATED|EVIDENCE_ROOT_INVALID|EVIDENCE_SIMULATED|RECORD_ENVELOPE_INVALID,1.8017
record_source_tamper,44,HOLD,HOLD,True,CRITICAL_CLEARANCE_SIMULATED|EVIDENCE_ROOT_INVALID|EVIDENCE_SIMULATED|RECORD_ENVELOPE_INVALID,1.7392
record_source_tamper,45,HOLD,HOLD,True,CRITICAL_CLEARANCE_SIMULATED|EVIDENCE_ROOT_INVALID|EVIDENCE_SIMULATED|RECORD_ENVELOPE_INVALID,1.743
record_source_tamper,46,HOLD,HOLD,True,CRITICAL_CLEARANCE_SIMULATED|EVIDENCE_ROOT_INVALID|EVIDENCE_SIMULATED|RECORD_ENVELOPE_INVALID,1.7856
record_source_tamper,47,HOLD,HOLD,True,CRITICAL_CLEARANCE_SIMULATED|EVIDENCE_ROOT_INVALID|EVIDENCE_SIMULATED|RECORD_ENVELOPE_INVALID,2.5553
record_source_tamper,48,HOLD,HOLD,True,CRITICAL_CLEARANCE_SIMULATED|EVIDENCE_ROOT_INVALID|EVIDENCE_SIMULATED|RECORD_ENVELOPE_INVALID,1.8319
record_source_tamper,49,HOLD,HOLD,True,CRITICAL_CLEARANCE_SIMULATED|EVIDENCE_ROOT_INVALID|EVIDENCE_SIMULATED|RECORD_ENVELOPE_INVALID,1.7392
record_source_tamper,50,HOLD,HOLD,True,CRITICAL_CLEARANCE_SIMULATED|EVIDENCE_ROOT_INVALID|EVIDENCE_SIMULATED|RECORD_ENVELOPE_INVALID,1.7812
record_source_tamper,51,HOLD,HOLD,True,CRITICAL_CLEARANCE_SIMULATED|EVIDENCE_ROOT_INVALID|EVIDENCE_SIMULATED|RECORD_ENVELOPE_INVALID,2.0086
record_source_tamper,52,HOLD,HOLD,True,CRITICAL_CLEARANCE_SIMULATED|EVIDENCE_ROOT_INVALID|EVIDENCE_SIMULATED|RECORD_ENVELOPE_INVALID,1.9413
record_source_tamper,53,HOLD,HOLD,True,CRITICAL_CLEARANCE_SIMULATED|EVIDENCE_ROOT_INVALID|EVIDENCE_SIMULATED|RECORD_ENVELOPE_INVALID,1.8154
record_source_tamper,54,HOLD,HOLD,True,CRITICAL_CLEARANCE_SIMULATED|EVIDENCE_ROOT_INVALID|EVIDENCE_SIMULATED|RECORD_ENVELOPE_INVALID,1.8148
record_source_tamper,55,HOLD,HOLD,True,CRITICAL_CLEARANCE_SIMULATED|EVIDENCE_ROOT_INVALID|EVIDENCE_SIMULATED|RECORD_ENVELOPE_INVALID,1.9988
record_source_tamper,56,HOLD,HOLD,True,CRITICAL_CLEARANCE_SIMULATED|EVIDENCE_ROOT_INVALID|EVIDENCE_SIMULATED|RECORD_ENVELOPE_INVALID,1.7983
record_source_tamper,57,HOLD,HOLD,True,CRITICAL_CLEARANCE_SIMULATED|EVIDENCE_ROOT_INVALID|EVIDENCE_SIMULATED|RECORD_ENVELOPE_INVALID,1.8206
record_source_tamper,58,HOLD,HOLD,True,CRITICAL_CLEARANCE_SIMULATED|EVIDENCE_ROOT_INVALID|EVIDENCE_SIMULATED|RECORD_ENVELOPE_INVALID,1.8506
record_source_tamper,59,HOLD,HOLD,True,CRITICAL_CLEARANCE_SIMULATED|EVIDENCE_ROOT_INVALID|EVIDENCE_SIMULATED|RECORD_ENVELOPE_INVALID,1.7967
record_source_tamper,60,HOLD,HOLD,True,CRITICAL_CLEARANCE_SIMULATED|EVIDENCE_ROOT_INVALID|EVIDENCE_SIMULATED|RECORD_ENVELOPE_INVALID,1.9749
record_source_tamper,61,HOLD,HOLD,True,CRITICAL_CLEARANCE_SIMULATED|EVIDENCE_ROOT_INVALID|EVIDENCE_SIMULATED|RECORD_ENVELOPE_INVALID,2.0086
record_source_tamper,62,HOLD,HOLD,True,CRITICAL_CLEARANCE_SIMULATED|EVIDENCE_ROOT_INVALID|EVIDENCE_SIMULATED|RECORD_ENVELOPE_INVALID,1.8311
record_source_tamper,63,HOLD,HOLD,True,CRITICAL_CLEARANCE_SIMULATED|EVIDENCE_ROOT_INVALID|EVIDENCE_SIMULATED|RECORD_ENVELOPE_INVALID,1.6997
record_source_tamper,64,HOLD,HOLD,True,CRITICAL_CLEARANCE_SIMULATED|EVIDENCE_ROOT_INVALID|EVIDENCE_SIMULATED|RECORD_ENVELOPE_INVALID,1.8774
record_source_tamper,65,HOLD,HOLD,True,CRITICAL_CLEARANCE_SIMULATED|EVIDENCE_ROOT_INVALID|EVIDENCE_SIMULATED|RECORD_ENVELOPE_INVALID,1.815
record_source_tamper,66,HOLD,HOLD,True,CRITICAL_CLEARANCE_SIMULATED|EVIDENCE_ROOT_INVALID|EVIDENCE_SIMULATED|RECORD_ENVELOPE_INVALID,1.9022
record_source_tamper,67,HOLD,HOLD,True,CRITICAL_CLEARANCE_SIMULATED|EVIDENCE_ROOT_INVALID|EVIDENCE_SIMULATED|RECORD_ENVELOPE_INVALID,1.88
record_source_tamper,68,HOLD,HOLD,True,CRITICAL_CLEARANCE_SIMULATED|EVIDENCE_ROOT_INVALID|EVIDENCE_SIMULATED|RECORD_ENVELOPE_INVALID,2.2855
record_source_tamper,69,HOLD,HOLD,True,CRITICAL_CLEARANCE_SIMULATED|EVIDENCE_ROOT_INVALID|EVIDENCE_SIMULATED|RECORD_ENVELOPE_INVALID,1.8164
record_source_tamper,70,HOLD,HOLD,True,CRITICAL_CLEARANCE_SIMULATED|EVIDENCE_ROOT_INVALID|EVIDENCE_SIMULATED|RECORD_ENVELOPE_INVALID,2.9694
record_source_tamper,71,HOLD,HOLD,True,CRITICAL_CLEARANCE_SIMULATED|EVIDENCE_ROOT_INVALID|EVIDENCE_SIMULATED|RECORD_ENVELOPE_INVALID,1.844
record_source_tamper,72,HOLD,HOLD,True,CRITICAL_CLEARANCE_SIMULATED|EVIDENCE_ROOT_INVALID|EVIDENCE_SIMULATED|RECORD_ENVELOPE_INVALID,1.9376
record_source_tamper,73,HOLD,HOLD,True,CRITICAL_CLEARANCE_SIMULATED|EVIDENCE_ROOT_INVALID|EVIDENCE_SIMULATED|RECORD_ENVELOPE_INVALID,1.7767
record_source_tamper,74,HOLD,HOLD,True,CRITICAL_CLEARANCE_SIMULATED|EVIDENCE_ROOT_INVALID|EVIDENCE_SIMULATED|RECORD_ENVELOPE_INVALID,1.8175
record_source_tamper,75,HOLD,HOLD,True,CRITICAL_CLEARANCE_SIMULATED|EVIDENCE_ROOT_INVALID|EVIDENCE_SIMULATED|RECORD_ENVELOPE_INVALID,1.7809
record_source_tamper,76,HOLD,HOLD,True,CRITICAL_CLEARANCE_SIMULATED|EVIDENCE_ROOT_INVALID|EVIDENCE_SIMULATED|RECORD_ENVELOPE_INVALID,1.891
record_source_tamper,77,HOLD,HOLD,True,CRITICAL_CLEARANCE_SIMULATED|EVIDENCE_ROOT_INVALID|EVIDENCE_SIMULATED|RECORD_ENVELOPE_INVALID,2.1381
record_source_tamper,78,HOLD,HOLD,True,CRITICAL_CLEARANCE_SIMULATED|EVIDENCE_ROOT_INVALID|EVIDENCE_SIMULATED|RECORD_ENVELOPE_INVALID,1.9104
record_source_tamper,79,HOLD,HOLD,True,CRITICAL_CLEARANCE_SIMULATED|EVIDENCE_ROOT_INVALID|EVIDENCE_SIMULATED|RECORD_ENVELOPE_INVALID,1.8586
record_source_tamper,80,HOLD,HOLD,True,CRITICAL_CLEARANCE_SIMULATED|EVIDENCE_ROOT_INVALID|EVIDENCE_SIMULATED|RECORD_ENVELOPE_INVALID,4.3713
record_source_tamper,81,HOLD,HOLD,True,CRITICAL_CLEARANCE_SIMULATED|EVIDENCE_ROOT_INVALID|EVIDENCE_SIMULATED|RECORD_ENVELOPE_INVALID,2.0061
record_source_tamper,82,HOLD,HOLD,True,CRITICAL_CLEARANCE_SIMULATED|EVIDENCE_ROOT_INVALID|EVIDENCE_SIMULATED|RECORD_ENVELOPE_INVALID,1.8309
record_source_tamper,83,HOLD,HOLD,True,CRITICAL_CLEARANCE_SIMULATED|EVIDENCE_ROOT_INVALID|EVIDENCE_SIMULATED|RECORD_ENVELOPE_INVALID,1.9716
record_source_tamper,84,HOLD,HOLD,True,CRITICAL_CLEARANCE_SIMULATED|EVIDENCE_ROOT_INVALID|EVIDENCE_SIMULATED|RECORD_ENVELOPE_INVALID,2.018
record_source_tamper,85,HOLD,HOLD,True,CRITICAL_CLEARANCE_SIMULATED|EVIDENCE_ROOT_INVALID|EVIDENCE_SIMULATED|RECORD_ENVELOPE_INVALID,2.0338
record_source_tamper,86,HOLD,HOLD,True,CRITICAL_CLEARANCE_SIMULATED|EVIDENCE_ROOT_INVALID|EVIDENCE_SIMULATED|RECORD_ENVELOPE_INVALID,1.8923
record_source_tamper,87,HOLD,HOLD,True,CRITICAL_CLEARANCE_SIMULATED|EVIDENCE_ROOT_INVALID|EVIDENCE_SIMULATED|RECORD_ENVELOPE_INVALID,1.8251
record_source_tamper,88,HOLD,HOLD,True,CRITICAL_CLEARANCE_SIMULATED|EVIDENCE_ROOT_INVALID|EVIDENCE_SIMULATED|RECORD_ENVELOPE_INVALID,1.8546
record_source_tamper,89,HOLD,HOLD,True,CRITICAL_CLEARANCE_SIMULATED|EVIDENCE_ROOT_INVALID|EVIDENCE_SIMULATED|RECORD_ENVELOPE_INVALID,1.8294
record_source_tamper,90,HOLD,HOLD,True,CRITICAL_CLEARANCE_SIMULATED|EVIDENCE_ROOT_INVALID|EVIDENCE_SIMULATED|RECORD_ENVELOPE_INVALID,1.8228
record_source_tamper,91,HOLD,HOLD,True,CRITICAL_CLEARANCE_SIMULATED|EVIDENCE_ROOT_INVALID|EVIDENCE_SIMULATED|RECORD_ENVELOPE_INVALID,1.8441
record_source_tamper,92,HOLD,HOLD,True,CRITICAL_CLEARANCE_SIMULATED|EVIDENCE_ROOT_INVALID|EVIDENCE_SIMULATED|RECORD_ENVELOPE_INVALID,2.0105
record_source_tamper,93,HOLD,HOLD,True,CRITICAL_CLEARANCE_SIMULATED|EVIDENCE_ROOT_INVALID|EVIDENCE_SIMULATED|RECORD_ENVELOPE_INVALID,1.9963
record_source_tamper,94,HOLD,HOLD,True,CRITICAL_CLEARANCE_SIMULATED|EVIDENCE_ROOT_INVALID|EVIDENCE_SIMULATED|RECORD_ENVELOPE_INVALID,1.9984
record_source_tamper,95,HOLD,HOLD,True,CRITICAL_CLEARANCE_SIMULATED|EVIDENCE_ROOT_INVALID|EVIDENCE_SIMULATED|RECORD_ENVELOPE_INVALID,3.7446
record_source_tamper,96,HOLD,HOLD,True,CRITICAL_CLEARANCE_SIMULATED|EVIDENCE_ROOT_INVALID|EVIDENCE_SIMULATED|RECORD_ENVELOPE_INVALID,1.9611
record_source_tamper,97,HOLD,HOLD,True,CRITICAL_CLEARANCE_SIMULATED|EVIDENCE_ROOT_INVALID|EVIDENCE_SIMULATED|RECORD_ENVELOPE_INVALID,2.0232
record_source_tamper,98,HOLD,HOLD,True,CRITICAL_CLEARANCE_SIMULATED|EVIDENCE_ROOT_INVALID|EVIDENCE_SIMULATED|RECORD_ENVELOPE_INVALID,1.8397
record_source_tamper,99,HOLD,HOLD,True,CRITICAL_CLEARANCE_SIMULATED|EVIDENCE_ROOT_INVALID|EVIDENCE_SIMULATED|RECORD_ENVELOPE_INVALID,2.9051
record_source_tamper,100,HOLD,HOLD,True,CRITICAL_CLEARANCE_SIMULATED|EVIDENCE_ROOT_INVALID|EVIDENCE_SIMULATED|RECORD_ENVELOPE_INVALID,1.9552
record_source_tamper,101,HOLD,HOLD,True,CRITICAL_CLEARANCE_SIMULATED|EVIDENCE_ROOT_INVALID|EVIDENCE_SIMULATED|RECORD_ENVELOPE_INVALID,1.9535
record_source_tamper,102,HOLD,HOLD,True,CRITICAL_CLEARANCE_SIMULATED|EVIDENCE_ROOT_INVALID|EVIDENCE_SIMULATED|RECORD_ENVELOPE_INVALID,2.4964
record_source_tamper,103,HOLD,HOLD,True,CRITICAL_CLEARANCE_SIMULATED|EVIDENCE_ROOT_INVALID|EVIDENCE_SIMULATED|RECORD_ENVELOPE_INVALID,1.792
record_source_tamper,104,HOLD,HOLD,True,CRITICAL_CLEARANCE_SIMULATED|EVIDENCE_ROOT_INVALID|EVIDENCE_SIMULATED|RECORD_ENVELOPE_INVALID,1.8475
record_source_tamper,105,HOLD,HOLD,True,CRITICAL_CLEARANCE_SIMULATED|EVIDENCE_ROOT_INVALID|EVIDENCE_SIMULATED|RECORD_ENVELOPE_INVALID,1.8752
record_source_tamper,106,HOLD,HOLD,True,CRITICAL_CLEARANCE_SIMULATED|EVIDENCE_ROOT_INVALID|EVIDENCE_SIMULATED|RECORD_ENVELOPE_INVALID,1.8215
record_source_tamper,107,HOLD,HOLD,True,CRITICAL_CLEARANCE_SIMULATED|EVIDENCE_ROOT_INVALID|EVIDENCE_SIMULATED|RECORD_ENVELOPE_INVALID,1.875
record_source_tamper,108,HOLD,HOLD,True,CRITICAL_CLEARANCE_SIMULATED|EVIDENCE_ROOT_INVALID|EVIDENCE_SIMULATED|RECORD_ENVELOPE_INVALID,1.8033
record_source_tamper,109,HOLD,HOLD,True,CRITICAL_CLEARANCE_SIMULATED|EVIDENCE_ROOT_INVALID|EVIDENCE_SIMULATED|RECORD_ENVELOPE_INVALID,1.7974
record_source_tamper,110,HOLD,HOLD,True,CRITICAL_CLEARANCE_SIMULATED|EVIDENCE_ROOT_INVALID|EVIDENCE_SIMULATED|RECORD_ENVELOPE_INVALID,1.8766
record_source_tamper,111,HOLD,HOLD,True,CRITICAL_CLEARANCE_SIMULATED|EVIDENCE_ROOT_INVALID|EVIDENCE_SIMULATED|RECORD_ENVELOPE_INVALID,2.3098
record_source_tamper,112,HOLD,HOLD,True,CRITICAL_CLEARANCE_SIMULATED|EVIDENCE_ROOT_INVALID|EVIDENCE_SIMULATED|RECORD_ENVELOPE_INVALID,1.9342
record_source_tamper,113,HOLD,HOLD,True,CRITICAL_CLEARANCE_SIMULATED|EVIDENCE_ROOT_INVALID|EVIDENCE_SIMULATED|RECORD_ENVELOPE_INVALID,1.8379
record_source_tamper,114,HOLD,HOLD,True,CRITICAL_CLEARANCE_SIMULATED|EVIDENCE_ROOT_INVALID|EVIDENCE_SIMULATED|RECORD_ENVELOPE_INVALID,2.032
record_source_tamper,115,HOLD,HOLD,True,CRITICAL_CLEARANCE_SIMULATED|EVIDENCE_ROOT_INVALID|EVIDENCE_SIMULATED|RECORD_ENVELOPE_INVALID,2.5449
record_source_tamper,116,HOLD,HOLD,True,CRITICAL_CLEARANCE_SIMULATED|EVIDENCE_ROOT_INVALID|EVIDENCE_SIMULATED|RECORD_ENVELOPE_INVALID,1.8425
record_source_tamper,117,HOLD,HOLD,True,CRITICAL_CLEARANCE_SIMULATED|EVIDENCE_ROOT_INVALID|EVIDENCE_SIMULATED|RECORD_ENVELOPE_INVALID,1.902
record_source_tamper,118,HOLD,HOLD,True,CRITICAL_CLEARANCE_SIMULATED|EVIDENCE_ROOT_INVALID|EVIDENCE_SIMULATED|RECORD_ENVELOPE_INVALID,1.7803
record_source_tamper,119,HOLD,HOLD,True,CRITICAL_CLEARANCE_SIMULATED|EVIDENCE_ROOT_INVALID|EVIDENCE_SIMULATED|RECORD_ENVELOPE_INVALID,1.7575
record_source_tamper,120,HOLD,HOLD,True,CRITICAL_CLEARANCE_SIMULATED|EVIDENCE_ROOT_INVALID|EVIDENCE_SIMULATED|RECORD_ENVELOPE_INVALID,1.8804
record_source_tamper,121,HOLD,HOLD,True,CRITICAL_CLEARANCE_SIMULATED|EVIDENCE_ROOT_INVALID|EVIDENCE_SIMULATED|RECORD_ENVELOPE_INVALID,1.9442
record_source_tamper,122,HOLD,HOLD,True,CRITICAL_CLEARANCE_SIMULATED|EVIDENCE_ROOT_INVALID|EVIDENCE_SIMULATED|RECORD_ENVELOPE_INVALID,1.7897
record_source_tamper,123,HOLD,HOLD,True,CRITICAL_CLEARANCE_SIMULATED|EVIDENCE_ROOT_INVALID|EVIDENCE_SIMULATED|RECORD_ENVELOPE_INVALID,1.6983
record_source_tamper,124,HOLD,HOLD,True,CRITICAL_CLEARANCE_SIMULATED|EVIDENCE_ROOT_INVALID|EVIDENCE_SIMULATED|RECORD_ENVELOPE_INVALID,1.8463
record_source_tamper,125,HOLD,HOLD,True,CRITICAL_CLEARANCE_SIMULATED|EVIDENCE_ROOT_INVALID|EVIDENCE_SIMULATED|RECORD_ENVELOPE_INVALID,1.8711
record_source_tamper,126,HOLD,HOLD,True,CRITICAL_CLEARANCE_SIMULATED|EVIDENCE_ROOT_INVALID|EVIDENCE_SIMULATED|RECORD_ENVELOPE_INVALID,2.0912
record_source_tamper,127,HOLD,HOLD,True,CRITICAL_CLEARANCE_SIMULATED|EVIDENCE_ROOT_INVALID|EVIDENCE_SIMULATED|RECORD_ENVELOPE_INVALID,1.829
record_source_tamper,128,HOLD,HOLD,True,CRITICAL_CLEARANCE_SIMULATED|EVIDENCE_ROOT_INVALID|EVIDENCE_SIMULATED|RECORD_ENVELOPE_INVALID,1.9455
record_source_tamper,129,HOLD,HOLD,True,CRITICAL_CLEARANCE_SIMULATED|EVIDENCE_ROOT_INVALID|EVIDENCE_SIMULATED|RECORD_ENVELOPE_INVALID,1.8837
record_source_tamper,130,HOLD,HOLD,True,CRITICAL_CLEARANCE_SIMULATED|EVIDENCE_ROOT_INVALID|EVIDENCE_SIMULATED|RECORD_ENVELOPE_INVALID,1.8051
record_source_tamper,131,HOLD,HOLD,True,CRITICAL_CLEARANCE_SIMULATED|EVIDENCE_ROOT_INVALID|EVIDENCE_SIMULATED|RECORD_ENVELOPE_INVALID,1.9179
record_source_tamper,132,HOLD,HOLD,True,CRITICAL_CLEARANCE_SIMULATED|EVIDENCE_ROOT_INVALID|EVIDENCE_SIMULATED|RECORD_ENVELOPE_INVALID,2.4107
record_source_tamper,133,HOLD,HOLD,True,CRITICAL_CLEARANCE_SIMULATED|EVIDENCE_ROOT_INVALID|EVIDENCE_SIMULATED|RECORD_ENVELOPE_INVALID,2.2866
record_source_tamper,134,HOLD,HOLD,True,CRITICAL_CLEARANCE_SIMULATED|EVIDENCE_ROOT_INVALID|EVIDENCE_SIMULATED|RECORD_ENVELOPE_INVALID,1.8244
record_source_tamper,135,HOLD,HOLD,True,CRITICAL_CLEARANCE_SIMULATED|EVIDENCE_ROOT_INVALID|EVIDENCE_SIMULATED|RECORD_ENVELOPE_INVALID,1.7429
record_source_tamper,136,HOLD,HOLD,True,CRITICAL_CLEARANCE_SIMULATED|EVIDENCE_ROOT_INVALID|EVIDENCE_SIMULATED|RECORD_ENVELOPE_INVALID,1.9485
record_source_tamper,137,HOLD,HOLD,True,CRITICAL_CLEARANCE_SIMULATED|EVIDENCE_ROOT_INVALID|EVIDENCE_SIMULATED|RECORD_ENVELOPE_INVALID,2.2437
record_source_tamper,138,HOLD,HOLD,True,CRITICAL_CLEARANCE_SIMULATED|EVIDENCE_ROOT_INVALID|EVIDENCE_SIMULATED|RECORD_ENVELOPE_INVALID,1.7597
record_source_tamper,139,HOLD,HOLD,True,CRITICAL_CLEARANCE_SIMULATED|EVIDENCE_ROOT_INVALID|EVIDENCE_SIMULATED|RECORD_ENVELOPE_INVALID,1.8826
record_source_tamper,140,HOLD,HOLD,True,CRITICAL_CLEARANCE_SIMULATED|EVIDENCE_ROOT_INVALID|EVIDENCE_SIMULATED|RECORD_ENVELOPE_INVALID,3.0198
record_source_tamper,141,HOLD,HOLD,True,CRITICAL_CLEARANCE_SIMULATED|EVIDENCE_ROOT_INVALID|EVIDENCE_SIMULATED|RECORD_ENVELOPE_INVALID,3.0457
record_source_tamper,142,HOLD,HOLD,True,CRITICAL_CLEARANCE_SIMULATED|EVIDENCE_ROOT_INVALID|EVIDENCE_SIMULATED|RECORD_ENVELOPE_INVALID,1.7714
record_source_tamper,143,HOLD,HOLD,True,CRITICAL_CLEARANCE_SIMULATED|EVIDENCE_ROOT_INVALID|EVIDENCE_SIMULATED|RECORD_ENVELOPE_INVALID,1.7779
record_source_tamper,144,HOLD,HOLD,True,CRITICAL_CLEARANCE_SIMULATED|EVIDENCE_ROOT_INVALID|EVIDENCE_SIMULATED|RECORD_ENVELOPE_INVALID,1.6406
record_source_tamper,145,HOLD,HOLD,True,CRITICAL_CLEARANCE_SIMULATED|EVIDENCE_ROOT_INVALID|EVIDENCE_SIMULATED|RECORD_ENVELOPE_INVALID,1.688
record_source_tamper,146,HOLD,HOLD,True,CRITICAL_CLEARANCE_SIMULATED|EVIDENCE_ROOT_INVALID|EVIDENCE_SIMULATED|RECORD_ENVELOPE_INVALID,1.7113
record_source_tamper,147,HOLD,HOLD,True,CRITICAL_CLEARANCE_SIMULATED|EVIDENCE_ROOT_INVALID|EVIDENCE_SIMULATED|RECORD_ENVELOPE_INVALID,1.9223
record_source_tamper,148,HOLD,HOLD,True,CRITICAL_CLEARANCE_SIMULATED|EVIDENCE_ROOT_INVALID|EVIDENCE_SIMULATED|RECORD_ENVELOPE_INVALID,1.802
record_source_tamper,149,HOLD,HOLD,True,CRITICAL_CLEARANCE_SIMULATED|EVIDENCE_ROOT_INVALID|EVIDENCE_SIMULATED|RECORD_ENVELOPE_INVALID,1.6435
record_source_tamper,150,HOLD,HOLD,True,CRITICAL_CLEARANCE_SIMULATED|EVIDENCE_ROOT_INVALID|EVIDENCE_SIMULATED|RECORD_ENVELOPE_INVALID,1.694
record_source_tamper,151,HOLD,HOLD,True,CRITICAL_CLEARANCE_SIMULATED|EVIDENCE_ROOT_INVALID|EVIDENCE_SIMULATED|RECORD_ENVELOPE_INVALID,2.706
record_source_tamper,152,HOLD,HOLD,True,CRITICAL_CLEARANCE_SIMULATED|EVIDENCE_ROOT_INVALID|EVIDENCE_SIMULATED|RECORD_ENVELOPE_INVALID,1.9814
record_source_tamper,153,HOLD,HOLD,True,CRITICAL_CLEARANCE_SIMULATED|EVIDENCE_ROOT_INVALID|EVIDENCE_SIMULATED|RECORD_ENVELOPE_INVALID,1.7499
record_source_tamper,154,HOLD,HOLD,True,CRITICAL_CLEARANCE_SIMULATED|EVIDENCE_ROOT_INVALID|EVIDENCE_SIMULATED|RECORD_ENVELOPE_INVALID,1.7784
record_source_tamper,155,HOLD,HOLD,True,CRITICAL_CLEARANCE_SIMULATED|EVIDENCE_ROOT_INVALID|EVIDENCE_SIMULATED|RECORD_ENVELOPE_INVALID,2.9087
record_source_tamper,156,HOLD,HOLD,True,CRITICAL_CLEARANCE_SIMULATED|EVIDENCE_ROOT_INVALID|EVIDENCE_SIMULATED|RECORD_ENVELOPE_INVALID,1.6677
record_source_tamper,157,HOLD,HOLD,True,CRITICAL_CLEARANCE_SIMULATED|EVIDENCE_ROOT_INVALID|EVIDENCE_SIMULATED|RECORD_ENVELOPE_INVALID,1.6611
record_source_tamper,158,HOLD,HOLD,True,CRITICAL_CLEARANCE_SIMULATED|EVIDENCE_ROOT_INVALID|EVIDENCE_SIMULATED|RECORD_ENVELOPE_INVALID,1.7622
record_source_tamper,159,HOLD,HOLD,True,CRITICAL_CLEARANCE_SIMULATED|EVIDENCE_ROOT_INVALID|EVIDENCE_SIMULATED|RECORD_ENVELOPE_INVALID,2.7695
record_source_tamper,160,HOLD,HOLD,True,CRITICAL_CLEARANCE_SIMULATED|EVIDENCE_ROOT_INVALID|EVIDENCE_SIMULATED|RECORD_ENVELOPE_INVALID,1.8028
record_source_tamper,161,HOLD,HOLD,True,CRITICAL_CLEARANCE_SIMULATED|EVIDENCE_ROOT_INVALID|EVIDENCE_SIMULATED|RECORD_ENVELOPE_INVALID,1.8943
record_source_tamper,162,HOLD,HOLD,True,CRITICAL_CLEARANCE_SIMULATED|EVIDENCE_ROOT_INVALID|EVIDENCE_SIMULATED|RECORD_ENVELOPE_INVALID,2.1393
record_source_tamper,163,HOLD,HOLD,True,CRITICAL_CLEARANCE_SIMULATED|EVIDENCE_ROOT_INVALID|EVIDENCE_SIMULATED|RECORD_ENVELOPE_INVALID,2.5843
record_source_tamper,164,HOLD,HOLD,True,CRITICAL_CLEARANCE_SIMULATED|EVIDENCE_ROOT_INVALID|EVIDENCE_SIMULATED|RECORD_ENVELOPE_INVALID,1.8575
record_source_tamper,165,HOLD,HOLD,True,CRITICAL_CLEARANCE_SIMULATED|EVIDENCE_ROOT_INVALID|EVIDENCE_SIMULATED|RECORD_ENVELOPE_INVALID,1.6184
record_source_tamper,166,HOLD,HOLD,True,CRITICAL_CLEARANCE_SIMULATED|EVIDENCE_ROOT_INVALID|EVIDENCE_SIMULATED|RECORD_ENVELOPE_INVALID,1.8643
record_source_tamper,167,HOLD,HOLD,True,CRITICAL_CLEARANCE_SIMULATED|EVIDENCE_ROOT_INVALID|EVIDENCE_SIMULATED|RECORD_ENVELOPE_INVALID,1.6129
record_source_tamper,168,HOLD,HOLD,True,CRITICAL_CLEARANCE_SIMULATED|EVIDENCE_ROOT_INVALID|EVIDENCE_SIMULATED|RECORD_ENVELOPE_INVALID,1.8014
record_source_tamper,169,HOLD,HOLD,True,CRITICAL_CLEARANCE_SIMULATED|EVIDENCE_ROOT_INVALID|EVIDENCE_SIMULATED|RECORD_ENVELOPE_INVALID,1.6583
record_source_tamper,170,HOLD,HOLD,True,CRITICAL_CLEARANCE_SIMULATED|EVIDENCE_ROOT_INVALID|EVIDENCE_SIMULATED|RECORD_ENVELOPE_INVALID,1.7417
record_source_tamper,171,HOLD,HOLD,True,CRITICAL_CLEARANCE_SIMULATED|EVIDENCE_ROOT_INVALID|EVIDENCE_SIMULATED|RECORD_ENVELOPE_INVALID,1.654
record_source_tamper,172,HOLD,HOLD,True,CRITICAL_CLEARANCE_SIMULATED|EVIDENCE_ROOT_INVALID|EVIDENCE_SIMULATED|RECORD_ENVELOPE_INVALID,3.02
record_source_tamper,173,HOLD,HOLD,True,CRITICAL_CLEARANCE_SIMULATED|EVIDENCE_ROOT_INVALID|EVIDENCE_SIMULATED|RECORD_ENVELOPE_INVALID,1.7155
record_source_tamper,174,HOLD,HOLD,True,CRITICAL_CLEARANCE_SIMULATED|EVIDENCE_ROOT_INVALID|EVIDENCE_SIMULATED|RECORD_ENVELOPE_INVALID,1.8463
record_source_tamper,175,HOLD,HOLD,True,CRITICAL_CLEARANCE_SIMULATED|EVIDENCE_ROOT_INVALID|EVIDENCE_SIMULATED|RECORD_ENVELOPE_INVALID,1.7331
record_source_tamper,176,HOLD,HOLD,True,CRITICAL_CLEARANCE_SIMULATED|EVIDENCE_ROOT_INVALID|EVIDENCE_SIMULATED|RECORD_ENVELOPE_INVALID,3.4394
record_source_tamper,177,HOLD,HOLD,True,CRITICAL_CLEARANCE_SIMULATED|EVIDENCE_ROOT_INVALID|EVIDENCE_SIMULATED|RECORD_ENVELOPE_INVALID,1.7004
record_source_tamper,178,HOLD,HOLD,True,CRITICAL_CLEARANCE_SIMULATED|EVIDENCE_ROOT_INVALID|EVIDENCE_SIMULATED|RECORD_ENVELOPE_INVALID,1.8191
record_source_tamper,179,HOLD,HOLD,True,CRITICAL_CLEARANCE_SIMULATED|EVIDENCE_ROOT_INVALID|EVIDENCE_SIMULATED|RECORD_ENVELOPE_INVALID,1.6445
record_source_tamper,180,HOLD,HOLD,True,CRITICAL_CLEARANCE_SIMULATED|EVIDENCE_ROOT_INVALID|EVIDENCE_SIMULATED|RECORD_ENVELOPE_INVALID,2.8544
record_source_tamper,181,HOLD,HOLD,True,CRITICAL_CLEARANCE_SIMULATED|EVIDENCE_ROOT_INVALID|EVIDENCE_SIMULATED|RECORD_ENVELOPE_INVALID,1.7523
record_source_tamper,182,HOLD,HOLD,True,CRITICAL_CLEARANCE_SIMULATED|EVIDENCE_ROOT_INVALID|EVIDENCE_SIMULATED|RECORD_ENVELOPE_INVALID,1.7176
record_source_tamper,183,HOLD,HOLD,True,CRITICAL_CLEARANCE_SIMULATED|EVIDENCE_ROOT_INVALID|EVIDENCE_SIMULATED|RECORD_ENVELOPE_INVALID,1.6701
record_source_tamper,184,HOLD,HOLD,True,CRITICAL_CLEARANCE_SIMULATED|EVIDENCE_ROOT_INVALID|EVIDENCE_SIMULATED|RECORD_ENVELOPE_INVALID,2.5026
record_source_tamper,185,HOLD,HOLD,True,CRITICAL_CLEARANCE_SIMULATED|EVIDENCE_ROOT_INVALID|EVIDENCE_SIMULATED|RECORD_ENVELOPE_INVALID,1.8273
record_source_tamper,186,HOLD,HOLD,True,CRITICAL_CLEARANCE_SIMULATED|EVIDENCE_ROOT_INVALID|EVIDENCE_SIMULATED|RECORD_ENVELOPE_INVALID,1.8029
record_source_tamper,187,HOLD,HOLD,True,CRITICAL_CLEARANCE_SIMULATED|EVIDENCE_ROOT_INVALID|EVIDENCE_SIMULATED|RECORD_ENVELOPE_INVALID,1.6472
record_source_tamper,188,HOLD,HOLD,True,CRITICAL_CLEARANCE_SIMULATED|EVIDENCE_ROOT_INVALID|EVIDENCE_SIMULATED|RECORD_ENVELOPE_INVALID,1.6604
record_source_tamper,189,HOLD,HOLD,True,CRITICAL_CLEARANCE_SIMULATED|EVIDENCE_ROOT_INVALID|EVIDENCE_SIMULATED|RECORD_ENVELOPE_INVALID,1.8424
record_source_tamper,190,HOLD,HOLD,True,CRITICAL_CLEARANCE_SIMULATED|EVIDENCE_ROOT_INVALID|EVIDENCE_SIMULATED|RECORD_ENVELOPE_INVALID,1.6833
record_source_tamper,191,HOLD,HOLD,True,CRITICAL_CLEARANCE_SIMULATED|EVIDENCE_ROOT_INVALID|EVIDENCE_SIMULATED|RECORD_ENVELOPE_INVALID,1.7059
record_source_tamper,192,HOLD,HOLD,True,CRITICAL_CLEARANCE_SIMULATED|EVIDENCE_ROOT_INVALID|EVIDENCE_SIMULATED|RECORD_ENVELOPE_INVALID,1.7409
record_source_tamper,193,HOLD,HOLD,True,CRITICAL_CLEARANCE_SIMULATED|EVIDENCE_ROOT_INVALID|EVIDENCE_SIMULATED|RECORD_ENVELOPE_INVALID,2.5206
record_source_tamper,194,HOLD,HOLD,True,CRITICAL_CLEARANCE_SIMULATED|EVIDENCE_ROOT_INVALID|EVIDENCE_SIMULATED|RECORD_ENVELOPE_INVALID,1.672
record_source_tamper,195,HOLD,HOLD,True,CRITICAL_CLEARANCE_SIMULATED|EVIDENCE_ROOT_INVALID|EVIDENCE_SIMULATED|RECORD_ENVELOPE_INVALID,1.7061
record_source_tamper,196,HOLD,HOLD,True,CRITICAL_CLEARANCE_SIMULATED|EVIDENCE_ROOT_INVALID|EVIDENCE_SIMULATED|RECORD_ENVELOPE_INVALID,1.6509
record_source_tamper,197,HOLD,HOLD,True,CRITICAL_CLEARANCE_SIMULATED|EVIDENCE_ROOT_INVALID|EVIDENCE_SIMULATED|RECORD_ENVELOPE_INVALID,4.0296
record_source_tamper,198,HOLD,HOLD,True,CRITICAL_CLEARANCE_SIMULATED|EVIDENCE_ROOT_INVALID|EVIDENCE_SIMULATED|RECORD_ENVELOPE_INVALID,1.7005
record_source_tamper,199,HOLD,HOLD,True,CRITICAL_CLEARANCE_SIMULATED|EVIDENCE_ROOT_INVALID|EVIDENCE_SIMULATED|RECORD_ENVELOPE_INVALID,1.8094
record_source_tamper,200,HOLD,HOLD,True,CRITICAL_CLEARANCE_SIMULATED|EVIDENCE_ROOT_INVALID|EVIDENCE_SIMULATED|RECORD_ENVELOPE_INVALID,1.7465
missing_weather_role,1,HOLD,HOLD,True,REQUIRED_ROLE_MISSING,2.4164
missing_weather_role,2,HOLD,HOLD,True,REQUIRED_ROLE_MISSING,1.4845
missing_weather_role,3,HOLD,HOLD,True,REQUIRED_ROLE_MISSING,1.4429
missing_weather_role,4,HOLD,HOLD,True,REQUIRED_ROLE_MISSING,1.4099
missing_weather_role,5,HOLD,HOLD,True,REQUIRED_ROLE_MISSING,1.3493
missing_weather_role,6,HOLD,HOLD,True,REQUIRED_ROLE_MISSING,2.2421
missing_weather_role,7,HOLD,HOLD,True,REQUIRED_ROLE_MISSING,1.4659
missing_weather_role,8,HOLD,HOLD,True,REQUIRED_ROLE_MISSING,1.3547
missing_weather_role,9,HOLD,HOLD,True,REQUIRED_ROLE_MISSING,1.4973
missing_weather_role,10,HOLD,HOLD,True,REQUIRED_ROLE_MISSING,1.3641
missing_weather_role,11,HOLD,HOLD,True,REQUIRED_ROLE_MISSING,1.4393
missing_weather_role,12,HOLD,HOLD,True,REQUIRED_ROLE_MISSING,1.5028
missing_weather_role,13,HOLD,HOLD,True,REQUIRED_ROLE_MISSING,1.3998
missing_weather_role,14,HOLD,HOLD,True,REQUIRED_ROLE_MISSING,1.3408
missing_weather_role,15,HOLD,HOLD,True,REQUIRED_ROLE_MISSING,1.3338
missing_weather_role,16,HOLD,HOLD,True,REQUIRED_ROLE_MISSING,1.3915
missing_weather_role,17,HOLD,HOLD,True,REQUIRED_ROLE_MISSING,1.6068
missing_weather_role,18,HOLD,HOLD,True,REQUIRED_ROLE_MISSING,1.4871
missing_weather_role,19,HOLD,HOLD,True,REQUIRED_ROLE_MISSING,1.3553
missing_weather_role,20,HOLD,HOLD,True,REQUIRED_ROLE_MISSING,1.3832
missing_weather_role,21,HOLD,HOLD,True,REQUIRED_ROLE_MISSING,1.4404
missing_weather_role,22,HOLD,HOLD,True,REQUIRED_ROLE_MISSING,1.6605
missing_weather_role,23,HOLD,HOLD,True,REQUIRED_ROLE_MISSING,1.3973
missing_weather_role,24,HOLD,HOLD,True,REQUIRED_ROLE_MISSING,1.3654
missing_weather_role,25,HOLD,HOLD,True,REQUIRED_ROLE_MISSING,1.4069
missing_weather_role,26,HOLD,HOLD,True,REQUIRED_ROLE_MISSING,1.3593
missing_weather_role,27,HOLD,HOLD,True,REQUIRED_ROLE_MISSING,2.3108
missing_weather_role,28,HOLD,HOLD,True,REQUIRED_ROLE_MISSING,1.5846
missing_weather_role,29,HOLD,HOLD,True,REQUIRED_ROLE_MISSING,1.3997
missing_weather_role,30,HOLD,HOLD,True,REQUIRED_ROLE_MISSING,1.4198
missing_weather_role,31,HOLD,HOLD,True,REQUIRED_ROLE_MISSING,1.3909
missing_weather_role,32,HOLD,HOLD,True,REQUIRED_ROLE_MISSING,2.6675
missing_weather_role,33,HOLD,HOLD,True,REQUIRED_ROLE_MISSING,1.4219
missing_weather_role,34,HOLD,HOLD,True,REQUIRED_ROLE_MISSING,1.3913
missing_weather_role,35,HOLD,HOLD,True,REQUIRED_ROLE_MISSING,1.4431
missing_weather_role,36,HOLD,HOLD,True,REQUIRED_ROLE_MISSING,1.501
missing_weather_role,37,HOLD,HOLD,True,REQUIRED_ROLE_MISSING,1.7419
missing_weather_role,38,HOLD,HOLD,True,REQUIRED_ROLE_MISSING,1.3848
missing_weather_role,39,HOLD,HOLD,True,REQUIRED_ROLE_MISSING,1.4107
missing_weather_role,40,HOLD,HOLD,True,REQUIRED_ROLE_MISSING,1.5058
missing_weather_role,41,HOLD,HOLD,True,REQUIRED_ROLE_MISSING,1.383
missing_weather_role,42,HOLD,HOLD,True,REQUIRED_ROLE_MISSING,2.057
missing_weather_role,43,HOLD,HOLD,True,REQUIRED_ROLE_MISSING,1.4401
missing_weather_role,44,HOLD,HOLD,True,REQUIRED_ROLE_MISSING,1.3909
missing_weather_role,45,HOLD,HOLD,True,REQUIRED_ROLE_MISSING,1.5022
missing_weather_role,46,HOLD,HOLD,True,REQUIRED_ROLE_MISSING,1.5078
missing_weather_role,47,HOLD,HOLD,True,REQUIRED_ROLE_MISSING,1.4209
missing_weather_role,48,HOLD,HOLD,True,REQUIRED_ROLE_MISSING,1.4117
missing_weather_role,49,HOLD,HOLD,True,REQUIRED_ROLE_MISSING,1.4855
missing_weather_role,50,HOLD,HOLD,True,REQUIRED_ROLE_MISSING,1.4271
missing_weather_role,51,HOLD,HOLD,True,REQUIRED_ROLE_MISSING,1.3771
missing_weather_role,52,HOLD,HOLD,True,REQUIRED_ROLE_MISSING,1.4064
missing_weather_role,53,HOLD,HOLD,True,REQUIRED_ROLE_MISSING,1.7349
missing_weather_role,54,HOLD,HOLD,True,REQUIRED_ROLE_MISSING,1.4351
missing_weather_role,55,HOLD,HOLD,True,REQUIRED_ROLE_MISSING,1.4213
missing_weather_role,56,HOLD,HOLD,True,REQUIRED_ROLE_MISSING,1.533
missing_weather_role,57,HOLD,HOLD,True,REQUIRED_ROLE_MISSING,1.4393
missing_weather_role,58,HOLD,HOLD,True,REQUIRED_ROLE_MISSING,1.5745
missing_weather_role,59,HOLD,HOLD,True,REQUIRED_ROLE_MISSING,1.5915
missing_weather_role,60,HOLD,HOLD,True,REQUIRED_ROLE_MISSING,1.6015
missing_weather_role,61,HOLD,HOLD,True,REQUIRED_ROLE_MISSING,1.4641
missing_weather_role,62,HOLD,HOLD,True,REQUIRED_ROLE_MISSING,1.4635
missing_weather_role,63,HOLD,HOLD,True,REQUIRED_ROLE_MISSING,1.4778
missing_weather_role,64,HOLD,HOLD,True,REQUIRED_ROLE_MISSING,1.5558
missing_weather_role,65,HOLD,HOLD,True,REQUIRED_ROLE_MISSING,1.4703
missing_weather_role,66,HOLD,HOLD,True,REQUIRED_ROLE_MISSING,1.4123
missing_weather_role,67,HOLD,HOLD,True,REQUIRED_ROLE_MISSING,1.379
missing_weather_role,68,HOLD,HOLD,True,REQUIRED_ROLE_MISSING,2.151
missing_weather_role,69,HOLD,HOLD,True,REQUIRED_ROLE_MISSING,1.4299
missing_weather_role,70,HOLD,HOLD,True,REQUIRED_ROLE_MISSING,1.3868
missing_weather_role,71,HOLD,HOLD,True,REQUIRED_ROLE_MISSING,1.4791
missing_weather_role,72,HOLD,HOLD,True,REQUIRED_ROLE_MISSING,1.3774
missing_weather_role,73,HOLD,HOLD,True,REQUIRED_ROLE_MISSING,1.999
missing_weather_role,74,HOLD,HOLD,True,REQUIRED_ROLE_MISSING,1.4149
missing_weather_role,75,HOLD,HOLD,True,REQUIRED_ROLE_MISSING,1.3362
missing_weather_role,76,HOLD,HOLD,True,REQUIRED_ROLE_MISSING,1.3797
missing_weather_role,77,HOLD,HOLD,True,REQUIRED_ROLE_MISSING,1.4049
missing_weather_role,78,HOLD,HOLD,True,REQUIRED_ROLE_MISSING,1.3169
missing_weather_role,79,HOLD,HOLD,True,REQUIRED_ROLE_MISSING,2.7291
missing_weather_role,80,HOLD,HOLD,True,REQUIRED_ROLE_MISSING,1.3504
missing_weather_role,81,HOLD,HOLD,True,REQUIRED_ROLE_MISSING,1.3399
missing_weather_role,82,HOLD,HOLD,True,REQUIRED_ROLE_MISSING,1.3457
missing_weather_role,83,HOLD,HOLD,True,REQUIRED_ROLE_MISSING,1.9697
missing_weather_role,84,HOLD,HOLD,True,REQUIRED_ROLE_MISSING,1.4521
missing_weather_role,85,HOLD,HOLD,True,REQUIRED_ROLE_MISSING,1.3831
missing_weather_role,86,HOLD,HOLD,True,REQUIRED_ROLE_MISSING,1.4553
missing_weather_role,87,HOLD,HOLD,True,REQUIRED_ROLE_MISSING,1.3749
missing_weather_role,88,HOLD,HOLD,True,REQUIRED_ROLE_MISSING,1.3727
missing_weather_role,89,HOLD,HOLD,True,REQUIRED_ROLE_MISSING,1.4308
missing_weather_role,90,HOLD,HOLD,True,REQUIRED_ROLE_MISSING,1.3415
missing_weather_role,91,HOLD,HOLD,True,REQUIRED_ROLE_MISSING,1.378
missing_weather_role,92,HOLD,HOLD,True,REQUIRED_ROLE_MISSING,1.4636
missing_weather_role,93,HOLD,HOLD,True,REQUIRED_ROLE_MISSING,1.4239
missing_weather_role,94,HOLD,HOLD,True,REQUIRED_ROLE_MISSING,2.1463
missing_weather_role,95,HOLD,HOLD,True,REQUIRED_ROLE_MISSING,1.3521
missing_weather_role,96,HOLD,HOLD,True,REQUIRED_ROLE_MISSING,1.4163
missing_weather_role,97,HOLD,HOLD,True,REQUIRED_ROLE_MISSING,1.3012
missing_weather_role,98,HOLD,HOLD,True,REQUIRED_ROLE_MISSING,1.446
missing_weather_role,99,HOLD,HOLD,True,REQUIRED_ROLE_MISSING,1.4504
missing_weather_role,100,HOLD,HOLD,True,REQUIRED_ROLE_MISSING,1.4566
missing_weather_role,101,HOLD,HOLD,True,REQUIRED_ROLE_MISSING,1.3472
missing_weather_role,102,HOLD,HOLD,True,REQUIRED_ROLE_MISSING,1.4328
missing_weather_role,103,HOLD,HOLD,True,REQUIRED_ROLE_MISSING,1.7811
missing_weather_role,104,HOLD,HOLD,True,REQUIRED_ROLE_MISSING,1.3105
missing_weather_role,105,HOLD,HOLD,True,REQUIRED_ROLE_MISSING,1.7524
missing_weather_role,106,HOLD,HOLD,True,REQUIRED_ROLE_MISSING,1.3447
missing_weather_role,107,HOLD,HOLD,True,REQUIRED_ROLE_MISSING,1.3939
missing_weather_role,108,HOLD,HOLD,True,REQUIRED_ROLE_MISSING,1.4483
missing_weather_role,109,HOLD,HOLD,True,REQUIRED_ROLE_MISSING,1.4066
missing_weather_role,110,HOLD,HOLD,True,REQUIRED_ROLE_MISSING,1.4168
missing_weather_role,111,HOLD,HOLD,True,REQUIRED_ROLE_MISSING,1.529
missing_weather_role,112,HOLD,HOLD,True,REQUIRED_ROLE_MISSING,1.3582
missing_weather_role,113,HOLD,HOLD,True,REQUIRED_ROLE_MISSING,1.3624
missing_weather_role,114,HOLD,HOLD,True,REQUIRED_ROLE_MISSING,1.4004
missing_weather_role,115,HOLD,HOLD,True,REQUIRED_ROLE_MISSING,1.7771
missing_weather_role,116,HOLD,HOLD,True,REQUIRED_ROLE_MISSING,1.3578
missing_weather_role,117,HOLD,HOLD,True,REQUIRED_ROLE_MISSING,1.3785
missing_weather_role,118,HOLD,HOLD,True,REQUIRED_ROLE_MISSING,1.4086
missing_weather_role,119,HOLD,HOLD,True,REQUIRED_ROLE_MISSING,1.3247
missing_weather_role,120,HOLD,HOLD,True,REQUIRED_ROLE_MISSING,1.3235
missing_weather_role,121,HOLD,HOLD,True,REQUIRED_ROLE_MISSING,1.5997
missing_weather_role,122,HOLD,HOLD,True,REQUIRED_ROLE_MISSING,1.4413
missing_weather_role,123,HOLD,HOLD,True,REQUIRED_ROLE_MISSING,1.3928
missing_weather_role,124,HOLD,HOLD,True,REQUIRED_ROLE_MISSING,1.4603
missing_weather_role,125,HOLD,HOLD,True,REQUIRED_ROLE_MISSING,1.3558
missing_weather_role,126,HOLD,HOLD,True,REQUIRED_ROLE_MISSING,1.3965
missing_weather_role,127,HOLD,HOLD,True,REQUIRED_ROLE_MISSING,1.3832
missing_weather_role,128,HOLD,HOLD,True,REQUIRED_ROLE_MISSING,1.5016
missing_weather_role,129,HOLD,HOLD,True,REQUIRED_ROLE_MISSING,1.3561
missing_weather_role,130,HOLD,HOLD,True,REQUIRED_ROLE_MISSING,1.3912
missing_weather_role,131,HOLD,HOLD,True,REQUIRED_ROLE_MISSING,2.2713
missing_weather_role,132,HOLD,HOLD,True,REQUIRED_ROLE_MISSING,1.3527
missing_weather_role,133,HOLD,HOLD,True,REQUIRED_ROLE_MISSING,1.4468
missing_weather_role,134,HOLD,HOLD,True,REQUIRED_ROLE_MISSING,1.5467
missing_weather_role,135,HOLD,HOLD,True,REQUIRED_ROLE_MISSING,1.3442
missing_weather_role,136,HOLD,HOLD,True,REQUIRED_ROLE_MISSING,1.346
missing_weather_role,137,HOLD,HOLD,True,REQUIRED_ROLE_MISSING,1.399
missing_weather_role,138,HOLD,HOLD,True,REQUIRED_ROLE_MISSING,1.6821
missing_weather_role,139,HOLD,HOLD,True,REQUIRED_ROLE_MISSING,1.3101
missing_weather_role,140,HOLD,HOLD,True,REQUIRED_ROLE_MISSING,1.4063
missing_weather_role,141,HOLD,HOLD,True,REQUIRED_ROLE_MISSING,1.3852
missing_weather_role,142,HOLD,HOLD,True,REQUIRED_ROLE_MISSING,1.3821
missing_weather_role,143,HOLD,HOLD,True,REQUIRED_ROLE_MISSING,1.3963
missing_weather_role,144,HOLD,HOLD,True,REQUIRED_ROLE_MISSING,1.3793
missing_weather_role,145,HOLD,HOLD,True,REQUIRED_ROLE_MISSING,1.3742
missing_weather_role,146,HOLD,HOLD,True,REQUIRED_ROLE_MISSING,1.3324
missing_weather_role,147,HOLD,HOLD,True,REQUIRED_ROLE_MISSING,1.8678
missing_weather_role,148,HOLD,HOLD,True,REQUIRED_ROLE_MISSING,1.4289
missing_weather_role,149,HOLD,HOLD,True,REQUIRED_ROLE_MISSING,1.3279
missing_weather_role,150,HOLD,HOLD,True,REQUIRED_ROLE_MISSING,1.3874
missing_weather_role,151,HOLD,HOLD,True,REQUIRED_ROLE_MISSING,1.4649
missing_weather_role,152,HOLD,HOLD,True,REQUIRED_ROLE_MISSING,1.3427
missing_weather_role,153,HOLD,HOLD,True,REQUIRED_ROLE_MISSING,1.5785
missing_weather_role,154,HOLD,HOLD,True,REQUIRED_ROLE_MISSING,1.3107
missing_weather_role,155,HOLD,HOLD,True,REQUIRED_ROLE_MISSING,1.3041
missing_weather_role,156,HOLD,HOLD,True,REQUIRED_ROLE_MISSING,1.3758
missing_weather_role,157,HOLD,HOLD,True,REQUIRED_ROLE_MISSING,1.308
missing_weather_role,158,HOLD,HOLD,True,REQUIRED_ROLE_MISSING,2.2525
missing_weather_role,159,HOLD,HOLD,True,REQUIRED_ROLE_MISSING,1.3615
missing_weather_role,160,HOLD,HOLD,True,REQUIRED_ROLE_MISSING,1.4058
missing_weather_role,161,HOLD,HOLD,True,REQUIRED_ROLE_MISSING,1.3241
missing_weather_role,162,HOLD,HOLD,True,REQUIRED_ROLE_MISSING,1.3151
missing_weather_role,163,HOLD,HOLD,True,REQUIRED_ROLE_MISSING,1.3894
missing_weather_role,164,HOLD,HOLD,True,REQUIRED_ROLE_MISSING,1.531
missing_weather_role,165,HOLD,HOLD,True,REQUIRED_ROLE_MISSING,1.3513
missing_weather_role,166,HOLD,HOLD,True,REQUIRED_ROLE_MISSING,1.4862
missing_weather_role,167,HOLD,HOLD,True,REQUIRED_ROLE_MISSING,1.344
missing_weather_role,168,HOLD,HOLD,True,REQUIRED_ROLE_MISSING,1.3869
missing_weather_role,169,HOLD,HOLD,True,REQUIRED_ROLE_MISSING,1.8037
missing_weather_role,170,HOLD,HOLD,True,REQUIRED_ROLE_MISSING,1.3489
missing_weather_role,171,HOLD,HOLD,True,REQUIRED_ROLE_MISSING,1.3396
missing_weather_role,172,HOLD,HOLD,True,REQUIRED_ROLE_MISSING,1.3956
missing_weather_role,173,HOLD,HOLD,True,REQUIRED_ROLE_MISSING,1.3726
missing_weather_role,174,HOLD,HOLD,True,REQUIRED_ROLE_MISSING,2.4312
missing_weather_role,175,HOLD,HOLD,True,REQUIRED_ROLE_MISSING,1.4133
missing_weather_role,176,HOLD,HOLD,True,REQUIRED_ROLE_MISSING,1.3533
missing_weather_role,177,HOLD,HOLD,True,REQUIRED_ROLE_MISSING,1.4381
missing_weather_role,178,HOLD,HOLD,True,REQUIRED_ROLE_MISSING,1.3521
missing_weather_role,179,HOLD,HOLD,True,REQUIRED_ROLE_MISSING,2.1152
missing_weather_role,180,HOLD,HOLD,True,REQUIRED_ROLE_MISSING,1.4162
missing_weather_role,181,HOLD,HOLD,True,REQUIRED_ROLE_MISSING,1.3405
missing_weather_role,182,HOLD,HOLD,True,REQUIRED_ROLE_MISSING,1.4486
missing_weather_role,183,HOLD,HOLD,True,REQUIRED_ROLE_MISSING,1.3859
missing_weather_role,184,HOLD,HOLD,True,REQUIRED_ROLE_MISSING,1.3239
missing_weather_role,185,HOLD,HOLD,True,REQUIRED_ROLE_MISSING,1.7739
missing_weather_role,186,HOLD,HOLD,True,REQUIRED_ROLE_MISSING,1.3547
missing_weather_role,187,HOLD,HOLD,True,REQUIRED_ROLE_MISSING,1.3386
missing_weather_role,188,HOLD,HOLD,True,REQUIRED_ROLE_MISSING,1.4991
missing_weather_role,189,HOLD,HOLD,True,REQUIRED_ROLE_MISSING,1.5985
missing_weather_role,190,HOLD,HOLD,True,REQUIRED_ROLE_MISSING,1.4527
missing_weather_role,191,HOLD,HOLD,True,REQUIRED_ROLE_MISSING,1.4014
missing_weather_role,192,HOLD,HOLD,True,REQUIRED_ROLE_MISSING,1.3837
missing_weather_role,193,HOLD,HOLD,True,REQUIRED_ROLE_MISSING,1.3395
missing_weather_role,194,HOLD,HOLD,True,REQUIRED_ROLE_MISSING,1.3562
missing_weather_role,195,HOLD,HOLD,True,REQUIRED_ROLE_MISSING,1.7136
missing_weather_role,196,HOLD,HOLD,True,REQUIRED_ROLE_MISSING,1.4351
missing_weather_role,197,HOLD,HOLD,True,REQUIRED_ROLE_MISSING,1.3483
missing_weather_role,198,HOLD,HOLD,True,REQUIRED_ROLE_MISSING,1.4903
missing_weather_role,199,HOLD,HOLD,True,REQUIRED_ROLE_MISSING,1.5218
missing_weather_role,200,HOLD,HOLD,True,REQUIRED_ROLE_MISSING,1.4283
stale_weather,1,HOLD,HOLD,True,EVIDENCE_STALE,1.9304
stale_weather,2,HOLD,HOLD,True,EVIDENCE_STALE,1.5937
stale_weather,3,HOLD,HOLD,True,EVIDENCE_STALE,1.5974
stale_weather,4,HOLD,HOLD,True,EVIDENCE_STALE,1.9478
stale_weather,5,HOLD,HOLD,True,EVIDENCE_STALE,2.2437
stale_weather,6,HOLD,HOLD,True,EVIDENCE_STALE,1.6656
stale_weather,7,HOLD,HOLD,True,EVIDENCE_STALE,1.6711
stale_weather,8,HOLD,HOLD,True,EVIDENCE_STALE,1.7817
stale_weather,9,HOLD,HOLD,True,EVIDENCE_STALE,1.8281
stale_weather,10,HOLD,HOLD,True,EVIDENCE_STALE,1.7985
stale_weather,11,HOLD,HOLD,True,EVIDENCE_STALE,1.7455
stale_weather,12,HOLD,HOLD,True,EVIDENCE_STALE,1.7565
stale_weather,13,HOLD,HOLD,True,EVIDENCE_STALE,1.6421
stale_weather,14,HOLD,HOLD,True,EVIDENCE_STALE,2.1728
stale_weather,15,HOLD,HOLD,True,EVIDENCE_STALE,1.68
stale_weather,16,HOLD,HOLD,True,EVIDENCE_STALE,1.801
stale_weather,17,HOLD,HOLD,True,EVIDENCE_STALE,1.7983
stale_weather,18,HOLD,HOLD,True,EVIDENCE_STALE,1.7201
stale_weather,19,HOLD,HOLD,True,EVIDENCE_STALE,1.647
stale_weather,20,HOLD,HOLD,True,EVIDENCE_STALE,1.83
stale_weather,21,HOLD,HOLD,True,EVIDENCE_STALE,1.6321
stale_weather,22,HOLD,HOLD,True,EVIDENCE_STALE,1.6314
stale_weather,23,HOLD,HOLD,True,EVIDENCE_STALE,2.1355
stale_weather,24,HOLD,HOLD,True,EVIDENCE_STALE,1.7328
stale_weather,25,HOLD,HOLD,True,EVIDENCE_STALE,1.8084
stale_weather,26,HOLD,HOLD,True,EVIDENCE_STALE,1.6884
stale_weather,27,HOLD,HOLD,True,EVIDENCE_STALE,1.7232
stale_weather,28,HOLD,HOLD,True,EVIDENCE_STALE,1.8258
stale_weather,29,HOLD,HOLD,True,EVIDENCE_STALE,1.8289
stale_weather,30,HOLD,HOLD,True,EVIDENCE_STALE,1.6827
stale_weather,31,HOLD,HOLD,True,EVIDENCE_STALE,1.7774
stale_weather,32,HOLD,HOLD,True,EVIDENCE_STALE,2.4191
stale_weather,33,HOLD,HOLD,True,EVIDENCE_STALE,1.8367
stale_weather,34,HOLD,HOLD,True,EVIDENCE_STALE,1.6489
stale_weather,35,HOLD,HOLD,True,EVIDENCE_STALE,1.8207
stale_weather,36,HOLD,HOLD,True,EVIDENCE_STALE,1.8042
stale_weather,37,HOLD,HOLD,True,EVIDENCE_STALE,1.8293
stale_weather,38,HOLD,HOLD,True,EVIDENCE_STALE,2.024
stale_weather,39,HOLD,HOLD,True,EVIDENCE_STALE,1.7659
stale_weather,40,HOLD,HOLD,True,EVIDENCE_STALE,1.783
stale_weather,41,HOLD,HOLD,True,EVIDENCE_STALE,1.9276
stale_weather,42,HOLD,HOLD,True,EVIDENCE_STALE,1.8477
stale_weather,43,HOLD,HOLD,True,EVIDENCE_STALE,1.8592
stale_weather,44,HOLD,HOLD,True,EVIDENCE_STALE,1.686
stale_weather,45,HOLD,HOLD,True,EVIDENCE_STALE,2.4135
stale_weather,46,HOLD,HOLD,True,EVIDENCE_STALE,1.7989
stale_weather,47,HOLD,HOLD,True,EVIDENCE_STALE,1.6712
stale_weather,48,HOLD,HOLD,True,EVIDENCE_STALE,1.7142
stale_weather,49,HOLD,HOLD,True,EVIDENCE_STALE,1.7487
stale_weather,50,HOLD,HOLD,True,EVIDENCE_STALE,1.8455
stale_weather,51,HOLD,HOLD,True,EVIDENCE_STALE,1.645
stale_weather,52,HOLD,HOLD,True,EVIDENCE_STALE,1.6686
stale_weather,53,HOLD,HOLD,True,EVIDENCE_STALE,1.6107
stale_weather,54,HOLD,HOLD,True,EVIDENCE_STALE,2.6323
stale_weather,55,HOLD,HOLD,True,EVIDENCE_STALE,1.6523
stale_weather,56,HOLD,HOLD,True,EVIDENCE_STALE,1.6661
stale_weather,57,HOLD,HOLD,True,EVIDENCE_STALE,1.7967
stale_weather,58,HOLD,HOLD,True,EVIDENCE_STALE,2.3896
stale_weather,59,HOLD,HOLD,True,EVIDENCE_STALE,1.8107
stale_weather,60,HOLD,HOLD,True,EVIDENCE_STALE,1.6823
stale_weather,61,HOLD,HOLD,True,EVIDENCE_STALE,1.819
stale_weather,62,HOLD,HOLD,True,EVIDENCE_STALE,1.7886
stale_weather,63,HOLD,HOLD,True,EVIDENCE_STALE,1.6723
stale_weather,64,HOLD,HOLD,True,EVIDENCE_STALE,1.6034
stale_weather,65,HOLD,HOLD,True,EVIDENCE_STALE,1.6798
stale_weather,66,HOLD,HOLD,True,EVIDENCE_STALE,1.6585
stale_weather,67,HOLD,HOLD,True,EVIDENCE_STALE,1.6936
stale_weather,68,HOLD,HOLD,True,EVIDENCE_STALE,1.9677
stale_weather,69,HOLD,HOLD,True,EVIDENCE_STALE,1.8058
stale_weather,70,HOLD,HOLD,True,EVIDENCE_STALE,1.689
stale_weather,71,HOLD,HOLD,True,EVIDENCE_STALE,1.7546
stale_weather,72,HOLD,HOLD,True,EVIDENCE_STALE,2.2934
stale_weather,73,HOLD,HOLD,True,EVIDENCE_STALE,1.7793
stale_weather,74,HOLD,HOLD,True,EVIDENCE_STALE,1.7673
stale_weather,75,HOLD,HOLD,True,EVIDENCE_STALE,1.8243
stale_weather,76,HOLD,HOLD,True,EVIDENCE_STALE,1.6844
stale_weather,77,HOLD,HOLD,True,EVIDENCE_STALE,1.8854
stale_weather,78,HOLD,HOLD,True,EVIDENCE_STALE,1.6797
stale_weather,79,HOLD,HOLD,True,EVIDENCE_STALE,1.6612
stale_weather,80,HOLD,HOLD,True,EVIDENCE_STALE,1.8262
stale_weather,81,HOLD,HOLD,True,EVIDENCE_STALE,2.1052
stale_weather,82,HOLD,HOLD,True,EVIDENCE_STALE,1.6792
stale_weather,83,HOLD,HOLD,True,EVIDENCE_STALE,1.6641
stale_weather,84,HOLD,HOLD,True,EVIDENCE_STALE,1.7907
stale_weather,85,HOLD,HOLD,True,EVIDENCE_STALE,1.6326
stale_weather,86,HOLD,HOLD,True,EVIDENCE_STALE,1.7645
stale_weather,87,HOLD,HOLD,True,EVIDENCE_STALE,1.6091
stale_weather,88,HOLD,HOLD,True,EVIDENCE_STALE,1.6245
stale_weather,89,HOLD,HOLD,True,EVIDENCE_STALE,1.676
stale_weather,90,HOLD,HOLD,True,EVIDENCE_STALE,1.9237
stale_weather,91,HOLD,HOLD,True,EVIDENCE_STALE,1.6875
stale_weather,92,HOLD,HOLD,True,EVIDENCE_STALE,1.7023
stale_weather,93,HOLD,HOLD,True,EVIDENCE_STALE,1.644
stale_weather,94,HOLD,HOLD,True,EVIDENCE_STALE,1.639
stale_weather,95,HOLD,HOLD,True,EVIDENCE_STALE,2.2822
stale_weather,96,HOLD,HOLD,True,EVIDENCE_STALE,1.8321
stale_weather,97,HOLD,HOLD,True,EVIDENCE_STALE,1.639
stale_weather,98,HOLD,HOLD,True,EVIDENCE_STALE,1.7171
stale_weather,99,HOLD,HOLD,True,EVIDENCE_STALE,1.6156
stale_weather,100,HOLD,HOLD,True,EVIDENCE_STALE,1.8284
stale_weather,101,HOLD,HOLD,True,EVIDENCE_STALE,1.8725
stale_weather,102,HOLD,HOLD,True,EVIDENCE_STALE,1.6492
stale_weather,103,HOLD,HOLD,True,EVIDENCE_STALE,1.8654
stale_weather,104,HOLD,HOLD,True,EVIDENCE_STALE,1.7586
stale_weather,105,HOLD,HOLD,True,EVIDENCE_STALE,1.6655
stale_weather,106,HOLD,HOLD,True,EVIDENCE_STALE,1.8192
stale_weather,107,HOLD,HOLD,True,EVIDENCE_STALE,1.6121
stale_weather,108,HOLD,HOLD,True,EVIDENCE_STALE,1.634
stale_weather,109,HOLD,HOLD,True,EVIDENCE_STALE,1.721
stale_weather,110,HOLD,HOLD,True,EVIDENCE_STALE,1.6616
stale_weather,111,HOLD,HOLD,True,EVIDENCE_STALE,1.6963
stale_weather,112,HOLD,HOLD,True,EVIDENCE_STALE,1.7056
stale_weather,113,HOLD,HOLD,True,EVIDENCE_STALE,2.2855
stale_weather,114,HOLD,HOLD,True,EVIDENCE_STALE,2.5698
stale_weather,115,HOLD,HOLD,True,EVIDENCE_STALE,1.7034
stale_weather,116,HOLD,HOLD,True,EVIDENCE_STALE,1.6379
stale_weather,117,HOLD,HOLD,True,EVIDENCE_STALE,2.2179
stale_weather,118,HOLD,HOLD,True,EVIDENCE_STALE,1.7342
stale_weather,119,HOLD,HOLD,True,EVIDENCE_STALE,1.6766
stale_weather,120,HOLD,HOLD,True,EVIDENCE_STALE,1.6626
stale_weather,121,HOLD,HOLD,True,EVIDENCE_STALE,1.7084
stale_weather,122,HOLD,HOLD,True,EVIDENCE_STALE,2.5871
stale_weather,123,HOLD,HOLD,True,EVIDENCE_STALE,1.6526
stale_weather,124,HOLD,HOLD,True,EVIDENCE_STALE,1.7643
stale_weather,125,HOLD,HOLD,True,EVIDENCE_STALE,1.6426
stale_weather,126,HOLD,HOLD,True,EVIDENCE_STALE,1.6619
stale_weather,127,HOLD,HOLD,True,EVIDENCE_STALE,2.0768
stale_weather,128,HOLD,HOLD,True,EVIDENCE_STALE,1.6692
stale_weather,129,HOLD,HOLD,True,EVIDENCE_STALE,1.8182
stale_weather,130,HOLD,HOLD,True,EVIDENCE_STALE,1.6804
stale_weather,131,HOLD,HOLD,True,EVIDENCE_STALE,1.8785
stale_weather,132,HOLD,HOLD,True,EVIDENCE_STALE,1.6514
stale_weather,133,HOLD,HOLD,True,EVIDENCE_STALE,1.725
stale_weather,134,HOLD,HOLD,True,EVIDENCE_STALE,1.644
stale_weather,135,HOLD,HOLD,True,EVIDENCE_STALE,1.6088
stale_weather,136,HOLD,HOLD,True,EVIDENCE_STALE,1.707
stale_weather,137,HOLD,HOLD,True,EVIDENCE_STALE,1.7042
stale_weather,138,HOLD,HOLD,True,EVIDENCE_STALE,1.7882
stale_weather,139,HOLD,HOLD,True,EVIDENCE_STALE,1.6289
stale_weather,140,HOLD,HOLD,True,EVIDENCE_STALE,2.1736
stale_weather,141,HOLD,HOLD,True,EVIDENCE_STALE,1.7298
stale_weather,142,HOLD,HOLD,True,EVIDENCE_STALE,1.6526
stale_weather,143,HOLD,HOLD,True,EVIDENCE_STALE,1.8218
stale_weather,144,HOLD,HOLD,True,EVIDENCE_STALE,1.7568
stale_weather,145,HOLD,HOLD,True,EVIDENCE_STALE,1.7561
stale_weather,146,HOLD,HOLD,True,EVIDENCE_STALE,1.6547
stale_weather,147,HOLD,HOLD,True,EVIDENCE_STALE,1.6511
stale_weather,148,HOLD,HOLD,True,EVIDENCE_STALE,1.6491
stale_weather,149,HOLD,HOLD,True,EVIDENCE_STALE,2.2891
stale_weather,150,HOLD,HOLD,True,EVIDENCE_STALE,1.6633
stale_weather,151,HOLD,HOLD,True,EVIDENCE_STALE,1.7969
stale_weather,152,HOLD,HOLD,True,EVIDENCE_STALE,1.7461
stale_weather,153,HOLD,HOLD,True,EVIDENCE_STALE,1.6768
stale_weather,154,HOLD,HOLD,True,EVIDENCE_STALE,1.7273
stale_weather,155,HOLD,HOLD,True,EVIDENCE_STALE,1.7073
stale_weather,156,HOLD,HOLD,True,EVIDENCE_STALE,1.7697
stale_weather,157,HOLD,HOLD,True,EVIDENCE_STALE,1.8517
stale_weather,158,HOLD,HOLD,True,EVIDENCE_STALE,2.6269
stale_weather,159,HOLD,HOLD,True,EVIDENCE_STALE,1.7148
stale_weather,160,HOLD,HOLD,True,EVIDENCE_STALE,1.7663
stale_weather,161,HOLD,HOLD,True,EVIDENCE_STALE,1.8625
stale_weather,162,HOLD,HOLD,True,EVIDENCE_STALE,2.055
stale_weather,163,HOLD,HOLD,True,EVIDENCE_STALE,1.6723
stale_weather,164,HOLD,HOLD,True,EVIDENCE_STALE,1.7538
stale_weather,165,HOLD,HOLD,True,EVIDENCE_STALE,1.8687
stale_weather,166,HOLD,HOLD,True,EVIDENCE_STALE,1.6845
stale_weather,167,HOLD,HOLD,True,EVIDENCE_STALE,2.8833
stale_weather,168,HOLD,HOLD,True,EVIDENCE_STALE,1.7001
stale_weather,169,HOLD,HOLD,True,EVIDENCE_STALE,1.6586
stale_weather,170,HOLD,HOLD,True,EVIDENCE_STALE,1.7825
stale_weather,171,HOLD,HOLD,True,EVIDENCE_STALE,2.1226
stale_weather,172,HOLD,HOLD,True,EVIDENCE_STALE,1.6702
stale_weather,173,HOLD,HOLD,True,EVIDENCE_STALE,1.8503
stale_weather,174,HOLD,HOLD,True,EVIDENCE_STALE,1.6258
stale_weather,175,HOLD,HOLD,True,EVIDENCE_STALE,1.681
stale_weather,176,HOLD,HOLD,True,EVIDENCE_STALE,1.7538
stale_weather,177,HOLD,HOLD,True,EVIDENCE_STALE,1.6182
stale_weather,178,HOLD,HOLD,True,EVIDENCE_STALE,1.6611
stale_weather,179,HOLD,HOLD,True,EVIDENCE_STALE,1.7004
stale_weather,180,HOLD,HOLD,True,EVIDENCE_STALE,1.7878
stale_weather,181,HOLD,HOLD,True,EVIDENCE_STALE,1.8547
stale_weather,182,HOLD,HOLD,True,EVIDENCE_STALE,1.894
stale_weather,183,HOLD,HOLD,True,EVIDENCE_STALE,1.8138
stale_weather,184,HOLD,HOLD,True,EVIDENCE_STALE,1.7352
stale_weather,185,HOLD,HOLD,True,EVIDENCE_STALE,1.7043
stale_weather,186,HOLD,HOLD,True,EVIDENCE_STALE,1.8945
stale_weather,187,HOLD,HOLD,True,EVIDENCE_STALE,1.7758
stale_weather,188,HOLD,HOLD,True,EVIDENCE_STALE,1.6639
stale_weather,189,HOLD,HOLD,True,EVIDENCE_STALE,3.0255
stale_weather,190,HOLD,HOLD,True,EVIDENCE_STALE,1.8128
stale_weather,191,HOLD,HOLD,True,EVIDENCE_STALE,1.6847
stale_weather,192,HOLD,HOLD,True,EVIDENCE_STALE,1.8055
stale_weather,193,HOLD,HOLD,True,EVIDENCE_STALE,2.5135
stale_weather,194,HOLD,HOLD,True,EVIDENCE_STALE,2.1057
stale_weather,195,HOLD,HOLD,True,EVIDENCE_STALE,1.6795
stale_weather,196,HOLD,HOLD,True,EVIDENCE_STALE,1.6508
stale_weather,197,HOLD,HOLD,True,EVIDENCE_STALE,1.7986
stale_weather,198,HOLD,HOLD,True,EVIDENCE_STALE,1.8713
stale_weather,199,HOLD,HOLD,True,EVIDENCE_STALE,1.6805
stale_weather,200,HOLD,HOLD,True,EVIDENCE_STALE,1.6459
future_weather,1,HOLD,HOLD,True,EVIDENCE_FRESHNESS_UNKNOWN,1.6683
future_weather,2,HOLD,HOLD,True,EVIDENCE_FRESHNESS_UNKNOWN,2.5579
future_weather,3,HOLD,HOLD,True,EVIDENCE_FRESHNESS_UNKNOWN,1.7414
future_weather,4,HOLD,HOLD,True,EVIDENCE_FRESHNESS_UNKNOWN,1.6732
future_weather,5,HOLD,HOLD,True,EVIDENCE_FRESHNESS_UNKNOWN,1.7246
future_weather,6,HOLD,HOLD,True,EVIDENCE_FRESHNESS_UNKNOWN,1.642
future_weather,7,HOLD,HOLD,True,EVIDENCE_FRESHNESS_UNKNOWN,1.8904
future_weather,8,HOLD,HOLD,True,EVIDENCE_FRESHNESS_UNKNOWN,1.7367
future_weather,9,HOLD,HOLD,True,EVIDENCE_FRESHNESS_UNKNOWN,1.7087
future_weather,10,HOLD,HOLD,True,EVIDENCE_FRESHNESS_UNKNOWN,1.6795
future_weather,11,HOLD,HOLD,True,EVIDENCE_FRESHNESS_UNKNOWN,2.319
future_weather,12,HOLD,HOLD,True,EVIDENCE_FRESHNESS_UNKNOWN,1.6566
future_weather,13,HOLD,HOLD,True,EVIDENCE_FRESHNESS_UNKNOWN,1.8166
future_weather,14,HOLD,HOLD,True,EVIDENCE_FRESHNESS_UNKNOWN,1.8125
future_weather,15,HOLD,HOLD,True,EVIDENCE_FRESHNESS_UNKNOWN,1.7025
future_weather,16,HOLD,HOLD,True,EVIDENCE_FRESHNESS_UNKNOWN,1.9112
future_weather,17,HOLD,HOLD,True,EVIDENCE_FRESHNESS_UNKNOWN,1.6468
future_weather,18,HOLD,HOLD,True,EVIDENCE_FRESHNESS_UNKNOWN,1.661
future_weather,19,HOLD,HOLD,True,EVIDENCE_FRESHNESS_UNKNOWN,1.6869
future_weather,20,HOLD,HOLD,True,EVIDENCE_FRESHNESS_UNKNOWN,1.978
future_weather,21,HOLD,HOLD,True,EVIDENCE_FRESHNESS_UNKNOWN,1.7593
future_weather,22,HOLD,HOLD,True,EVIDENCE_FRESHNESS_UNKNOWN,1.6807
future_weather,23,HOLD,HOLD,True,EVIDENCE_FRESHNESS_UNKNOWN,1.7036
future_weather,24,HOLD,HOLD,True,EVIDENCE_FRESHNESS_UNKNOWN,1.8248
future_weather,25,HOLD,HOLD,True,EVIDENCE_FRESHNESS_UNKNOWN,2.0986
future_weather,26,HOLD,HOLD,True,EVIDENCE_FRESHNESS_UNKNOWN,1.7095
future_weather,27,HOLD,HOLD,True,EVIDENCE_FRESHNESS_UNKNOWN,1.7268
future_weather,28,HOLD,HOLD,True,EVIDENCE_FRESHNESS_UNKNOWN,1.7299
future_weather,29,HOLD,HOLD,True,EVIDENCE_FRESHNESS_UNKNOWN,2.2641
future_weather,30,HOLD,HOLD,True,EVIDENCE_FRESHNESS_UNKNOWN,1.8182
future_weather,31,HOLD,HOLD,True,EVIDENCE_FRESHNESS_UNKNOWN,1.6836
future_weather,32,HOLD,HOLD,True,EVIDENCE_FRESHNESS_UNKNOWN,1.7388
future_weather,33,HOLD,HOLD,True,EVIDENCE_FRESHNESS_UNKNOWN,1.6753
future_weather,34,HOLD,HOLD,True,EVIDENCE_FRESHNESS_UNKNOWN,2.2062
future_weather,35,HOLD,HOLD,True,EVIDENCE_FRESHNESS_UNKNOWN,1.8116
future_weather,36,HOLD,HOLD,True,EVIDENCE_FRESHNESS_UNKNOWN,1.8134
future_weather,37,HOLD,HOLD,True,EVIDENCE_FRESHNESS_UNKNOWN,1.7302
future_weather,38,HOLD,HOLD,True,EVIDENCE_FRESHNESS_UNKNOWN,2.1689
future_weather,39,HOLD,HOLD,True,EVIDENCE_FRESHNESS_UNKNOWN,1.6488
future_weather,40,HOLD,HOLD,True,EVIDENCE_FRESHNESS_UNKNOWN,1.7644
future_weather,41,HOLD,HOLD,True,EVIDENCE_FRESHNESS_UNKNOWN,1.6734
future_weather,42,HOLD,HOLD,True,EVIDENCE_FRESHNESS_UNKNOWN,1.6809
future_weather,43,HOLD,HOLD,True,EVIDENCE_FRESHNESS_UNKNOWN,1.6861
future_weather,44,HOLD,HOLD,True,EVIDENCE_FRESHNESS_UNKNOWN,1.6408
future_weather,45,HOLD,HOLD,True,EVIDENCE_FRESHNESS_UNKNOWN,1.7301
future_weather,46,HOLD,HOLD,True,EVIDENCE_FRESHNESS_UNKNOWN,1.6644
future_weather,47,HOLD,HOLD,True,EVIDENCE_FRESHNESS_UNKNOWN,2.2436
future_weather,48,HOLD,HOLD,True,EVIDENCE_FRESHNESS_UNKNOWN,1.8321
future_weather,49,HOLD,HOLD,True,EVIDENCE_FRESHNESS_UNKNOWN,1.6326
future_weather,50,HOLD,HOLD,True,EVIDENCE_FRESHNESS_UNKNOWN,1.6805
future_weather,51,HOLD,HOLD,True,EVIDENCE_FRESHNESS_UNKNOWN,1.6975
future_weather,52,HOLD,HOLD,True,EVIDENCE_FRESHNESS_UNKNOWN,1.7087
future_weather,53,HOLD,HOLD,True,EVIDENCE_FRESHNESS_UNKNOWN,1.7085
future_weather,54,HOLD,HOLD,True,EVIDENCE_FRESHNESS_UNKNOWN,1.6409
future_weather,55,HOLD,HOLD,True,EVIDENCE_FRESHNESS_UNKNOWN,1.8171
future_weather,56,HOLD,HOLD,True,EVIDENCE_FRESHNESS_UNKNOWN,2.4036
future_weather,57,HOLD,HOLD,True,EVIDENCE_FRESHNESS_UNKNOWN,1.6344
future_weather,58,HOLD,HOLD,True,EVIDENCE_FRESHNESS_UNKNOWN,1.8043
future_weather,59,HOLD,HOLD,True,EVIDENCE_FRESHNESS_UNKNOWN,1.6866
future_weather,60,HOLD,HOLD,True,EVIDENCE_FRESHNESS_UNKNOWN,1.632
future_weather,61,HOLD,HOLD,True,EVIDENCE_FRESHNESS_UNKNOWN,1.7265
future_weather,62,HOLD,HOLD,True,EVIDENCE_FRESHNESS_UNKNOWN,1.7609
future_weather,63,HOLD,HOLD,True,EVIDENCE_FRESHNESS_UNKNOWN,1.6105
future_weather,64,HOLD,HOLD,True,EVIDENCE_FRESHNESS_UNKNOWN,1.761
future_weather,65,HOLD,HOLD,True,EVIDENCE_FRESHNESS_UNKNOWN,2.0537
future_weather,66,HOLD,HOLD,True,EVIDENCE_FRESHNESS_UNKNOWN,1.6283
future_weather,67,HOLD,HOLD,True,EVIDENCE_FRESHNESS_UNKNOWN,1.8239
future_weather,68,HOLD,HOLD,True,EVIDENCE_FRESHNESS_UNKNOWN,1.6445
future_weather,69,HOLD,HOLD,True,EVIDENCE_FRESHNESS_UNKNOWN,1.6299
future_weather,70,HOLD,HOLD,True,EVIDENCE_FRESHNESS_UNKNOWN,2.2908
future_weather,71,HOLD,HOLD,True,EVIDENCE_FRESHNESS_UNKNOWN,1.6525
future_weather,72,HOLD,HOLD,True,EVIDENCE_FRESHNESS_UNKNOWN,1.6585
future_weather,73,HOLD,HOLD,True,EVIDENCE_FRESHNESS_UNKNOWN,1.6481
future_weather,74,HOLD,HOLD,True,EVIDENCE_FRESHNESS_UNKNOWN,2.3808
future_weather,75,HOLD,HOLD,True,EVIDENCE_FRESHNESS_UNKNOWN,1.736
future_weather,76,HOLD,HOLD,True,EVIDENCE_FRESHNESS_UNKNOWN,1.7797
future_weather,77,HOLD,HOLD,True,EVIDENCE_FRESHNESS_UNKNOWN,1.6493
future_weather,78,HOLD,HOLD,True,EVIDENCE_FRESHNESS_UNKNOWN,1.9532
future_weather,79,HOLD,HOLD,True,EVIDENCE_FRESHNESS_UNKNOWN,1.8001
future_weather,80,HOLD,HOLD,True,EVIDENCE_FRESHNESS_UNKNOWN,1.7423
future_weather,81,HOLD,HOLD,True,EVIDENCE_FRESHNESS_UNKNOWN,1.6763
future_weather,82,HOLD,HOLD,True,EVIDENCE_FRESHNESS_UNKNOWN,1.716
future_weather,83,HOLD,HOLD,True,EVIDENCE_FRESHNESS_UNKNOWN,2.1619
future_weather,84,HOLD,HOLD,True,EVIDENCE_FRESHNESS_UNKNOWN,1.6713
future_weather,85,HOLD,HOLD,True,EVIDENCE_FRESHNESS_UNKNOWN,1.7127
future_weather,86,HOLD,HOLD,True,EVIDENCE_FRESHNESS_UNKNOWN,1.6698
future_weather,87,HOLD,HOLD,True,EVIDENCE_FRESHNESS_UNKNOWN,1.6733
future_weather,88,HOLD,HOLD,True,EVIDENCE_FRESHNESS_UNKNOWN,1.7374
future_weather,89,HOLD,HOLD,True,EVIDENCE_FRESHNESS_UNKNOWN,1.6505
future_weather,90,HOLD,HOLD,True,EVIDENCE_FRESHNESS_UNKNOWN,1.6497
future_weather,91,HOLD,HOLD,True,EVIDENCE_FRESHNESS_UNKNOWN,1.8967
future_weather,92,HOLD,HOLD,True,EVIDENCE_FRESHNESS_UNKNOWN,2.4282
future_weather,93,HOLD,HOLD,True,EVIDENCE_FRESHNESS_UNKNOWN,1.7004
future_weather,94,HOLD,HOLD,True,EVIDENCE_FRESHNESS_UNKNOWN,1.7379
future_weather,95,HOLD,HOLD,True,EVIDENCE_FRESHNESS_UNKNOWN,1.7216
future_weather,96,HOLD,HOLD,True,EVIDENCE_FRESHNESS_UNKNOWN,1.7204
future_weather,97,HOLD,HOLD,True,EVIDENCE_FRESHNESS_UNKNOWN,1.7591
future_weather,98,HOLD,HOLD,True,EVIDENCE_FRESHNESS_UNKNOWN,1.6525
future_weather,99,HOLD,HOLD,True,EVIDENCE_FRESHNESS_UNKNOWN,1.73
future_weather,100,HOLD,HOLD,True,EVIDENCE_FRESHNESS_UNKNOWN,2.1385
future_weather,101,HOLD,HOLD,True,EVIDENCE_FRESHNESS_UNKNOWN,2.5404
future_weather,102,HOLD,HOLD,True,EVIDENCE_FRESHNESS_UNKNOWN,1.6778
future_weather,103,HOLD,HOLD,True,EVIDENCE_FRESHNESS_UNKNOWN,1.6469
future_weather,104,HOLD,HOLD,True,EVIDENCE_FRESHNESS_UNKNOWN,1.715
future_weather,105,HOLD,HOLD,True,EVIDENCE_FRESHNESS_UNKNOWN,1.6647
future_weather,106,HOLD,HOLD,True,EVIDENCE_FRESHNESS_UNKNOWN,1.669
future_weather,107,HOLD,HOLD,True,EVIDENCE_FRESHNESS_UNKNOWN,1.7559
future_weather,108,HOLD,HOLD,True,EVIDENCE_FRESHNESS_UNKNOWN,1.8691
future_weather,109,HOLD,HOLD,True,EVIDENCE_FRESHNESS_UNKNOWN,1.6395
future_weather,110,HOLD,HOLD,True,EVIDENCE_FRESHNESS_UNKNOWN,2.5803
future_weather,111,HOLD,HOLD,True,EVIDENCE_FRESHNESS_UNKNOWN,1.6511
future_weather,112,HOLD,HOLD,True,EVIDENCE_FRESHNESS_UNKNOWN,1.7848
future_weather,113,HOLD,HOLD,True,EVIDENCE_FRESHNESS_UNKNOWN,1.6547
future_weather,114,HOLD,HOLD,True,EVIDENCE_FRESHNESS_UNKNOWN,1.6338
future_weather,115,HOLD,HOLD,True,EVIDENCE_FRESHNESS_UNKNOWN,1.7786
future_weather,116,HOLD,HOLD,True,EVIDENCE_FRESHNESS_UNKNOWN,1.6509
future_weather,117,HOLD,HOLD,True,EVIDENCE_FRESHNESS_UNKNOWN,1.6466
future_weather,118,HOLD,HOLD,True,EVIDENCE_FRESHNESS_UNKNOWN,1.752
future_weather,119,HOLD,HOLD,True,EVIDENCE_FRESHNESS_UNKNOWN,1.9587
future_weather,120,HOLD,HOLD,True,EVIDENCE_FRESHNESS_UNKNOWN,1.6605
future_weather,121,HOLD,HOLD,True,EVIDENCE_FRESHNESS_UNKNOWN,1.8633
future_weather,122,HOLD,HOLD,True,EVIDENCE_FRESHNESS_UNKNOWN,1.6328
future_weather,123,HOLD,HOLD,True,EVIDENCE_FRESHNESS_UNKNOWN,1.6481
future_weather,124,HOLD,HOLD,True,EVIDENCE_FRESHNESS_UNKNOWN,2.2245
future_weather,125,HOLD,HOLD,True,EVIDENCE_FRESHNESS_UNKNOWN,2.0737
future_weather,126,HOLD,HOLD,True,EVIDENCE_FRESHNESS_UNKNOWN,1.7769
future_weather,127,HOLD,HOLD,True,EVIDENCE_FRESHNESS_UNKNOWN,1.6528
future_weather,128,HOLD,HOLD,True,EVIDENCE_FRESHNESS_UNKNOWN,2.1186
future_weather,129,HOLD,HOLD,True,EVIDENCE_FRESHNESS_UNKNOWN,2.4614
future_weather,130,HOLD,HOLD,True,EVIDENCE_FRESHNESS_UNKNOWN,1.7258
future_weather,131,HOLD,HOLD,True,EVIDENCE_FRESHNESS_UNKNOWN,1.7385
future_weather,132,HOLD,HOLD,True,EVIDENCE_FRESHNESS_UNKNOWN,2.1897
future_weather,133,HOLD,HOLD,True,EVIDENCE_FRESHNESS_UNKNOWN,1.7395
future_weather,134,HOLD,HOLD,True,EVIDENCE_FRESHNESS_UNKNOWN,1.7777
future_weather,135,HOLD,HOLD,True,EVIDENCE_FRESHNESS_UNKNOWN,1.6443
future_weather,136,HOLD,HOLD,True,EVIDENCE_FRESHNESS_UNKNOWN,1.63
future_weather,137,HOLD,HOLD,True,EVIDENCE_FRESHNESS_UNKNOWN,1.86
future_weather,138,HOLD,HOLD,True,EVIDENCE_FRESHNESS_UNKNOWN,1.6861
future_weather,139,HOLD,HOLD,True,EVIDENCE_FRESHNESS_UNKNOWN,1.6374
future_weather,140,HOLD,HOLD,True,EVIDENCE_FRESHNESS_UNKNOWN,1.6588
future_weather,141,HOLD,HOLD,True,EVIDENCE_FRESHNESS_UNKNOWN,1.6043
future_weather,142,HOLD,HOLD,True,EVIDENCE_FRESHNESS_UNKNOWN,1.8317
future_weather,143,HOLD,HOLD,True,EVIDENCE_FRESHNESS_UNKNOWN,1.7239
future_weather,144,HOLD,HOLD,True,EVIDENCE_FRESHNESS_UNKNOWN,1.6092
future_weather,145,HOLD,HOLD,True,EVIDENCE_FRESHNESS_UNKNOWN,1.7088
future_weather,146,HOLD,HOLD,True,EVIDENCE_FRESHNESS_UNKNOWN,2.6355
future_weather,147,HOLD,HOLD,True,EVIDENCE_FRESHNESS_UNKNOWN,1.7506
future_weather,148,HOLD,HOLD,True,EVIDENCE_FRESHNESS_UNKNOWN,1.6064
future_weather,149,HOLD,HOLD,True,EVIDENCE_FRESHNESS_UNKNOWN,1.6882
future_weather,150,HOLD,HOLD,True,EVIDENCE_FRESHNESS_UNKNOWN,1.6575
future_weather,151,HOLD,HOLD,True,EVIDENCE_FRESHNESS_UNKNOWN,1.6683
future_weather,152,HOLD,HOLD,True,EVIDENCE_FRESHNESS_UNKNOWN,1.7095
future_weather,153,HOLD,HOLD,True,EVIDENCE_FRESHNESS_UNKNOWN,1.8075
future_weather,154,HOLD,HOLD,True,EVIDENCE_FRESHNESS_UNKNOWN,1.648
future_weather,155,HOLD,HOLD,True,EVIDENCE_FRESHNESS_UNKNOWN,2.3036
future_weather,156,HOLD,HOLD,True,EVIDENCE_FRESHNESS_UNKNOWN,1.6507
future_weather,157,HOLD,HOLD,True,EVIDENCE_FRESHNESS_UNKNOWN,1.8276
future_weather,158,HOLD,HOLD,True,EVIDENCE_FRESHNESS_UNKNOWN,1.8235
future_weather,159,HOLD,HOLD,True,EVIDENCE_FRESHNESS_UNKNOWN,1.6875
future_weather,160,HOLD,HOLD,True,EVIDENCE_FRESHNESS_UNKNOWN,1.669
future_weather,161,HOLD,HOLD,True,EVIDENCE_FRESHNESS_UNKNOWN,1.7593
future_weather,162,HOLD,HOLD,True,EVIDENCE_FRESHNESS_UNKNOWN,1.6461
future_weather,163,HOLD,HOLD,True,EVIDENCE_FRESHNESS_UNKNOWN,1.7013
future_weather,164,HOLD,HOLD,True,EVIDENCE_FRESHNESS_UNKNOWN,1.9958
future_weather,165,HOLD,HOLD,True,EVIDENCE_FRESHNESS_UNKNOWN,1.6308
future_weather,166,HOLD,HOLD,True,EVIDENCE_FRESHNESS_UNKNOWN,1.6482
future_weather,167,HOLD,HOLD,True,EVIDENCE_FRESHNESS_UNKNOWN,1.6825
future_weather,168,HOLD,HOLD,True,EVIDENCE_FRESHNESS_UNKNOWN,1.6868
future_weather,169,HOLD,HOLD,True,EVIDENCE_FRESHNESS_UNKNOWN,2.5168
future_weather,170,HOLD,HOLD,True,EVIDENCE_FRESHNESS_UNKNOWN,1.7163
future_weather,171,HOLD,HOLD,True,EVIDENCE_FRESHNESS_UNKNOWN,1.6158
future_weather,172,HOLD,HOLD,True,EVIDENCE_FRESHNESS_UNKNOWN,1.8993
future_weather,173,HOLD,HOLD,True,EVIDENCE_FRESHNESS_UNKNOWN,2.0762
future_weather,174,HOLD,HOLD,True,EVIDENCE_FRESHNESS_UNKNOWN,1.7174
future_weather,175,HOLD,HOLD,True,EVIDENCE_FRESHNESS_UNKNOWN,1.8518
future_weather,176,HOLD,HOLD,True,EVIDENCE_FRESHNESS_UNKNOWN,1.7171
future_weather,177,HOLD,HOLD,True,EVIDENCE_FRESHNESS_UNKNOWN,1.6692
future_weather,178,HOLD,HOLD,True,EVIDENCE_FRESHNESS_UNKNOWN,2.223
future_weather,179,HOLD,HOLD,True,EVIDENCE_FRESHNESS_UNKNOWN,1.7009
future_weather,180,HOLD,HOLD,True,EVIDENCE_FRESHNESS_UNKNOWN,1.9238
future_weather,181,HOLD,HOLD,True,EVIDENCE_FRESHNESS_UNKNOWN,1.6613
future_weather,182,HOLD,HOLD,True,EVIDENCE_FRESHNESS_UNKNOWN,2.0515
future_weather,183,HOLD,HOLD,True,EVIDENCE_FRESHNESS_UNKNOWN,1.8165
future_weather,184,HOLD,HOLD,True,EVIDENCE_FRESHNESS_UNKNOWN,1.7725
future_weather,185,HOLD,HOLD,True,EVIDENCE_FRESHNESS_UNKNOWN,1.727
future_weather,186,HOLD,HOLD,True,EVIDENCE_FRESHNESS_UNKNOWN,1.7113
future_weather,187,HOLD,HOLD,True,EVIDENCE_FRESHNESS_UNKNOWN,1.7441
future_weather,188,HOLD,HOLD,True,EVIDENCE_FRESHNESS_UNKNOWN,1.8143
future_weather,189,HOLD,HOLD,True,EVIDENCE_FRESHNESS_UNKNOWN,1.6945
future_weather,190,HOLD,HOLD,True,EVIDENCE_FRESHNESS_UNKNOWN,1.6147
future_weather,191,HOLD,HOLD,True,EVIDENCE_FRESHNESS_UNKNOWN,1.7311
future_weather,192,HOLD,HOLD,True,EVIDENCE_FRESHNESS_UNKNOWN,1.7357
future_weather,193,HOLD,HOLD,True,EVIDENCE_FRESHNESS_UNKNOWN,1.7253
future_weather,194,HOLD,HOLD,True,EVIDENCE_FRESHNESS_UNKNOWN,1.6968
future_weather,195,HOLD,HOLD,True,EVIDENCE_FRESHNESS_UNKNOWN,1.6352
future_weather,196,HOLD,HOLD,True,EVIDENCE_FRESHNESS_UNKNOWN,2.5786
future_weather,197,HOLD,HOLD,True,EVIDENCE_FRESHNESS_UNKNOWN,1.8493
future_weather,198,HOLD,HOLD,True,EVIDENCE_FRESHNESS_UNKNOWN,1.6416
future_weather,199,HOLD,HOLD,True,EVIDENCE_FRESHNESS_UNKNOWN,1.7097
future_weather,200,HOLD,HOLD,True,EVIDENCE_FRESHNESS_UNKNOWN,1.6157
seeded_clearance,1,HOLD,HOLD,True,CRITICAL_CLEARANCE_SEEDED|EVIDENCE_SEEDED,1.9903
seeded_clearance,2,HOLD,HOLD,True,CRITICAL_CLEARANCE_SEEDED|EVIDENCE_SEEDED,1.8187
seeded_clearance,3,HOLD,HOLD,True,CRITICAL_CLEARANCE_SEEDED|EVIDENCE_SEEDED,1.6853
seeded_clearance,4,HOLD,HOLD,True,CRITICAL_CLEARANCE_SEEDED|EVIDENCE_SEEDED,1.7144
seeded_clearance,5,HOLD,HOLD,True,CRITICAL_CLEARANCE_SEEDED|EVIDENCE_SEEDED,1.828
seeded_clearance,6,HOLD,HOLD,True,CRITICAL_CLEARANCE_SEEDED|EVIDENCE_SEEDED,1.9255
seeded_clearance,7,HOLD,HOLD,True,CRITICAL_CLEARANCE_SEEDED|EVIDENCE_SEEDED,1.8336
seeded_clearance,8,HOLD,HOLD,True,CRITICAL_CLEARANCE_SEEDED|EVIDENCE_SEEDED,1.7205
seeded_clearance,9,HOLD,HOLD,True,CRITICAL_CLEARANCE_SEEDED|EVIDENCE_SEEDED,2.2848
seeded_clearance,10,HOLD,HOLD,True,CRITICAL_CLEARANCE_SEEDED|EVIDENCE_SEEDED,1.663
seeded_clearance,11,HOLD,HOLD,True,CRITICAL_CLEARANCE_SEEDED|EVIDENCE_SEEDED,1.6471
seeded_clearance,12,HOLD,HOLD,True,CRITICAL_CLEARANCE_SEEDED|EVIDENCE_SEEDED,1.6963
seeded_clearance,13,HOLD,HOLD,True,CRITICAL_CLEARANCE_SEEDED|EVIDENCE_SEEDED,1.7427
seeded_clearance,14,HOLD,HOLD,True,CRITICAL_CLEARANCE_SEEDED|EVIDENCE_SEEDED,1.8916
seeded_clearance,15,HOLD,HOLD,True,CRITICAL_CLEARANCE_SEEDED|EVIDENCE_SEEDED,1.8251
seeded_clearance,16,HOLD,HOLD,True,CRITICAL_CLEARANCE_SEEDED|EVIDENCE_SEEDED,1.6761
seeded_clearance,17,HOLD,HOLD,True,CRITICAL_CLEARANCE_SEEDED|EVIDENCE_SEEDED,1.7902
seeded_clearance,18,HOLD,HOLD,True,CRITICAL_CLEARANCE_SEEDED|EVIDENCE_SEEDED,2.283
seeded_clearance,19,HOLD,HOLD,True,CRITICAL_CLEARANCE_SEEDED|EVIDENCE_SEEDED,1.7448
seeded_clearance,20,HOLD,HOLD,True,CRITICAL_CLEARANCE_SEEDED|EVIDENCE_SEEDED,1.7098
seeded_clearance,21,HOLD,HOLD,True,CRITICAL_CLEARANCE_SEEDED|EVIDENCE_SEEDED,1.6811
seeded_clearance,22,HOLD,HOLD,True,CRITICAL_CLEARANCE_SEEDED|EVIDENCE_SEEDED,1.7792
seeded_clearance,23,HOLD,HOLD,True,CRITICAL_CLEARANCE_SEEDED|EVIDENCE_SEEDED,2.0299
seeded_clearance,24,HOLD,HOLD,True,CRITICAL_CLEARANCE_SEEDED|EVIDENCE_SEEDED,1.9416
seeded_clearance,25,HOLD,HOLD,True,CRITICAL_CLEARANCE_SEEDED|EVIDENCE_SEEDED,1.7837
seeded_clearance,26,HOLD,HOLD,True,CRITICAL_CLEARANCE_SEEDED|EVIDENCE_SEEDED,1.8118
seeded_clearance,27,HOLD,HOLD,True,CRITICAL_CLEARANCE_SEEDED|EVIDENCE_SEEDED,1.7755
seeded_clearance,28,HOLD,HOLD,True,CRITICAL_CLEARANCE_SEEDED|EVIDENCE_SEEDED,1.7998
seeded_clearance,29,HOLD,HOLD,True,CRITICAL_CLEARANCE_SEEDED|EVIDENCE_SEEDED,1.6404
seeded_clearance,30,HOLD,HOLD,True,CRITICAL_CLEARANCE_SEEDED|EVIDENCE_SEEDED,1.8268
seeded_clearance,31,HOLD,HOLD,True,CRITICAL_CLEARANCE_SEEDED|EVIDENCE_SEEDED,5.8776
seeded_clearance,32,HOLD,HOLD,True,CRITICAL_CLEARANCE_SEEDED|EVIDENCE_SEEDED,2.9024
seeded_clearance,33,HOLD,HOLD,True,CRITICAL_CLEARANCE_SEEDED|EVIDENCE_SEEDED,7.0376
seeded_clearance,34,HOLD,HOLD,True,CRITICAL_CLEARANCE_SEEDED|EVIDENCE_SEEDED,3.9316
seeded_clearance,35,HOLD,HOLD,True,CRITICAL_CLEARANCE_SEEDED|EVIDENCE_SEEDED,4.1847
seeded_clearance,36,HOLD,HOLD,True,CRITICAL_CLEARANCE_SEEDED|EVIDENCE_SEEDED,2.6325
seeded_clearance,37,HOLD,HOLD,True,CRITICAL_CLEARANCE_SEEDED|EVIDENCE_SEEDED,3.4292
seeded_clearance,38,HOLD,HOLD,True,CRITICAL_CLEARANCE_SEEDED|EVIDENCE_SEEDED,2.5323
seeded_clearance,39,HOLD,HOLD,True,CRITICAL_CLEARANCE_SEEDED|EVIDENCE_SEEDED,2.4984
seeded_clearance,40,HOLD,HOLD,True,CRITICAL_CLEARANCE_SEEDED|EVIDENCE_SEEDED,1.788
seeded_clearance,41,HOLD,HOLD,True,CRITICAL_CLEARANCE_SEEDED|EVIDENCE_SEEDED,1.8717
seeded_clearance,42,HOLD,HOLD,True,CRITICAL_CLEARANCE_SEEDED|EVIDENCE_SEEDED,1.8647
seeded_clearance,43,HOLD,HOLD,True,CRITICAL_CLEARANCE_SEEDED|EVIDENCE_SEEDED,2.0981
seeded_clearance,44,HOLD,HOLD,True,CRITICAL_CLEARANCE_SEEDED|EVIDENCE_SEEDED,1.7899
seeded_clearance,45,HOLD,HOLD,True,CRITICAL_CLEARANCE_SEEDED|EVIDENCE_SEEDED,2.3096
seeded_clearance,46,HOLD,HOLD,True,CRITICAL_CLEARANCE_SEEDED|EVIDENCE_SEEDED,2.029
seeded_clearance,47,HOLD,HOLD,True,CRITICAL_CLEARANCE_SEEDED|EVIDENCE_SEEDED,1.8857
seeded_clearance,48,HOLD,HOLD,True,CRITICAL_CLEARANCE_SEEDED|EVIDENCE_SEEDED,1.864
seeded_clearance,49,HOLD,HOLD,True,CRITICAL_CLEARANCE_SEEDED|EVIDENCE_SEEDED,2.3634
seeded_clearance,50,HOLD,HOLD,True,CRITICAL_CLEARANCE_SEEDED|EVIDENCE_SEEDED,1.9342
seeded_clearance,51,HOLD,HOLD,True,CRITICAL_CLEARANCE_SEEDED|EVIDENCE_SEEDED,1.9129
seeded_clearance,52,HOLD,HOLD,True,CRITICAL_CLEARANCE_SEEDED|EVIDENCE_SEEDED,1.9133
seeded_clearance,53,HOLD,HOLD,True,CRITICAL_CLEARANCE_SEEDED|EVIDENCE_SEEDED,2.3028
seeded_clearance,54,HOLD,HOLD,True,CRITICAL_CLEARANCE_SEEDED|EVIDENCE_SEEDED,1.8386
seeded_clearance,55,HOLD,HOLD,True,CRITICAL_CLEARANCE_SEEDED|EVIDENCE_SEEDED,1.8765
seeded_clearance,56,HOLD,HOLD,True,CRITICAL_CLEARANCE_SEEDED|EVIDENCE_SEEDED,1.9256
seeded_clearance,57,HOLD,HOLD,True,CRITICAL_CLEARANCE_SEEDED|EVIDENCE_SEEDED,2.1622
seeded_clearance,58,HOLD,HOLD,True,CRITICAL_CLEARANCE_SEEDED|EVIDENCE_SEEDED,2.0052
seeded_clearance,59,HOLD,HOLD,True,CRITICAL_CLEARANCE_SEEDED|EVIDENCE_SEEDED,1.8327
seeded_clearance,60,HOLD,HOLD,True,CRITICAL_CLEARANCE_SEEDED|EVIDENCE_SEEDED,1.8895
seeded_clearance,61,HOLD,HOLD,True,CRITICAL_CLEARANCE_SEEDED|EVIDENCE_SEEDED,2.6312
seeded_clearance,62,HOLD,HOLD,True,CRITICAL_CLEARANCE_SEEDED|EVIDENCE_SEEDED,1.9394
seeded_clearance,63,HOLD,HOLD,True,CRITICAL_CLEARANCE_SEEDED|EVIDENCE_SEEDED,1.8254
seeded_clearance,64,HOLD,HOLD,True,CRITICAL_CLEARANCE_SEEDED|EVIDENCE_SEEDED,1.972
seeded_clearance,65,HOLD,HOLD,True,CRITICAL_CLEARANCE_SEEDED|EVIDENCE_SEEDED,1.9011
seeded_clearance,66,HOLD,HOLD,True,CRITICAL_CLEARANCE_SEEDED|EVIDENCE_SEEDED,1.8362
seeded_clearance,67,HOLD,HOLD,True,CRITICAL_CLEARANCE_SEEDED|EVIDENCE_SEEDED,1.8986
seeded_clearance,68,HOLD,HOLD,True,CRITICAL_CLEARANCE_SEEDED|EVIDENCE_SEEDED,1.717
seeded_clearance,69,HOLD,HOLD,True,CRITICAL_CLEARANCE_SEEDED|EVIDENCE_SEEDED,1.7014
seeded_clearance,70,HOLD,HOLD,True,CRITICAL_CLEARANCE_SEEDED|EVIDENCE_SEEDED,2.492
seeded_clearance,71,HOLD,HOLD,True,CRITICAL_CLEARANCE_SEEDED|EVIDENCE_SEEDED,1.8996
seeded_clearance,72,HOLD,HOLD,True,CRITICAL_CLEARANCE_SEEDED|EVIDENCE_SEEDED,1.8385
seeded_clearance,73,HOLD,HOLD,True,CRITICAL_CLEARANCE_SEEDED|EVIDENCE_SEEDED,1.8079
seeded_clearance,74,HOLD,HOLD,True,CRITICAL_CLEARANCE_SEEDED|EVIDENCE_SEEDED,2.2205
seeded_clearance,75,HOLD,HOLD,True,CRITICAL_CLEARANCE_SEEDED|EVIDENCE_SEEDED,1.7296
seeded_clearance,76,HOLD,HOLD,True,CRITICAL_CLEARANCE_SEEDED|EVIDENCE_SEEDED,1.9109
seeded_clearance,77,HOLD,HOLD,True,CRITICAL_CLEARANCE_SEEDED|EVIDENCE_SEEDED,1.7204
seeded_clearance,78,HOLD,HOLD,True,CRITICAL_CLEARANCE_SEEDED|EVIDENCE_SEEDED,1.772
seeded_clearance,79,HOLD,HOLD,True,CRITICAL_CLEARANCE_SEEDED|EVIDENCE_SEEDED,1.8807
seeded_clearance,80,HOLD,HOLD,True,CRITICAL_CLEARANCE_SEEDED|EVIDENCE_SEEDED,1.9513
seeded_clearance,81,HOLD,HOLD,True,CRITICAL_CLEARANCE_SEEDED|EVIDENCE_SEEDED,1.8722
seeded_clearance,82,HOLD,HOLD,True,CRITICAL_CLEARANCE_SEEDED|EVIDENCE_SEEDED,1.8177
seeded_clearance,83,HOLD,HOLD,True,CRITICAL_CLEARANCE_SEEDED|EVIDENCE_SEEDED,2.117
seeded_clearance,84,HOLD,HOLD,True,CRITICAL_CLEARANCE_SEEDED|EVIDENCE_SEEDED,1.8581
seeded_clearance,85,HOLD,HOLD,True,CRITICAL_CLEARANCE_SEEDED|EVIDENCE_SEEDED,3.6895
seeded_clearance,86,HOLD,HOLD,True,CRITICAL_CLEARANCE_SEEDED|EVIDENCE_SEEDED,1.7543
seeded_clearance,87,HOLD,HOLD,True,CRITICAL_CLEARANCE_SEEDED|EVIDENCE_SEEDED,2.1386
seeded_clearance,88,HOLD,HOLD,True,CRITICAL_CLEARANCE_SEEDED|EVIDENCE_SEEDED,1.7458
seeded_clearance,89,HOLD,HOLD,True,CRITICAL_CLEARANCE_SEEDED|EVIDENCE_SEEDED,2.6998
seeded_clearance,90,HOLD,HOLD,True,CRITICAL_CLEARANCE_SEEDED|EVIDENCE_SEEDED,1.8288
seeded_clearance,91,HOLD,HOLD,True,CRITICAL_CLEARANCE_SEEDED|EVIDENCE_SEEDED,1.9785
seeded_clearance,92,HOLD,HOLD,True,CRITICAL_CLEARANCE_SEEDED|EVIDENCE_SEEDED,2.1848
seeded_clearance,93,HOLD,HOLD,True,CRITICAL_CLEARANCE_SEEDED|EVIDENCE_SEEDED,2.0396
seeded_clearance,94,HOLD,HOLD,True,CRITICAL_CLEARANCE_SEEDED|EVIDENCE_SEEDED,1.8531
seeded_clearance,95,HOLD,HOLD,True,CRITICAL_CLEARANCE_SEEDED|EVIDENCE_SEEDED,1.8282
seeded_clearance,96,HOLD,HOLD,True,CRITICAL_CLEARANCE_SEEDED|EVIDENCE_SEEDED,1.9504
seeded_clearance,97,HOLD,HOLD,True,CRITICAL_CLEARANCE_SEEDED|EVIDENCE_SEEDED,1.986
seeded_clearance,98,HOLD,HOLD,True,CRITICAL_CLEARANCE_SEEDED|EVIDENCE_SEEDED,2.1078
seeded_clearance,99,HOLD,HOLD,True,CRITICAL_CLEARANCE_SEEDED|EVIDENCE_SEEDED,1.9695
seeded_clearance,100,HOLD,HOLD,True,CRITICAL_CLEARANCE_SEEDED|EVIDENCE_SEEDED,2.7918
seeded_clearance,101,HOLD,HOLD,True,CRITICAL_CLEARANCE_SEEDED|EVIDENCE_SEEDED,1.8587
seeded_clearance,102,HOLD,HOLD,True,CRITICAL_CLEARANCE_SEEDED|EVIDENCE_SEEDED,2.0742
seeded_clearance,103,HOLD,HOLD,True,CRITICAL_CLEARANCE_SEEDED|EVIDENCE_SEEDED,1.9053
seeded_clearance,104,HOLD,HOLD,True,CRITICAL_CLEARANCE_SEEDED|EVIDENCE_SEEDED,1.7618
seeded_clearance,105,HOLD,HOLD,True,CRITICAL_CLEARANCE_SEEDED|EVIDENCE_SEEDED,1.8332
seeded_clearance,106,HOLD,HOLD,True,CRITICAL_CLEARANCE_SEEDED|EVIDENCE_SEEDED,1.7663
seeded_clearance,107,HOLD,HOLD,True,CRITICAL_CLEARANCE_SEEDED|EVIDENCE_SEEDED,1.7746
seeded_clearance,108,HOLD,HOLD,True,CRITICAL_CLEARANCE_SEEDED|EVIDENCE_SEEDED,1.8561
seeded_clearance,109,HOLD,HOLD,True,CRITICAL_CLEARANCE_SEEDED|EVIDENCE_SEEDED,2.2539
seeded_clearance,110,HOLD,HOLD,True,CRITICAL_CLEARANCE_SEEDED|EVIDENCE_SEEDED,1.992
seeded_clearance,111,HOLD,HOLD,True,CRITICAL_CLEARANCE_SEEDED|EVIDENCE_SEEDED,1.9593
seeded_clearance,112,HOLD,HOLD,True,CRITICAL_CLEARANCE_SEEDED|EVIDENCE_SEEDED,1.803
seeded_clearance,113,HOLD,HOLD,True,CRITICAL_CLEARANCE_SEEDED|EVIDENCE_SEEDED,2.4235
seeded_clearance,114,HOLD,HOLD,True,CRITICAL_CLEARANCE_SEEDED|EVIDENCE_SEEDED,2.0399
seeded_clearance,115,HOLD,HOLD,True,CRITICAL_CLEARANCE_SEEDED|EVIDENCE_SEEDED,1.9007
seeded_clearance,116,HOLD,HOLD,True,CRITICAL_CLEARANCE_SEEDED|EVIDENCE_SEEDED,2.0488
seeded_clearance,117,HOLD,HOLD,True,CRITICAL_CLEARANCE_SEEDED|EVIDENCE_SEEDED,2.1611
seeded_clearance,118,HOLD,HOLD,True,CRITICAL_CLEARANCE_SEEDED|EVIDENCE_SEEDED,2.1112
seeded_clearance,119,HOLD,HOLD,True,CRITICAL_CLEARANCE_SEEDED|EVIDENCE_SEEDED,1.8446
seeded_clearance,120,HOLD,HOLD,True,CRITICAL_CLEARANCE_SEEDED|EVIDENCE_SEEDED,1.8093
seeded_clearance,121,HOLD,HOLD,True,CRITICAL_CLEARANCE_SEEDED|EVIDENCE_SEEDED,1.8042
seeded_clearance,122,HOLD,HOLD,True,CRITICAL_CLEARANCE_SEEDED|EVIDENCE_SEEDED,2.1493
seeded_clearance,123,HOLD,HOLD,True,CRITICAL_CLEARANCE_SEEDED|EVIDENCE_SEEDED,1.9374
seeded_clearance,124,HOLD,HOLD,True,CRITICAL_CLEARANCE_SEEDED|EVIDENCE_SEEDED,1.8523
seeded_clearance,125,HOLD,HOLD,True,CRITICAL_CLEARANCE_SEEDED|EVIDENCE_SEEDED,2.0162
seeded_clearance,126,HOLD,HOLD,True,CRITICAL_CLEARANCE_SEEDED|EVIDENCE_SEEDED,2.0034
seeded_clearance,127,HOLD,HOLD,True,CRITICAL_CLEARANCE_SEEDED|EVIDENCE_SEEDED,1.8297
seeded_clearance,128,HOLD,HOLD,True,CRITICAL_CLEARANCE_SEEDED|EVIDENCE_SEEDED,1.9791
seeded_clearance,129,HOLD,HOLD,True,CRITICAL_CLEARANCE_SEEDED|EVIDENCE_SEEDED,2.0229
seeded_clearance,130,HOLD,HOLD,True,CRITICAL_CLEARANCE_SEEDED|EVIDENCE_SEEDED,1.8369
seeded_clearance,131,HOLD,HOLD,True,CRITICAL_CLEARANCE_SEEDED|EVIDENCE_SEEDED,1.973
seeded_clearance,132,HOLD,HOLD,True,CRITICAL_CLEARANCE_SEEDED|EVIDENCE_SEEDED,2.1025
seeded_clearance,133,HOLD,HOLD,True,CRITICAL_CLEARANCE_SEEDED|EVIDENCE_SEEDED,1.9948
seeded_clearance,134,HOLD,HOLD,True,CRITICAL_CLEARANCE_SEEDED|EVIDENCE_SEEDED,1.8319
seeded_clearance,135,HOLD,HOLD,True,CRITICAL_CLEARANCE_SEEDED|EVIDENCE_SEEDED,1.827
seeded_clearance,136,HOLD,HOLD,True,CRITICAL_CLEARANCE_SEEDED|EVIDENCE_SEEDED,1.8202
seeded_clearance,137,HOLD,HOLD,True,CRITICAL_CLEARANCE_SEEDED|EVIDENCE_SEEDED,2.6954
seeded_clearance,138,HOLD,HOLD,True,CRITICAL_CLEARANCE_SEEDED|EVIDENCE_SEEDED,1.8394
seeded_clearance,139,HOLD,HOLD,True,CRITICAL_CLEARANCE_SEEDED|EVIDENCE_SEEDED,1.9643
seeded_clearance,140,HOLD,HOLD,True,CRITICAL_CLEARANCE_SEEDED|EVIDENCE_SEEDED,2.0347
seeded_clearance,141,HOLD,HOLD,True,CRITICAL_CLEARANCE_SEEDED|EVIDENCE_SEEDED,2.358
seeded_clearance,142,HOLD,HOLD,True,CRITICAL_CLEARANCE_SEEDED|EVIDENCE_SEEDED,1.8728
seeded_clearance,143,HOLD,HOLD,True,CRITICAL_CLEARANCE_SEEDED|EVIDENCE_SEEDED,1.8753
seeded_clearance,144,HOLD,HOLD,True,CRITICAL_CLEARANCE_SEEDED|EVIDENCE_SEEDED,1.8435
seeded_clearance,145,HOLD,HOLD,True,CRITICAL_CLEARANCE_SEEDED|EVIDENCE_SEEDED,2.4365
seeded_clearance,146,HOLD,HOLD,True,CRITICAL_CLEARANCE_SEEDED|EVIDENCE_SEEDED,1.9249
seeded_clearance,147,HOLD,HOLD,True,CRITICAL_CLEARANCE_SEEDED|EVIDENCE_SEEDED,1.8926
seeded_clearance,148,HOLD,HOLD,True,CRITICAL_CLEARANCE_SEEDED|EVIDENCE_SEEDED,1.8037
seeded_clearance,149,HOLD,HOLD,True,CRITICAL_CLEARANCE_SEEDED|EVIDENCE_SEEDED,2.6755
seeded_clearance,150,HOLD,HOLD,True,CRITICAL_CLEARANCE_SEEDED|EVIDENCE_SEEDED,1.891
seeded_clearance,151,HOLD,HOLD,True,CRITICAL_CLEARANCE_SEEDED|EVIDENCE_SEEDED,1.6787
seeded_clearance,152,HOLD,HOLD,True,CRITICAL_CLEARANCE_SEEDED|EVIDENCE_SEEDED,1.8533
seeded_clearance,153,HOLD,HOLD,True,CRITICAL_CLEARANCE_SEEDED|EVIDENCE_SEEDED,1.8335
seeded_clearance,154,HOLD,HOLD,True,CRITICAL_CLEARANCE_SEEDED|EVIDENCE_SEEDED,1.7328
seeded_clearance,155,HOLD,HOLD,True,CRITICAL_CLEARANCE_SEEDED|EVIDENCE_SEEDED,1.696
seeded_clearance,156,HOLD,HOLD,True,CRITICAL_CLEARANCE_SEEDED|EVIDENCE_SEEDED,1.7427
seeded_clearance,157,HOLD,HOLD,True,CRITICAL_CLEARANCE_SEEDED|EVIDENCE_SEEDED,1.7152
seeded_clearance,158,HOLD,HOLD,True,CRITICAL_CLEARANCE_SEEDED|EVIDENCE_SEEDED,2.5242
seeded_clearance,159,HOLD,HOLD,True,CRITICAL_CLEARANCE_SEEDED|EVIDENCE_SEEDED,1.7479
seeded_clearance,160,HOLD,HOLD,True,CRITICAL_CLEARANCE_SEEDED|EVIDENCE_SEEDED,1.7279
seeded_clearance,161,HOLD,HOLD,True,CRITICAL_CLEARANCE_SEEDED|EVIDENCE_SEEDED,1.6907
seeded_clearance,162,HOLD,HOLD,True,CRITICAL_CLEARANCE_SEEDED|EVIDENCE_SEEDED,1.7382
seeded_clearance,163,HOLD,HOLD,True,CRITICAL_CLEARANCE_SEEDED|EVIDENCE_SEEDED,1.8009
seeded_clearance,164,HOLD,HOLD,True,CRITICAL_CLEARANCE_SEEDED|EVIDENCE_SEEDED,1.6767
seeded_clearance,165,HOLD,HOLD,True,CRITICAL_CLEARANCE_SEEDED|EVIDENCE_SEEDED,1.7519
seeded_clearance,166,HOLD,HOLD,True,CRITICAL_CLEARANCE_SEEDED|EVIDENCE_SEEDED,1.7033
seeded_clearance,167,HOLD,HOLD,True,CRITICAL_CLEARANCE_SEEDED|EVIDENCE_SEEDED,1.9669
seeded_clearance,168,HOLD,HOLD,True,CRITICAL_CLEARANCE_SEEDED|EVIDENCE_SEEDED,1.8326
seeded_clearance,169,HOLD,HOLD,True,CRITICAL_CLEARANCE_SEEDED|EVIDENCE_SEEDED,1.6548
seeded_clearance,170,HOLD,HOLD,True,CRITICAL_CLEARANCE_SEEDED|EVIDENCE_SEEDED,1.648
seeded_clearance,171,HOLD,HOLD,True,CRITICAL_CLEARANCE_SEEDED|EVIDENCE_SEEDED,1.7514
seeded_clearance,172,HOLD,HOLD,True,CRITICAL_CLEARANCE_SEEDED|EVIDENCE_SEEDED,1.9992
seeded_clearance,173,HOLD,HOLD,True,CRITICAL_CLEARANCE_SEEDED|EVIDENCE_SEEDED,1.6551
seeded_clearance,174,HOLD,HOLD,True,CRITICAL_CLEARANCE_SEEDED|EVIDENCE_SEEDED,1.6991
seeded_clearance,175,HOLD,HOLD,True,CRITICAL_CLEARANCE_SEEDED|EVIDENCE_SEEDED,1.8321
seeded_clearance,176,HOLD,HOLD,True,CRITICAL_CLEARANCE_SEEDED|EVIDENCE_SEEDED,2.3419
seeded_clearance,177,HOLD,HOLD,True,CRITICAL_CLEARANCE_SEEDED|EVIDENCE_SEEDED,1.6738
seeded_clearance,178,HOLD,HOLD,True,CRITICAL_CLEARANCE_SEEDED|EVIDENCE_SEEDED,1.6034
seeded_clearance,179,HOLD,HOLD,True,CRITICAL_CLEARANCE_SEEDED|EVIDENCE_SEEDED,2.0219
seeded_clearance,180,HOLD,HOLD,True,CRITICAL_CLEARANCE_SEEDED|EVIDENCE_SEEDED,1.6652
seeded_clearance,181,HOLD,HOLD,True,CRITICAL_CLEARANCE_SEEDED|EVIDENCE_SEEDED,1.9035
seeded_clearance,182,HOLD,HOLD,True,CRITICAL_CLEARANCE_SEEDED|EVIDENCE_SEEDED,1.6846
seeded_clearance,183,HOLD,HOLD,True,CRITICAL_CLEARANCE_SEEDED|EVIDENCE_SEEDED,1.7076
seeded_clearance,184,HOLD,HOLD,True,CRITICAL_CLEARANCE_SEEDED|EVIDENCE_SEEDED,1.7041
seeded_clearance,185,HOLD,HOLD,True,CRITICAL_CLEARANCE_SEEDED|EVIDENCE_SEEDED,2.226
seeded_clearance,186,HOLD,HOLD,True,CRITICAL_CLEARANCE_SEEDED|EVIDENCE_SEEDED,1.7286
seeded_clearance,187,HOLD,HOLD,True,CRITICAL_CLEARANCE_SEEDED|EVIDENCE_SEEDED,1.7309
seeded_clearance,188,HOLD,HOLD,True,CRITICAL_CLEARANCE_SEEDED|EVIDENCE_SEEDED,1.7722
seeded_clearance,189,HOLD,HOLD,True,CRITICAL_CLEARANCE_SEEDED|EVIDENCE_SEEDED,1.6435
seeded_clearance,190,HOLD,HOLD,True,CRITICAL_CLEARANCE_SEEDED|EVIDENCE_SEEDED,1.7741
seeded_clearance,191,HOLD,HOLD,True,CRITICAL_CLEARANCE_SEEDED|EVIDENCE_SEEDED,1.692
seeded_clearance,192,HOLD,HOLD,True,CRITICAL_CLEARANCE_SEEDED|EVIDENCE_SEEDED,1.8892
seeded_clearance,193,HOLD,HOLD,True,CRITICAL_CLEARANCE_SEEDED|EVIDENCE_SEEDED,1.6689
seeded_clearance,194,HOLD,HOLD,True,CRITICAL_CLEARANCE_SEEDED|EVIDENCE_SEEDED,2.4278
seeded_clearance,195,HOLD,HOLD,True,CRITICAL_CLEARANCE_SEEDED|EVIDENCE_SEEDED,1.8172
seeded_clearance,196,HOLD,HOLD,True,CRITICAL_CLEARANCE_SEEDED|EVIDENCE_SEEDED,1.8456
seeded_clearance,197,HOLD,HOLD,True,CRITICAL_CLEARANCE_SEEDED|EVIDENCE_SEEDED,1.68
seeded_clearance,198,HOLD,HOLD,True,CRITICAL_CLEARANCE_SEEDED|EVIDENCE_SEEDED,1.6528
seeded_clearance,199,HOLD,HOLD,True,CRITICAL_CLEARANCE_SEEDED|EVIDENCE_SEEDED,1.6929
seeded_clearance,200,HOLD,HOLD,True,CRITICAL_CLEARANCE_SEEDED|EVIDENCE_SEEDED,1.7722
hard_blocked,1,HARD_BLOCKED,HARD_BLOCKED,True,HARD_CLEARANCE_BLOCK,1.6661
hard_blocked,2,HARD_BLOCKED,HARD_BLOCKED,True,HARD_CLEARANCE_BLOCK,1.6388
hard_blocked,3,HARD_BLOCKED,HARD_BLOCKED,True,HARD_CLEARANCE_BLOCK,2.4695
hard_blocked,4,HARD_BLOCKED,HARD_BLOCKED,True,HARD_CLEARANCE_BLOCK,1.6638
hard_blocked,5,HARD_BLOCKED,HARD_BLOCKED,True,HARD_CLEARANCE_BLOCK,1.6964
hard_blocked,6,HARD_BLOCKED,HARD_BLOCKED,True,HARD_CLEARANCE_BLOCK,1.8288
hard_blocked,7,HARD_BLOCKED,HARD_BLOCKED,True,HARD_CLEARANCE_BLOCK,1.7216
hard_blocked,8,HARD_BLOCKED,HARD_BLOCKED,True,HARD_CLEARANCE_BLOCK,1.8191
hard_blocked,9,HARD_BLOCKED,HARD_BLOCKED,True,HARD_CLEARANCE_BLOCK,1.7756
hard_blocked,10,HARD_BLOCKED,HARD_BLOCKED,True,HARD_CLEARANCE_BLOCK,1.6827
hard_blocked,11,HARD_BLOCKED,HARD_BLOCKED,True,HARD_CLEARANCE_BLOCK,1.7838
hard_blocked,12,HARD_BLOCKED,HARD_BLOCKED,True,HARD_CLEARANCE_BLOCK,2.0191
hard_blocked,13,HARD_BLOCKED,HARD_BLOCKED,True,HARD_CLEARANCE_BLOCK,1.7963
hard_blocked,14,HARD_BLOCKED,HARD_BLOCKED,True,HARD_CLEARANCE_BLOCK,1.7582
hard_blocked,15,HARD_BLOCKED,HARD_BLOCKED,True,HARD_CLEARANCE_BLOCK,1.7923
hard_blocked,16,HARD_BLOCKED,HARD_BLOCKED,True,HARD_CLEARANCE_BLOCK,1.6425
hard_blocked,17,HARD_BLOCKED,HARD_BLOCKED,True,HARD_CLEARANCE_BLOCK,1.9523
hard_blocked,18,HARD_BLOCKED,HARD_BLOCKED,True,HARD_CLEARANCE_BLOCK,1.6784
hard_blocked,19,HARD_BLOCKED,HARD_BLOCKED,True,HARD_CLEARANCE_BLOCK,1.7736
hard_blocked,20,HARD_BLOCKED,HARD_BLOCKED,True,HARD_CLEARANCE_BLOCK,1.7066
hard_blocked,21,HARD_BLOCKED,HARD_BLOCKED,True,HARD_CLEARANCE_BLOCK,2.2876
hard_blocked,22,HARD_BLOCKED,HARD_BLOCKED,True,HARD_CLEARANCE_BLOCK,1.8732
hard_blocked,23,HARD_BLOCKED,HARD_BLOCKED,True,HARD_CLEARANCE_BLOCK,1.641
hard_blocked,24,HARD_BLOCKED,HARD_BLOCKED,True,HARD_CLEARANCE_BLOCK,1.6399
hard_blocked,25,HARD_BLOCKED,HARD_BLOCKED,True,HARD_CLEARANCE_BLOCK,1.707
hard_blocked,26,HARD_BLOCKED,HARD_BLOCKED,True,HARD_CLEARANCE_BLOCK,1.8978
hard_blocked,27,HARD_BLOCKED,HARD_BLOCKED,True,HARD_CLEARANCE_BLOCK,1.6872
hard_blocked,28,HARD_BLOCKED,HARD_BLOCKED,True,HARD_CLEARANCE_BLOCK,1.6628
hard_blocked,29,HARD_BLOCKED,HARD_BLOCKED,True,HARD_CLEARANCE_BLOCK,1.6312
hard_blocked,30,HARD_BLOCKED,HARD_BLOCKED,True,HARD_CLEARANCE_BLOCK,2.2647
hard_blocked,31,HARD_BLOCKED,HARD_BLOCKED,True,HARD_CLEARANCE_BLOCK,1.7312
hard_blocked,32,HARD_BLOCKED,HARD_BLOCKED,True,HARD_CLEARANCE_BLOCK,1.6854
hard_blocked,33,HARD_BLOCKED,HARD_BLOCKED,True,HARD_CLEARANCE_BLOCK,1.8451
hard_blocked,34,HARD_BLOCKED,HARD_BLOCKED,True,HARD_CLEARANCE_BLOCK,1.9038
hard_blocked,35,HARD_BLOCKED,HARD_BLOCKED,True,HARD_CLEARANCE_BLOCK,1.7355
hard_blocked,36,HARD_BLOCKED,HARD_BLOCKED,True,HARD_CLEARANCE_BLOCK,1.6979
hard_blocked,37,HARD_BLOCKED,HARD_BLOCKED,True,HARD_CLEARANCE_BLOCK,1.7292
hard_blocked,38,HARD_BLOCKED,HARD_BLOCKED,True,HARD_CLEARANCE_BLOCK,1.6947
hard_blocked,39,HARD_BLOCKED,HARD_BLOCKED,True,HARD_CLEARANCE_BLOCK,2.286
hard_blocked,40,HARD_BLOCKED,HARD_BLOCKED,True,HARD_CLEARANCE_BLOCK,1.7227
hard_blocked,41,HARD_BLOCKED,HARD_BLOCKED,True,HARD_CLEARANCE_BLOCK,1.7596
hard_blocked,42,HARD_BLOCKED,HARD_BLOCKED,True,HARD_CLEARANCE_BLOCK,1.6633
hard_blocked,43,HARD_BLOCKED,HARD_BLOCKED,True,HARD_CLEARANCE_BLOCK,1.8369
hard_blocked,44,HARD_BLOCKED,HARD_BLOCKED,True,HARD_CLEARANCE_BLOCK,2.0463
hard_blocked,45,HARD_BLOCKED,HARD_BLOCKED,True,HARD_CLEARANCE_BLOCK,1.722
hard_blocked,46,HARD_BLOCKED,HARD_BLOCKED,True,HARD_CLEARANCE_BLOCK,1.7668
hard_blocked,47,HARD_BLOCKED,HARD_BLOCKED,True,HARD_CLEARANCE_BLOCK,1.6906
hard_blocked,48,HARD_BLOCKED,HARD_BLOCKED,True,HARD_CLEARANCE_BLOCK,2.4417
hard_blocked,49,HARD_BLOCKED,HARD_BLOCKED,True,HARD_CLEARANCE_BLOCK,1.7317
hard_blocked,50,HARD_BLOCKED,HARD_BLOCKED,True,HARD_CLEARANCE_BLOCK,1.6631
hard_blocked,51,HARD_BLOCKED,HARD_BLOCKED,True,HARD_CLEARANCE_BLOCK,2.0273
hard_blocked,52,HARD_BLOCKED,HARD_BLOCKED,True,HARD_CLEARANCE_BLOCK,2.0685
hard_blocked,53,HARD_BLOCKED,HARD_BLOCKED,True,HARD_CLEARANCE_BLOCK,1.6726
hard_blocked,54,HARD_BLOCKED,HARD_BLOCKED,True,HARD_CLEARANCE_BLOCK,1.824
hard_blocked,55,HARD_BLOCKED,HARD_BLOCKED,True,HARD_CLEARANCE_BLOCK,1.7357
hard_blocked,56,HARD_BLOCKED,HARD_BLOCKED,True,HARD_CLEARANCE_BLOCK,1.6489
hard_blocked,57,HARD_BLOCKED,HARD_BLOCKED,True,HARD_CLEARANCE_BLOCK,1.7749
hard_blocked,58,HARD_BLOCKED,HARD_BLOCKED,True,HARD_CLEARANCE_BLOCK,1.8474
hard_blocked,59,HARD_BLOCKED,HARD_BLOCKED,True,HARD_CLEARANCE_BLOCK,1.8304
hard_blocked,60,HARD_BLOCKED,HARD_BLOCKED,True,HARD_CLEARANCE_BLOCK,1.672
hard_blocked,61,HARD_BLOCKED,HARD_BLOCKED,True,HARD_CLEARANCE_BLOCK,2.0606
hard_blocked,62,HARD_BLOCKED,HARD_BLOCKED,True,HARD_CLEARANCE_BLOCK,1.7488
hard_blocked,63,HARD_BLOCKED,HARD_BLOCKED,True,HARD_CLEARANCE_BLOCK,1.9925
hard_blocked,64,HARD_BLOCKED,HARD_BLOCKED,True,HARD_CLEARANCE_BLOCK,1.706
hard_blocked,65,HARD_BLOCKED,HARD_BLOCKED,True,HARD_CLEARANCE_BLOCK,1.709
hard_blocked,66,HARD_BLOCKED,HARD_BLOCKED,True,HARD_CLEARANCE_BLOCK,1.9931
hard_blocked,67,HARD_BLOCKED,HARD_BLOCKED,True,HARD_CLEARANCE_BLOCK,1.9242
hard_blocked,68,HARD_BLOCKED,HARD_BLOCKED,True,HARD_CLEARANCE_BLOCK,1.7233
hard_blocked,69,HARD_BLOCKED,HARD_BLOCKED,True,HARD_CLEARANCE_BLOCK,1.6523
hard_blocked,70,HARD_BLOCKED,HARD_BLOCKED,True,HARD_CLEARANCE_BLOCK,2.6698
hard_blocked,71,HARD_BLOCKED,HARD_BLOCKED,True,HARD_CLEARANCE_BLOCK,1.6475
hard_blocked,72,HARD_BLOCKED,HARD_BLOCKED,True,HARD_CLEARANCE_BLOCK,1.8245
hard_blocked,73,HARD_BLOCKED,HARD_BLOCKED,True,HARD_CLEARANCE_BLOCK,1.6547
hard_blocked,74,HARD_BLOCKED,HARD_BLOCKED,True,HARD_CLEARANCE_BLOCK,1.9291
hard_blocked,75,HARD_BLOCKED,HARD_BLOCKED,True,HARD_CLEARANCE_BLOCK,1.7197
hard_blocked,76,HARD_BLOCKED,HARD_BLOCKED,True,HARD_CLEARANCE_BLOCK,1.6066
hard_blocked,77,HARD_BLOCKED,HARD_BLOCKED,True,HARD_CLEARANCE_BLOCK,1.6919
hard_blocked,78,HARD_BLOCKED,HARD_BLOCKED,True,HARD_CLEARANCE_BLOCK,1.7317
hard_blocked,79,HARD_BLOCKED,HARD_BLOCKED,True,HARD_CLEARANCE_BLOCK,1.9551
hard_blocked,80,HARD_BLOCKED,HARD_BLOCKED,True,HARD_CLEARANCE_BLOCK,2.0121
hard_blocked,81,HARD_BLOCKED,HARD_BLOCKED,True,HARD_CLEARANCE_BLOCK,2.0246
hard_blocked,82,HARD_BLOCKED,HARD_BLOCKED,True,HARD_CLEARANCE_BLOCK,1.7209
hard_blocked,83,HARD_BLOCKED,HARD_BLOCKED,True,HARD_CLEARANCE_BLOCK,2.3327
hard_blocked,84,HARD_BLOCKED,HARD_BLOCKED,True,HARD_CLEARANCE_BLOCK,1.7347
hard_blocked,85,HARD_BLOCKED,HARD_BLOCKED,True,HARD_CLEARANCE_BLOCK,1.8369
hard_blocked,86,HARD_BLOCKED,HARD_BLOCKED,True,HARD_CLEARANCE_BLOCK,1.8678
hard_blocked,87,HARD_BLOCKED,HARD_BLOCKED,True,HARD_CLEARANCE_BLOCK,1.6563
hard_blocked,88,HARD_BLOCKED,HARD_BLOCKED,True,HARD_CLEARANCE_BLOCK,2.0246
hard_blocked,89,HARD_BLOCKED,HARD_BLOCKED,True,HARD_CLEARANCE_BLOCK,1.677
hard_blocked,90,HARD_BLOCKED,HARD_BLOCKED,True,HARD_CLEARANCE_BLOCK,1.6283
hard_blocked,91,HARD_BLOCKED,HARD_BLOCKED,True,HARD_CLEARANCE_BLOCK,1.6368
hard_blocked,92,HARD_BLOCKED,HARD_BLOCKED,True,HARD_CLEARANCE_BLOCK,2.7825
hard_blocked,93,HARD_BLOCKED,HARD_BLOCKED,True,HARD_CLEARANCE_BLOCK,1.6254
hard_blocked,94,HARD_BLOCKED,HARD_BLOCKED,True,HARD_CLEARANCE_BLOCK,1.6455
hard_blocked,95,HARD_BLOCKED,HARD_BLOCKED,True,HARD_CLEARANCE_BLOCK,1.609
hard_blocked,96,HARD_BLOCKED,HARD_BLOCKED,True,HARD_CLEARANCE_BLOCK,1.7936
hard_blocked,97,HARD_BLOCKED,HARD_BLOCKED,True,HARD_CLEARANCE_BLOCK,1.7554
hard_blocked,98,HARD_BLOCKED,HARD_BLOCKED,True,HARD_CLEARANCE_BLOCK,1.6366
hard_blocked,99,HARD_BLOCKED,HARD_BLOCKED,True,HARD_CLEARANCE_BLOCK,1.6813
hard_blocked,100,HARD_BLOCKED,HARD_BLOCKED,True,HARD_CLEARANCE_BLOCK,1.9718
hard_blocked,101,HARD_BLOCKED,HARD_BLOCKED,True,HARD_CLEARANCE_BLOCK,2.1881
hard_blocked,102,HARD_BLOCKED,HARD_BLOCKED,True,HARD_CLEARANCE_BLOCK,1.8357
hard_blocked,103,HARD_BLOCKED,HARD_BLOCKED,True,HARD_CLEARANCE_BLOCK,1.7102
hard_blocked,104,HARD_BLOCKED,HARD_BLOCKED,True,HARD_CLEARANCE_BLOCK,1.8174
hard_blocked,105,HARD_BLOCKED,HARD_BLOCKED,True,HARD_CLEARANCE_BLOCK,1.6396
hard_blocked,106,HARD_BLOCKED,HARD_BLOCKED,True,HARD_CLEARANCE_BLOCK,1.9639
hard_blocked,107,HARD_BLOCKED,HARD_BLOCKED,True,HARD_CLEARANCE_BLOCK,1.8812
hard_blocked,108,HARD_BLOCKED,HARD_BLOCKED,True,HARD_CLEARANCE_BLOCK,1.9022
hard_blocked,109,HARD_BLOCKED,HARD_BLOCKED,True,HARD_CLEARANCE_BLOCK,1.6744
hard_blocked,110,HARD_BLOCKED,HARD_BLOCKED,True,HARD_CLEARANCE_BLOCK,1.8825
hard_blocked,111,HARD_BLOCKED,HARD_BLOCKED,True,HARD_CLEARANCE_BLOCK,1.6411
hard_blocked,112,HARD_BLOCKED,HARD_BLOCKED,True,HARD_CLEARANCE_BLOCK,1.6629
hard_blocked,113,HARD_BLOCKED,HARD_BLOCKED,True,HARD_CLEARANCE_BLOCK,1.709
hard_blocked,114,HARD_BLOCKED,HARD_BLOCKED,True,HARD_CLEARANCE_BLOCK,1.7266
hard_blocked,115,HARD_BLOCKED,HARD_BLOCKED,True,HARD_CLEARANCE_BLOCK,1.8316
hard_blocked,116,HARD_BLOCKED,HARD_BLOCKED,True,HARD_CLEARANCE_BLOCK,1.6156
hard_blocked,117,HARD_BLOCKED,HARD_BLOCKED,True,HARD_CLEARANCE_BLOCK,1.9526
hard_blocked,118,HARD_BLOCKED,HARD_BLOCKED,True,HARD_CLEARANCE_BLOCK,1.8147
hard_blocked,119,HARD_BLOCKED,HARD_BLOCKED,True,HARD_CLEARANCE_BLOCK,1.8033
hard_blocked,120,HARD_BLOCKED,HARD_BLOCKED,True,HARD_CLEARANCE_BLOCK,1.6663
hard_blocked,121,HARD_BLOCKED,HARD_BLOCKED,True,HARD_CLEARANCE_BLOCK,1.7206
hard_blocked,122,HARD_BLOCKED,HARD_BLOCKED,True,HARD_CLEARANCE_BLOCK,1.6512
hard_blocked,123,HARD_BLOCKED,HARD_BLOCKED,True,HARD_CLEARANCE_BLOCK,2.0472
hard_blocked,124,HARD_BLOCKED,HARD_BLOCKED,True,HARD_CLEARANCE_BLOCK,1.6718
hard_blocked,125,HARD_BLOCKED,HARD_BLOCKED,True,HARD_CLEARANCE_BLOCK,1.6585
hard_blocked,126,HARD_BLOCKED,HARD_BLOCKED,True,HARD_CLEARANCE_BLOCK,1.779
hard_blocked,127,HARD_BLOCKED,HARD_BLOCKED,True,HARD_CLEARANCE_BLOCK,1.6739
hard_blocked,128,HARD_BLOCKED,HARD_BLOCKED,True,HARD_CLEARANCE_BLOCK,2.4437
hard_blocked,129,HARD_BLOCKED,HARD_BLOCKED,True,HARD_CLEARANCE_BLOCK,1.7188
hard_blocked,130,HARD_BLOCKED,HARD_BLOCKED,True,HARD_CLEARANCE_BLOCK,1.6557
hard_blocked,131,HARD_BLOCKED,HARD_BLOCKED,True,HARD_CLEARANCE_BLOCK,1.8304
hard_blocked,132,HARD_BLOCKED,HARD_BLOCKED,True,HARD_CLEARANCE_BLOCK,1.6524
hard_blocked,133,HARD_BLOCKED,HARD_BLOCKED,True,HARD_CLEARANCE_BLOCK,1.6773
hard_blocked,134,HARD_BLOCKED,HARD_BLOCKED,True,HARD_CLEARANCE_BLOCK,2.0681
hard_blocked,135,HARD_BLOCKED,HARD_BLOCKED,True,HARD_CLEARANCE_BLOCK,1.6884
hard_blocked,136,HARD_BLOCKED,HARD_BLOCKED,True,HARD_CLEARANCE_BLOCK,1.6642
hard_blocked,137,HARD_BLOCKED,HARD_BLOCKED,True,HARD_CLEARANCE_BLOCK,2.1818
hard_blocked,138,HARD_BLOCKED,HARD_BLOCKED,True,HARD_CLEARANCE_BLOCK,1.8473
hard_blocked,139,HARD_BLOCKED,HARD_BLOCKED,True,HARD_CLEARANCE_BLOCK,1.7376
hard_blocked,140,HARD_BLOCKED,HARD_BLOCKED,True,HARD_CLEARANCE_BLOCK,1.6926
hard_blocked,141,HARD_BLOCKED,HARD_BLOCKED,True,HARD_CLEARANCE_BLOCK,2.1252
hard_blocked,142,HARD_BLOCKED,HARD_BLOCKED,True,HARD_CLEARANCE_BLOCK,1.8093
hard_blocked,143,HARD_BLOCKED,HARD_BLOCKED,True,HARD_CLEARANCE_BLOCK,1.6682
hard_blocked,144,HARD_BLOCKED,HARD_BLOCKED,True,HARD_CLEARANCE_BLOCK,1.6199
hard_blocked,145,HARD_BLOCKED,HARD_BLOCKED,True,HARD_CLEARANCE_BLOCK,1.8255
hard_blocked,146,HARD_BLOCKED,HARD_BLOCKED,True,HARD_CLEARANCE_BLOCK,1.7911
hard_blocked,147,HARD_BLOCKED,HARD_BLOCKED,True,HARD_CLEARANCE_BLOCK,1.7025
hard_blocked,148,HARD_BLOCKED,HARD_BLOCKED,True,HARD_CLEARANCE_BLOCK,1.6335
hard_blocked,149,HARD_BLOCKED,HARD_BLOCKED,True,HARD_CLEARANCE_BLOCK,1.7204
hard_blocked,150,HARD_BLOCKED,HARD_BLOCKED,True,HARD_CLEARANCE_BLOCK,1.6343
hard_blocked,151,HARD_BLOCKED,HARD_BLOCKED,True,HARD_CLEARANCE_BLOCK,2.3324
hard_blocked,152,HARD_BLOCKED,HARD_BLOCKED,True,HARD_CLEARANCE_BLOCK,1.721
hard_blocked,153,HARD_BLOCKED,HARD_BLOCKED,True,HARD_CLEARANCE_BLOCK,1.7934
hard_blocked,154,HARD_BLOCKED,HARD_BLOCKED,True,HARD_CLEARANCE_BLOCK,1.7668
hard_blocked,155,HARD_BLOCKED,HARD_BLOCKED,True,HARD_CLEARANCE_BLOCK,2.4424
hard_blocked,156,HARD_BLOCKED,HARD_BLOCKED,True,HARD_CLEARANCE_BLOCK,1.804
hard_blocked,157,HARD_BLOCKED,HARD_BLOCKED,True,HARD_CLEARANCE_BLOCK,1.8518
hard_blocked,158,HARD_BLOCKED,HARD_BLOCKED,True,HARD_CLEARANCE_BLOCK,2.0415
hard_blocked,159,HARD_BLOCKED,HARD_BLOCKED,True,HARD_CLEARANCE_BLOCK,1.946
hard_blocked,160,HARD_BLOCKED,HARD_BLOCKED,True,HARD_CLEARANCE_BLOCK,1.8804
hard_blocked,161,HARD_BLOCKED,HARD_BLOCKED,True,HARD_CLEARANCE_BLOCK,1.8003
hard_blocked,162,HARD_BLOCKED,HARD_BLOCKED,True,HARD_CLEARANCE_BLOCK,2.4501
hard_blocked,163,HARD_BLOCKED,HARD_BLOCKED,True,HARD_CLEARANCE_BLOCK,2.3746
hard_blocked,164,HARD_BLOCKED,HARD_BLOCKED,True,HARD_CLEARANCE_BLOCK,1.7732
hard_blocked,165,HARD_BLOCKED,HARD_BLOCKED,True,HARD_CLEARANCE_BLOCK,1.7647
hard_blocked,166,HARD_BLOCKED,HARD_BLOCKED,True,HARD_CLEARANCE_BLOCK,1.7049
hard_blocked,167,HARD_BLOCKED,HARD_BLOCKED,True,HARD_CLEARANCE_BLOCK,1.7991
hard_blocked,168,HARD_BLOCKED,HARD_BLOCKED,True,HARD_CLEARANCE_BLOCK,1.7178
hard_blocked,169,HARD_BLOCKED,HARD_BLOCKED,True,HARD_CLEARANCE_BLOCK,1.9506
hard_blocked,170,HARD_BLOCKED,HARD_BLOCKED,True,HARD_CLEARANCE_BLOCK,1.8243
hard_blocked,171,HARD_BLOCKED,HARD_BLOCKED,True,HARD_CLEARANCE_BLOCK,2.4709
hard_blocked,172,HARD_BLOCKED,HARD_BLOCKED,True,HARD_CLEARANCE_BLOCK,1.7071
hard_blocked,173,HARD_BLOCKED,HARD_BLOCKED,True,HARD_CLEARANCE_BLOCK,1.7337
hard_blocked,174,HARD_BLOCKED,HARD_BLOCKED,True,HARD_CLEARANCE_BLOCK,1.6563
hard_blocked,175,HARD_BLOCKED,HARD_BLOCKED,True,HARD_CLEARANCE_BLOCK,1.6716
hard_blocked,176,HARD_BLOCKED,HARD_BLOCKED,True,HARD_CLEARANCE_BLOCK,1.7807
hard_blocked,177,HARD_BLOCKED,HARD_BLOCKED,True,HARD_CLEARANCE_BLOCK,1.8753
hard_blocked,178,HARD_BLOCKED,HARD_BLOCKED,True,HARD_CLEARANCE_BLOCK,1.7518
hard_blocked,179,HARD_BLOCKED,HARD_BLOCKED,True,HARD_CLEARANCE_BLOCK,1.8638
hard_blocked,180,HARD_BLOCKED,HARD_BLOCKED,True,HARD_CLEARANCE_BLOCK,2.6073
hard_blocked,181,HARD_BLOCKED,HARD_BLOCKED,True,HARD_CLEARANCE_BLOCK,2.0028
hard_blocked,182,HARD_BLOCKED,HARD_BLOCKED,True,HARD_CLEARANCE_BLOCK,1.6649
hard_blocked,183,HARD_BLOCKED,HARD_BLOCKED,True,HARD_CLEARANCE_BLOCK,1.9211
hard_blocked,184,HARD_BLOCKED,HARD_BLOCKED,True,HARD_CLEARANCE_BLOCK,2.0817
hard_blocked,185,HARD_BLOCKED,HARD_BLOCKED,True,HARD_CLEARANCE_BLOCK,1.9693
hard_blocked,186,HARD_BLOCKED,HARD_BLOCKED,True,HARD_CLEARANCE_BLOCK,1.7952
hard_blocked,187,HARD_BLOCKED,HARD_BLOCKED,True,HARD_CLEARANCE_BLOCK,1.7126
hard_blocked,188,HARD_BLOCKED,HARD_BLOCKED,True,HARD_CLEARANCE_BLOCK,1.664
hard_blocked,189,HARD_BLOCKED,HARD_BLOCKED,True,HARD_CLEARANCE_BLOCK,1.7033
hard_blocked,190,HARD_BLOCKED,HARD_BLOCKED,True,HARD_CLEARANCE_BLOCK,1.7114
hard_blocked,191,HARD_BLOCKED,HARD_BLOCKED,True,HARD_CLEARANCE_BLOCK,1.7579
hard_blocked,192,HARD_BLOCKED,HARD_BLOCKED,True,HARD_CLEARANCE_BLOCK,1.6598
hard_blocked,193,HARD_BLOCKED,HARD_BLOCKED,True,HARD_CLEARANCE_BLOCK,2.185
hard_blocked,194,HARD_BLOCKED,HARD_BLOCKED,True,HARD_CLEARANCE_BLOCK,1.6987
hard_blocked,195,HARD_BLOCKED,HARD_BLOCKED,True,HARD_CLEARANCE_BLOCK,1.7627
hard_blocked,196,HARD_BLOCKED,HARD_BLOCKED,True,HARD_CLEARANCE_BLOCK,1.7118
hard_blocked,197,HARD_BLOCKED,HARD_BLOCKED,True,HARD_CLEARANCE_BLOCK,1.719
hard_blocked,198,HARD_BLOCKED,HARD_BLOCKED,True,HARD_CLEARANCE_BLOCK,1.9102
hard_blocked,199,HARD_BLOCKED,HARD_BLOCKED,True,HARD_CLEARANCE_BLOCK,1.7272
hard_blocked,200,HARD_BLOCKED,HARD_BLOCKED,True,HARD_CLEARANCE_BLOCK,1.8526
