scenario,trial,expected_state,actual_state,passed,reason_codes,elapsed_ms
baseline_ready,1,READY,READY,True,ALL_REQUIRED_EVIDENCE_TRUSTWORTHY,1.736
baseline_ready,2,READY,READY,True,ALL_REQUIRED_EVIDENCE_TRUSTWORTHY,3.9714
baseline_ready,3,READY,READY,True,ALL_REQUIRED_EVIDENCE_TRUSTWORTHY,1.6798
baseline_ready,4,READY,READY,True,ALL_REQUIRED_EVIDENCE_TRUSTWORTHY,1.5823
baseline_ready,5,READY,READY,True,ALL_REQUIRED_EVIDENCE_TRUSTWORTHY,1.5884
baseline_ready,6,READY,READY,True,ALL_REQUIRED_EVIDENCE_TRUSTWORTHY,3.2125
baseline_ready,7,READY,READY,True,ALL_REQUIRED_EVIDENCE_TRUSTWORTHY,1.642
baseline_ready,8,READY,READY,True,ALL_REQUIRED_EVIDENCE_TRUSTWORTHY,1.6175
baseline_ready,9,READY,READY,True,ALL_REQUIRED_EVIDENCE_TRUSTWORTHY,1.7631
baseline_ready,10,READY,READY,True,ALL_REQUIRED_EVIDENCE_TRUSTWORTHY,1.5827
baseline_ready,11,READY,READY,True,ALL_REQUIRED_EVIDENCE_TRUSTWORTHY,2.0241
baseline_ready,12,READY,READY,True,ALL_REQUIRED_EVIDENCE_TRUSTWORTHY,1.6474
baseline_ready,13,READY,READY,True,ALL_REQUIRED_EVIDENCE_TRUSTWORTHY,1.741
baseline_ready,14,READY,READY,True,ALL_REQUIRED_EVIDENCE_TRUSTWORTHY,1.6315
baseline_ready,15,READY,READY,True,ALL_REQUIRED_EVIDENCE_TRUSTWORTHY,1.9522
baseline_ready,16,READY,READY,True,ALL_REQUIRED_EVIDENCE_TRUSTWORTHY,1.587
baseline_ready,17,READY,READY,True,ALL_REQUIRED_EVIDENCE_TRUSTWORTHY,1.5896
baseline_ready,18,READY,READY,True,ALL_REQUIRED_EVIDENCE_TRUSTWORTHY,1.5853
baseline_ready,19,READY,READY,True,ALL_REQUIRED_EVIDENCE_TRUSTWORTHY,2.9832
baseline_ready,20,READY,READY,True,ALL_REQUIRED_EVIDENCE_TRUSTWORTHY,1.7067
baseline_ready,21,READY,READY,True,ALL_REQUIRED_EVIDENCE_TRUSTWORTHY,1.636
baseline_ready,22,READY,READY,True,ALL_REQUIRED_EVIDENCE_TRUSTWORTHY,1.6331
baseline_ready,23,READY,READY,True,ALL_REQUIRED_EVIDENCE_TRUSTWORTHY,1.6348
baseline_ready,24,READY,READY,True,ALL_REQUIRED_EVIDENCE_TRUSTWORTHY,1.7675
baseline_ready,25,READY,READY,True,ALL_REQUIRED_EVIDENCE_TRUSTWORTHY,1.6414
baseline_ready,26,READY,READY,True,ALL_REQUIRED_EVIDENCE_TRUSTWORTHY,1.6341
baseline_ready,27,READY,READY,True,ALL_REQUIRED_EVIDENCE_TRUSTWORTHY,1.639
baseline_ready,28,READY,READY,True,ALL_REQUIRED_EVIDENCE_TRUSTWORTHY,3.4408
baseline_ready,29,READY,READY,True,ALL_REQUIRED_EVIDENCE_TRUSTWORTHY,1.5883
baseline_ready,30,READY,READY,True,ALL_REQUIRED_EVIDENCE_TRUSTWORTHY,1.5872
baseline_ready,31,READY,READY,True,ALL_REQUIRED_EVIDENCE_TRUSTWORTHY,1.5839
baseline_ready,32,READY,READY,True,ALL_REQUIRED_EVIDENCE_TRUSTWORTHY,1.7592
baseline_ready,33,READY,READY,True,ALL_REQUIRED_EVIDENCE_TRUSTWORTHY,1.8103
baseline_ready,34,READY,READY,True,ALL_REQUIRED_EVIDENCE_TRUSTWORTHY,1.5842
baseline_ready,35,READY,READY,True,ALL_REQUIRED_EVIDENCE_TRUSTWORTHY,1.5798
baseline_ready,36,READY,READY,True,ALL_REQUIRED_EVIDENCE_TRUSTWORTHY,1.7552
baseline_ready,37,READY,READY,True,ALL_REQUIRED_EVIDENCE_TRUSTWORTHY,1.8994
baseline_ready,38,READY,READY,True,ALL_REQUIRED_EVIDENCE_TRUSTWORTHY,1.6384
baseline_ready,39,READY,READY,True,ALL_REQUIRED_EVIDENCE_TRUSTWORTHY,1.638
baseline_ready,40,READY,READY,True,ALL_REQUIRED_EVIDENCE_TRUSTWORTHY,1.758
baseline_ready,41,READY,READY,True,ALL_REQUIRED_EVIDENCE_TRUSTWORTHY,3.6039
baseline_ready,42,READY,READY,True,ALL_REQUIRED_EVIDENCE_TRUSTWORTHY,1.6317
baseline_ready,43,READY,READY,True,ALL_REQUIRED_EVIDENCE_TRUSTWORTHY,1.5905
baseline_ready,44,READY,READY,True,ALL_REQUIRED_EVIDENCE_TRUSTWORTHY,1.9116
baseline_ready,45,READY,READY,True,ALL_REQUIRED_EVIDENCE_TRUSTWORTHY,2.8174
baseline_ready,46,READY,READY,True,ALL_REQUIRED_EVIDENCE_TRUSTWORTHY,1.6369
baseline_ready,47,READY,READY,True,ALL_REQUIRED_EVIDENCE_TRUSTWORTHY,1.5904
baseline_ready,48,READY,READY,True,ALL_REQUIRED_EVIDENCE_TRUSTWORTHY,1.7294
baseline_ready,49,READY,READY,True,ALL_REQUIRED_EVIDENCE_TRUSTWORTHY,1.6283
baseline_ready,50,READY,READY,True,ALL_REQUIRED_EVIDENCE_TRUSTWORTHY,1.9568
baseline_ready,51,READY,READY,True,ALL_REQUIRED_EVIDENCE_TRUSTWORTHY,1.8201
baseline_ready,52,READY,READY,True,ALL_REQUIRED_EVIDENCE_TRUSTWORTHY,1.6355
baseline_ready,53,READY,READY,True,ALL_REQUIRED_EVIDENCE_TRUSTWORTHY,1.6458
baseline_ready,54,READY,READY,True,ALL_REQUIRED_EVIDENCE_TRUSTWORTHY,2.8926
baseline_ready,55,READY,READY,True,ALL_REQUIRED_EVIDENCE_TRUSTWORTHY,1.6679
baseline_ready,56,READY,READY,True,ALL_REQUIRED_EVIDENCE_TRUSTWORTHY,1.817
baseline_ready,57,READY,READY,True,ALL_REQUIRED_EVIDENCE_TRUSTWORTHY,1.816
baseline_ready,58,READY,READY,True,ALL_REQUIRED_EVIDENCE_TRUSTWORTHY,2.9939
baseline_ready,59,READY,READY,True,ALL_REQUIRED_EVIDENCE_TRUSTWORTHY,1.6032
baseline_ready,60,READY,READY,True,ALL_REQUIRED_EVIDENCE_TRUSTWORTHY,1.5871
baseline_ready,61,READY,READY,True,ALL_REQUIRED_EVIDENCE_TRUSTWORTHY,1.5936
baseline_ready,62,READY,READY,True,ALL_REQUIRED_EVIDENCE_TRUSTWORTHY,1.5911
baseline_ready,63,READY,READY,True,ALL_REQUIRED_EVIDENCE_TRUSTWORTHY,2.0841
baseline_ready,64,READY,READY,True,ALL_REQUIRED_EVIDENCE_TRUSTWORTHY,1.6566
baseline_ready,65,READY,READY,True,ALL_REQUIRED_EVIDENCE_TRUSTWORTHY,1.6439
baseline_ready,66,READY,READY,True,ALL_REQUIRED_EVIDENCE_TRUSTWORTHY,1.6335
baseline_ready,67,READY,READY,True,ALL_REQUIRED_EVIDENCE_TRUSTWORTHY,2.185
baseline_ready,68,READY,READY,True,ALL_REQUIRED_EVIDENCE_TRUSTWORTHY,1.6463
baseline_ready,69,READY,READY,True,ALL_REQUIRED_EVIDENCE_TRUSTWORTHY,1.7007
baseline_ready,70,READY,READY,True,ALL_REQUIRED_EVIDENCE_TRUSTWORTHY,1.6804
baseline_ready,71,READY,READY,True,ALL_REQUIRED_EVIDENCE_TRUSTWORTHY,3.5339
baseline_ready,72,READY,READY,True,ALL_REQUIRED_EVIDENCE_TRUSTWORTHY,1.6497
baseline_ready,73,READY,READY,True,ALL_REQUIRED_EVIDENCE_TRUSTWORTHY,1.6233
baseline_ready,74,READY,READY,True,ALL_REQUIRED_EVIDENCE_TRUSTWORTHY,1.6329
baseline_ready,75,READY,READY,True,ALL_REQUIRED_EVIDENCE_TRUSTWORTHY,1.637
baseline_ready,76,READY,READY,True,ALL_REQUIRED_EVIDENCE_TRUSTWORTHY,2.0808
baseline_ready,77,READY,READY,True,ALL_REQUIRED_EVIDENCE_TRUSTWORTHY,1.6024
baseline_ready,78,READY,READY,True,ALL_REQUIRED_EVIDENCE_TRUSTWORTHY,1.5913
baseline_ready,79,READY,READY,True,ALL_REQUIRED_EVIDENCE_TRUSTWORTHY,1.5911
baseline_ready,80,READY,READY,True,ALL_REQUIRED_EVIDENCE_TRUSTWORTHY,2.4779
baseline_ready,81,READY,READY,True,ALL_REQUIRED_EVIDENCE_TRUSTWORTHY,1.6129
baseline_ready,82,READY,READY,True,ALL_REQUIRED_EVIDENCE_TRUSTWORTHY,1.5925
baseline_ready,83,READY,READY,True,ALL_REQUIRED_EVIDENCE_TRUSTWORTHY,1.5816
baseline_ready,84,READY,READY,True,ALL_REQUIRED_EVIDENCE_TRUSTWORTHY,3.2223
baseline_ready,85,READY,READY,True,ALL_REQUIRED_EVIDENCE_TRUSTWORTHY,1.638
baseline_ready,86,READY,READY,True,ALL_REQUIRED_EVIDENCE_TRUSTWORTHY,1.6003
baseline_ready,87,READY,READY,True,ALL_REQUIRED_EVIDENCE_TRUSTWORTHY,1.5849
baseline_ready,88,READY,READY,True,ALL_REQUIRED_EVIDENCE_TRUSTWORTHY,1.5775
baseline_ready,89,READY,READY,True,ALL_REQUIRED_EVIDENCE_TRUSTWORTHY,1.6472
baseline_ready,90,READY,READY,True,ALL_REQUIRED_EVIDENCE_TRUSTWORTHY,1.7835
baseline_ready,91,READY,READY,True,ALL_REQUIRED_EVIDENCE_TRUSTWORTHY,1.5959
baseline_ready,92,READY,READY,True,ALL_REQUIRED_EVIDENCE_TRUSTWORTHY,1.8616
baseline_ready,93,READY,READY,True,ALL_REQUIRED_EVIDENCE_TRUSTWORTHY,1.8624
baseline_ready,94,READY,READY,True,ALL_REQUIRED_EVIDENCE_TRUSTWORTHY,1.6361
baseline_ready,95,READY,READY,True,ALL_REQUIRED_EVIDENCE_TRUSTWORTHY,1.8444
baseline_ready,96,READY,READY,True,ALL_REQUIRED_EVIDENCE_TRUSTWORTHY,1.6331
baseline_ready,97,READY,READY,True,ALL_REQUIRED_EVIDENCE_TRUSTWORTHY,3.9127
baseline_ready,98,READY,READY,True,ALL_REQUIRED_EVIDENCE_TRUSTWORTHY,1.6355
baseline_ready,99,READY,READY,True,ALL_REQUIRED_EVIDENCE_TRUSTWORTHY,1.632
baseline_ready,100,READY,READY,True,ALL_REQUIRED_EVIDENCE_TRUSTWORTHY,1.6352
baseline_ready,101,READY,READY,True,ALL_REQUIRED_EVIDENCE_TRUSTWORTHY,4.2397
baseline_ready,102,READY,READY,True,ALL_REQUIRED_EVIDENCE_TRUSTWORTHY,1.669
baseline_ready,103,READY,READY,True,ALL_REQUIRED_EVIDENCE_TRUSTWORTHY,1.639
baseline_ready,104,READY,READY,True,ALL_REQUIRED_EVIDENCE_TRUSTWORTHY,1.6921
baseline_ready,105,READY,READY,True,ALL_REQUIRED_EVIDENCE_TRUSTWORTHY,2.625
baseline_ready,106,READY,READY,True,ALL_REQUIRED_EVIDENCE_TRUSTWORTHY,1.7434
baseline_ready,107,READY,READY,True,ALL_REQUIRED_EVIDENCE_TRUSTWORTHY,1.6797
baseline_ready,108,READY,READY,True,ALL_REQUIRED_EVIDENCE_TRUSTWORTHY,1.7132
baseline_ready,109,READY,READY,True,ALL_REQUIRED_EVIDENCE_TRUSTWORTHY,1.6846
baseline_ready,110,READY,READY,True,ALL_REQUIRED_EVIDENCE_TRUSTWORTHY,1.7022
baseline_ready,111,READY,READY,True,ALL_REQUIRED_EVIDENCE_TRUSTWORTHY,1.6427
baseline_ready,112,READY,READY,True,ALL_REQUIRED_EVIDENCE_TRUSTWORTHY,1.6684
baseline_ready,113,READY,READY,True,ALL_REQUIRED_EVIDENCE_TRUSTWORTHY,1.5841
baseline_ready,114,READY,READY,True,ALL_REQUIRED_EVIDENCE_TRUSTWORTHY,3.832
baseline_ready,115,READY,READY,True,ALL_REQUIRED_EVIDENCE_TRUSTWORTHY,1.6335
baseline_ready,116,READY,READY,True,ALL_REQUIRED_EVIDENCE_TRUSTWORTHY,1.63
baseline_ready,117,READY,READY,True,ALL_REQUIRED_EVIDENCE_TRUSTWORTHY,1.6282
baseline_ready,118,READY,READY,True,ALL_REQUIRED_EVIDENCE_TRUSTWORTHY,3.3763
baseline_ready,119,READY,READY,True,ALL_REQUIRED_EVIDENCE_TRUSTWORTHY,1.6304
baseline_ready,120,READY,READY,True,ALL_REQUIRED_EVIDENCE_TRUSTWORTHY,1.6137
baseline_ready,121,READY,READY,True,ALL_REQUIRED_EVIDENCE_TRUSTWORTHY,1.6015
baseline_ready,122,READY,READY,True,ALL_REQUIRED_EVIDENCE_TRUSTWORTHY,1.5785
baseline_ready,123,READY,READY,True,ALL_REQUIRED_EVIDENCE_TRUSTWORTHY,1.6786
baseline_ready,124,READY,READY,True,ALL_REQUIRED_EVIDENCE_TRUSTWORTHY,1.6453
baseline_ready,125,READY,READY,True,ALL_REQUIRED_EVIDENCE_TRUSTWORTHY,1.7707
baseline_ready,126,READY,READY,True,ALL_REQUIRED_EVIDENCE_TRUSTWORTHY,1.8101
baseline_ready,127,READY,READY,True,ALL_REQUIRED_EVIDENCE_TRUSTWORTHY,2.1052
baseline_ready,128,READY,READY,True,ALL_REQUIRED_EVIDENCE_TRUSTWORTHY,1.6599
baseline_ready,129,READY,READY,True,ALL_REQUIRED_EVIDENCE_TRUSTWORTHY,1.6303
baseline_ready,130,READY,READY,True,ALL_REQUIRED_EVIDENCE_TRUSTWORTHY,1.6326
baseline_ready,131,READY,READY,True,ALL_REQUIRED_EVIDENCE_TRUSTWORTHY,2.1072
baseline_ready,132,READY,READY,True,ALL_REQUIRED_EVIDENCE_TRUSTWORTHY,1.7852
baseline_ready,133,READY,READY,True,ALL_REQUIRED_EVIDENCE_TRUSTWORTHY,1.6524
baseline_ready,134,READY,READY,True,ALL_REQUIRED_EVIDENCE_TRUSTWORTHY,1.7683
baseline_ready,135,READY,READY,True,ALL_REQUIRED_EVIDENCE_TRUSTWORTHY,2.976
baseline_ready,136,READY,READY,True,ALL_REQUIRED_EVIDENCE_TRUSTWORTHY,1.6256
baseline_ready,137,READY,READY,True,ALL_REQUIRED_EVIDENCE_TRUSTWORTHY,1.5932
baseline_ready,138,READY,READY,True,ALL_REQUIRED_EVIDENCE_TRUSTWORTHY,1.5942
baseline_ready,139,READY,READY,True,ALL_REQUIRED_EVIDENCE_TRUSTWORTHY,1.5967
baseline_ready,140,READY,READY,True,ALL_REQUIRED_EVIDENCE_TRUSTWORTHY,2.1245
baseline_ready,141,READY,READY,True,ALL_REQUIRED_EVIDENCE_TRUSTWORTHY,1.5836
baseline_ready,142,READY,READY,True,ALL_REQUIRED_EVIDENCE_TRUSTWORTHY,1.5833
baseline_ready,143,READY,READY,True,ALL_REQUIRED_EVIDENCE_TRUSTWORTHY,1.5904
baseline_ready,144,READY,READY,True,ALL_REQUIRED_EVIDENCE_TRUSTWORTHY,2.4855
baseline_ready,145,READY,READY,True,ALL_REQUIRED_EVIDENCE_TRUSTWORTHY,1.6043
baseline_ready,146,READY,READY,True,ALL_REQUIRED_EVIDENCE_TRUSTWORTHY,1.6055
baseline_ready,147,READY,READY,True,ALL_REQUIRED_EVIDENCE_TRUSTWORTHY,2.0338
baseline_ready,148,READY,READY,True,ALL_REQUIRED_EVIDENCE_TRUSTWORTHY,2.3962
baseline_ready,149,READY,READY,True,ALL_REQUIRED_EVIDENCE_TRUSTWORTHY,1.5952
baseline_ready,150,READY,READY,True,ALL_REQUIRED_EVIDENCE_TRUSTWORTHY,1.6949
baseline_ready,151,READY,READY,True,ALL_REQUIRED_EVIDENCE_TRUSTWORTHY,1.6124
baseline_ready,152,READY,READY,True,ALL_REQUIRED_EVIDENCE_TRUSTWORTHY,3.8022
baseline_ready,153,READY,READY,True,ALL_REQUIRED_EVIDENCE_TRUSTWORTHY,1.7428
baseline_ready,154,READY,READY,True,ALL_REQUIRED_EVIDENCE_TRUSTWORTHY,1.99
baseline_ready,155,READY,READY,True,ALL_REQUIRED_EVIDENCE_TRUSTWORTHY,1.6363
baseline_ready,156,READY,READY,True,ALL_REQUIRED_EVIDENCE_TRUSTWORTHY,3.7514
baseline_ready,157,READY,READY,True,ALL_REQUIRED_EVIDENCE_TRUSTWORTHY,1.7315
baseline_ready,158,READY,READY,True,ALL_REQUIRED_EVIDENCE_TRUSTWORTHY,1.6407
baseline_ready,159,READY,READY,True,ALL_REQUIRED_EVIDENCE_TRUSTWORTHY,1.6481
baseline_ready,160,READY,READY,True,ALL_REQUIRED_EVIDENCE_TRUSTWORTHY,3.5986
baseline_ready,161,READY,READY,True,ALL_REQUIRED_EVIDENCE_TRUSTWORTHY,1.6932
baseline_ready,162,READY,READY,True,ALL_REQUIRED_EVIDENCE_TRUSTWORTHY,1.6508
baseline_ready,163,READY,READY,True,ALL_REQUIRED_EVIDENCE_TRUSTWORTHY,1.6179
baseline_ready,164,READY,READY,True,ALL_REQUIRED_EVIDENCE_TRUSTWORTHY,1.6445
baseline_ready,165,READY,READY,True,ALL_REQUIRED_EVIDENCE_TRUSTWORTHY,2.4139
baseline_ready,166,READY,READY,True,ALL_REQUIRED_EVIDENCE_TRUSTWORTHY,1.7803
baseline_ready,167,READY,READY,True,ALL_REQUIRED_EVIDENCE_TRUSTWORTHY,1.7622
baseline_ready,168,READY,READY,True,ALL_REQUIRED_EVIDENCE_TRUSTWORTHY,3.873
baseline_ready,169,READY,READY,True,ALL_REQUIRED_EVIDENCE_TRUSTWORTHY,1.6998
baseline_ready,170,READY,READY,True,ALL_REQUIRED_EVIDENCE_TRUSTWORTHY,1.6522
baseline_ready,171,READY,READY,True,ALL_REQUIRED_EVIDENCE_TRUSTWORTHY,1.6406
baseline_ready,172,READY,READY,True,ALL_REQUIRED_EVIDENCE_TRUSTWORTHY,2.2694
baseline_ready,173,READY,READY,True,ALL_REQUIRED_EVIDENCE_TRUSTWORTHY,1.6876
baseline_ready,174,READY,READY,True,ALL_REQUIRED_EVIDENCE_TRUSTWORTHY,1.7638
baseline_ready,175,READY,READY,True,ALL_REQUIRED_EVIDENCE_TRUSTWORTHY,1.652
baseline_ready,176,READY,READY,True,ALL_REQUIRED_EVIDENCE_TRUSTWORTHY,1.6596
baseline_ready,177,READY,READY,True,ALL_REQUIRED_EVIDENCE_TRUSTWORTHY,1.6953
baseline_ready,178,READY,READY,True,ALL_REQUIRED_EVIDENCE_TRUSTWORTHY,1.6465
baseline_ready,179,READY,READY,True,ALL_REQUIRED_EVIDENCE_TRUSTWORTHY,1.6408
baseline_ready,180,READY,READY,True,ALL_REQUIRED_EVIDENCE_TRUSTWORTHY,1.6412
baseline_ready,181,READY,READY,True,ALL_REQUIRED_EVIDENCE_TRUSTWORTHY,3.6044
baseline_ready,182,READY,READY,True,ALL_REQUIRED_EVIDENCE_TRUSTWORTHY,1.6899
baseline_ready,183,READY,READY,True,ALL_REQUIRED_EVIDENCE_TRUSTWORTHY,1.6437
baseline_ready,184,READY,READY,True,ALL_REQUIRED_EVIDENCE_TRUSTWORTHY,1.6542
baseline_ready,185,READY,READY,True,ALL_REQUIRED_EVIDENCE_TRUSTWORTHY,2.583
baseline_ready,186,READY,READY,True,ALL_REQUIRED_EVIDENCE_TRUSTWORTHY,1.8738
baseline_ready,187,READY,READY,True,ALL_REQUIRED_EVIDENCE_TRUSTWORTHY,1.7445
baseline_ready,188,READY,READY,True,ALL_REQUIRED_EVIDENCE_TRUSTWORTHY,1.7499
baseline_ready,189,READY,READY,True,ALL_REQUIRED_EVIDENCE_TRUSTWORTHY,1.9252
baseline_ready,190,READY,READY,True,ALL_REQUIRED_EVIDENCE_TRUSTWORTHY,1.7756
baseline_ready,191,READY,READY,True,ALL_REQUIRED_EVIDENCE_TRUSTWORTHY,1.6834
baseline_ready,192,READY,READY,True,ALL_REQUIRED_EVIDENCE_TRUSTWORTHY,1.6781
baseline_ready,193,READY,READY,True,ALL_REQUIRED_EVIDENCE_TRUSTWORTHY,1.7933
baseline_ready,194,READY,READY,True,ALL_REQUIRED_EVIDENCE_TRUSTWORTHY,1.864
baseline_ready,195,READY,READY,True,ALL_REQUIRED_EVIDENCE_TRUSTWORTHY,1.6837
baseline_ready,196,READY,READY,True,ALL_REQUIRED_EVIDENCE_TRUSTWORTHY,1.6613
baseline_ready,197,READY,READY,True,ALL_REQUIRED_EVIDENCE_TRUSTWORTHY,1.8131
baseline_ready,198,READY,READY,True,ALL_REQUIRED_EVIDENCE_TRUSTWORTHY,2.1644
baseline_ready,199,READY,READY,True,ALL_REQUIRED_EVIDENCE_TRUSTWORTHY,1.8778
baseline_ready,200,READY,READY,True,ALL_REQUIRED_EVIDENCE_TRUSTWORTHY,1.6939
snapshot_timestamp_tamper,1,HOLD,HOLD,True,EVIDENCE_ROOT_INVALID,1.7702
snapshot_timestamp_tamper,2,HOLD,HOLD,True,EVIDENCE_ROOT_INVALID,2.5443
snapshot_timestamp_tamper,3,HOLD,HOLD,True,EVIDENCE_ROOT_INVALID,1.6958
snapshot_timestamp_tamper,4,HOLD,HOLD,True,EVIDENCE_ROOT_INVALID,1.6558
snapshot_timestamp_tamper,5,HOLD,HOLD,True,EVIDENCE_ROOT_INVALID,1.8469
snapshot_timestamp_tamper,6,HOLD,HOLD,True,EVIDENCE_ROOT_INVALID,1.7732
snapshot_timestamp_tamper,7,HOLD,HOLD,True,EVIDENCE_ROOT_INVALID,1.7974
snapshot_timestamp_tamper,8,HOLD,HOLD,True,EVIDENCE_ROOT_INVALID,1.6946
snapshot_timestamp_tamper,9,HOLD,HOLD,True,EVIDENCE_ROOT_INVALID,1.68
snapshot_timestamp_tamper,10,HOLD,HOLD,True,EVIDENCE_ROOT_INVALID,1.673
snapshot_timestamp_tamper,11,HOLD,HOLD,True,EVIDENCE_ROOT_INVALID,2.2542
snapshot_timestamp_tamper,12,HOLD,HOLD,True,EVIDENCE_ROOT_INVALID,1.6527
snapshot_timestamp_tamper,13,HOLD,HOLD,True,EVIDENCE_ROOT_INVALID,1.6316
snapshot_timestamp_tamper,14,HOLD,HOLD,True,EVIDENCE_ROOT_INVALID,1.63
snapshot_timestamp_tamper,15,HOLD,HOLD,True,EVIDENCE_ROOT_INVALID,2.5711
snapshot_timestamp_tamper,16,HOLD,HOLD,True,EVIDENCE_ROOT_INVALID,1.6881
snapshot_timestamp_tamper,17,HOLD,HOLD,True,EVIDENCE_ROOT_INVALID,1.6523
snapshot_timestamp_tamper,18,HOLD,HOLD,True,EVIDENCE_ROOT_INVALID,1.6503
snapshot_timestamp_tamper,19,HOLD,HOLD,True,EVIDENCE_ROOT_INVALID,1.6758
snapshot_timestamp_tamper,20,HOLD,HOLD,True,EVIDENCE_ROOT_INVALID,1.6971
snapshot_timestamp_tamper,21,HOLD,HOLD,True,EVIDENCE_ROOT_INVALID,1.6005
snapshot_timestamp_tamper,22,HOLD,HOLD,True,EVIDENCE_ROOT_INVALID,1.5918
snapshot_timestamp_tamper,23,HOLD,HOLD,True,EVIDENCE_ROOT_INVALID,1.598
snapshot_timestamp_tamper,24,HOLD,HOLD,True,EVIDENCE_ROOT_INVALID,4.0192
snapshot_timestamp_tamper,25,HOLD,HOLD,True,EVIDENCE_ROOT_INVALID,1.6298
snapshot_timestamp_tamper,26,HOLD,HOLD,True,EVIDENCE_ROOT_INVALID,1.6017
snapshot_timestamp_tamper,27,HOLD,HOLD,True,EVIDENCE_ROOT_INVALID,1.7427
snapshot_timestamp_tamper,28,HOLD,HOLD,True,EVIDENCE_ROOT_INVALID,2.2732
snapshot_timestamp_tamper,29,HOLD,HOLD,True,EVIDENCE_ROOT_INVALID,1.8491
snapshot_timestamp_tamper,30,HOLD,HOLD,True,EVIDENCE_ROOT_INVALID,1.5947
snapshot_timestamp_tamper,31,HOLD,HOLD,True,EVIDENCE_ROOT_INVALID,1.5917
snapshot_timestamp_tamper,32,HOLD,HOLD,True,EVIDENCE_ROOT_INVALID,1.7574
snapshot_timestamp_tamper,33,HOLD,HOLD,True,EVIDENCE_ROOT_INVALID,2.0633
snapshot_timestamp_tamper,34,HOLD,HOLD,True,EVIDENCE_ROOT_INVALID,1.6064
snapshot_timestamp_tamper,35,HOLD,HOLD,True,EVIDENCE_ROOT_INVALID,1.5895
snapshot_timestamp_tamper,36,HOLD,HOLD,True,EVIDENCE_ROOT_INVALID,1.5932
snapshot_timestamp_tamper,37,HOLD,HOLD,True,EVIDENCE_ROOT_INVALID,3.6988
snapshot_timestamp_tamper,38,HOLD,HOLD,True,EVIDENCE_ROOT_INVALID,1.6123
snapshot_timestamp_tamper,39,HOLD,HOLD,True,EVIDENCE_ROOT_INVALID,1.5912
snapshot_timestamp_tamper,40,HOLD,HOLD,True,EVIDENCE_ROOT_INVALID,1.5988
snapshot_timestamp_tamper,41,HOLD,HOLD,True,EVIDENCE_ROOT_INVALID,1.6343
snapshot_timestamp_tamper,42,HOLD,HOLD,True,EVIDENCE_ROOT_INVALID,1.7136
snapshot_timestamp_tamper,43,HOLD,HOLD,True,EVIDENCE_ROOT_INVALID,1.6898
snapshot_timestamp_tamper,44,HOLD,HOLD,True,EVIDENCE_ROOT_INVALID,1.6138
snapshot_timestamp_tamper,45,HOLD,HOLD,True,EVIDENCE_ROOT_INVALID,1.7441
snapshot_timestamp_tamper,46,HOLD,HOLD,True,EVIDENCE_ROOT_INVALID,2.0309
snapshot_timestamp_tamper,47,HOLD,HOLD,True,EVIDENCE_ROOT_INVALID,1.6599
snapshot_timestamp_tamper,48,HOLD,HOLD,True,EVIDENCE_ROOT_INVALID,1.5945
snapshot_timestamp_tamper,49,HOLD,HOLD,True,EVIDENCE_ROOT_INVALID,1.589
snapshot_timestamp_tamper,50,HOLD,HOLD,True,EVIDENCE_ROOT_INVALID,3.3717
snapshot_timestamp_tamper,51,HOLD,HOLD,True,EVIDENCE_ROOT_INVALID,1.6179
snapshot_timestamp_tamper,52,HOLD,HOLD,True,EVIDENCE_ROOT_INVALID,1.7025
snapshot_timestamp_tamper,53,HOLD,HOLD,True,EVIDENCE_ROOT_INVALID,1.7551
snapshot_timestamp_tamper,54,HOLD,HOLD,True,EVIDENCE_ROOT_INVALID,1.7885
snapshot_timestamp_tamper,55,HOLD,HOLD,True,EVIDENCE_ROOT_INVALID,1.8568
snapshot_timestamp_tamper,56,HOLD,HOLD,True,EVIDENCE_ROOT_INVALID,1.6117
snapshot_timestamp_tamper,57,HOLD,HOLD,True,EVIDENCE_ROOT_INVALID,1.7633
snapshot_timestamp_tamper,58,HOLD,HOLD,True,EVIDENCE_ROOT_INVALID,1.7547
snapshot_timestamp_tamper,59,HOLD,HOLD,True,EVIDENCE_ROOT_INVALID,1.6405
snapshot_timestamp_tamper,60,HOLD,HOLD,True,EVIDENCE_ROOT_INVALID,1.5932
snapshot_timestamp_tamper,61,HOLD,HOLD,True,EVIDENCE_ROOT_INVALID,1.5855
snapshot_timestamp_tamper,62,HOLD,HOLD,True,EVIDENCE_ROOT_INVALID,1.5847
snapshot_timestamp_tamper,63,HOLD,HOLD,True,EVIDENCE_ROOT_INVALID,2.4404
snapshot_timestamp_tamper,64,HOLD,HOLD,True,EVIDENCE_ROOT_INVALID,1.7923
snapshot_timestamp_tamper,65,HOLD,HOLD,True,EVIDENCE_ROOT_INVALID,1.6311
snapshot_timestamp_tamper,66,HOLD,HOLD,True,EVIDENCE_ROOT_INVALID,1.6316
snapshot_timestamp_tamper,67,HOLD,HOLD,True,EVIDENCE_ROOT_INVALID,2.1533
snapshot_timestamp_tamper,68,HOLD,HOLD,True,EVIDENCE_ROOT_INVALID,1.7187
snapshot_timestamp_tamper,69,HOLD,HOLD,True,EVIDENCE_ROOT_INVALID,1.6255
snapshot_timestamp_tamper,70,HOLD,HOLD,True,EVIDENCE_ROOT_INVALID,1.621
snapshot_timestamp_tamper,71,HOLD,HOLD,True,EVIDENCE_ROOT_INVALID,3.7881
snapshot_timestamp_tamper,72,HOLD,HOLD,True,EVIDENCE_ROOT_INVALID,1.6428
snapshot_timestamp_tamper,73,HOLD,HOLD,True,EVIDENCE_ROOT_INVALID,1.6395
snapshot_timestamp_tamper,74,HOLD,HOLD,True,EVIDENCE_ROOT_INVALID,1.6316
snapshot_timestamp_tamper,75,HOLD,HOLD,True,EVIDENCE_ROOT_INVALID,3.429
snapshot_timestamp_tamper,76,HOLD,HOLD,True,EVIDENCE_ROOT_INVALID,1.7591
snapshot_timestamp_tamper,77,HOLD,HOLD,True,EVIDENCE_ROOT_INVALID,1.7047
snapshot_timestamp_tamper,78,HOLD,HOLD,True,EVIDENCE_ROOT_INVALID,1.639
snapshot_timestamp_tamper,79,HOLD,HOLD,True,EVIDENCE_ROOT_INVALID,3.1658
snapshot_timestamp_tamper,80,HOLD,HOLD,True,EVIDENCE_ROOT_INVALID,1.6615
snapshot_timestamp_tamper,81,HOLD,HOLD,True,EVIDENCE_ROOT_INVALID,1.636
snapshot_timestamp_tamper,82,HOLD,HOLD,True,EVIDENCE_ROOT_INVALID,1.6312
snapshot_timestamp_tamper,83,HOLD,HOLD,True,EVIDENCE_ROOT_INVALID,1.6319
snapshot_timestamp_tamper,84,HOLD,HOLD,True,EVIDENCE_ROOT_INVALID,1.6587
snapshot_timestamp_tamper,85,HOLD,HOLD,True,EVIDENCE_ROOT_INVALID,1.5827
snapshot_timestamp_tamper,86,HOLD,HOLD,True,EVIDENCE_ROOT_INVALID,1.7317
snapshot_timestamp_tamper,87,HOLD,HOLD,True,EVIDENCE_ROOT_INVALID,1.755
snapshot_timestamp_tamper,88,HOLD,HOLD,True,EVIDENCE_ROOT_INVALID,3.7039
snapshot_timestamp_tamper,89,HOLD,HOLD,True,EVIDENCE_ROOT_INVALID,1.6245
snapshot_timestamp_tamper,90,HOLD,HOLD,True,EVIDENCE_ROOT_INVALID,1.6255
snapshot_timestamp_tamper,91,HOLD,HOLD,True,EVIDENCE_ROOT_INVALID,1.6332
snapshot_timestamp_tamper,92,HOLD,HOLD,True,EVIDENCE_ROOT_INVALID,3.6053
snapshot_timestamp_tamper,93,HOLD,HOLD,True,EVIDENCE_ROOT_INVALID,1.6574
snapshot_timestamp_tamper,94,HOLD,HOLD,True,EVIDENCE_ROOT_INVALID,1.6368
snapshot_timestamp_tamper,95,HOLD,HOLD,True,EVIDENCE_ROOT_INVALID,1.5991
snapshot_timestamp_tamper,96,HOLD,HOLD,True,EVIDENCE_ROOT_INVALID,1.594
snapshot_timestamp_tamper,97,HOLD,HOLD,True,EVIDENCE_ROOT_INVALID,2.0541
snapshot_timestamp_tamper,98,HOLD,HOLD,True,EVIDENCE_ROOT_INVALID,1.7639
snapshot_timestamp_tamper,99,HOLD,HOLD,True,EVIDENCE_ROOT_INVALID,1.5877
snapshot_timestamp_tamper,100,HOLD,HOLD,True,EVIDENCE_ROOT_INVALID,1.5878
snapshot_timestamp_tamper,101,HOLD,HOLD,True,EVIDENCE_ROOT_INVALID,1.9895
snapshot_timestamp_tamper,102,HOLD,HOLD,True,EVIDENCE_ROOT_INVALID,1.6051
snapshot_timestamp_tamper,103,HOLD,HOLD,True,EVIDENCE_ROOT_INVALID,1.6002
snapshot_timestamp_tamper,104,HOLD,HOLD,True,EVIDENCE_ROOT_INVALID,2.0297
snapshot_timestamp_tamper,105,HOLD,HOLD,True,EVIDENCE_ROOT_INVALID,1.676
snapshot_timestamp_tamper,106,HOLD,HOLD,True,EVIDENCE_ROOT_INVALID,1.5907
snapshot_timestamp_tamper,107,HOLD,HOLD,True,EVIDENCE_ROOT_INVALID,1.5878
snapshot_timestamp_tamper,108,HOLD,HOLD,True,EVIDENCE_ROOT_INVALID,1.5806
snapshot_timestamp_tamper,109,HOLD,HOLD,True,EVIDENCE_ROOT_INVALID,3.5614
snapshot_timestamp_tamper,110,HOLD,HOLD,True,EVIDENCE_ROOT_INVALID,1.6171
snapshot_timestamp_tamper,111,HOLD,HOLD,True,EVIDENCE_ROOT_INVALID,1.7706
snapshot_timestamp_tamper,112,HOLD,HOLD,True,EVIDENCE_ROOT_INVALID,1.7259
snapshot_timestamp_tamper,113,HOLD,HOLD,True,EVIDENCE_ROOT_INVALID,4.0065
snapshot_timestamp_tamper,114,HOLD,HOLD,True,EVIDENCE_ROOT_INVALID,1.6521
snapshot_timestamp_tamper,115,HOLD,HOLD,True,EVIDENCE_ROOT_INVALID,1.6512
snapshot_timestamp_tamper,116,HOLD,HOLD,True,EVIDENCE_ROOT_INVALID,1.5864
snapshot_timestamp_tamper,117,HOLD,HOLD,True,EVIDENCE_ROOT_INVALID,3.0343
snapshot_timestamp_tamper,118,HOLD,HOLD,True,EVIDENCE_ROOT_INVALID,1.7235
snapshot_timestamp_tamper,119,HOLD,HOLD,True,EVIDENCE_ROOT_INVALID,1.5992
snapshot_timestamp_tamper,120,HOLD,HOLD,True,EVIDENCE_ROOT_INVALID,1.6886
snapshot_timestamp_tamper,121,HOLD,HOLD,True,EVIDENCE_ROOT_INVALID,1.5905
snapshot_timestamp_tamper,122,HOLD,HOLD,True,EVIDENCE_ROOT_INVALID,1.7592
snapshot_timestamp_tamper,123,HOLD,HOLD,True,EVIDENCE_ROOT_INVALID,1.6741
snapshot_timestamp_tamper,124,HOLD,HOLD,True,EVIDENCE_ROOT_INVALID,1.6927
snapshot_timestamp_tamper,125,HOLD,HOLD,True,EVIDENCE_ROOT_INVALID,2.028
snapshot_timestamp_tamper,126,HOLD,HOLD,True,EVIDENCE_ROOT_INVALID,2.2328
snapshot_timestamp_tamper,127,HOLD,HOLD,True,EVIDENCE_ROOT_INVALID,1.9288
snapshot_timestamp_tamper,128,HOLD,HOLD,True,EVIDENCE_ROOT_INVALID,1.6813
snapshot_timestamp_tamper,129,HOLD,HOLD,True,EVIDENCE_ROOT_INVALID,1.8639
snapshot_timestamp_tamper,130,HOLD,HOLD,True,EVIDENCE_ROOT_INVALID,2.12
snapshot_timestamp_tamper,131,HOLD,HOLD,True,EVIDENCE_ROOT_INVALID,1.6787
snapshot_timestamp_tamper,132,HOLD,HOLD,True,EVIDENCE_ROOT_INVALID,1.6485
snapshot_timestamp_tamper,133,HOLD,HOLD,True,EVIDENCE_ROOT_INVALID,1.6271
snapshot_timestamp_tamper,134,HOLD,HOLD,True,EVIDENCE_ROOT_INVALID,2.1982
snapshot_timestamp_tamper,135,HOLD,HOLD,True,EVIDENCE_ROOT_INVALID,1.7011
snapshot_timestamp_tamper,136,HOLD,HOLD,True,EVIDENCE_ROOT_INVALID,1.6385
snapshot_timestamp_tamper,137,HOLD,HOLD,True,EVIDENCE_ROOT_INVALID,1.6342
snapshot_timestamp_tamper,138,HOLD,HOLD,True,EVIDENCE_ROOT_INVALID,3.8003
snapshot_timestamp_tamper,139,HOLD,HOLD,True,EVIDENCE_ROOT_INVALID,2.1047
snapshot_timestamp_tamper,140,HOLD,HOLD,True,EVIDENCE_ROOT_INVALID,1.8944
snapshot_timestamp_tamper,141,HOLD,HOLD,True,EVIDENCE_ROOT_INVALID,1.7638
snapshot_timestamp_tamper,142,HOLD,HOLD,True,EVIDENCE_ROOT_INVALID,3.436
snapshot_timestamp_tamper,143,HOLD,HOLD,True,EVIDENCE_ROOT_INVALID,1.6305
snapshot_timestamp_tamper,144,HOLD,HOLD,True,EVIDENCE_ROOT_INVALID,1.6313
snapshot_timestamp_tamper,145,HOLD,HOLD,True,EVIDENCE_ROOT_INVALID,1.9177
snapshot_timestamp_tamper,146,HOLD,HOLD,True,EVIDENCE_ROOT_INVALID,5.4806
snapshot_timestamp_tamper,147,HOLD,HOLD,True,EVIDENCE_ROOT_INVALID,1.7443
snapshot_timestamp_tamper,148,HOLD,HOLD,True,EVIDENCE_ROOT_INVALID,1.8031
snapshot_timestamp_tamper,149,HOLD,HOLD,True,EVIDENCE_ROOT_INVALID,1.9101
snapshot_timestamp_tamper,150,HOLD,HOLD,True,EVIDENCE_ROOT_INVALID,2.8201
snapshot_timestamp_tamper,151,HOLD,HOLD,True,EVIDENCE_ROOT_INVALID,1.9355
snapshot_timestamp_tamper,152,HOLD,HOLD,True,EVIDENCE_ROOT_INVALID,1.8706
snapshot_timestamp_tamper,153,HOLD,HOLD,True,EVIDENCE_ROOT_INVALID,2.7231
snapshot_timestamp_tamper,154,HOLD,HOLD,True,EVIDENCE_ROOT_INVALID,1.7587
snapshot_timestamp_tamper,155,HOLD,HOLD,True,EVIDENCE_ROOT_INVALID,1.9605
snapshot_timestamp_tamper,156,HOLD,HOLD,True,EVIDENCE_ROOT_INVALID,1.7866
snapshot_timestamp_tamper,157,HOLD,HOLD,True,EVIDENCE_ROOT_INVALID,3.752
snapshot_timestamp_tamper,158,HOLD,HOLD,True,EVIDENCE_ROOT_INVALID,1.707
snapshot_timestamp_tamper,159,HOLD,HOLD,True,EVIDENCE_ROOT_INVALID,1.8355
snapshot_timestamp_tamper,160,HOLD,HOLD,True,EVIDENCE_ROOT_INVALID,1.6063
snapshot_timestamp_tamper,161,HOLD,HOLD,True,EVIDENCE_ROOT_INVALID,1.9739
snapshot_timestamp_tamper,162,HOLD,HOLD,True,EVIDENCE_ROOT_INVALID,1.86
snapshot_timestamp_tamper,163,HOLD,HOLD,True,EVIDENCE_ROOT_INVALID,1.6381
snapshot_timestamp_tamper,164,HOLD,HOLD,True,EVIDENCE_ROOT_INVALID,1.6393
snapshot_timestamp_tamper,165,HOLD,HOLD,True,EVIDENCE_ROOT_INVALID,1.6248
snapshot_timestamp_tamper,166,HOLD,HOLD,True,EVIDENCE_ROOT_INVALID,2.3751
snapshot_timestamp_tamper,167,HOLD,HOLD,True,EVIDENCE_ROOT_INVALID,1.8086
snapshot_timestamp_tamper,168,HOLD,HOLD,True,EVIDENCE_ROOT_INVALID,1.7498
snapshot_timestamp_tamper,169,HOLD,HOLD,True,EVIDENCE_ROOT_INVALID,1.8145
snapshot_timestamp_tamper,170,HOLD,HOLD,True,EVIDENCE_ROOT_INVALID,3.5279
snapshot_timestamp_tamper,171,HOLD,HOLD,True,EVIDENCE_ROOT_INVALID,1.8288
snapshot_timestamp_tamper,172,HOLD,HOLD,True,EVIDENCE_ROOT_INVALID,1.6378
snapshot_timestamp_tamper,173,HOLD,HOLD,True,EVIDENCE_ROOT_INVALID,1.6367
snapshot_timestamp_tamper,174,HOLD,HOLD,True,EVIDENCE_ROOT_INVALID,2.6612
snapshot_timestamp_tamper,175,HOLD,HOLD,True,EVIDENCE_ROOT_INVALID,1.8868
snapshot_timestamp_tamper,176,HOLD,HOLD,True,EVIDENCE_ROOT_INVALID,1.6906
snapshot_timestamp_tamper,177,HOLD,HOLD,True,EVIDENCE_ROOT_INVALID,1.6596
snapshot_timestamp_tamper,178,HOLD,HOLD,True,EVIDENCE_ROOT_INVALID,1.7687
snapshot_timestamp_tamper,179,HOLD,HOLD,True,EVIDENCE_ROOT_INVALID,2.0256
snapshot_timestamp_tamper,180,HOLD,HOLD,True,EVIDENCE_ROOT_INVALID,1.6484
snapshot_timestamp_tamper,181,HOLD,HOLD,True,EVIDENCE_ROOT_INVALID,1.6389
snapshot_timestamp_tamper,182,HOLD,HOLD,True,EVIDENCE_ROOT_INVALID,1.6394
snapshot_timestamp_tamper,183,HOLD,HOLD,True,EVIDENCE_ROOT_INVALID,3.8164
snapshot_timestamp_tamper,184,HOLD,HOLD,True,EVIDENCE_ROOT_INVALID,1.6566
snapshot_timestamp_tamper,185,HOLD,HOLD,True,EVIDENCE_ROOT_INVALID,1.6371
snapshot_timestamp_tamper,186,HOLD,HOLD,True,EVIDENCE_ROOT_INVALID,1.6349
snapshot_timestamp_tamper,187,HOLD,HOLD,True,EVIDENCE_ROOT_INVALID,3.3191
snapshot_timestamp_tamper,188,HOLD,HOLD,True,EVIDENCE_ROOT_INVALID,1.6256
snapshot_timestamp_tamper,189,HOLD,HOLD,True,EVIDENCE_ROOT_INVALID,1.7395
snapshot_timestamp_tamper,190,HOLD,HOLD,True,EVIDENCE_ROOT_INVALID,1.5923
snapshot_timestamp_tamper,191,HOLD,HOLD,True,EVIDENCE_ROOT_INVALID,1.6595
snapshot_timestamp_tamper,192,HOLD,HOLD,True,EVIDENCE_ROOT_INVALID,2.0254
snapshot_timestamp_tamper,193,HOLD,HOLD,True,EVIDENCE_ROOT_INVALID,1.837
snapshot_timestamp_tamper,194,HOLD,HOLD,True,EVIDENCE_ROOT_INVALID,1.8164
snapshot_timestamp_tamper,195,HOLD,HOLD,True,EVIDENCE_ROOT_INVALID,1.6344
snapshot_timestamp_tamper,196,HOLD,HOLD,True,EVIDENCE_ROOT_INVALID,1.9667
snapshot_timestamp_tamper,197,HOLD,HOLD,True,EVIDENCE_ROOT_INVALID,1.6552
snapshot_timestamp_tamper,198,HOLD,HOLD,True,EVIDENCE_ROOT_INVALID,1.6413
snapshot_timestamp_tamper,199,HOLD,HOLD,True,EVIDENCE_ROOT_INVALID,1.6483
snapshot_timestamp_tamper,200,HOLD,HOLD,True,EVIDENCE_ROOT_INVALID,3.5151
record_source_tamper,1,HOLD,HOLD,True,CRITICAL_CLEARANCE_SIMULATED|EVIDENCE_ROOT_INVALID|EVIDENCE_SIMULATED|RECORD_ENVELOPE_INVALID,1.6767
record_source_tamper,2,HOLD,HOLD,True,CRITICAL_CLEARANCE_SIMULATED|EVIDENCE_ROOT_INVALID|EVIDENCE_SIMULATED|RECORD_ENVELOPE_INVALID,1.6244
record_source_tamper,3,HOLD,HOLD,True,CRITICAL_CLEARANCE_SIMULATED|EVIDENCE_ROOT_INVALID|EVIDENCE_SIMULATED|RECORD_ENVELOPE_INVALID,1.6574
record_source_tamper,4,HOLD,HOLD,True,CRITICAL_CLEARANCE_SIMULATED|EVIDENCE_ROOT_INVALID|EVIDENCE_SIMULATED|RECORD_ENVELOPE_INVALID,3.3219
record_source_tamper,5,HOLD,HOLD,True,CRITICAL_CLEARANCE_SIMULATED|EVIDENCE_ROOT_INVALID|EVIDENCE_SIMULATED|RECORD_ENVELOPE_INVALID,1.6723
record_source_tamper,6,HOLD,HOLD,True,CRITICAL_CLEARANCE_SIMULATED|EVIDENCE_ROOT_INVALID|EVIDENCE_SIMULATED|RECORD_ENVELOPE_INVALID,1.6167
record_source_tamper,7,HOLD,HOLD,True,CRITICAL_CLEARANCE_SIMULATED|EVIDENCE_ROOT_INVALID|EVIDENCE_SIMULATED|RECORD_ENVELOPE_INVALID,1.6302
record_source_tamper,8,HOLD,HOLD,True,CRITICAL_CLEARANCE_SIMULATED|EVIDENCE_ROOT_INVALID|EVIDENCE_SIMULATED|RECORD_ENVELOPE_INVALID,1.6332
record_source_tamper,9,HOLD,HOLD,True,CRITICAL_CLEARANCE_SIMULATED|EVIDENCE_ROOT_INVALID|EVIDENCE_SIMULATED|RECORD_ENVELOPE_INVALID,1.9019
record_source_tamper,10,HOLD,HOLD,True,CRITICAL_CLEARANCE_SIMULATED|EVIDENCE_ROOT_INVALID|EVIDENCE_SIMULATED|RECORD_ENVELOPE_INVALID,1.7356
record_source_tamper,11,HOLD,HOLD,True,CRITICAL_CLEARANCE_SIMULATED|EVIDENCE_ROOT_INVALID|EVIDENCE_SIMULATED|RECORD_ENVELOPE_INVALID,1.6318
record_source_tamper,12,HOLD,HOLD,True,CRITICAL_CLEARANCE_SIMULATED|EVIDENCE_ROOT_INVALID|EVIDENCE_SIMULATED|RECORD_ENVELOPE_INVALID,1.6375
record_source_tamper,13,HOLD,HOLD,True,CRITICAL_CLEARANCE_SIMULATED|EVIDENCE_ROOT_INVALID|EVIDENCE_SIMULATED|RECORD_ENVELOPE_INVALID,2.2108
record_source_tamper,14,HOLD,HOLD,True,CRITICAL_CLEARANCE_SIMULATED|EVIDENCE_ROOT_INVALID|EVIDENCE_SIMULATED|RECORD_ENVELOPE_INVALID,1.6652
record_source_tamper,15,HOLD,HOLD,True,CRITICAL_CLEARANCE_SIMULATED|EVIDENCE_ROOT_INVALID|EVIDENCE_SIMULATED|RECORD_ENVELOPE_INVALID,1.6491
record_source_tamper,16,HOLD,HOLD,True,CRITICAL_CLEARANCE_SIMULATED|EVIDENCE_ROOT_INVALID|EVIDENCE_SIMULATED|RECORD_ENVELOPE_INVALID,1.6395
record_source_tamper,17,HOLD,HOLD,True,CRITICAL_CLEARANCE_SIMULATED|EVIDENCE_ROOT_INVALID|EVIDENCE_SIMULATED|RECORD_ENVELOPE_INVALID,2.5784
record_source_tamper,18,HOLD,HOLD,True,CRITICAL_CLEARANCE_SIMULATED|EVIDENCE_ROOT_INVALID|EVIDENCE_SIMULATED|RECORD_ENVELOPE_INVALID,1.6714
record_source_tamper,19,HOLD,HOLD,True,CRITICAL_CLEARANCE_SIMULATED|EVIDENCE_ROOT_INVALID|EVIDENCE_SIMULATED|RECORD_ENVELOPE_INVALID,1.6427
record_source_tamper,20,HOLD,HOLD,True,CRITICAL_CLEARANCE_SIMULATED|EVIDENCE_ROOT_INVALID|EVIDENCE_SIMULATED|RECORD_ENVELOPE_INVALID,1.6398
record_source_tamper,21,HOLD,HOLD,True,CRITICAL_CLEARANCE_SIMULATED|EVIDENCE_ROOT_INVALID|EVIDENCE_SIMULATED|RECORD_ENVELOPE_INVALID,1.6023
record_source_tamper,22,HOLD,HOLD,True,CRITICAL_CLEARANCE_SIMULATED|EVIDENCE_ROOT_INVALID|EVIDENCE_SIMULATED|RECORD_ENVELOPE_INVALID,2.052
record_source_tamper,23,HOLD,HOLD,True,CRITICAL_CLEARANCE_SIMULATED|EVIDENCE_ROOT_INVALID|EVIDENCE_SIMULATED|RECORD_ENVELOPE_INVALID,2.6325
record_source_tamper,24,HOLD,HOLD,True,CRITICAL_CLEARANCE_SIMULATED|EVIDENCE_ROOT_INVALID|EVIDENCE_SIMULATED|RECORD_ENVELOPE_INVALID,1.6562
record_source_tamper,25,HOLD,HOLD,True,CRITICAL_CLEARANCE_SIMULATED|EVIDENCE_ROOT_INVALID|EVIDENCE_SIMULATED|RECORD_ENVELOPE_INVALID,1.6366
record_source_tamper,26,HOLD,HOLD,True,CRITICAL_CLEARANCE_SIMULATED|EVIDENCE_ROOT_INVALID|EVIDENCE_SIMULATED|RECORD_ENVELOPE_INVALID,2.6158
record_source_tamper,27,HOLD,HOLD,True,CRITICAL_CLEARANCE_SIMULATED|EVIDENCE_ROOT_INVALID|EVIDENCE_SIMULATED|RECORD_ENVELOPE_INVALID,1.6786
record_source_tamper,28,HOLD,HOLD,True,CRITICAL_CLEARANCE_SIMULATED|EVIDENCE_ROOT_INVALID|EVIDENCE_SIMULATED|RECORD_ENVELOPE_INVALID,1.7673
record_source_tamper,29,HOLD,HOLD,True,CRITICAL_CLEARANCE_SIMULATED|EVIDENCE_ROOT_INVALID|EVIDENCE_SIMULATED|RECORD_ENVELOPE_INVALID,1.593
record_source_tamper,30,HOLD,HOLD,True,CRITICAL_CLEARANCE_SIMULATED|EVIDENCE_ROOT_INVALID|EVIDENCE_SIMULATED|RECORD_ENVELOPE_INVALID,2.1826
record_source_tamper,31,HOLD,HOLD,True,CRITICAL_CLEARANCE_SIMULATED|EVIDENCE_ROOT_INVALID|EVIDENCE_SIMULATED|RECORD_ENVELOPE_INVALID,2.0823
record_source_tamper,32,HOLD,HOLD,True,CRITICAL_CLEARANCE_SIMULATED|EVIDENCE_ROOT_INVALID|EVIDENCE_SIMULATED|RECORD_ENVELOPE_INVALID,1.6459
record_source_tamper,33,HOLD,HOLD,True,CRITICAL_CLEARANCE_SIMULATED|EVIDENCE_ROOT_INVALID|EVIDENCE_SIMULATED|RECORD_ENVELOPE_INVALID,1.6768
record_source_tamper,34,HOLD,HOLD,True,CRITICAL_CLEARANCE_SIMULATED|EVIDENCE_ROOT_INVALID|EVIDENCE_SIMULATED|RECORD_ENVELOPE_INVALID,1.6337
record_source_tamper,35,HOLD,HOLD,True,CRITICAL_CLEARANCE_SIMULATED|EVIDENCE_ROOT_INVALID|EVIDENCE_SIMULATED|RECORD_ENVELOPE_INVALID,2.3327
record_source_tamper,36,HOLD,HOLD,True,CRITICAL_CLEARANCE_SIMULATED|EVIDENCE_ROOT_INVALID|EVIDENCE_SIMULATED|RECORD_ENVELOPE_INVALID,1.647
record_source_tamper,37,HOLD,HOLD,True,CRITICAL_CLEARANCE_SIMULATED|EVIDENCE_ROOT_INVALID|EVIDENCE_SIMULATED|RECORD_ENVELOPE_INVALID,1.8129
record_source_tamper,38,HOLD,HOLD,True,CRITICAL_CLEARANCE_SIMULATED|EVIDENCE_ROOT_INVALID|EVIDENCE_SIMULATED|RECORD_ENVELOPE_INVALID,1.6771
record_source_tamper,39,HOLD,HOLD,True,CRITICAL_CLEARANCE_SIMULATED|EVIDENCE_ROOT_INVALID|EVIDENCE_SIMULATED|RECORD_ENVELOPE_INVALID,2.4835
record_source_tamper,40,HOLD,HOLD,True,CRITICAL_CLEARANCE_SIMULATED|EVIDENCE_ROOT_INVALID|EVIDENCE_SIMULATED|RECORD_ENVELOPE_INVALID,1.6895
record_source_tamper,41,HOLD,HOLD,True,CRITICAL_CLEARANCE_SIMULATED|EVIDENCE_ROOT_INVALID|EVIDENCE_SIMULATED|RECORD_ENVELOPE_INVALID,1.6384
record_source_tamper,42,HOLD,HOLD,True,CRITICAL_CLEARANCE_SIMULATED|EVIDENCE_ROOT_INVALID|EVIDENCE_SIMULATED|RECORD_ENVELOPE_INVALID,1.6251
record_source_tamper,43,HOLD,HOLD,True,CRITICAL_CLEARANCE_SIMULATED|EVIDENCE_ROOT_INVALID|EVIDENCE_SIMULATED|RECORD_ENVELOPE_INVALID,2.5954
record_source_tamper,44,HOLD,HOLD,True,CRITICAL_CLEARANCE_SIMULATED|EVIDENCE_ROOT_INVALID|EVIDENCE_SIMULATED|RECORD_ENVELOPE_INVALID,3.7944
record_source_tamper,45,HOLD,HOLD,True,CRITICAL_CLEARANCE_SIMULATED|EVIDENCE_ROOT_INVALID|EVIDENCE_SIMULATED|RECORD_ENVELOPE_INVALID,1.6416
record_source_tamper,46,HOLD,HOLD,True,CRITICAL_CLEARANCE_SIMULATED|EVIDENCE_ROOT_INVALID|EVIDENCE_SIMULATED|RECORD_ENVELOPE_INVALID,3.3615
record_source_tamper,47,HOLD,HOLD,True,CRITICAL_CLEARANCE_SIMULATED|EVIDENCE_ROOT_INVALID|EVIDENCE_SIMULATED|RECORD_ENVELOPE_INVALID,1.6149
record_source_tamper,48,HOLD,HOLD,True,CRITICAL_CLEARANCE_SIMULATED|EVIDENCE_ROOT_INVALID|EVIDENCE_SIMULATED|RECORD_ENVELOPE_INVALID,1.5945
record_source_tamper,49,HOLD,HOLD,True,CRITICAL_CLEARANCE_SIMULATED|EVIDENCE_ROOT_INVALID|EVIDENCE_SIMULATED|RECORD_ENVELOPE_INVALID,1.5866
record_source_tamper,50,HOLD,HOLD,True,CRITICAL_CLEARANCE_SIMULATED|EVIDENCE_ROOT_INVALID|EVIDENCE_SIMULATED|RECORD_ENVELOPE_INVALID,1.5836
record_source_tamper,51,HOLD,HOLD,True,CRITICAL_CLEARANCE_SIMULATED|EVIDENCE_ROOT_INVALID|EVIDENCE_SIMULATED|RECORD_ENVELOPE_INVALID,2.1146
record_source_tamper,52,HOLD,HOLD,True,CRITICAL_CLEARANCE_SIMULATED|EVIDENCE_ROOT_INVALID|EVIDENCE_SIMULATED|RECORD_ENVELOPE_INVALID,1.6933
record_source_tamper,53,HOLD,HOLD,True,CRITICAL_CLEARANCE_SIMULATED|EVIDENCE_ROOT_INVALID|EVIDENCE_SIMULATED|RECORD_ENVELOPE_INVALID,1.6912
record_source_tamper,54,HOLD,HOLD,True,CRITICAL_CLEARANCE_SIMULATED|EVIDENCE_ROOT_INVALID|EVIDENCE_SIMULATED|RECORD_ENVELOPE_INVALID,1.6899
record_source_tamper,55,HOLD,HOLD,True,CRITICAL_CLEARANCE_SIMULATED|EVIDENCE_ROOT_INVALID|EVIDENCE_SIMULATED|RECORD_ENVELOPE_INVALID,2.2507
record_source_tamper,56,HOLD,HOLD,True,CRITICAL_CLEARANCE_SIMULATED|EVIDENCE_ROOT_INVALID|EVIDENCE_SIMULATED|RECORD_ENVELOPE_INVALID,1.6754
record_source_tamper,57,HOLD,HOLD,True,CRITICAL_CLEARANCE_SIMULATED|EVIDENCE_ROOT_INVALID|EVIDENCE_SIMULATED|RECORD_ENVELOPE_INVALID,1.6437
record_source_tamper,58,HOLD,HOLD,True,CRITICAL_CLEARANCE_SIMULATED|EVIDENCE_ROOT_INVALID|EVIDENCE_SIMULATED|RECORD_ENVELOPE_INVALID,1.6328
record_source_tamper,59,HOLD,HOLD,True,CRITICAL_CLEARANCE_SIMULATED|EVIDENCE_ROOT_INVALID|EVIDENCE_SIMULATED|RECORD_ENVELOPE_INVALID,3.7449
record_source_tamper,60,HOLD,HOLD,True,CRITICAL_CLEARANCE_SIMULATED|EVIDENCE_ROOT_INVALID|EVIDENCE_SIMULATED|RECORD_ENVELOPE_INVALID,1.6844
record_source_tamper,61,HOLD,HOLD,True,CRITICAL_CLEARANCE_SIMULATED|EVIDENCE_ROOT_INVALID|EVIDENCE_SIMULATED|RECORD_ENVELOPE_INVALID,1.8157
record_source_tamper,62,HOLD,HOLD,True,CRITICAL_CLEARANCE_SIMULATED|EVIDENCE_ROOT_INVALID|EVIDENCE_SIMULATED|RECORD_ENVELOPE_INVALID,1.8055
record_source_tamper,63,HOLD,HOLD,True,CRITICAL_CLEARANCE_SIMULATED|EVIDENCE_ROOT_INVALID|EVIDENCE_SIMULATED|RECORD_ENVELOPE_INVALID,2.8913
record_source_tamper,64,HOLD,HOLD,True,CRITICAL_CLEARANCE_SIMULATED|EVIDENCE_ROOT_INVALID|EVIDENCE_SIMULATED|RECORD_ENVELOPE_INVALID,1.6249
record_source_tamper,65,HOLD,HOLD,True,CRITICAL_CLEARANCE_SIMULATED|EVIDENCE_ROOT_INVALID|EVIDENCE_SIMULATED|RECORD_ENVELOPE_INVALID,1.5925
record_source_tamper,66,HOLD,HOLD,True,CRITICAL_CLEARANCE_SIMULATED|EVIDENCE_ROOT_INVALID|EVIDENCE_SIMULATED|RECORD_ENVELOPE_INVALID,1.5823
record_source_tamper,67,HOLD,HOLD,True,CRITICAL_CLEARANCE_SIMULATED|EVIDENCE_ROOT_INVALID|EVIDENCE_SIMULATED|RECORD_ENVELOPE_INVALID,1.7055
record_source_tamper,68,HOLD,HOLD,True,CRITICAL_CLEARANCE_SIMULATED|EVIDENCE_ROOT_INVALID|EVIDENCE_SIMULATED|RECORD_ENVELOPE_INVALID,2.1983
record_source_tamper,69,HOLD,HOLD,True,CRITICAL_CLEARANCE_SIMULATED|EVIDENCE_ROOT_INVALID|EVIDENCE_SIMULATED|RECORD_ENVELOPE_INVALID,1.6525
record_source_tamper,70,HOLD,HOLD,True,CRITICAL_CLEARANCE_SIMULATED|EVIDENCE_ROOT_INVALID|EVIDENCE_SIMULATED|RECORD_ENVELOPE_INVALID,1.7978
record_source_tamper,71,HOLD,HOLD,True,CRITICAL_CLEARANCE_SIMULATED|EVIDENCE_ROOT_INVALID|EVIDENCE_SIMULATED|RECORD_ENVELOPE_INVALID,1.8083
record_source_tamper,72,HOLD,HOLD,True,CRITICAL_CLEARANCE_SIMULATED|EVIDENCE_ROOT_INVALID|EVIDENCE_SIMULATED|RECORD_ENVELOPE_INVALID,2.4194
record_source_tamper,73,HOLD,HOLD,True,CRITICAL_CLEARANCE_SIMULATED|EVIDENCE_ROOT_INVALID|EVIDENCE_SIMULATED|RECORD_ENVELOPE_INVALID,1.6449
record_source_tamper,74,HOLD,HOLD,True,CRITICAL_CLEARANCE_SIMULATED|EVIDENCE_ROOT_INVALID|EVIDENCE_SIMULATED|RECORD_ENVELOPE_INVALID,1.7102
record_source_tamper,75,HOLD,HOLD,True,CRITICAL_CLEARANCE_SIMULATED|EVIDENCE_ROOT_INVALID|EVIDENCE_SIMULATED|RECORD_ENVELOPE_INVALID,1.7698
record_source_tamper,76,HOLD,HOLD,True,CRITICAL_CLEARANCE_SIMULATED|EVIDENCE_ROOT_INVALID|EVIDENCE_SIMULATED|RECORD_ENVELOPE_INVALID,3.0399
record_source_tamper,77,HOLD,HOLD,True,CRITICAL_CLEARANCE_SIMULATED|EVIDENCE_ROOT_INVALID|EVIDENCE_SIMULATED|RECORD_ENVELOPE_INVALID,1.6942
record_source_tamper,78,HOLD,HOLD,True,CRITICAL_CLEARANCE_SIMULATED|EVIDENCE_ROOT_INVALID|EVIDENCE_SIMULATED|RECORD_ENVELOPE_INVALID,1.6244
record_source_tamper,79,HOLD,HOLD,True,CRITICAL_CLEARANCE_SIMULATED|EVIDENCE_ROOT_INVALID|EVIDENCE_SIMULATED|RECORD_ENVELOPE_INVALID,1.5953
record_source_tamper,80,HOLD,HOLD,True,CRITICAL_CLEARANCE_SIMULATED|EVIDENCE_ROOT_INVALID|EVIDENCE_SIMULATED|RECORD_ENVELOPE_INVALID,1.5945
record_source_tamper,81,HOLD,HOLD,True,CRITICAL_CLEARANCE_SIMULATED|EVIDENCE_ROOT_INVALID|EVIDENCE_SIMULATED|RECORD_ENVELOPE_INVALID,2.0775
record_source_tamper,82,HOLD,HOLD,True,CRITICAL_CLEARANCE_SIMULATED|EVIDENCE_ROOT_INVALID|EVIDENCE_SIMULATED|RECORD_ENVELOPE_INVALID,1.6444
record_source_tamper,83,HOLD,HOLD,True,CRITICAL_CLEARANCE_SIMULATED|EVIDENCE_ROOT_INVALID|EVIDENCE_SIMULATED|RECORD_ENVELOPE_INVALID,1.6547
record_source_tamper,84,HOLD,HOLD,True,CRITICAL_CLEARANCE_SIMULATED|EVIDENCE_ROOT_INVALID|EVIDENCE_SIMULATED|RECORD_ENVELOPE_INVALID,1.6238
record_source_tamper,85,HOLD,HOLD,True,CRITICAL_CLEARANCE_SIMULATED|EVIDENCE_ROOT_INVALID|EVIDENCE_SIMULATED|RECORD_ENVELOPE_INVALID,2.2478
record_source_tamper,86,HOLD,HOLD,True,CRITICAL_CLEARANCE_SIMULATED|EVIDENCE_ROOT_INVALID|EVIDENCE_SIMULATED|RECORD_ENVELOPE_INVALID,1.6882
record_source_tamper,87,HOLD,HOLD,True,CRITICAL_CLEARANCE_SIMULATED|EVIDENCE_ROOT_INVALID|EVIDENCE_SIMULATED|RECORD_ENVELOPE_INVALID,1.6554
record_source_tamper,88,HOLD,HOLD,True,CRITICAL_CLEARANCE_SIMULATED|EVIDENCE_ROOT_INVALID|EVIDENCE_SIMULATED|RECORD_ENVELOPE_INVALID,1.6449
record_source_tamper,89,HOLD,HOLD,True,CRITICAL_CLEARANCE_SIMULATED|EVIDENCE_ROOT_INVALID|EVIDENCE_SIMULATED|RECORD_ENVELOPE_INVALID,2.9278
record_source_tamper,90,HOLD,HOLD,True,CRITICAL_CLEARANCE_SIMULATED|EVIDENCE_ROOT_INVALID|EVIDENCE_SIMULATED|RECORD_ENVELOPE_INVALID,1.6632
record_source_tamper,91,HOLD,HOLD,True,CRITICAL_CLEARANCE_SIMULATED|EVIDENCE_ROOT_INVALID|EVIDENCE_SIMULATED|RECORD_ENVELOPE_INVALID,1.6461
record_source_tamper,92,HOLD,HOLD,True,CRITICAL_CLEARANCE_SIMULATED|EVIDENCE_ROOT_INVALID|EVIDENCE_SIMULATED|RECORD_ENVELOPE_INVALID,1.6457
record_source_tamper,93,HOLD,HOLD,True,CRITICAL_CLEARANCE_SIMULATED|EVIDENCE_ROOT_INVALID|EVIDENCE_SIMULATED|RECORD_ENVELOPE_INVALID,1.7025
record_source_tamper,94,HOLD,HOLD,True,CRITICAL_CLEARANCE_SIMULATED|EVIDENCE_ROOT_INVALID|EVIDENCE_SIMULATED|RECORD_ENVELOPE_INVALID,1.8828
record_source_tamper,95,HOLD,HOLD,True,CRITICAL_CLEARANCE_SIMULATED|EVIDENCE_ROOT_INVALID|EVIDENCE_SIMULATED|RECORD_ENVELOPE_INVALID,1.6501
record_source_tamper,96,HOLD,HOLD,True,CRITICAL_CLEARANCE_SIMULATED|EVIDENCE_ROOT_INVALID|EVIDENCE_SIMULATED|RECORD_ENVELOPE_INVALID,1.6366
record_source_tamper,97,HOLD,HOLD,True,CRITICAL_CLEARANCE_SIMULATED|EVIDENCE_ROOT_INVALID|EVIDENCE_SIMULATED|RECORD_ENVELOPE_INVALID,1.638
record_source_tamper,98,HOLD,HOLD,True,CRITICAL_CLEARANCE_SIMULATED|EVIDENCE_ROOT_INVALID|EVIDENCE_SIMULATED|RECORD_ENVELOPE_INVALID,2.3203
record_source_tamper,99,HOLD,HOLD,True,CRITICAL_CLEARANCE_SIMULATED|EVIDENCE_ROOT_INVALID|EVIDENCE_SIMULATED|RECORD_ENVELOPE_INVALID,1.6022
record_source_tamper,100,HOLD,HOLD,True,CRITICAL_CLEARANCE_SIMULATED|EVIDENCE_ROOT_INVALID|EVIDENCE_SIMULATED|RECORD_ENVELOPE_INVALID,1.5983
record_source_tamper,101,HOLD,HOLD,True,CRITICAL_CLEARANCE_SIMULATED|EVIDENCE_ROOT_INVALID|EVIDENCE_SIMULATED|RECORD_ENVELOPE_INVALID,1.5928
record_source_tamper,102,HOLD,HOLD,True,CRITICAL_CLEARANCE_SIMULATED|EVIDENCE_ROOT_INVALID|EVIDENCE_SIMULATED|RECORD_ENVELOPE_INVALID,3.4759
record_source_tamper,103,HOLD,HOLD,True,CRITICAL_CLEARANCE_SIMULATED|EVIDENCE_ROOT_INVALID|EVIDENCE_SIMULATED|RECORD_ENVELOPE_INVALID,1.6705
record_source_tamper,104,HOLD,HOLD,True,CRITICAL_CLEARANCE_SIMULATED|EVIDENCE_ROOT_INVALID|EVIDENCE_SIMULATED|RECORD_ENVELOPE_INVALID,1.6408
record_source_tamper,105,HOLD,HOLD,True,CRITICAL_CLEARANCE_SIMULATED|EVIDENCE_ROOT_INVALID|EVIDENCE_SIMULATED|RECORD_ENVELOPE_INVALID,1.6984
record_source_tamper,106,HOLD,HOLD,True,CRITICAL_CLEARANCE_SIMULATED|EVIDENCE_ROOT_INVALID|EVIDENCE_SIMULATED|RECORD_ENVELOPE_INVALID,3.4214
record_source_tamper,107,HOLD,HOLD,True,CRITICAL_CLEARANCE_SIMULATED|EVIDENCE_ROOT_INVALID|EVIDENCE_SIMULATED|RECORD_ENVELOPE_INVALID,1.8094
record_source_tamper,108,HOLD,HOLD,True,CRITICAL_CLEARANCE_SIMULATED|EVIDENCE_ROOT_INVALID|EVIDENCE_SIMULATED|RECORD_ENVELOPE_INVALID,1.6788
record_source_tamper,109,HOLD,HOLD,True,CRITICAL_CLEARANCE_SIMULATED|EVIDENCE_ROOT_INVALID|EVIDENCE_SIMULATED|RECORD_ENVELOPE_INVALID,1.6703
record_source_tamper,110,HOLD,HOLD,True,CRITICAL_CLEARANCE_SIMULATED|EVIDENCE_ROOT_INVALID|EVIDENCE_SIMULATED|RECORD_ENVELOPE_INVALID,2.8855
record_source_tamper,111,HOLD,HOLD,True,CRITICAL_CLEARANCE_SIMULATED|EVIDENCE_ROOT_INVALID|EVIDENCE_SIMULATED|RECORD_ENVELOPE_INVALID,1.6749
record_source_tamper,112,HOLD,HOLD,True,CRITICAL_CLEARANCE_SIMULATED|EVIDENCE_ROOT_INVALID|EVIDENCE_SIMULATED|RECORD_ENVELOPE_INVALID,1.6377
record_source_tamper,113,HOLD,HOLD,True,CRITICAL_CLEARANCE_SIMULATED|EVIDENCE_ROOT_INVALID|EVIDENCE_SIMULATED|RECORD_ENVELOPE_INVALID,1.6359
record_source_tamper,114,HOLD,HOLD,True,CRITICAL_CLEARANCE_SIMULATED|EVIDENCE_ROOT_INVALID|EVIDENCE_SIMULATED|RECORD_ENVELOPE_INVALID,1.7893
record_source_tamper,115,HOLD,HOLD,True,CRITICAL_CLEARANCE_SIMULATED|EVIDENCE_ROOT_INVALID|EVIDENCE_SIMULATED|RECORD_ENVELOPE_INVALID,2.0718
record_source_tamper,116,HOLD,HOLD,True,CRITICAL_CLEARANCE_SIMULATED|EVIDENCE_ROOT_INVALID|EVIDENCE_SIMULATED|RECORD_ENVELOPE_INVALID,1.6592
record_source_tamper,117,HOLD,HOLD,True,CRITICAL_CLEARANCE_SIMULATED|EVIDENCE_ROOT_INVALID|EVIDENCE_SIMULATED|RECORD_ENVELOPE_INVALID,1.6401
record_source_tamper,118,HOLD,HOLD,True,CRITICAL_CLEARANCE_SIMULATED|EVIDENCE_ROOT_INVALID|EVIDENCE_SIMULATED|RECORD_ENVELOPE_INVALID,1.8086
record_source_tamper,119,HOLD,HOLD,True,CRITICAL_CLEARANCE_SIMULATED|EVIDENCE_ROOT_INVALID|EVIDENCE_SIMULATED|RECORD_ENVELOPE_INVALID,2.2047
record_source_tamper,120,HOLD,HOLD,True,CRITICAL_CLEARANCE_SIMULATED|EVIDENCE_ROOT_INVALID|EVIDENCE_SIMULATED|RECORD_ENVELOPE_INVALID,1.6493
record_source_tamper,121,HOLD,HOLD,True,CRITICAL_CLEARANCE_SIMULATED|EVIDENCE_ROOT_INVALID|EVIDENCE_SIMULATED|RECORD_ENVELOPE_INVALID,1.8206
record_source_tamper,122,HOLD,HOLD,True,CRITICAL_CLEARANCE_SIMULATED|EVIDENCE_ROOT_INVALID|EVIDENCE_SIMULATED|RECORD_ENVELOPE_INVALID,1.7483
record_source_tamper,123,HOLD,HOLD,True,CRITICAL_CLEARANCE_SIMULATED|EVIDENCE_ROOT_INVALID|EVIDENCE_SIMULATED|RECORD_ENVELOPE_INVALID,2.2076
record_source_tamper,124,HOLD,HOLD,True,CRITICAL_CLEARANCE_SIMULATED|EVIDENCE_ROOT_INVALID|EVIDENCE_SIMULATED|RECORD_ENVELOPE_INVALID,1.7708
record_source_tamper,125,HOLD,HOLD,True,CRITICAL_CLEARANCE_SIMULATED|EVIDENCE_ROOT_INVALID|EVIDENCE_SIMULATED|RECORD_ENVELOPE_INVALID,1.5979
record_source_tamper,126,HOLD,HOLD,True,CRITICAL_CLEARANCE_SIMULATED|EVIDENCE_ROOT_INVALID|EVIDENCE_SIMULATED|RECORD_ENVELOPE_INVALID,1.5915
record_source_tamper,127,HOLD,HOLD,True,CRITICAL_CLEARANCE_SIMULATED|EVIDENCE_ROOT_INVALID|EVIDENCE_SIMULATED|RECORD_ENVELOPE_INVALID,2.2696
record_source_tamper,128,HOLD,HOLD,True,CRITICAL_CLEARANCE_SIMULATED|EVIDENCE_ROOT_INVALID|EVIDENCE_SIMULATED|RECORD_ENVELOPE_INVALID,1.9119
record_source_tamper,129,HOLD,HOLD,True,CRITICAL_CLEARANCE_SIMULATED|EVIDENCE_ROOT_INVALID|EVIDENCE_SIMULATED|RECORD_ENVELOPE_INVALID,1.649
record_source_tamper,130,HOLD,HOLD,True,CRITICAL_CLEARANCE_SIMULATED|EVIDENCE_ROOT_INVALID|EVIDENCE_SIMULATED|RECORD_ENVELOPE_INVALID,1.7115
record_source_tamper,131,HOLD,HOLD,True,CRITICAL_CLEARANCE_SIMULATED|EVIDENCE_ROOT_INVALID|EVIDENCE_SIMULATED|RECORD_ENVELOPE_INVALID,3.0606
record_source_tamper,132,HOLD,HOLD,True,CRITICAL_CLEARANCE_SIMULATED|EVIDENCE_ROOT_INVALID|EVIDENCE_SIMULATED|RECORD_ENVELOPE_INVALID,1.7014
record_source_tamper,133,HOLD,HOLD,True,CRITICAL_CLEARANCE_SIMULATED|EVIDENCE_ROOT_INVALID|EVIDENCE_SIMULATED|RECORD_ENVELOPE_INVALID,1.6532
record_source_tamper,134,HOLD,HOLD,True,CRITICAL_CLEARANCE_SIMULATED|EVIDENCE_ROOT_INVALID|EVIDENCE_SIMULATED|RECORD_ENVELOPE_INVALID,1.732
record_source_tamper,135,HOLD,HOLD,True,CRITICAL_CLEARANCE_SIMULATED|EVIDENCE_ROOT_INVALID|EVIDENCE_SIMULATED|RECORD_ENVELOPE_INVALID,1.6375
record_source_tamper,136,HOLD,HOLD,True,CRITICAL_CLEARANCE_SIMULATED|EVIDENCE_ROOT_INVALID|EVIDENCE_SIMULATED|RECORD_ENVELOPE_INVALID,2.0419
record_source_tamper,137,HOLD,HOLD,True,CRITICAL_CLEARANCE_SIMULATED|EVIDENCE_ROOT_INVALID|EVIDENCE_SIMULATED|RECORD_ENVELOPE_INVALID,1.6905
record_source_tamper,138,HOLD,HOLD,True,CRITICAL_CLEARANCE_SIMULATED|EVIDENCE_ROOT_INVALID|EVIDENCE_SIMULATED|RECORD_ENVELOPE_INVALID,1.7297
record_source_tamper,139,HOLD,HOLD,True,CRITICAL_CLEARANCE_SIMULATED|EVIDENCE_ROOT_INVALID|EVIDENCE_SIMULATED|RECORD_ENVELOPE_INVALID,1.628
record_source_tamper,140,HOLD,HOLD,True,CRITICAL_CLEARANCE_SIMULATED|EVIDENCE_ROOT_INVALID|EVIDENCE_SIMULATED|RECORD_ENVELOPE_INVALID,2.1757
record_source_tamper,141,HOLD,HOLD,True,CRITICAL_CLEARANCE_SIMULATED|EVIDENCE_ROOT_INVALID|EVIDENCE_SIMULATED|RECORD_ENVELOPE_INVALID,1.6257
record_source_tamper,142,HOLD,HOLD,True,CRITICAL_CLEARANCE_SIMULATED|EVIDENCE_ROOT_INVALID|EVIDENCE_SIMULATED|RECORD_ENVELOPE_INVALID,1.5915
record_source_tamper,143,HOLD,HOLD,True,CRITICAL_CLEARANCE_SIMULATED|EVIDENCE_ROOT_INVALID|EVIDENCE_SIMULATED|RECORD_ENVELOPE_INVALID,1.5916
record_source_tamper,144,HOLD,HOLD,True,CRITICAL_CLEARANCE_SIMULATED|EVIDENCE_ROOT_INVALID|EVIDENCE_SIMULATED|RECORD_ENVELOPE_INVALID,3.7081
record_source_tamper,145,HOLD,HOLD,True,CRITICAL_CLEARANCE_SIMULATED|EVIDENCE_ROOT_INVALID|EVIDENCE_SIMULATED|RECORD_ENVELOPE_INVALID,1.7478
record_source_tamper,146,HOLD,HOLD,True,CRITICAL_CLEARANCE_SIMULATED|EVIDENCE_ROOT_INVALID|EVIDENCE_SIMULATED|RECORD_ENVELOPE_INVALID,1.6494
record_source_tamper,147,HOLD,HOLD,True,CRITICAL_CLEARANCE_SIMULATED|EVIDENCE_ROOT_INVALID|EVIDENCE_SIMULATED|RECORD_ENVELOPE_INVALID,1.641
record_source_tamper,148,HOLD,HOLD,True,CRITICAL_CLEARANCE_SIMULATED|EVIDENCE_ROOT_INVALID|EVIDENCE_SIMULATED|RECORD_ENVELOPE_INVALID,3.2827
record_source_tamper,149,HOLD,HOLD,True,CRITICAL_CLEARANCE_SIMULATED|EVIDENCE_ROOT_INVALID|EVIDENCE_SIMULATED|RECORD_ENVELOPE_INVALID,1.8794
record_source_tamper,150,HOLD,HOLD,True,CRITICAL_CLEARANCE_SIMULATED|EVIDENCE_ROOT_INVALID|EVIDENCE_SIMULATED|RECORD_ENVELOPE_INVALID,1.7628
record_source_tamper,151,HOLD,HOLD,True,CRITICAL_CLEARANCE_SIMULATED|EVIDENCE_ROOT_INVALID|EVIDENCE_SIMULATED|RECORD_ENVELOPE_INVALID,1.7577
record_source_tamper,152,HOLD,HOLD,True,CRITICAL_CLEARANCE_SIMULATED|EVIDENCE_ROOT_INVALID|EVIDENCE_SIMULATED|RECORD_ENVELOPE_INVALID,3.287
record_source_tamper,153,HOLD,HOLD,True,CRITICAL_CLEARANCE_SIMULATED|EVIDENCE_ROOT_INVALID|EVIDENCE_SIMULATED|RECORD_ENVELOPE_INVALID,1.6392
record_source_tamper,154,HOLD,HOLD,True,CRITICAL_CLEARANCE_SIMULATED|EVIDENCE_ROOT_INVALID|EVIDENCE_SIMULATED|RECORD_ENVELOPE_INVALID,1.5929
record_source_tamper,155,HOLD,HOLD,True,CRITICAL_CLEARANCE_SIMULATED|EVIDENCE_ROOT_INVALID|EVIDENCE_SIMULATED|RECORD_ENVELOPE_INVALID,1.5992
record_source_tamper,156,HOLD,HOLD,True,CRITICAL_CLEARANCE_SIMULATED|EVIDENCE_ROOT_INVALID|EVIDENCE_SIMULATED|RECORD_ENVELOPE_INVALID,1.7753
record_source_tamper,157,HOLD,HOLD,True,CRITICAL_CLEARANCE_SIMULATED|EVIDENCE_ROOT_INVALID|EVIDENCE_SIMULATED|RECORD_ENVELOPE_INVALID,2.075
record_source_tamper,158,HOLD,HOLD,True,CRITICAL_CLEARANCE_SIMULATED|EVIDENCE_ROOT_INVALID|EVIDENCE_SIMULATED|RECORD_ENVELOPE_INVALID,1.6096
record_source_tamper,159,HOLD,HOLD,True,CRITICAL_CLEARANCE_SIMULATED|EVIDENCE_ROOT_INVALID|EVIDENCE_SIMULATED|RECORD_ENVELOPE_INVALID,1.5921
record_source_tamper,160,HOLD,HOLD,True,CRITICAL_CLEARANCE_SIMULATED|EVIDENCE_ROOT_INVALID|EVIDENCE_SIMULATED|RECORD_ENVELOPE_INVALID,1.5886
record_source_tamper,161,HOLD,HOLD,True,CRITICAL_CLEARANCE_SIMULATED|EVIDENCE_ROOT_INVALID|EVIDENCE_SIMULATED|RECORD_ENVELOPE_INVALID,3.5651
record_source_tamper,162,HOLD,HOLD,True,CRITICAL_CLEARANCE_SIMULATED|EVIDENCE_ROOT_INVALID|EVIDENCE_SIMULATED|RECORD_ENVELOPE_INVALID,1.6332
record_source_tamper,163,HOLD,HOLD,True,CRITICAL_CLEARANCE_SIMULATED|EVIDENCE_ROOT_INVALID|EVIDENCE_SIMULATED|RECORD_ENVELOPE_INVALID,1.5952
record_source_tamper,164,HOLD,HOLD,True,CRITICAL_CLEARANCE_SIMULATED|EVIDENCE_ROOT_INVALID|EVIDENCE_SIMULATED|RECORD_ENVELOPE_INVALID,1.5964
record_source_tamper,165,HOLD,HOLD,True,CRITICAL_CLEARANCE_SIMULATED|EVIDENCE_ROOT_INVALID|EVIDENCE_SIMULATED|RECORD_ENVELOPE_INVALID,3.7405
record_source_tamper,166,HOLD,HOLD,True,CRITICAL_CLEARANCE_SIMULATED|EVIDENCE_ROOT_INVALID|EVIDENCE_SIMULATED|RECORD_ENVELOPE_INVALID,1.6579
record_source_tamper,167,HOLD,HOLD,True,CRITICAL_CLEARANCE_SIMULATED|EVIDENCE_ROOT_INVALID|EVIDENCE_SIMULATED|RECORD_ENVELOPE_INVALID,1.5968
record_source_tamper,168,HOLD,HOLD,True,CRITICAL_CLEARANCE_SIMULATED|EVIDENCE_ROOT_INVALID|EVIDENCE_SIMULATED|RECORD_ENVELOPE_INVALID,1.5931
record_source_tamper,169,HOLD,HOLD,True,CRITICAL_CLEARANCE_SIMULATED|EVIDENCE_ROOT_INVALID|EVIDENCE_SIMULATED|RECORD_ENVELOPE_INVALID,1.5923
record_source_tamper,170,HOLD,HOLD,True,CRITICAL_CLEARANCE_SIMULATED|EVIDENCE_ROOT_INVALID|EVIDENCE_SIMULATED|RECORD_ENVELOPE_INVALID,1.9984
record_source_tamper,171,HOLD,HOLD,True,CRITICAL_CLEARANCE_SIMULATED|EVIDENCE_ROOT_INVALID|EVIDENCE_SIMULATED|RECORD_ENVELOPE_INVALID,1.7196
record_source_tamper,172,HOLD,HOLD,True,CRITICAL_CLEARANCE_SIMULATED|EVIDENCE_ROOT_INVALID|EVIDENCE_SIMULATED|RECORD_ENVELOPE_INVALID,1.6412
record_source_tamper,173,HOLD,HOLD,True,CRITICAL_CLEARANCE_SIMULATED|EVIDENCE_ROOT_INVALID|EVIDENCE_SIMULATED|RECORD_ENVELOPE_INVALID,1.6337
record_source_tamper,174,HOLD,HOLD,True,CRITICAL_CLEARANCE_SIMULATED|EVIDENCE_ROOT_INVALID|EVIDENCE_SIMULATED|RECORD_ENVELOPE_INVALID,1.743
record_source_tamper,175,HOLD,HOLD,True,CRITICAL_CLEARANCE_SIMULATED|EVIDENCE_ROOT_INVALID|EVIDENCE_SIMULATED|RECORD_ENVELOPE_INVALID,1.5995
record_source_tamper,176,HOLD,HOLD,True,CRITICAL_CLEARANCE_SIMULATED|EVIDENCE_ROOT_INVALID|EVIDENCE_SIMULATED|RECORD_ENVELOPE_INVALID,1.6002
record_source_tamper,177,HOLD,HOLD,True,CRITICAL_CLEARANCE_SIMULATED|EVIDENCE_ROOT_INVALID|EVIDENCE_SIMULATED|RECORD_ENVELOPE_INVALID,1.5862
record_source_tamper,178,HOLD,HOLD,True,CRITICAL_CLEARANCE_SIMULATED|EVIDENCE_ROOT_INVALID|EVIDENCE_SIMULATED|RECORD_ENVELOPE_INVALID,3.5715
record_source_tamper,179,HOLD,HOLD,True,CRITICAL_CLEARANCE_SIMULATED|EVIDENCE_ROOT_INVALID|EVIDENCE_SIMULATED|RECORD_ENVELOPE_INVALID,1.6852
record_source_tamper,180,HOLD,HOLD,True,CRITICAL_CLEARANCE_SIMULATED|EVIDENCE_ROOT_INVALID|EVIDENCE_SIMULATED|RECORD_ENVELOPE_INVALID,1.6797
record_source_tamper,181,HOLD,HOLD,True,CRITICAL_CLEARANCE_SIMULATED|EVIDENCE_ROOT_INVALID|EVIDENCE_SIMULATED|RECORD_ENVELOPE_INVALID,1.6494
record_source_tamper,182,HOLD,HOLD,True,CRITICAL_CLEARANCE_SIMULATED|EVIDENCE_ROOT_INVALID|EVIDENCE_SIMULATED|RECORD_ENVELOPE_INVALID,2.7282
record_source_tamper,183,HOLD,HOLD,True,CRITICAL_CLEARANCE_SIMULATED|EVIDENCE_ROOT_INVALID|EVIDENCE_SIMULATED|RECORD_ENVELOPE_INVALID,1.7064
record_source_tamper,184,HOLD,HOLD,True,CRITICAL_CLEARANCE_SIMULATED|EVIDENCE_ROOT_INVALID|EVIDENCE_SIMULATED|RECORD_ENVELOPE_INVALID,1.653
record_source_tamper,185,HOLD,HOLD,True,CRITICAL_CLEARANCE_SIMULATED|EVIDENCE_ROOT_INVALID|EVIDENCE_SIMULATED|RECORD_ENVELOPE_INVALID,1.6449
record_source_tamper,186,HOLD,HOLD,True,CRITICAL_CLEARANCE_SIMULATED|EVIDENCE_ROOT_INVALID|EVIDENCE_SIMULATED|RECORD_ENVELOPE_INVALID,1.641
record_source_tamper,187,HOLD,HOLD,True,CRITICAL_CLEARANCE_SIMULATED|EVIDENCE_ROOT_INVALID|EVIDENCE_SIMULATED|RECORD_ENVELOPE_INVALID,2.0815
record_source_tamper,188,HOLD,HOLD,True,CRITICAL_CLEARANCE_SIMULATED|EVIDENCE_ROOT_INVALID|EVIDENCE_SIMULATED|RECORD_ENVELOPE_INVALID,1.6788
record_source_tamper,189,HOLD,HOLD,True,CRITICAL_CLEARANCE_SIMULATED|EVIDENCE_ROOT_INVALID|EVIDENCE_SIMULATED|RECORD_ENVELOPE_INVALID,1.6951
record_source_tamper,190,HOLD,HOLD,True,CRITICAL_CLEARANCE_SIMULATED|EVIDENCE_ROOT_INVALID|EVIDENCE_SIMULATED|RECORD_ENVELOPE_INVALID,1.6629
record_source_tamper,191,HOLD,HOLD,True,CRITICAL_CLEARANCE_SIMULATED|EVIDENCE_ROOT_INVALID|EVIDENCE_SIMULATED|RECORD_ENVELOPE_INVALID,2.4335
record_source_tamper,192,HOLD,HOLD,True,CRITICAL_CLEARANCE_SIMULATED|EVIDENCE_ROOT_INVALID|EVIDENCE_SIMULATED|RECORD_ENVELOPE_INVALID,1.6587
record_source_tamper,193,HOLD,HOLD,True,CRITICAL_CLEARANCE_SIMULATED|EVIDENCE_ROOT_INVALID|EVIDENCE_SIMULATED|RECORD_ENVELOPE_INVALID,1.6142
record_source_tamper,194,HOLD,HOLD,True,CRITICAL_CLEARANCE_SIMULATED|EVIDENCE_ROOT_INVALID|EVIDENCE_SIMULATED|RECORD_ENVELOPE_INVALID,1.6764
record_source_tamper,195,HOLD,HOLD,True,CRITICAL_CLEARANCE_SIMULATED|EVIDENCE_ROOT_INVALID|EVIDENCE_SIMULATED|RECORD_ENVELOPE_INVALID,2.3285
record_source_tamper,196,HOLD,HOLD,True,CRITICAL_CLEARANCE_SIMULATED|EVIDENCE_ROOT_INVALID|EVIDENCE_SIMULATED|RECORD_ENVELOPE_INVALID,1.7822
record_source_tamper,197,HOLD,HOLD,True,CRITICAL_CLEARANCE_SIMULATED|EVIDENCE_ROOT_INVALID|EVIDENCE_SIMULATED|RECORD_ENVELOPE_INVALID,1.7594
record_source_tamper,198,HOLD,HOLD,True,CRITICAL_CLEARANCE_SIMULATED|EVIDENCE_ROOT_INVALID|EVIDENCE_SIMULATED|RECORD_ENVELOPE_INVALID,1.7609
record_source_tamper,199,HOLD,HOLD,True,CRITICAL_CLEARANCE_SIMULATED|EVIDENCE_ROOT_INVALID|EVIDENCE_SIMULATED|RECORD_ENVELOPE_INVALID,4.0035
record_source_tamper,200,HOLD,HOLD,True,CRITICAL_CLEARANCE_SIMULATED|EVIDENCE_ROOT_INVALID|EVIDENCE_SIMULATED|RECORD_ENVELOPE_INVALID,1.9148
missing_weather_role,1,HOLD,HOLD,True,REQUIRED_ROLE_MISSING,1.359
missing_weather_role,2,HOLD,HOLD,True,REQUIRED_ROLE_MISSING,1.3568
missing_weather_role,3,HOLD,HOLD,True,REQUIRED_ROLE_MISSING,1.3561
missing_weather_role,4,HOLD,HOLD,True,REQUIRED_ROLE_MISSING,1.6652
missing_weather_role,5,HOLD,HOLD,True,REQUIRED_ROLE_MISSING,1.3779
missing_weather_role,6,HOLD,HOLD,True,REQUIRED_ROLE_MISSING,1.3666
missing_weather_role,7,HOLD,HOLD,True,REQUIRED_ROLE_MISSING,1.367
missing_weather_role,8,HOLD,HOLD,True,REQUIRED_ROLE_MISSING,1.3675
missing_weather_role,9,HOLD,HOLD,True,REQUIRED_ROLE_MISSING,1.923
missing_weather_role,10,HOLD,HOLD,True,REQUIRED_ROLE_MISSING,1.3723
missing_weather_role,11,HOLD,HOLD,True,REQUIRED_ROLE_MISSING,1.3649
missing_weather_role,12,HOLD,HOLD,True,REQUIRED_ROLE_MISSING,1.355
missing_weather_role,13,HOLD,HOLD,True,REQUIRED_ROLE_MISSING,1.5643
missing_weather_role,14,HOLD,HOLD,True,REQUIRED_ROLE_MISSING,1.7803
missing_weather_role,15,HOLD,HOLD,True,REQUIRED_ROLE_MISSING,1.4014
missing_weather_role,16,HOLD,HOLD,True,REQUIRED_ROLE_MISSING,1.3762
missing_weather_role,17,HOLD,HOLD,True,REQUIRED_ROLE_MISSING,1.5091
missing_weather_role,18,HOLD,HOLD,True,REQUIRED_ROLE_MISSING,1.3453
missing_weather_role,19,HOLD,HOLD,True,REQUIRED_ROLE_MISSING,1.6397
missing_weather_role,20,HOLD,HOLD,True,REQUIRED_ROLE_MISSING,1.8512
missing_weather_role,21,HOLD,HOLD,True,REQUIRED_ROLE_MISSING,1.3632
missing_weather_role,22,HOLD,HOLD,True,REQUIRED_ROLE_MISSING,1.3541
missing_weather_role,23,HOLD,HOLD,True,REQUIRED_ROLE_MISSING,3.2891
missing_weather_role,24,HOLD,HOLD,True,REQUIRED_ROLE_MISSING,1.4263
missing_weather_role,25,HOLD,HOLD,True,REQUIRED_ROLE_MISSING,2.8977
missing_weather_role,26,HOLD,HOLD,True,REQUIRED_ROLE_MISSING,1.4221
missing_weather_role,27,HOLD,HOLD,True,REQUIRED_ROLE_MISSING,1.8865
missing_weather_role,28,HOLD,HOLD,True,REQUIRED_ROLE_MISSING,1.452
missing_weather_role,29,HOLD,HOLD,True,REQUIRED_ROLE_MISSING,1.3744
missing_weather_role,30,HOLD,HOLD,True,REQUIRED_ROLE_MISSING,1.3742
missing_weather_role,31,HOLD,HOLD,True,REQUIRED_ROLE_MISSING,1.4788
missing_weather_role,32,HOLD,HOLD,True,REQUIRED_ROLE_MISSING,2.6742
missing_weather_role,33,HOLD,HOLD,True,REQUIRED_ROLE_MISSING,1.5182
missing_weather_role,34,HOLD,HOLD,True,REQUIRED_ROLE_MISSING,1.4697
missing_weather_role,35,HOLD,HOLD,True,REQUIRED_ROLE_MISSING,1.4911
missing_weather_role,36,HOLD,HOLD,True,REQUIRED_ROLE_MISSING,2.0286
missing_weather_role,37,HOLD,HOLD,True,REQUIRED_ROLE_MISSING,1.8284
missing_weather_role,38,HOLD,HOLD,True,REQUIRED_ROLE_MISSING,1.5087
missing_weather_role,39,HOLD,HOLD,True,REQUIRED_ROLE_MISSING,1.3527
missing_weather_role,40,HOLD,HOLD,True,REQUIRED_ROLE_MISSING,1.3506
missing_weather_role,41,HOLD,HOLD,True,REQUIRED_ROLE_MISSING,1.3475
missing_weather_role,42,HOLD,HOLD,True,REQUIRED_ROLE_MISSING,1.6996
missing_weather_role,43,HOLD,HOLD,True,REQUIRED_ROLE_MISSING,1.372
missing_weather_role,44,HOLD,HOLD,True,REQUIRED_ROLE_MISSING,1.3529
missing_weather_role,45,HOLD,HOLD,True,REQUIRED_ROLE_MISSING,1.3446
missing_weather_role,46,HOLD,HOLD,True,REQUIRED_ROLE_MISSING,1.342
missing_weather_role,47,HOLD,HOLD,True,REQUIRED_ROLE_MISSING,1.722
missing_weather_role,48,HOLD,HOLD,True,REQUIRED_ROLE_MISSING,1.6745
missing_weather_role,49,HOLD,HOLD,True,REQUIRED_ROLE_MISSING,1.3532
missing_weather_role,50,HOLD,HOLD,True,REQUIRED_ROLE_MISSING,1.3488
missing_weather_role,51,HOLD,HOLD,True,REQUIRED_ROLE_MISSING,1.3445
missing_weather_role,52,HOLD,HOLD,True,REQUIRED_ROLE_MISSING,1.3428
missing_weather_role,53,HOLD,HOLD,True,REQUIRED_ROLE_MISSING,1.6807
missing_weather_role,54,HOLD,HOLD,True,REQUIRED_ROLE_MISSING,1.3655
missing_weather_role,55,HOLD,HOLD,True,REQUIRED_ROLE_MISSING,1.3507
missing_weather_role,56,HOLD,HOLD,True,REQUIRED_ROLE_MISSING,1.4013
missing_weather_role,57,HOLD,HOLD,True,REQUIRED_ROLE_MISSING,1.3416
missing_weather_role,58,HOLD,HOLD,True,REQUIRED_ROLE_MISSING,1.7684
missing_weather_role,59,HOLD,HOLD,True,REQUIRED_ROLE_MISSING,1.3493
missing_weather_role,60,HOLD,HOLD,True,REQUIRED_ROLE_MISSING,1.3431
missing_weather_role,61,HOLD,HOLD,True,REQUIRED_ROLE_MISSING,1.3345
missing_weather_role,62,HOLD,HOLD,True,REQUIRED_ROLE_MISSING,3.258
missing_weather_role,63,HOLD,HOLD,True,REQUIRED_ROLE_MISSING,1.5606
missing_weather_role,64,HOLD,HOLD,True,REQUIRED_ROLE_MISSING,1.4224
missing_weather_role,65,HOLD,HOLD,True,REQUIRED_ROLE_MISSING,1.4247
missing_weather_role,66,HOLD,HOLD,True,REQUIRED_ROLE_MISSING,1.4186
missing_weather_role,67,HOLD,HOLD,True,REQUIRED_ROLE_MISSING,3.2054
missing_weather_role,68,HOLD,HOLD,True,REQUIRED_ROLE_MISSING,1.3537
missing_weather_role,69,HOLD,HOLD,True,REQUIRED_ROLE_MISSING,1.3488
missing_weather_role,70,HOLD,HOLD,True,REQUIRED_ROLE_MISSING,1.3577
missing_weather_role,71,HOLD,HOLD,True,REQUIRED_ROLE_MISSING,1.3375
missing_weather_role,72,HOLD,HOLD,True,REQUIRED_ROLE_MISSING,2.8638
missing_weather_role,73,HOLD,HOLD,True,REQUIRED_ROLE_MISSING,1.4332
missing_weather_role,74,HOLD,HOLD,True,REQUIRED_ROLE_MISSING,1.36
missing_weather_role,75,HOLD,HOLD,True,REQUIRED_ROLE_MISSING,1.3435
missing_weather_role,76,HOLD,HOLD,True,REQUIRED_ROLE_MISSING,1.3377
missing_weather_role,77,HOLD,HOLD,True,REQUIRED_ROLE_MISSING,2.0673
missing_weather_role,78,HOLD,HOLD,True,REQUIRED_ROLE_MISSING,1.743
missing_weather_role,79,HOLD,HOLD,True,REQUIRED_ROLE_MISSING,1.4697
missing_weather_role,80,HOLD,HOLD,True,REQUIRED_ROLE_MISSING,1.483
missing_weather_role,81,HOLD,HOLD,True,REQUIRED_ROLE_MISSING,1.473
missing_weather_role,82,HOLD,HOLD,True,REQUIRED_ROLE_MISSING,2.4688
missing_weather_role,83,HOLD,HOLD,True,REQUIRED_ROLE_MISSING,1.5134
missing_weather_role,84,HOLD,HOLD,True,REQUIRED_ROLE_MISSING,1.3439
missing_weather_role,85,HOLD,HOLD,True,REQUIRED_ROLE_MISSING,1.4127
missing_weather_role,86,HOLD,HOLD,True,REQUIRED_ROLE_MISSING,1.3466
missing_weather_role,87,HOLD,HOLD,True,REQUIRED_ROLE_MISSING,3.0349
missing_weather_role,88,HOLD,HOLD,True,REQUIRED_ROLE_MISSING,1.5324
missing_weather_role,89,HOLD,HOLD,True,REQUIRED_ROLE_MISSING,1.3326
missing_weather_role,90,HOLD,HOLD,True,REQUIRED_ROLE_MISSING,1.3062
missing_weather_role,91,HOLD,HOLD,True,REQUIRED_ROLE_MISSING,1.2932
missing_weather_role,92,HOLD,HOLD,True,REQUIRED_ROLE_MISSING,3.3525
missing_weather_role,93,HOLD,HOLD,True,REQUIRED_ROLE_MISSING,1.3768
missing_weather_role,94,HOLD,HOLD,True,REQUIRED_ROLE_MISSING,1.3469
missing_weather_role,95,HOLD,HOLD,True,REQUIRED_ROLE_MISSING,1.3449
missing_weather_role,96,HOLD,HOLD,True,REQUIRED_ROLE_MISSING,1.354
missing_weather_role,97,HOLD,HOLD,True,REQUIRED_ROLE_MISSING,2.8045
missing_weather_role,98,HOLD,HOLD,True,REQUIRED_ROLE_MISSING,1.4147
missing_weather_role,99,HOLD,HOLD,True,REQUIRED_ROLE_MISSING,1.3529
missing_weather_role,100,HOLD,HOLD,True,REQUIRED_ROLE_MISSING,1.3387
missing_weather_role,101,HOLD,HOLD,True,REQUIRED_ROLE_MISSING,1.3444
missing_weather_role,102,HOLD,HOLD,True,REQUIRED_ROLE_MISSING,2.7587
missing_weather_role,103,HOLD,HOLD,True,REQUIRED_ROLE_MISSING,1.3668
missing_weather_role,104,HOLD,HOLD,True,REQUIRED_ROLE_MISSING,1.339
missing_weather_role,105,HOLD,HOLD,True,REQUIRED_ROLE_MISSING,1.3386
missing_weather_role,106,HOLD,HOLD,True,REQUIRED_ROLE_MISSING,1.3403
missing_weather_role,107,HOLD,HOLD,True,REQUIRED_ROLE_MISSING,1.339
missing_weather_role,108,HOLD,HOLD,True,REQUIRED_ROLE_MISSING,1.3709
missing_weather_role,109,HOLD,HOLD,True,REQUIRED_ROLE_MISSING,1.3546
missing_weather_role,110,HOLD,HOLD,True,REQUIRED_ROLE_MISSING,1.3439
missing_weather_role,111,HOLD,HOLD,True,REQUIRED_ROLE_MISSING,1.3376
missing_weather_role,112,HOLD,HOLD,True,REQUIRED_ROLE_MISSING,1.3419
missing_weather_role,113,HOLD,HOLD,True,REQUIRED_ROLE_MISSING,1.613
missing_weather_role,114,HOLD,HOLD,True,REQUIRED_ROLE_MISSING,1.4297
missing_weather_role,115,HOLD,HOLD,True,REQUIRED_ROLE_MISSING,1.3702
missing_weather_role,116,HOLD,HOLD,True,REQUIRED_ROLE_MISSING,1.3793
missing_weather_role,117,HOLD,HOLD,True,REQUIRED_ROLE_MISSING,1.5901
missing_weather_role,118,HOLD,HOLD,True,REQUIRED_ROLE_MISSING,1.5773
missing_weather_role,119,HOLD,HOLD,True,REQUIRED_ROLE_MISSING,1.3522
missing_weather_role,120,HOLD,HOLD,True,REQUIRED_ROLE_MISSING,1.3462
missing_weather_role,121,HOLD,HOLD,True,REQUIRED_ROLE_MISSING,1.3415
missing_weather_role,122,HOLD,HOLD,True,REQUIRED_ROLE_MISSING,1.5814
missing_weather_role,123,HOLD,HOLD,True,REQUIRED_ROLE_MISSING,2.0862
missing_weather_role,124,HOLD,HOLD,True,REQUIRED_ROLE_MISSING,1.383
missing_weather_role,125,HOLD,HOLD,True,REQUIRED_ROLE_MISSING,1.3437
missing_weather_role,126,HOLD,HOLD,True,REQUIRED_ROLE_MISSING,1.3545
missing_weather_role,127,HOLD,HOLD,True,REQUIRED_ROLE_MISSING,1.4988
missing_weather_role,128,HOLD,HOLD,True,REQUIRED_ROLE_MISSING,3.2271
missing_weather_role,129,HOLD,HOLD,True,REQUIRED_ROLE_MISSING,1.4818
missing_weather_role,130,HOLD,HOLD,True,REQUIRED_ROLE_MISSING,1.4567
missing_weather_role,131,HOLD,HOLD,True,REQUIRED_ROLE_MISSING,2.4313
missing_weather_role,132,HOLD,HOLD,True,REQUIRED_ROLE_MISSING,3.2884
missing_weather_role,133,HOLD,HOLD,True,REQUIRED_ROLE_MISSING,2.2518
missing_weather_role,134,HOLD,HOLD,True,REQUIRED_ROLE_MISSING,1.3723
missing_weather_role,135,HOLD,HOLD,True,REQUIRED_ROLE_MISSING,1.393
missing_weather_role,136,HOLD,HOLD,True,REQUIRED_ROLE_MISSING,1.4548
missing_weather_role,137,HOLD,HOLD,True,REQUIRED_ROLE_MISSING,1.749
missing_weather_role,138,HOLD,HOLD,True,REQUIRED_ROLE_MISSING,1.3476
missing_weather_role,139,HOLD,HOLD,True,REQUIRED_ROLE_MISSING,1.3435
missing_weather_role,140,HOLD,HOLD,True,REQUIRED_ROLE_MISSING,1.3475
missing_weather_role,141,HOLD,HOLD,True,REQUIRED_ROLE_MISSING,1.4923
missing_weather_role,142,HOLD,HOLD,True,REQUIRED_ROLE_MISSING,1.5489
missing_weather_role,143,HOLD,HOLD,True,REQUIRED_ROLE_MISSING,1.4238
missing_weather_role,144,HOLD,HOLD,True,REQUIRED_ROLE_MISSING,1.4359
missing_weather_role,145,HOLD,HOLD,True,REQUIRED_ROLE_MISSING,1.4289
missing_weather_role,146,HOLD,HOLD,True,REQUIRED_ROLE_MISSING,3.348
missing_weather_role,147,HOLD,HOLD,True,REQUIRED_ROLE_MISSING,1.4509
missing_weather_role,148,HOLD,HOLD,True,REQUIRED_ROLE_MISSING,1.4293
missing_weather_role,149,HOLD,HOLD,True,REQUIRED_ROLE_MISSING,1.4442
missing_weather_role,150,HOLD,HOLD,True,REQUIRED_ROLE_MISSING,1.4203
missing_weather_role,151,HOLD,HOLD,True,REQUIRED_ROLE_MISSING,1.9776
missing_weather_role,152,HOLD,HOLD,True,REQUIRED_ROLE_MISSING,1.4712
missing_weather_role,153,HOLD,HOLD,True,REQUIRED_ROLE_MISSING,1.4643
missing_weather_role,154,HOLD,HOLD,True,REQUIRED_ROLE_MISSING,1.587
missing_weather_role,155,HOLD,HOLD,True,REQUIRED_ROLE_MISSING,1.4389
missing_weather_role,156,HOLD,HOLD,True,REQUIRED_ROLE_MISSING,1.5464
missing_weather_role,157,HOLD,HOLD,True,REQUIRED_ROLE_MISSING,1.6378
missing_weather_role,158,HOLD,HOLD,True,REQUIRED_ROLE_MISSING,1.3112
missing_weather_role,159,HOLD,HOLD,True,REQUIRED_ROLE_MISSING,1.3222
missing_weather_role,160,HOLD,HOLD,True,REQUIRED_ROLE_MISSING,1.5635
missing_weather_role,161,HOLD,HOLD,True,REQUIRED_ROLE_MISSING,1.6364
missing_weather_role,162,HOLD,HOLD,True,REQUIRED_ROLE_MISSING,1.3452
missing_weather_role,163,HOLD,HOLD,True,REQUIRED_ROLE_MISSING,1.4815
missing_weather_role,164,HOLD,HOLD,True,REQUIRED_ROLE_MISSING,1.486
missing_weather_role,165,HOLD,HOLD,True,REQUIRED_ROLE_MISSING,1.3452
missing_weather_role,166,HOLD,HOLD,True,REQUIRED_ROLE_MISSING,1.427
missing_weather_role,167,HOLD,HOLD,True,REQUIRED_ROLE_MISSING,1.4929
missing_weather_role,168,HOLD,HOLD,True,REQUIRED_ROLE_MISSING,1.3527
missing_weather_role,169,HOLD,HOLD,True,REQUIRED_ROLE_MISSING,1.3452
missing_weather_role,170,HOLD,HOLD,True,REQUIRED_ROLE_MISSING,1.5415
missing_weather_role,171,HOLD,HOLD,True,REQUIRED_ROLE_MISSING,1.5775
missing_weather_role,172,HOLD,HOLD,True,REQUIRED_ROLE_MISSING,1.3991
missing_weather_role,173,HOLD,HOLD,True,REQUIRED_ROLE_MISSING,1.3056
missing_weather_role,174,HOLD,HOLD,True,REQUIRED_ROLE_MISSING,1.3022
missing_weather_role,175,HOLD,HOLD,True,REQUIRED_ROLE_MISSING,1.3065
missing_weather_role,176,HOLD,HOLD,True,REQUIRED_ROLE_MISSING,1.4084
missing_weather_role,177,HOLD,HOLD,True,REQUIRED_ROLE_MISSING,1.3113
missing_weather_role,178,HOLD,HOLD,True,REQUIRED_ROLE_MISSING,1.3061
missing_weather_role,179,HOLD,HOLD,True,REQUIRED_ROLE_MISSING,1.4366
missing_weather_role,180,HOLD,HOLD,True,REQUIRED_ROLE_MISSING,1.4447
missing_weather_role,181,HOLD,HOLD,True,REQUIRED_ROLE_MISSING,1.57
missing_weather_role,182,HOLD,HOLD,True,REQUIRED_ROLE_MISSING,1.3113
missing_weather_role,183,HOLD,HOLD,True,REQUIRED_ROLE_MISSING,1.3115
missing_weather_role,184,HOLD,HOLD,True,REQUIRED_ROLE_MISSING,1.3605
missing_weather_role,185,HOLD,HOLD,True,REQUIRED_ROLE_MISSING,1.4422
missing_weather_role,186,HOLD,HOLD,True,REQUIRED_ROLE_MISSING,1.7113
missing_weather_role,187,HOLD,HOLD,True,REQUIRED_ROLE_MISSING,1.3255
missing_weather_role,188,HOLD,HOLD,True,REQUIRED_ROLE_MISSING,1.3044
missing_weather_role,189,HOLD,HOLD,True,REQUIRED_ROLE_MISSING,1.4379
missing_weather_role,190,HOLD,HOLD,True,REQUIRED_ROLE_MISSING,1.3386
missing_weather_role,191,HOLD,HOLD,True,REQUIRED_ROLE_MISSING,1.6017
missing_weather_role,192,HOLD,HOLD,True,REQUIRED_ROLE_MISSING,1.3469
missing_weather_role,193,HOLD,HOLD,True,REQUIRED_ROLE_MISSING,1.3374
missing_weather_role,194,HOLD,HOLD,True,REQUIRED_ROLE_MISSING,1.3385
missing_weather_role,195,HOLD,HOLD,True,REQUIRED_ROLE_MISSING,1.3407
missing_weather_role,196,HOLD,HOLD,True,REQUIRED_ROLE_MISSING,2.6701
missing_weather_role,197,HOLD,HOLD,True,REQUIRED_ROLE_MISSING,1.7203
missing_weather_role,198,HOLD,HOLD,True,REQUIRED_ROLE_MISSING,1.535
missing_weather_role,199,HOLD,HOLD,True,REQUIRED_ROLE_MISSING,1.3644
missing_weather_role,200,HOLD,HOLD,True,REQUIRED_ROLE_MISSING,1.3488
stale_weather,1,HOLD,HOLD,True,EVIDENCE_STALE,1.8915
stale_weather,2,HOLD,HOLD,True,EVIDENCE_STALE,1.6464
stale_weather,3,HOLD,HOLD,True,EVIDENCE_STALE,1.6357
stale_weather,4,HOLD,HOLD,True,EVIDENCE_STALE,1.6437
stale_weather,5,HOLD,HOLD,True,EVIDENCE_STALE,1.7515
stale_weather,6,HOLD,HOLD,True,EVIDENCE_STALE,1.6651
stale_weather,7,HOLD,HOLD,True,EVIDENCE_STALE,1.6987
stale_weather,8,HOLD,HOLD,True,EVIDENCE_STALE,1.678
stale_weather,9,HOLD,HOLD,True,EVIDENCE_STALE,2.2451
stale_weather,10,HOLD,HOLD,True,EVIDENCE_STALE,1.6781
stale_weather,11,HOLD,HOLD,True,EVIDENCE_STALE,1.6824
stale_weather,12,HOLD,HOLD,True,EVIDENCE_STALE,1.6379
stale_weather,13,HOLD,HOLD,True,EVIDENCE_STALE,3.087
stale_weather,14,HOLD,HOLD,True,EVIDENCE_STALE,1.6198
stale_weather,15,HOLD,HOLD,True,EVIDENCE_STALE,1.5866
stale_weather,16,HOLD,HOLD,True,EVIDENCE_STALE,1.5945
stale_weather,17,HOLD,HOLD,True,EVIDENCE_STALE,1.6154
stale_weather,18,HOLD,HOLD,True,EVIDENCE_STALE,2.0974
stale_weather,19,HOLD,HOLD,True,EVIDENCE_STALE,1.5926
stale_weather,20,HOLD,HOLD,True,EVIDENCE_STALE,1.5851
stale_weather,21,HOLD,HOLD,True,EVIDENCE_STALE,1.5933
stale_weather,22,HOLD,HOLD,True,EVIDENCE_STALE,3.0015
stale_weather,23,HOLD,HOLD,True,EVIDENCE_STALE,1.6244
stale_weather,24,HOLD,HOLD,True,EVIDENCE_STALE,1.5936
stale_weather,25,HOLD,HOLD,True,EVIDENCE_STALE,1.5935
stale_weather,26,HOLD,HOLD,True,EVIDENCE_STALE,1.5817
stale_weather,27,HOLD,HOLD,True,EVIDENCE_STALE,1.9857
stale_weather,28,HOLD,HOLD,True,EVIDENCE_STALE,1.645
stale_weather,29,HOLD,HOLD,True,EVIDENCE_STALE,1.6601
stale_weather,30,HOLD,HOLD,True,EVIDENCE_STALE,1.6338
stale_weather,31,HOLD,HOLD,True,EVIDENCE_STALE,3.2285
stale_weather,32,HOLD,HOLD,True,EVIDENCE_STALE,1.6724
stale_weather,33,HOLD,HOLD,True,EVIDENCE_STALE,1.6343
stale_weather,34,HOLD,HOLD,True,EVIDENCE_STALE,1.6359
stale_weather,35,HOLD,HOLD,True,EVIDENCE_STALE,1.6399
stale_weather,36,HOLD,HOLD,True,EVIDENCE_STALE,1.6803
stale_weather,37,HOLD,HOLD,True,EVIDENCE_STALE,1.6421
stale_weather,38,HOLD,HOLD,True,EVIDENCE_STALE,1.6732
stale_weather,39,HOLD,HOLD,True,EVIDENCE_STALE,1.6399
stale_weather,40,HOLD,HOLD,True,EVIDENCE_STALE,2.1997
stale_weather,41,HOLD,HOLD,True,EVIDENCE_STALE,1.6503
stale_weather,42,HOLD,HOLD,True,EVIDENCE_STALE,1.6401
stale_weather,43,HOLD,HOLD,True,EVIDENCE_STALE,1.6377
stale_weather,44,HOLD,HOLD,True,EVIDENCE_STALE,3.5911
stale_weather,45,HOLD,HOLD,True,EVIDENCE_STALE,1.7463
stale_weather,46,HOLD,HOLD,True,EVIDENCE_STALE,1.7402
stale_weather,47,HOLD,HOLD,True,EVIDENCE_STALE,1.7341
stale_weather,48,HOLD,HOLD,True,EVIDENCE_STALE,3.6626
stale_weather,49,HOLD,HOLD,True,EVIDENCE_STALE,1.6615
stale_weather,50,HOLD,HOLD,True,EVIDENCE_STALE,1.8202
stale_weather,51,HOLD,HOLD,True,EVIDENCE_STALE,1.6344
stale_weather,52,HOLD,HOLD,True,EVIDENCE_STALE,1.9344
stale_weather,53,HOLD,HOLD,True,EVIDENCE_STALE,2.0887
stale_weather,54,HOLD,HOLD,True,EVIDENCE_STALE,1.6453
stale_weather,55,HOLD,HOLD,True,EVIDENCE_STALE,1.6474
stale_weather,56,HOLD,HOLD,True,EVIDENCE_STALE,1.6379
stale_weather,57,HOLD,HOLD,True,EVIDENCE_STALE,1.9225
stale_weather,58,HOLD,HOLD,True,EVIDENCE_STALE,1.6411
stale_weather,59,HOLD,HOLD,True,EVIDENCE_STALE,1.6289
stale_weather,60,HOLD,HOLD,True,EVIDENCE_STALE,1.6292
stale_weather,61,HOLD,HOLD,True,EVIDENCE_STALE,3.3551
stale_weather,62,HOLD,HOLD,True,EVIDENCE_STALE,1.6763
stale_weather,63,HOLD,HOLD,True,EVIDENCE_STALE,1.6246
stale_weather,64,HOLD,HOLD,True,EVIDENCE_STALE,1.6402
stale_weather,65,HOLD,HOLD,True,EVIDENCE_STALE,2.812
stale_weather,66,HOLD,HOLD,True,EVIDENCE_STALE,1.6522
stale_weather,67,HOLD,HOLD,True,EVIDENCE_STALE,1.6131
stale_weather,68,HOLD,HOLD,True,EVIDENCE_STALE,1.6412
stale_weather,69,HOLD,HOLD,True,EVIDENCE_STALE,1.8876
stale_weather,70,HOLD,HOLD,True,EVIDENCE_STALE,2.0757
stale_weather,71,HOLD,HOLD,True,EVIDENCE_STALE,1.5936
stale_weather,72,HOLD,HOLD,True,EVIDENCE_STALE,1.6961
stale_weather,73,HOLD,HOLD,True,EVIDENCE_STALE,1.5931
stale_weather,74,HOLD,HOLD,True,EVIDENCE_STALE,3.2988
stale_weather,75,HOLD,HOLD,True,EVIDENCE_STALE,1.6403
stale_weather,76,HOLD,HOLD,True,EVIDENCE_STALE,1.5942
stale_weather,77,HOLD,HOLD,True,EVIDENCE_STALE,1.5998
stale_weather,78,HOLD,HOLD,True,EVIDENCE_STALE,1.7465
stale_weather,79,HOLD,HOLD,True,EVIDENCE_STALE,1.6241
stale_weather,80,HOLD,HOLD,True,EVIDENCE_STALE,1.5969
stale_weather,81,HOLD,HOLD,True,EVIDENCE_STALE,1.7599
stale_weather,82,HOLD,HOLD,True,EVIDENCE_STALE,1.7693
stale_weather,83,HOLD,HOLD,True,EVIDENCE_STALE,2.0384
stale_weather,84,HOLD,HOLD,True,EVIDENCE_STALE,1.6393
stale_weather,85,HOLD,HOLD,True,EVIDENCE_STALE,1.5982
stale_weather,86,HOLD,HOLD,True,EVIDENCE_STALE,1.5879
stale_weather,87,HOLD,HOLD,True,EVIDENCE_STALE,2.2367
stale_weather,88,HOLD,HOLD,True,EVIDENCE_STALE,1.7002
stale_weather,89,HOLD,HOLD,True,EVIDENCE_STALE,1.6823
stale_weather,90,HOLD,HOLD,True,EVIDENCE_STALE,1.6852
stale_weather,91,HOLD,HOLD,True,EVIDENCE_STALE,4.0323
stale_weather,92,HOLD,HOLD,True,EVIDENCE_STALE,1.6959
stale_weather,93,HOLD,HOLD,True,EVIDENCE_STALE,1.6761
stale_weather,94,HOLD,HOLD,True,EVIDENCE_STALE,1.6836
stale_weather,95,HOLD,HOLD,True,EVIDENCE_STALE,2.6751
stale_weather,96,HOLD,HOLD,True,EVIDENCE_STALE,1.6228
stale_weather,97,HOLD,HOLD,True,EVIDENCE_STALE,1.5854
stale_weather,98,HOLD,HOLD,True,EVIDENCE_STALE,1.5955
stale_weather,99,HOLD,HOLD,True,EVIDENCE_STALE,1.5897
stale_weather,100,HOLD,HOLD,True,EVIDENCE_STALE,1.7279
stale_weather,101,HOLD,HOLD,True,EVIDENCE_STALE,1.6612
stale_weather,102,HOLD,HOLD,True,EVIDENCE_STALE,1.6582
stale_weather,103,HOLD,HOLD,True,EVIDENCE_STALE,1.6887
stale_weather,104,HOLD,HOLD,True,EVIDENCE_STALE,3.5842
stale_weather,105,HOLD,HOLD,True,EVIDENCE_STALE,1.6733
stale_weather,106,HOLD,HOLD,True,EVIDENCE_STALE,1.6853
stale_weather,107,HOLD,HOLD,True,EVIDENCE_STALE,1.5901
stale_weather,108,HOLD,HOLD,True,EVIDENCE_STALE,3.2917
stale_weather,109,HOLD,HOLD,True,EVIDENCE_STALE,1.6632
stale_weather,110,HOLD,HOLD,True,EVIDENCE_STALE,1.7056
stale_weather,111,HOLD,HOLD,True,EVIDENCE_STALE,1.6421
stale_weather,112,HOLD,HOLD,True,EVIDENCE_STALE,1.6753
stale_weather,113,HOLD,HOLD,True,EVIDENCE_STALE,1.7179
stale_weather,114,HOLD,HOLD,True,EVIDENCE_STALE,1.6706
stale_weather,115,HOLD,HOLD,True,EVIDENCE_STALE,1.6769
stale_weather,116,HOLD,HOLD,True,EVIDENCE_STALE,1.6508
stale_weather,117,HOLD,HOLD,True,EVIDENCE_STALE,2.0986
stale_weather,118,HOLD,HOLD,True,EVIDENCE_STALE,1.7113
stale_weather,119,HOLD,HOLD,True,EVIDENCE_STALE,1.8377
stale_weather,120,HOLD,HOLD,True,EVIDENCE_STALE,1.6422
stale_weather,121,HOLD,HOLD,True,EVIDENCE_STALE,1.772
stale_weather,122,HOLD,HOLD,True,EVIDENCE_STALE,1.7195
stale_weather,123,HOLD,HOLD,True,EVIDENCE_STALE,1.7612
stale_weather,124,HOLD,HOLD,True,EVIDENCE_STALE,1.5911
stale_weather,125,HOLD,HOLD,True,EVIDENCE_STALE,2.5921
stale_weather,126,HOLD,HOLD,True,EVIDENCE_STALE,1.9547
stale_weather,127,HOLD,HOLD,True,EVIDENCE_STALE,1.601
stale_weather,128,HOLD,HOLD,True,EVIDENCE_STALE,1.5928
stale_weather,129,HOLD,HOLD,True,EVIDENCE_STALE,1.5955
stale_weather,130,HOLD,HOLD,True,EVIDENCE_STALE,1.6259
stale_weather,131,HOLD,HOLD,True,EVIDENCE_STALE,1.5836
stale_weather,132,HOLD,HOLD,True,EVIDENCE_STALE,1.5955
stale_weather,133,HOLD,HOLD,True,EVIDENCE_STALE,1.5881
stale_weather,134,HOLD,HOLD,True,EVIDENCE_STALE,2.0446
stale_weather,135,HOLD,HOLD,True,EVIDENCE_STALE,1.6448
stale_weather,136,HOLD,HOLD,True,EVIDENCE_STALE,1.585
stale_weather,137,HOLD,HOLD,True,EVIDENCE_STALE,1.5839
stale_weather,138,HOLD,HOLD,True,EVIDENCE_STALE,3.1746
stale_weather,139,HOLD,HOLD,True,EVIDENCE_STALE,1.6514
stale_weather,140,HOLD,HOLD,True,EVIDENCE_STALE,1.5982
stale_weather,141,HOLD,HOLD,True,EVIDENCE_STALE,1.6333
stale_weather,142,HOLD,HOLD,True,EVIDENCE_STALE,1.5954
stale_weather,143,HOLD,HOLD,True,EVIDENCE_STALE,1.6897
stale_weather,144,HOLD,HOLD,True,EVIDENCE_STALE,1.5895
stale_weather,145,HOLD,HOLD,True,EVIDENCE_STALE,1.59
stale_weather,146,HOLD,HOLD,True,EVIDENCE_STALE,1.5799
stale_weather,147,HOLD,HOLD,True,EVIDENCE_STALE,3.6556
stale_weather,148,HOLD,HOLD,True,EVIDENCE_STALE,2.4458
stale_weather,149,HOLD,HOLD,True,EVIDENCE_STALE,1.8033
stale_weather,150,HOLD,HOLD,True,EVIDENCE_STALE,1.5986
stale_weather,151,HOLD,HOLD,True,EVIDENCE_STALE,2.367
stale_weather,152,HOLD,HOLD,True,EVIDENCE_STALE,1.6492
stale_weather,153,HOLD,HOLD,True,EVIDENCE_STALE,1.811
stale_weather,154,HOLD,HOLD,True,EVIDENCE_STALE,1.5925
stale_weather,155,HOLD,HOLD,True,EVIDENCE_STALE,2.5509
stale_weather,156,HOLD,HOLD,True,EVIDENCE_STALE,1.6365
stale_weather,157,HOLD,HOLD,True,EVIDENCE_STALE,1.7391
stale_weather,158,HOLD,HOLD,True,EVIDENCE_STALE,1.5912
stale_weather,159,HOLD,HOLD,True,EVIDENCE_STALE,1.5952
stale_weather,160,HOLD,HOLD,True,EVIDENCE_STALE,2.0329
stale_weather,161,HOLD,HOLD,True,EVIDENCE_STALE,1.6378
stale_weather,162,HOLD,HOLD,True,EVIDENCE_STALE,1.7044
stale_weather,163,HOLD,HOLD,True,EVIDENCE_STALE,1.8072
stale_weather,164,HOLD,HOLD,True,EVIDENCE_STALE,1.9077
stale_weather,165,HOLD,HOLD,True,EVIDENCE_STALE,1.6436
stale_weather,166,HOLD,HOLD,True,EVIDENCE_STALE,1.6445
stale_weather,167,HOLD,HOLD,True,EVIDENCE_STALE,1.6295
stale_weather,168,HOLD,HOLD,True,EVIDENCE_STALE,3.5075
stale_weather,169,HOLD,HOLD,True,EVIDENCE_STALE,1.6703
stale_weather,170,HOLD,HOLD,True,EVIDENCE_STALE,1.6421
stale_weather,171,HOLD,HOLD,True,EVIDENCE_STALE,1.6491
stale_weather,172,HOLD,HOLD,True,EVIDENCE_STALE,2.9797
stale_weather,173,HOLD,HOLD,True,EVIDENCE_STALE,1.8382
stale_weather,174,HOLD,HOLD,True,EVIDENCE_STALE,1.6373
stale_weather,175,HOLD,HOLD,True,EVIDENCE_STALE,1.6305
stale_weather,176,HOLD,HOLD,True,EVIDENCE_STALE,1.631
stale_weather,177,HOLD,HOLD,True,EVIDENCE_STALE,1.834
stale_weather,178,HOLD,HOLD,True,EVIDENCE_STALE,1.5996
stale_weather,179,HOLD,HOLD,True,EVIDENCE_STALE,1.5994
stale_weather,180,HOLD,HOLD,True,EVIDENCE_STALE,1.7396
stale_weather,181,HOLD,HOLD,True,EVIDENCE_STALE,3.3857
stale_weather,182,HOLD,HOLD,True,EVIDENCE_STALE,1.611
stale_weather,183,HOLD,HOLD,True,EVIDENCE_STALE,1.584
stale_weather,184,HOLD,HOLD,True,EVIDENCE_STALE,1.583
stale_weather,185,HOLD,HOLD,True,EVIDENCE_STALE,2.9209
stale_weather,186,HOLD,HOLD,True,EVIDENCE_STALE,1.6749
stale_weather,187,HOLD,HOLD,True,EVIDENCE_STALE,1.8159
stale_weather,188,HOLD,HOLD,True,EVIDENCE_STALE,1.8084
stale_weather,189,HOLD,HOLD,True,EVIDENCE_STALE,1.635
stale_weather,190,HOLD,HOLD,True,EVIDENCE_STALE,1.7636
stale_weather,191,HOLD,HOLD,True,EVIDENCE_STALE,1.7089
stale_weather,192,HOLD,HOLD,True,EVIDENCE_STALE,1.7144
stale_weather,193,HOLD,HOLD,True,EVIDENCE_STALE,1.6368
stale_weather,194,HOLD,HOLD,True,EVIDENCE_STALE,1.7383
stale_weather,195,HOLD,HOLD,True,EVIDENCE_STALE,1.6627
stale_weather,196,HOLD,HOLD,True,EVIDENCE_STALE,1.6435
stale_weather,197,HOLD,HOLD,True,EVIDENCE_STALE,1.881
stale_weather,198,HOLD,HOLD,True,EVIDENCE_STALE,2.2493
stale_weather,199,HOLD,HOLD,True,EVIDENCE_STALE,1.6465
stale_weather,200,HOLD,HOLD,True,EVIDENCE_STALE,1.822
future_weather,1,HOLD,HOLD,True,EVIDENCE_FRESHNESS_UNKNOWN,1.6533
future_weather,2,HOLD,HOLD,True,EVIDENCE_FRESHNESS_UNKNOWN,2.5718
future_weather,3,HOLD,HOLD,True,EVIDENCE_FRESHNESS_UNKNOWN,1.6762
future_weather,4,HOLD,HOLD,True,EVIDENCE_FRESHNESS_UNKNOWN,1.6478
future_weather,5,HOLD,HOLD,True,EVIDENCE_FRESHNESS_UNKNOWN,1.6781
future_weather,6,HOLD,HOLD,True,EVIDENCE_FRESHNESS_UNKNOWN,1.6369
future_weather,7,HOLD,HOLD,True,EVIDENCE_FRESHNESS_UNKNOWN,1.7245
future_weather,8,HOLD,HOLD,True,EVIDENCE_FRESHNESS_UNKNOWN,1.6614
future_weather,9,HOLD,HOLD,True,EVIDENCE_FRESHNESS_UNKNOWN,1.6445
future_weather,10,HOLD,HOLD,True,EVIDENCE_FRESHNESS_UNKNOWN,1.6402
future_weather,11,HOLD,HOLD,True,EVIDENCE_FRESHNESS_UNKNOWN,2.0116
future_weather,12,HOLD,HOLD,True,EVIDENCE_FRESHNESS_UNKNOWN,1.6019
future_weather,13,HOLD,HOLD,True,EVIDENCE_FRESHNESS_UNKNOWN,1.5961
future_weather,14,HOLD,HOLD,True,EVIDENCE_FRESHNESS_UNKNOWN,1.6049
future_weather,15,HOLD,HOLD,True,EVIDENCE_FRESHNESS_UNKNOWN,3.5213
future_weather,16,HOLD,HOLD,True,EVIDENCE_FRESHNESS_UNKNOWN,1.6151
future_weather,17,HOLD,HOLD,True,EVIDENCE_FRESHNESS_UNKNOWN,1.6169
future_weather,18,HOLD,HOLD,True,EVIDENCE_FRESHNESS_UNKNOWN,1.5969
future_weather,19,HOLD,HOLD,True,EVIDENCE_FRESHNESS_UNKNOWN,3.3164
future_weather,20,HOLD,HOLD,True,EVIDENCE_FRESHNESS_UNKNOWN,1.6667
future_weather,21,HOLD,HOLD,True,EVIDENCE_FRESHNESS_UNKNOWN,1.6359
future_weather,22,HOLD,HOLD,True,EVIDENCE_FRESHNESS_UNKNOWN,1.6324
future_weather,23,HOLD,HOLD,True,EVIDENCE_FRESHNESS_UNKNOWN,1.6421
future_weather,24,HOLD,HOLD,True,EVIDENCE_FRESHNESS_UNKNOWN,2.2821
future_weather,25,HOLD,HOLD,True,EVIDENCE_FRESHNESS_UNKNOWN,1.6538
future_weather,26,HOLD,HOLD,True,EVIDENCE_FRESHNESS_UNKNOWN,1.65
future_weather,27,HOLD,HOLD,True,EVIDENCE_FRESHNESS_UNKNOWN,1.7394
future_weather,28,HOLD,HOLD,True,EVIDENCE_FRESHNESS_UNKNOWN,2.4088
future_weather,29,HOLD,HOLD,True,EVIDENCE_FRESHNESS_UNKNOWN,1.6525
future_weather,30,HOLD,HOLD,True,EVIDENCE_FRESHNESS_UNKNOWN,1.6669
future_weather,31,HOLD,HOLD,True,EVIDENCE_FRESHNESS_UNKNOWN,1.6987
future_weather,32,HOLD,HOLD,True,EVIDENCE_FRESHNESS_UNKNOWN,2.8428
future_weather,33,HOLD,HOLD,True,EVIDENCE_FRESHNESS_UNKNOWN,1.7433
future_weather,34,HOLD,HOLD,True,EVIDENCE_FRESHNESS_UNKNOWN,1.6985
future_weather,35,HOLD,HOLD,True,EVIDENCE_FRESHNESS_UNKNOWN,1.6378
future_weather,36,HOLD,HOLD,True,EVIDENCE_FRESHNESS_UNKNOWN,3.5089
future_weather,37,HOLD,HOLD,True,EVIDENCE_FRESHNESS_UNKNOWN,1.6837
future_weather,38,HOLD,HOLD,True,EVIDENCE_FRESHNESS_UNKNOWN,1.651
future_weather,39,HOLD,HOLD,True,EVIDENCE_FRESHNESS_UNKNOWN,1.6205
future_weather,40,HOLD,HOLD,True,EVIDENCE_FRESHNESS_UNKNOWN,1.6748
future_weather,41,HOLD,HOLD,True,EVIDENCE_FRESHNESS_UNKNOWN,1.7473
future_weather,42,HOLD,HOLD,True,EVIDENCE_FRESHNESS_UNKNOWN,1.6403
future_weather,43,HOLD,HOLD,True,EVIDENCE_FRESHNESS_UNKNOWN,1.6357
future_weather,44,HOLD,HOLD,True,EVIDENCE_FRESHNESS_UNKNOWN,1.6447
future_weather,45,HOLD,HOLD,True,EVIDENCE_FRESHNESS_UNKNOWN,2.2525
future_weather,46,HOLD,HOLD,True,EVIDENCE_FRESHNESS_UNKNOWN,1.7141
future_weather,47,HOLD,HOLD,True,EVIDENCE_FRESHNESS_UNKNOWN,1.6155
future_weather,48,HOLD,HOLD,True,EVIDENCE_FRESHNESS_UNKNOWN,1.6014
future_weather,49,HOLD,HOLD,True,EVIDENCE_FRESHNESS_UNKNOWN,3.8171
future_weather,50,HOLD,HOLD,True,EVIDENCE_FRESHNESS_UNKNOWN,1.6189
future_weather,51,HOLD,HOLD,True,EVIDENCE_FRESHNESS_UNKNOWN,1.6554
future_weather,52,HOLD,HOLD,True,EVIDENCE_FRESHNESS_UNKNOWN,1.5986
future_weather,53,HOLD,HOLD,True,EVIDENCE_FRESHNESS_UNKNOWN,1.97
future_weather,54,HOLD,HOLD,True,EVIDENCE_FRESHNESS_UNKNOWN,2.0841
future_weather,55,HOLD,HOLD,True,EVIDENCE_FRESHNESS_UNKNOWN,1.6725
future_weather,56,HOLD,HOLD,True,EVIDENCE_FRESHNESS_UNKNOWN,1.7269
future_weather,57,HOLD,HOLD,True,EVIDENCE_FRESHNESS_UNKNOWN,1.6746
future_weather,58,HOLD,HOLD,True,EVIDENCE_FRESHNESS_UNKNOWN,1.7693
future_weather,59,HOLD,HOLD,True,EVIDENCE_FRESHNESS_UNKNOWN,1.6821
future_weather,60,HOLD,HOLD,True,EVIDENCE_FRESHNESS_UNKNOWN,1.6604
future_weather,61,HOLD,HOLD,True,EVIDENCE_FRESHNESS_UNKNOWN,1.6337
future_weather,62,HOLD,HOLD,True,EVIDENCE_FRESHNESS_UNKNOWN,2.3494
future_weather,63,HOLD,HOLD,True,EVIDENCE_FRESHNESS_UNKNOWN,1.7115
future_weather,64,HOLD,HOLD,True,EVIDENCE_FRESHNESS_UNKNOWN,1.7645
future_weather,65,HOLD,HOLD,True,EVIDENCE_FRESHNESS_UNKNOWN,1.6424
future_weather,66,HOLD,HOLD,True,EVIDENCE_FRESHNESS_UNKNOWN,3.2573
future_weather,67,HOLD,HOLD,True,EVIDENCE_FRESHNESS_UNKNOWN,1.8855
future_weather,68,HOLD,HOLD,True,EVIDENCE_FRESHNESS_UNKNOWN,1.6509
future_weather,69,HOLD,HOLD,True,EVIDENCE_FRESHNESS_UNKNOWN,1.6508
future_weather,70,HOLD,HOLD,True,EVIDENCE_FRESHNESS_UNKNOWN,3.127
future_weather,71,HOLD,HOLD,True,EVIDENCE_FRESHNESS_UNKNOWN,1.6859
future_weather,72,HOLD,HOLD,True,EVIDENCE_FRESHNESS_UNKNOWN,1.6441
future_weather,73,HOLD,HOLD,True,EVIDENCE_FRESHNESS_UNKNOWN,1.6486
future_weather,74,HOLD,HOLD,True,EVIDENCE_FRESHNESS_UNKNOWN,1.6417
future_weather,75,HOLD,HOLD,True,EVIDENCE_FRESHNESS_UNKNOWN,2.0228
future_weather,76,HOLD,HOLD,True,EVIDENCE_FRESHNESS_UNKNOWN,1.6593
future_weather,77,HOLD,HOLD,True,EVIDENCE_FRESHNESS_UNKNOWN,1.6424
future_weather,78,HOLD,HOLD,True,EVIDENCE_FRESHNESS_UNKNOWN,1.7685
future_weather,79,HOLD,HOLD,True,EVIDENCE_FRESHNESS_UNKNOWN,1.9232
future_weather,80,HOLD,HOLD,True,EVIDENCE_FRESHNESS_UNKNOWN,1.8287
future_weather,81,HOLD,HOLD,True,EVIDENCE_FRESHNESS_UNKNOWN,1.6421
future_weather,82,HOLD,HOLD,True,EVIDENCE_FRESHNESS_UNKNOWN,1.8175
future_weather,83,HOLD,HOLD,True,EVIDENCE_FRESHNESS_UNKNOWN,2.0271
future_weather,84,HOLD,HOLD,True,EVIDENCE_FRESHNESS_UNKNOWN,1.607
future_weather,85,HOLD,HOLD,True,EVIDENCE_FRESHNESS_UNKNOWN,1.5956
future_weather,86,HOLD,HOLD,True,EVIDENCE_FRESHNESS_UNKNOWN,1.5968
future_weather,87,HOLD,HOLD,True,EVIDENCE_FRESHNESS_UNKNOWN,3.6244
future_weather,88,HOLD,HOLD,True,EVIDENCE_FRESHNESS_UNKNOWN,1.6667
future_weather,89,HOLD,HOLD,True,EVIDENCE_FRESHNESS_UNKNOWN,1.7992
future_weather,90,HOLD,HOLD,True,EVIDENCE_FRESHNESS_UNKNOWN,1.632
future_weather,91,HOLD,HOLD,True,EVIDENCE_FRESHNESS_UNKNOWN,3.3506
future_weather,92,HOLD,HOLD,True,EVIDENCE_FRESHNESS_UNKNOWN,1.6312
future_weather,93,HOLD,HOLD,True,EVIDENCE_FRESHNESS_UNKNOWN,1.6076
future_weather,94,HOLD,HOLD,True,EVIDENCE_FRESHNESS_UNKNOWN,1.7002
future_weather,95,HOLD,HOLD,True,EVIDENCE_FRESHNESS_UNKNOWN,1.632
future_weather,96,HOLD,HOLD,True,EVIDENCE_FRESHNESS_UNKNOWN,2.0185
future_weather,97,HOLD,HOLD,True,EVIDENCE_FRESHNESS_UNKNOWN,1.6525
future_weather,98,HOLD,HOLD,True,EVIDENCE_FRESHNESS_UNKNOWN,1.6371
future_weather,99,HOLD,HOLD,True,EVIDENCE_FRESHNESS_UNKNOWN,1.638
future_weather,100,HOLD,HOLD,True,EVIDENCE_FRESHNESS_UNKNOWN,1.9901
future_weather,101,HOLD,HOLD,True,EVIDENCE_FRESHNESS_UNKNOWN,1.8245
future_weather,102,HOLD,HOLD,True,EVIDENCE_FRESHNESS_UNKNOWN,1.8069
future_weather,103,HOLD,HOLD,True,EVIDENCE_FRESHNESS_UNKNOWN,1.8115
future_weather,104,HOLD,HOLD,True,EVIDENCE_FRESHNESS_UNKNOWN,1.8439
future_weather,105,HOLD,HOLD,True,EVIDENCE_FRESHNESS_UNKNOWN,1.6111
future_weather,106,HOLD,HOLD,True,EVIDENCE_FRESHNESS_UNKNOWN,1.6873
future_weather,107,HOLD,HOLD,True,EVIDENCE_FRESHNESS_UNKNOWN,1.5958
future_weather,108,HOLD,HOLD,True,EVIDENCE_FRESHNESS_UNKNOWN,3.3716
future_weather,109,HOLD,HOLD,True,EVIDENCE_FRESHNESS_UNKNOWN,1.6766
future_weather,110,HOLD,HOLD,True,EVIDENCE_FRESHNESS_UNKNOWN,1.6243
future_weather,111,HOLD,HOLD,True,EVIDENCE_FRESHNESS_UNKNOWN,1.6424
future_weather,112,HOLD,HOLD,True,EVIDENCE_FRESHNESS_UNKNOWN,3.7598
future_weather,113,HOLD,HOLD,True,EVIDENCE_FRESHNESS_UNKNOWN,1.7247
future_weather,114,HOLD,HOLD,True,EVIDENCE_FRESHNESS_UNKNOWN,1.6441
future_weather,115,HOLD,HOLD,True,EVIDENCE_FRESHNESS_UNKNOWN,1.659
future_weather,116,HOLD,HOLD,True,EVIDENCE_FRESHNESS_UNKNOWN,1.8254
future_weather,117,HOLD,HOLD,True,EVIDENCE_FRESHNESS_UNKNOWN,2.012
future_weather,118,HOLD,HOLD,True,EVIDENCE_FRESHNESS_UNKNOWN,1.6571
future_weather,119,HOLD,HOLD,True,EVIDENCE_FRESHNESS_UNKNOWN,1.6353
future_weather,120,HOLD,HOLD,True,EVIDENCE_FRESHNESS_UNKNOWN,1.7508
future_weather,121,HOLD,HOLD,True,EVIDENCE_FRESHNESS_UNKNOWN,2.5102
future_weather,122,HOLD,HOLD,True,EVIDENCE_FRESHNESS_UNKNOWN,1.6651
future_weather,123,HOLD,HOLD,True,EVIDENCE_FRESHNESS_UNKNOWN,1.6534
future_weather,124,HOLD,HOLD,True,EVIDENCE_FRESHNESS_UNKNOWN,1.698
future_weather,125,HOLD,HOLD,True,EVIDENCE_FRESHNESS_UNKNOWN,3.6002
future_weather,126,HOLD,HOLD,True,EVIDENCE_FRESHNESS_UNKNOWN,1.6677
future_weather,127,HOLD,HOLD,True,EVIDENCE_FRESHNESS_UNKNOWN,1.6436
future_weather,128,HOLD,HOLD,True,EVIDENCE_FRESHNESS_UNKNOWN,1.6386
future_weather,129,HOLD,HOLD,True,EVIDENCE_FRESHNESS_UNKNOWN,1.6385
future_weather,130,HOLD,HOLD,True,EVIDENCE_FRESHNESS_UNKNOWN,1.9777
future_weather,131,HOLD,HOLD,True,EVIDENCE_FRESHNESS_UNKNOWN,1.6841
future_weather,132,HOLD,HOLD,True,EVIDENCE_FRESHNESS_UNKNOWN,1.684
future_weather,133,HOLD,HOLD,True,EVIDENCE_FRESHNESS_UNKNOWN,1.8195
future_weather,134,HOLD,HOLD,True,EVIDENCE_FRESHNESS_UNKNOWN,1.7887
future_weather,135,HOLD,HOLD,True,EVIDENCE_FRESHNESS_UNKNOWN,1.6706
future_weather,136,HOLD,HOLD,True,EVIDENCE_FRESHNESS_UNKNOWN,1.7144
future_weather,137,HOLD,HOLD,True,EVIDENCE_FRESHNESS_UNKNOWN,1.79
future_weather,138,HOLD,HOLD,True,EVIDENCE_FRESHNESS_UNKNOWN,2.4058
future_weather,139,HOLD,HOLD,True,EVIDENCE_FRESHNESS_UNKNOWN,1.7123
future_weather,140,HOLD,HOLD,True,EVIDENCE_FRESHNESS_UNKNOWN,1.6692
future_weather,141,HOLD,HOLD,True,EVIDENCE_FRESHNESS_UNKNOWN,1.8339
future_weather,142,HOLD,HOLD,True,EVIDENCE_FRESHNESS_UNKNOWN,2.1056
future_weather,143,HOLD,HOLD,True,EVIDENCE_FRESHNESS_UNKNOWN,1.8409
future_weather,144,HOLD,HOLD,True,EVIDENCE_FRESHNESS_UNKNOWN,1.645
future_weather,145,HOLD,HOLD,True,EVIDENCE_FRESHNESS_UNKNOWN,1.7162
future_weather,146,HOLD,HOLD,True,EVIDENCE_FRESHNESS_UNKNOWN,2.7323
future_weather,147,HOLD,HOLD,True,EVIDENCE_FRESHNESS_UNKNOWN,1.6581
future_weather,148,HOLD,HOLD,True,EVIDENCE_FRESHNESS_UNKNOWN,1.6186
future_weather,149,HOLD,HOLD,True,EVIDENCE_FRESHNESS_UNKNOWN,1.6446
future_weather,150,HOLD,HOLD,True,EVIDENCE_FRESHNESS_UNKNOWN,1.6253
future_weather,151,HOLD,HOLD,True,EVIDENCE_FRESHNESS_UNKNOWN,1.9965
future_weather,152,HOLD,HOLD,True,EVIDENCE_FRESHNESS_UNKNOWN,1.5996
future_weather,153,HOLD,HOLD,True,EVIDENCE_FRESHNESS_UNKNOWN,1.6046
future_weather,154,HOLD,HOLD,True,EVIDENCE_FRESHNESS_UNKNOWN,1.6082
future_weather,155,HOLD,HOLD,True,EVIDENCE_FRESHNESS_UNKNOWN,3.7167
future_weather,156,HOLD,HOLD,True,EVIDENCE_FRESHNESS_UNKNOWN,1.666
future_weather,157,HOLD,HOLD,True,EVIDENCE_FRESHNESS_UNKNOWN,1.651
future_weather,158,HOLD,HOLD,True,EVIDENCE_FRESHNESS_UNKNOWN,1.6533
future_weather,159,HOLD,HOLD,True,EVIDENCE_FRESHNESS_UNKNOWN,3.2843
future_weather,160,HOLD,HOLD,True,EVIDENCE_FRESHNESS_UNKNOWN,1.8215
future_weather,161,HOLD,HOLD,True,EVIDENCE_FRESHNESS_UNKNOWN,1.7705
future_weather,162,HOLD,HOLD,True,EVIDENCE_FRESHNESS_UNKNOWN,2.1503
future_weather,163,HOLD,HOLD,True,EVIDENCE_FRESHNESS_UNKNOWN,4.5015
future_weather,164,HOLD,HOLD,True,EVIDENCE_FRESHNESS_UNKNOWN,1.7001
future_weather,165,HOLD,HOLD,True,EVIDENCE_FRESHNESS_UNKNOWN,1.7032
future_weather,166,HOLD,HOLD,True,EVIDENCE_FRESHNESS_UNKNOWN,1.7008
future_weather,167,HOLD,HOLD,True,EVIDENCE_FRESHNESS_UNKNOWN,4.0211
future_weather,168,HOLD,HOLD,True,EVIDENCE_FRESHNESS_UNKNOWN,1.7212
future_weather,169,HOLD,HOLD,True,EVIDENCE_FRESHNESS_UNKNOWN,1.6771
future_weather,170,HOLD,HOLD,True,EVIDENCE_FRESHNESS_UNKNOWN,1.6996
future_weather,171,HOLD,HOLD,True,EVIDENCE_FRESHNESS_UNKNOWN,3.9573
future_weather,172,HOLD,HOLD,True,EVIDENCE_FRESHNESS_UNKNOWN,1.7946
future_weather,173,HOLD,HOLD,True,EVIDENCE_FRESHNESS_UNKNOWN,1.7754
future_weather,174,HOLD,HOLD,True,EVIDENCE_FRESHNESS_UNKNOWN,1.7549
future_weather,175,HOLD,HOLD,True,EVIDENCE_FRESHNESS_UNKNOWN,1.8659
future_weather,176,HOLD,HOLD,True,EVIDENCE_FRESHNESS_UNKNOWN,1.7399
future_weather,177,HOLD,HOLD,True,EVIDENCE_FRESHNESS_UNKNOWN,1.7356
future_weather,178,HOLD,HOLD,True,EVIDENCE_FRESHNESS_UNKNOWN,1.908
future_weather,179,HOLD,HOLD,True,EVIDENCE_FRESHNESS_UNKNOWN,2.5228
future_weather,180,HOLD,HOLD,True,EVIDENCE_FRESHNESS_UNKNOWN,1.7662
future_weather,181,HOLD,HOLD,True,EVIDENCE_FRESHNESS_UNKNOWN,1.7559
future_weather,182,HOLD,HOLD,True,EVIDENCE_FRESHNESS_UNKNOWN,1.7569
future_weather,183,HOLD,HOLD,True,EVIDENCE_FRESHNESS_UNKNOWN,1.9644
future_weather,184,HOLD,HOLD,True,EVIDENCE_FRESHNESS_UNKNOWN,1.8241
future_weather,185,HOLD,HOLD,True,EVIDENCE_FRESHNESS_UNKNOWN,1.8189
future_weather,186,HOLD,HOLD,True,EVIDENCE_FRESHNESS_UNKNOWN,1.8196
future_weather,187,HOLD,HOLD,True,EVIDENCE_FRESHNESS_UNKNOWN,1.8521
future_weather,188,HOLD,HOLD,True,EVIDENCE_FRESHNESS_UNKNOWN,1.882
future_weather,189,HOLD,HOLD,True,EVIDENCE_FRESHNESS_UNKNOWN,1.824
future_weather,190,HOLD,HOLD,True,EVIDENCE_FRESHNESS_UNKNOWN,4.2297
future_weather,191,HOLD,HOLD,True,EVIDENCE_FRESHNESS_UNKNOWN,2.0086
future_weather,192,HOLD,HOLD,True,EVIDENCE_FRESHNESS_UNKNOWN,1.9398
future_weather,193,HOLD,HOLD,True,EVIDENCE_FRESHNESS_UNKNOWN,2.1875
future_weather,194,HOLD,HOLD,True,EVIDENCE_FRESHNESS_UNKNOWN,1.6774
future_weather,195,HOLD,HOLD,True,EVIDENCE_FRESHNESS_UNKNOWN,1.6638
future_weather,196,HOLD,HOLD,True,EVIDENCE_FRESHNESS_UNKNOWN,1.6544
future_weather,197,HOLD,HOLD,True,EVIDENCE_FRESHNESS_UNKNOWN,1.8373
future_weather,198,HOLD,HOLD,True,EVIDENCE_FRESHNESS_UNKNOWN,1.809
future_weather,199,HOLD,HOLD,True,EVIDENCE_FRESHNESS_UNKNOWN,1.7417
future_weather,200,HOLD,HOLD,True,EVIDENCE_FRESHNESS_UNKNOWN,1.7481
seeded_clearance,1,HOLD,HOLD,True,CRITICAL_CLEARANCE_SEEDED|EVIDENCE_SEEDED,3.8165
seeded_clearance,2,HOLD,HOLD,True,CRITICAL_CLEARANCE_SEEDED|EVIDENCE_SEEDED,1.7711
seeded_clearance,3,HOLD,HOLD,True,CRITICAL_CLEARANCE_SEEDED|EVIDENCE_SEEDED,1.7424
seeded_clearance,4,HOLD,HOLD,True,CRITICAL_CLEARANCE_SEEDED|EVIDENCE_SEEDED,1.7361
seeded_clearance,5,HOLD,HOLD,True,CRITICAL_CLEARANCE_SEEDED|EVIDENCE_SEEDED,4.0186
seeded_clearance,6,HOLD,HOLD,True,CRITICAL_CLEARANCE_SEEDED|EVIDENCE_SEEDED,1.7647
seeded_clearance,7,HOLD,HOLD,True,CRITICAL_CLEARANCE_SEEDED|EVIDENCE_SEEDED,1.7541
seeded_clearance,8,HOLD,HOLD,True,CRITICAL_CLEARANCE_SEEDED|EVIDENCE_SEEDED,1.7418
seeded_clearance,9,HOLD,HOLD,True,CRITICAL_CLEARANCE_SEEDED|EVIDENCE_SEEDED,3.8396
seeded_clearance,10,HOLD,HOLD,True,CRITICAL_CLEARANCE_SEEDED|EVIDENCE_SEEDED,1.8376
seeded_clearance,11,HOLD,HOLD,True,CRITICAL_CLEARANCE_SEEDED|EVIDENCE_SEEDED,1.7958
seeded_clearance,12,HOLD,HOLD,True,CRITICAL_CLEARANCE_SEEDED|EVIDENCE_SEEDED,1.8777
seeded_clearance,13,HOLD,HOLD,True,CRITICAL_CLEARANCE_SEEDED|EVIDENCE_SEEDED,3.0729
seeded_clearance,14,HOLD,HOLD,True,CRITICAL_CLEARANCE_SEEDED|EVIDENCE_SEEDED,1.8217
seeded_clearance,15,HOLD,HOLD,True,CRITICAL_CLEARANCE_SEEDED|EVIDENCE_SEEDED,1.7886
seeded_clearance,16,HOLD,HOLD,True,CRITICAL_CLEARANCE_SEEDED|EVIDENCE_SEEDED,1.7932
seeded_clearance,17,HOLD,HOLD,True,CRITICAL_CLEARANCE_SEEDED|EVIDENCE_SEEDED,4.5394
seeded_clearance,18,HOLD,HOLD,True,CRITICAL_CLEARANCE_SEEDED|EVIDENCE_SEEDED,1.7703
seeded_clearance,19,HOLD,HOLD,True,CRITICAL_CLEARANCE_SEEDED|EVIDENCE_SEEDED,1.7502
seeded_clearance,20,HOLD,HOLD,True,CRITICAL_CLEARANCE_SEEDED|EVIDENCE_SEEDED,1.7416
seeded_clearance,21,HOLD,HOLD,True,CRITICAL_CLEARANCE_SEEDED|EVIDENCE_SEEDED,2.2573
seeded_clearance,22,HOLD,HOLD,True,CRITICAL_CLEARANCE_SEEDED|EVIDENCE_SEEDED,1.7945
seeded_clearance,23,HOLD,HOLD,True,CRITICAL_CLEARANCE_SEEDED|EVIDENCE_SEEDED,1.795
seeded_clearance,24,HOLD,HOLD,True,CRITICAL_CLEARANCE_SEEDED|EVIDENCE_SEEDED,1.7913
seeded_clearance,25,HOLD,HOLD,True,CRITICAL_CLEARANCE_SEEDED|EVIDENCE_SEEDED,1.8659
seeded_clearance,26,HOLD,HOLD,True,CRITICAL_CLEARANCE_SEEDED|EVIDENCE_SEEDED,1.7978
seeded_clearance,27,HOLD,HOLD,True,CRITICAL_CLEARANCE_SEEDED|EVIDENCE_SEEDED,1.7938
seeded_clearance,28,HOLD,HOLD,True,CRITICAL_CLEARANCE_SEEDED|EVIDENCE_SEEDED,1.9805
seeded_clearance,29,HOLD,HOLD,True,CRITICAL_CLEARANCE_SEEDED|EVIDENCE_SEEDED,1.9649
seeded_clearance,30,HOLD,HOLD,True,CRITICAL_CLEARANCE_SEEDED|EVIDENCE_SEEDED,1.7465
seeded_clearance,31,HOLD,HOLD,True,CRITICAL_CLEARANCE_SEEDED|EVIDENCE_SEEDED,1.7453
seeded_clearance,32,HOLD,HOLD,True,CRITICAL_CLEARANCE_SEEDED|EVIDENCE_SEEDED,1.7435
seeded_clearance,33,HOLD,HOLD,True,CRITICAL_CLEARANCE_SEEDED|EVIDENCE_SEEDED,1.7874
seeded_clearance,34,HOLD,HOLD,True,CRITICAL_CLEARANCE_SEEDED|EVIDENCE_SEEDED,1.747
seeded_clearance,35,HOLD,HOLD,True,CRITICAL_CLEARANCE_SEEDED|EVIDENCE_SEEDED,1.7389
seeded_clearance,36,HOLD,HOLD,True,CRITICAL_CLEARANCE_SEEDED|EVIDENCE_SEEDED,1.7511
seeded_clearance,37,HOLD,HOLD,True,CRITICAL_CLEARANCE_SEEDED|EVIDENCE_SEEDED,1.8183
seeded_clearance,38,HOLD,HOLD,True,CRITICAL_CLEARANCE_SEEDED|EVIDENCE_SEEDED,1.7437
seeded_clearance,39,HOLD,HOLD,True,CRITICAL_CLEARANCE_SEEDED|EVIDENCE_SEEDED,1.7413
seeded_clearance,40,HOLD,HOLD,True,CRITICAL_CLEARANCE_SEEDED|EVIDENCE_SEEDED,2.0638
seeded_clearance,41,HOLD,HOLD,True,CRITICAL_CLEARANCE_SEEDED|EVIDENCE_SEEDED,1.807
seeded_clearance,42,HOLD,HOLD,True,CRITICAL_CLEARANCE_SEEDED|EVIDENCE_SEEDED,1.745
seeded_clearance,43,HOLD,HOLD,True,CRITICAL_CLEARANCE_SEEDED|EVIDENCE_SEEDED,1.9349
seeded_clearance,44,HOLD,HOLD,True,CRITICAL_CLEARANCE_SEEDED|EVIDENCE_SEEDED,2.2723
seeded_clearance,45,HOLD,HOLD,True,CRITICAL_CLEARANCE_SEEDED|EVIDENCE_SEEDED,1.9048
seeded_clearance,46,HOLD,HOLD,True,CRITICAL_CLEARANCE_SEEDED|EVIDENCE_SEEDED,1.8161
seeded_clearance,47,HOLD,HOLD,True,CRITICAL_CLEARANCE_SEEDED|EVIDENCE_SEEDED,1.8043
seeded_clearance,48,HOLD,HOLD,True,CRITICAL_CLEARANCE_SEEDED|EVIDENCE_SEEDED,1.8123
seeded_clearance,49,HOLD,HOLD,True,CRITICAL_CLEARANCE_SEEDED|EVIDENCE_SEEDED,1.8679
seeded_clearance,50,HOLD,HOLD,True,CRITICAL_CLEARANCE_SEEDED|EVIDENCE_SEEDED,1.8105
seeded_clearance,51,HOLD,HOLD,True,CRITICAL_CLEARANCE_SEEDED|EVIDENCE_SEEDED,1.8198
seeded_clearance,52,HOLD,HOLD,True,CRITICAL_CLEARANCE_SEEDED|EVIDENCE_SEEDED,3.768
seeded_clearance,53,HOLD,HOLD,True,CRITICAL_CLEARANCE_SEEDED|EVIDENCE_SEEDED,1.8089
seeded_clearance,54,HOLD,HOLD,True,CRITICAL_CLEARANCE_SEEDED|EVIDENCE_SEEDED,1.7972
seeded_clearance,55,HOLD,HOLD,True,CRITICAL_CLEARANCE_SEEDED|EVIDENCE_SEEDED,1.8015
seeded_clearance,56,HOLD,HOLD,True,CRITICAL_CLEARANCE_SEEDED|EVIDENCE_SEEDED,3.7082
seeded_clearance,57,HOLD,HOLD,True,CRITICAL_CLEARANCE_SEEDED|EVIDENCE_SEEDED,1.8338
seeded_clearance,58,HOLD,HOLD,True,CRITICAL_CLEARANCE_SEEDED|EVIDENCE_SEEDED,1.7927
seeded_clearance,59,HOLD,HOLD,True,CRITICAL_CLEARANCE_SEEDED|EVIDENCE_SEEDED,1.7935
seeded_clearance,60,HOLD,HOLD,True,CRITICAL_CLEARANCE_SEEDED|EVIDENCE_SEEDED,2.0695
seeded_clearance,61,HOLD,HOLD,True,CRITICAL_CLEARANCE_SEEDED|EVIDENCE_SEEDED,1.7528
seeded_clearance,62,HOLD,HOLD,True,CRITICAL_CLEARANCE_SEEDED|EVIDENCE_SEEDED,1.7327
seeded_clearance,63,HOLD,HOLD,True,CRITICAL_CLEARANCE_SEEDED|EVIDENCE_SEEDED,1.9402
seeded_clearance,64,HOLD,HOLD,True,CRITICAL_CLEARANCE_SEEDED|EVIDENCE_SEEDED,1.8756
seeded_clearance,65,HOLD,HOLD,True,CRITICAL_CLEARANCE_SEEDED|EVIDENCE_SEEDED,1.738
seeded_clearance,66,HOLD,HOLD,True,CRITICAL_CLEARANCE_SEEDED|EVIDENCE_SEEDED,1.7545
seeded_clearance,67,HOLD,HOLD,True,CRITICAL_CLEARANCE_SEEDED|EVIDENCE_SEEDED,1.7346
seeded_clearance,68,HOLD,HOLD,True,CRITICAL_CLEARANCE_SEEDED|EVIDENCE_SEEDED,2.2963
seeded_clearance,69,HOLD,HOLD,True,CRITICAL_CLEARANCE_SEEDED|EVIDENCE_SEEDED,1.7496
seeded_clearance,70,HOLD,HOLD,True,CRITICAL_CLEARANCE_SEEDED|EVIDENCE_SEEDED,1.7382
seeded_clearance,71,HOLD,HOLD,True,CRITICAL_CLEARANCE_SEEDED|EVIDENCE_SEEDED,1.7401
seeded_clearance,72,HOLD,HOLD,True,CRITICAL_CLEARANCE_SEEDED|EVIDENCE_SEEDED,1.7879
seeded_clearance,73,HOLD,HOLD,True,CRITICAL_CLEARANCE_SEEDED|EVIDENCE_SEEDED,1.754
seeded_clearance,74,HOLD,HOLD,True,CRITICAL_CLEARANCE_SEEDED|EVIDENCE_SEEDED,1.756
seeded_clearance,75,HOLD,HOLD,True,CRITICAL_CLEARANCE_SEEDED|EVIDENCE_SEEDED,1.7571
seeded_clearance,76,HOLD,HOLD,True,CRITICAL_CLEARANCE_SEEDED|EVIDENCE_SEEDED,1.879
seeded_clearance,77,HOLD,HOLD,True,CRITICAL_CLEARANCE_SEEDED|EVIDENCE_SEEDED,1.7918
seeded_clearance,78,HOLD,HOLD,True,CRITICAL_CLEARANCE_SEEDED|EVIDENCE_SEEDED,1.8021
seeded_clearance,79,HOLD,HOLD,True,CRITICAL_CLEARANCE_SEEDED|EVIDENCE_SEEDED,3.9986
seeded_clearance,80,HOLD,HOLD,True,CRITICAL_CLEARANCE_SEEDED|EVIDENCE_SEEDED,1.8119
seeded_clearance,81,HOLD,HOLD,True,CRITICAL_CLEARANCE_SEEDED|EVIDENCE_SEEDED,1.7721
seeded_clearance,82,HOLD,HOLD,True,CRITICAL_CLEARANCE_SEEDED|EVIDENCE_SEEDED,1.7915
seeded_clearance,83,HOLD,HOLD,True,CRITICAL_CLEARANCE_SEEDED|EVIDENCE_SEEDED,3.6154
seeded_clearance,84,HOLD,HOLD,True,CRITICAL_CLEARANCE_SEEDED|EVIDENCE_SEEDED,1.7688
seeded_clearance,85,HOLD,HOLD,True,CRITICAL_CLEARANCE_SEEDED|EVIDENCE_SEEDED,1.7841
seeded_clearance,86,HOLD,HOLD,True,CRITICAL_CLEARANCE_SEEDED|EVIDENCE_SEEDED,2.0079
seeded_clearance,87,HOLD,HOLD,True,CRITICAL_CLEARANCE_SEEDED|EVIDENCE_SEEDED,3.824
seeded_clearance,88,HOLD,HOLD,True,CRITICAL_CLEARANCE_SEEDED|EVIDENCE_SEEDED,1.8292
seeded_clearance,89,HOLD,HOLD,True,CRITICAL_CLEARANCE_SEEDED|EVIDENCE_SEEDED,1.7978
seeded_clearance,90,HOLD,HOLD,True,CRITICAL_CLEARANCE_SEEDED|EVIDENCE_SEEDED,1.8471
seeded_clearance,91,HOLD,HOLD,True,CRITICAL_CLEARANCE_SEEDED|EVIDENCE_SEEDED,2.3184
seeded_clearance,92,HOLD,HOLD,True,CRITICAL_CLEARANCE_SEEDED|EVIDENCE_SEEDED,1.9608
seeded_clearance,93,HOLD,HOLD,True,CRITICAL_CLEARANCE_SEEDED|EVIDENCE_SEEDED,1.8575
seeded_clearance,94,HOLD,HOLD,True,CRITICAL_CLEARANCE_SEEDED|EVIDENCE_SEEDED,1.7702
seeded_clearance,95,HOLD,HOLD,True,CRITICAL_CLEARANCE_SEEDED|EVIDENCE_SEEDED,3.3817
seeded_clearance,96,HOLD,HOLD,True,CRITICAL_CLEARANCE_SEEDED|EVIDENCE_SEEDED,1.8068
seeded_clearance,97,HOLD,HOLD,True,CRITICAL_CLEARANCE_SEEDED|EVIDENCE_SEEDED,1.7467
seeded_clearance,98,HOLD,HOLD,True,CRITICAL_CLEARANCE_SEEDED|EVIDENCE_SEEDED,3.9166
seeded_clearance,99,HOLD,HOLD,True,CRITICAL_CLEARANCE_SEEDED|EVIDENCE_SEEDED,1.8358
seeded_clearance,100,HOLD,HOLD,True,CRITICAL_CLEARANCE_SEEDED|EVIDENCE_SEEDED,1.7977
seeded_clearance,101,HOLD,HOLD,True,CRITICAL_CLEARANCE_SEEDED|EVIDENCE_SEEDED,1.9928
seeded_clearance,102,HOLD,HOLD,True,CRITICAL_CLEARANCE_SEEDED|EVIDENCE_SEEDED,3.9351
seeded_clearance,103,HOLD,HOLD,True,CRITICAL_CLEARANCE_SEEDED|EVIDENCE_SEEDED,1.7471
seeded_clearance,104,HOLD,HOLD,True,CRITICAL_CLEARANCE_SEEDED|EVIDENCE_SEEDED,1.7468
seeded_clearance,105,HOLD,HOLD,True,CRITICAL_CLEARANCE_SEEDED|EVIDENCE_SEEDED,1.7387
seeded_clearance,106,HOLD,HOLD,True,CRITICAL_CLEARANCE_SEEDED|EVIDENCE_SEEDED,4.1626
seeded_clearance,107,HOLD,HOLD,True,CRITICAL_CLEARANCE_SEEDED|EVIDENCE_SEEDED,1.8238
seeded_clearance,108,HOLD,HOLD,True,CRITICAL_CLEARANCE_SEEDED|EVIDENCE_SEEDED,1.8066
seeded_clearance,109,HOLD,HOLD,True,CRITICAL_CLEARANCE_SEEDED|EVIDENCE_SEEDED,1.803
seeded_clearance,110,HOLD,HOLD,True,CRITICAL_CLEARANCE_SEEDED|EVIDENCE_SEEDED,1.8954
seeded_clearance,111,HOLD,HOLD,True,CRITICAL_CLEARANCE_SEEDED|EVIDENCE_SEEDED,1.8748
seeded_clearance,112,HOLD,HOLD,True,CRITICAL_CLEARANCE_SEEDED|EVIDENCE_SEEDED,1.7745
seeded_clearance,113,HOLD,HOLD,True,CRITICAL_CLEARANCE_SEEDED|EVIDENCE_SEEDED,1.7914
seeded_clearance,114,HOLD,HOLD,True,CRITICAL_CLEARANCE_SEEDED|EVIDENCE_SEEDED,2.2338
seeded_clearance,115,HOLD,HOLD,True,CRITICAL_CLEARANCE_SEEDED|EVIDENCE_SEEDED,1.8194
seeded_clearance,116,HOLD,HOLD,True,CRITICAL_CLEARANCE_SEEDED|EVIDENCE_SEEDED,1.7649
seeded_clearance,117,HOLD,HOLD,True,CRITICAL_CLEARANCE_SEEDED|EVIDENCE_SEEDED,1.8596
seeded_clearance,118,HOLD,HOLD,True,CRITICAL_CLEARANCE_SEEDED|EVIDENCE_SEEDED,1.8692
seeded_clearance,119,HOLD,HOLD,True,CRITICAL_CLEARANCE_SEEDED|EVIDENCE_SEEDED,1.7517
seeded_clearance,120,HOLD,HOLD,True,CRITICAL_CLEARANCE_SEEDED|EVIDENCE_SEEDED,1.7422
seeded_clearance,121,HOLD,HOLD,True,CRITICAL_CLEARANCE_SEEDED|EVIDENCE_SEEDED,1.7463
seeded_clearance,122,HOLD,HOLD,True,CRITICAL_CLEARANCE_SEEDED|EVIDENCE_SEEDED,1.7939
seeded_clearance,123,HOLD,HOLD,True,CRITICAL_CLEARANCE_SEEDED|EVIDENCE_SEEDED,1.7501
seeded_clearance,124,HOLD,HOLD,True,CRITICAL_CLEARANCE_SEEDED|EVIDENCE_SEEDED,1.7448
seeded_clearance,125,HOLD,HOLD,True,CRITICAL_CLEARANCE_SEEDED|EVIDENCE_SEEDED,1.7379
seeded_clearance,126,HOLD,HOLD,True,CRITICAL_CLEARANCE_SEEDED|EVIDENCE_SEEDED,2.1092
seeded_clearance,127,HOLD,HOLD,True,CRITICAL_CLEARANCE_SEEDED|EVIDENCE_SEEDED,1.7879
seeded_clearance,128,HOLD,HOLD,True,CRITICAL_CLEARANCE_SEEDED|EVIDENCE_SEEDED,1.7928
seeded_clearance,129,HOLD,HOLD,True,CRITICAL_CLEARANCE_SEEDED|EVIDENCE_SEEDED,1.835
seeded_clearance,130,HOLD,HOLD,True,CRITICAL_CLEARANCE_SEEDED|EVIDENCE_SEEDED,2.069
seeded_clearance,131,HOLD,HOLD,True,CRITICAL_CLEARANCE_SEEDED|EVIDENCE_SEEDED,1.8299
seeded_clearance,132,HOLD,HOLD,True,CRITICAL_CLEARANCE_SEEDED|EVIDENCE_SEEDED,1.7823
seeded_clearance,133,HOLD,HOLD,True,CRITICAL_CLEARANCE_SEEDED|EVIDENCE_SEEDED,5.2052
seeded_clearance,134,HOLD,HOLD,True,CRITICAL_CLEARANCE_SEEDED|EVIDENCE_SEEDED,1.807
seeded_clearance,135,HOLD,HOLD,True,CRITICAL_CLEARANCE_SEEDED|EVIDENCE_SEEDED,1.847
seeded_clearance,136,HOLD,HOLD,True,CRITICAL_CLEARANCE_SEEDED|EVIDENCE_SEEDED,1.7947
seeded_clearance,137,HOLD,HOLD,True,CRITICAL_CLEARANCE_SEEDED|EVIDENCE_SEEDED,1.7771
seeded_clearance,138,HOLD,HOLD,True,CRITICAL_CLEARANCE_SEEDED|EVIDENCE_SEEDED,1.7826
seeded_clearance,139,HOLD,HOLD,True,CRITICAL_CLEARANCE_SEEDED|EVIDENCE_SEEDED,1.7485
seeded_clearance,140,HOLD,HOLD,True,CRITICAL_CLEARANCE_SEEDED|EVIDENCE_SEEDED,4.163
seeded_clearance,141,HOLD,HOLD,True,CRITICAL_CLEARANCE_SEEDED|EVIDENCE_SEEDED,1.823
seeded_clearance,142,HOLD,HOLD,True,CRITICAL_CLEARANCE_SEEDED|EVIDENCE_SEEDED,1.8203
seeded_clearance,143,HOLD,HOLD,True,CRITICAL_CLEARANCE_SEEDED|EVIDENCE_SEEDED,1.8072
seeded_clearance,144,HOLD,HOLD,True,CRITICAL_CLEARANCE_SEEDED|EVIDENCE_SEEDED,4.9517
seeded_clearance,145,HOLD,HOLD,True,CRITICAL_CLEARANCE_SEEDED|EVIDENCE_SEEDED,1.8086
seeded_clearance,146,HOLD,HOLD,True,CRITICAL_CLEARANCE_SEEDED|EVIDENCE_SEEDED,1.9917
seeded_clearance,147,HOLD,HOLD,True,CRITICAL_CLEARANCE_SEEDED|EVIDENCE_SEEDED,1.8708
seeded_clearance,148,HOLD,HOLD,True,CRITICAL_CLEARANCE_SEEDED|EVIDENCE_SEEDED,1.9065
seeded_clearance,149,HOLD,HOLD,True,CRITICAL_CLEARANCE_SEEDED|EVIDENCE_SEEDED,1.8674
seeded_clearance,150,HOLD,HOLD,True,CRITICAL_CLEARANCE_SEEDED|EVIDENCE_SEEDED,1.9072
seeded_clearance,151,HOLD,HOLD,True,CRITICAL_CLEARANCE_SEEDED|EVIDENCE_SEEDED,4.6183
seeded_clearance,152,HOLD,HOLD,True,CRITICAL_CLEARANCE_SEEDED|EVIDENCE_SEEDED,1.8411
seeded_clearance,153,HOLD,HOLD,True,CRITICAL_CLEARANCE_SEEDED|EVIDENCE_SEEDED,1.8813
seeded_clearance,154,HOLD,HOLD,True,CRITICAL_CLEARANCE_SEEDED|EVIDENCE_SEEDED,1.8466
seeded_clearance,155,HOLD,HOLD,True,CRITICAL_CLEARANCE_SEEDED|EVIDENCE_SEEDED,1.8578
seeded_clearance,156,HOLD,HOLD,True,CRITICAL_CLEARANCE_SEEDED|EVIDENCE_SEEDED,1.8391
seeded_clearance,157,HOLD,HOLD,True,CRITICAL_CLEARANCE_SEEDED|EVIDENCE_SEEDED,1.8335
seeded_clearance,158,HOLD,HOLD,True,CRITICAL_CLEARANCE_SEEDED|EVIDENCE_SEEDED,4.4681
seeded_clearance,159,HOLD,HOLD,True,CRITICAL_CLEARANCE_SEEDED|EVIDENCE_SEEDED,1.8506
seeded_clearance,160,HOLD,HOLD,True,CRITICAL_CLEARANCE_SEEDED|EVIDENCE_SEEDED,2.2443
seeded_clearance,161,HOLD,HOLD,True,CRITICAL_CLEARANCE_SEEDED|EVIDENCE_SEEDED,1.7981
seeded_clearance,162,HOLD,HOLD,True,CRITICAL_CLEARANCE_SEEDED|EVIDENCE_SEEDED,2.8139
seeded_clearance,163,HOLD,HOLD,True,CRITICAL_CLEARANCE_SEEDED|EVIDENCE_SEEDED,2.0546
seeded_clearance,164,HOLD,HOLD,True,CRITICAL_CLEARANCE_SEEDED|EVIDENCE_SEEDED,1.8258
seeded_clearance,165,HOLD,HOLD,True,CRITICAL_CLEARANCE_SEEDED|EVIDENCE_SEEDED,1.8053
seeded_clearance,166,HOLD,HOLD,True,CRITICAL_CLEARANCE_SEEDED|EVIDENCE_SEEDED,1.8399
seeded_clearance,167,HOLD,HOLD,True,CRITICAL_CLEARANCE_SEEDED|EVIDENCE_SEEDED,1.7617
seeded_clearance,168,HOLD,HOLD,True,CRITICAL_CLEARANCE_SEEDED|EVIDENCE_SEEDED,1.7651
seeded_clearance,169,HOLD,HOLD,True,CRITICAL_CLEARANCE_SEEDED|EVIDENCE_SEEDED,3.7083
seeded_clearance,170,HOLD,HOLD,True,CRITICAL_CLEARANCE_SEEDED|EVIDENCE_SEEDED,1.8326
seeded_clearance,171,HOLD,HOLD,True,CRITICAL_CLEARANCE_SEEDED|EVIDENCE_SEEDED,1.7998
seeded_clearance,172,HOLD,HOLD,True,CRITICAL_CLEARANCE_SEEDED|EVIDENCE_SEEDED,1.7859
seeded_clearance,173,HOLD,HOLD,True,CRITICAL_CLEARANCE_SEEDED|EVIDENCE_SEEDED,2.6648
seeded_clearance,174,HOLD,HOLD,True,CRITICAL_CLEARANCE_SEEDED|EVIDENCE_SEEDED,1.814
seeded_clearance,175,HOLD,HOLD,True,CRITICAL_CLEARANCE_SEEDED|EVIDENCE_SEEDED,1.7961
seeded_clearance,176,HOLD,HOLD,True,CRITICAL_CLEARANCE_SEEDED|EVIDENCE_SEEDED,1.789
seeded_clearance,177,HOLD,HOLD,True,CRITICAL_CLEARANCE_SEEDED|EVIDENCE_SEEDED,1.917
seeded_clearance,178,HOLD,HOLD,True,CRITICAL_CLEARANCE_SEEDED|EVIDENCE_SEEDED,1.7703
seeded_clearance,179,HOLD,HOLD,True,CRITICAL_CLEARANCE_SEEDED|EVIDENCE_SEEDED,1.7991
seeded_clearance,180,HOLD,HOLD,True,CRITICAL_CLEARANCE_SEEDED|EVIDENCE_SEEDED,1.7877
seeded_clearance,181,HOLD,HOLD,True,CRITICAL_CLEARANCE_SEEDED|EVIDENCE_SEEDED,2.3328
seeded_clearance,182,HOLD,HOLD,True,CRITICAL_CLEARANCE_SEEDED|EVIDENCE_SEEDED,1.7948
seeded_clearance,183,HOLD,HOLD,True,CRITICAL_CLEARANCE_SEEDED|EVIDENCE_SEEDED,1.7961
seeded_clearance,184,HOLD,HOLD,True,CRITICAL_CLEARANCE_SEEDED|EVIDENCE_SEEDED,1.8003
seeded_clearance,185,HOLD,HOLD,True,CRITICAL_CLEARANCE_SEEDED|EVIDENCE_SEEDED,1.8295
seeded_clearance,186,HOLD,HOLD,True,CRITICAL_CLEARANCE_SEEDED|EVIDENCE_SEEDED,1.7789
seeded_clearance,187,HOLD,HOLD,True,CRITICAL_CLEARANCE_SEEDED|EVIDENCE_SEEDED,1.79
seeded_clearance,188,HOLD,HOLD,True,CRITICAL_CLEARANCE_SEEDED|EVIDENCE_SEEDED,1.7882
seeded_clearance,189,HOLD,HOLD,True,CRITICAL_CLEARANCE_SEEDED|EVIDENCE_SEEDED,1.8403
seeded_clearance,190,HOLD,HOLD,True,CRITICAL_CLEARANCE_SEEDED|EVIDENCE_SEEDED,1.7906
seeded_clearance,191,HOLD,HOLD,True,CRITICAL_CLEARANCE_SEEDED|EVIDENCE_SEEDED,1.7948
seeded_clearance,192,HOLD,HOLD,True,CRITICAL_CLEARANCE_SEEDED|EVIDENCE_SEEDED,3.639
seeded_clearance,193,HOLD,HOLD,True,CRITICAL_CLEARANCE_SEEDED|EVIDENCE_SEEDED,1.7729
seeded_clearance,194,HOLD,HOLD,True,CRITICAL_CLEARANCE_SEEDED|EVIDENCE_SEEDED,1.7531
seeded_clearance,195,HOLD,HOLD,True,CRITICAL_CLEARANCE_SEEDED|EVIDENCE_SEEDED,1.8189
seeded_clearance,196,HOLD,HOLD,True,CRITICAL_CLEARANCE_SEEDED|EVIDENCE_SEEDED,4.1318
seeded_clearance,197,HOLD,HOLD,True,CRITICAL_CLEARANCE_SEEDED|EVIDENCE_SEEDED,1.7701
seeded_clearance,198,HOLD,HOLD,True,CRITICAL_CLEARANCE_SEEDED|EVIDENCE_SEEDED,1.748
seeded_clearance,199,HOLD,HOLD,True,CRITICAL_CLEARANCE_SEEDED|EVIDENCE_SEEDED,1.7408
seeded_clearance,200,HOLD,HOLD,True,CRITICAL_CLEARANCE_SEEDED|EVIDENCE_SEEDED,3.6385
hard_blocked,1,HARD_BLOCKED,HARD_BLOCKED,True,HARD_CLEARANCE_BLOCK,2.0763
hard_blocked,2,HARD_BLOCKED,HARD_BLOCKED,True,HARD_CLEARANCE_BLOCK,1.7952
hard_blocked,3,HARD_BLOCKED,HARD_BLOCKED,True,HARD_CLEARANCE_BLOCK,1.784
hard_blocked,4,HARD_BLOCKED,HARD_BLOCKED,True,HARD_CLEARANCE_BLOCK,4.1121
hard_blocked,5,HARD_BLOCKED,HARD_BLOCKED,True,HARD_CLEARANCE_BLOCK,1.7956
hard_blocked,6,HARD_BLOCKED,HARD_BLOCKED,True,HARD_CLEARANCE_BLOCK,1.7879
hard_blocked,7,HARD_BLOCKED,HARD_BLOCKED,True,HARD_CLEARANCE_BLOCK,1.8065
hard_blocked,8,HARD_BLOCKED,HARD_BLOCKED,True,HARD_CLEARANCE_BLOCK,2.559
hard_blocked,9,HARD_BLOCKED,HARD_BLOCKED,True,HARD_CLEARANCE_BLOCK,1.793
hard_blocked,10,HARD_BLOCKED,HARD_BLOCKED,True,HARD_CLEARANCE_BLOCK,1.7312
hard_blocked,11,HARD_BLOCKED,HARD_BLOCKED,True,HARD_CLEARANCE_BLOCK,1.7382
hard_blocked,12,HARD_BLOCKED,HARD_BLOCKED,True,HARD_CLEARANCE_BLOCK,4.1228
hard_blocked,13,HARD_BLOCKED,HARD_BLOCKED,True,HARD_CLEARANCE_BLOCK,1.8078
hard_blocked,14,HARD_BLOCKED,HARD_BLOCKED,True,HARD_CLEARANCE_BLOCK,1.8724
hard_blocked,15,HARD_BLOCKED,HARD_BLOCKED,True,HARD_CLEARANCE_BLOCK,1.7429
hard_blocked,16,HARD_BLOCKED,HARD_BLOCKED,True,HARD_CLEARANCE_BLOCK,1.8538
hard_blocked,17,HARD_BLOCKED,HARD_BLOCKED,True,HARD_CLEARANCE_BLOCK,1.7438
hard_blocked,18,HARD_BLOCKED,HARD_BLOCKED,True,HARD_CLEARANCE_BLOCK,1.7304
hard_blocked,19,HARD_BLOCKED,HARD_BLOCKED,True,HARD_CLEARANCE_BLOCK,1.9237
hard_blocked,20,HARD_BLOCKED,HARD_BLOCKED,True,HARD_CLEARANCE_BLOCK,2.3231
hard_blocked,21,HARD_BLOCKED,HARD_BLOCKED,True,HARD_CLEARANCE_BLOCK,1.7447
hard_blocked,22,HARD_BLOCKED,HARD_BLOCKED,True,HARD_CLEARANCE_BLOCK,1.8143
hard_blocked,23,HARD_BLOCKED,HARD_BLOCKED,True,HARD_CLEARANCE_BLOCK,1.7366
hard_blocked,24,HARD_BLOCKED,HARD_BLOCKED,True,HARD_CLEARANCE_BLOCK,2.1666
hard_blocked,25,HARD_BLOCKED,HARD_BLOCKED,True,HARD_CLEARANCE_BLOCK,1.825
hard_blocked,26,HARD_BLOCKED,HARD_BLOCKED,True,HARD_CLEARANCE_BLOCK,1.6332
hard_blocked,27,HARD_BLOCKED,HARD_BLOCKED,True,HARD_CLEARANCE_BLOCK,1.6457
hard_blocked,28,HARD_BLOCKED,HARD_BLOCKED,True,HARD_CLEARANCE_BLOCK,2.5202
hard_blocked,29,HARD_BLOCKED,HARD_BLOCKED,True,HARD_CLEARANCE_BLOCK,1.7389
hard_blocked,30,HARD_BLOCKED,HARD_BLOCKED,True,HARD_CLEARANCE_BLOCK,1.7375
hard_blocked,31,HARD_BLOCKED,HARD_BLOCKED,True,HARD_CLEARANCE_BLOCK,1.7416
hard_blocked,32,HARD_BLOCKED,HARD_BLOCKED,True,HARD_CLEARANCE_BLOCK,2.5075
hard_blocked,33,HARD_BLOCKED,HARD_BLOCKED,True,HARD_CLEARANCE_BLOCK,1.7588
hard_blocked,34,HARD_BLOCKED,HARD_BLOCKED,True,HARD_CLEARANCE_BLOCK,1.7502
hard_blocked,35,HARD_BLOCKED,HARD_BLOCKED,True,HARD_CLEARANCE_BLOCK,1.7368
hard_blocked,36,HARD_BLOCKED,HARD_BLOCKED,True,HARD_CLEARANCE_BLOCK,3.6742
hard_blocked,37,HARD_BLOCKED,HARD_BLOCKED,True,HARD_CLEARANCE_BLOCK,1.7559
hard_blocked,38,HARD_BLOCKED,HARD_BLOCKED,True,HARD_CLEARANCE_BLOCK,1.9281
hard_blocked,39,HARD_BLOCKED,HARD_BLOCKED,True,HARD_CLEARANCE_BLOCK,1.9338
hard_blocked,40,HARD_BLOCKED,HARD_BLOCKED,True,HARD_CLEARANCE_BLOCK,1.8987
hard_blocked,41,HARD_BLOCKED,HARD_BLOCKED,True,HARD_CLEARANCE_BLOCK,2.2427
hard_blocked,42,HARD_BLOCKED,HARD_BLOCKED,True,HARD_CLEARANCE_BLOCK,1.7497
hard_blocked,43,HARD_BLOCKED,HARD_BLOCKED,True,HARD_CLEARANCE_BLOCK,1.7366
hard_blocked,44,HARD_BLOCKED,HARD_BLOCKED,True,HARD_CLEARANCE_BLOCK,1.8639
hard_blocked,45,HARD_BLOCKED,HARD_BLOCKED,True,HARD_CLEARANCE_BLOCK,1.7963
hard_blocked,46,HARD_BLOCKED,HARD_BLOCKED,True,HARD_CLEARANCE_BLOCK,1.8148
hard_blocked,47,HARD_BLOCKED,HARD_BLOCKED,True,HARD_CLEARANCE_BLOCK,2.1537
hard_blocked,48,HARD_BLOCKED,HARD_BLOCKED,True,HARD_CLEARANCE_BLOCK,2.3165
hard_blocked,49,HARD_BLOCKED,HARD_BLOCKED,True,HARD_CLEARANCE_BLOCK,1.7494
hard_blocked,50,HARD_BLOCKED,HARD_BLOCKED,True,HARD_CLEARANCE_BLOCK,1.7375
hard_blocked,51,HARD_BLOCKED,HARD_BLOCKED,True,HARD_CLEARANCE_BLOCK,1.8773
hard_blocked,52,HARD_BLOCKED,HARD_BLOCKED,True,HARD_CLEARANCE_BLOCK,1.8235
hard_blocked,53,HARD_BLOCKED,HARD_BLOCKED,True,HARD_CLEARANCE_BLOCK,1.916
hard_blocked,54,HARD_BLOCKED,HARD_BLOCKED,True,HARD_CLEARANCE_BLOCK,1.9312
hard_blocked,55,HARD_BLOCKED,HARD_BLOCKED,True,HARD_CLEARANCE_BLOCK,4.0749
hard_blocked,56,HARD_BLOCKED,HARD_BLOCKED,True,HARD_CLEARANCE_BLOCK,1.8341
hard_blocked,57,HARD_BLOCKED,HARD_BLOCKED,True,HARD_CLEARANCE_BLOCK,1.7901
hard_blocked,58,HARD_BLOCKED,HARD_BLOCKED,True,HARD_CLEARANCE_BLOCK,1.7807
hard_blocked,59,HARD_BLOCKED,HARD_BLOCKED,True,HARD_CLEARANCE_BLOCK,2.6277
hard_blocked,60,HARD_BLOCKED,HARD_BLOCKED,True,HARD_CLEARANCE_BLOCK,1.7571
hard_blocked,61,HARD_BLOCKED,HARD_BLOCKED,True,HARD_CLEARANCE_BLOCK,1.7366
hard_blocked,62,HARD_BLOCKED,HARD_BLOCKED,True,HARD_CLEARANCE_BLOCK,1.7418
hard_blocked,63,HARD_BLOCKED,HARD_BLOCKED,True,HARD_CLEARANCE_BLOCK,1.8877
hard_blocked,64,HARD_BLOCKED,HARD_BLOCKED,True,HARD_CLEARANCE_BLOCK,1.7991
hard_blocked,65,HARD_BLOCKED,HARD_BLOCKED,True,HARD_CLEARANCE_BLOCK,1.7983
hard_blocked,66,HARD_BLOCKED,HARD_BLOCKED,True,HARD_CLEARANCE_BLOCK,1.8087
hard_blocked,67,HARD_BLOCKED,HARD_BLOCKED,True,HARD_CLEARANCE_BLOCK,2.0831
hard_blocked,68,HARD_BLOCKED,HARD_BLOCKED,True,HARD_CLEARANCE_BLOCK,1.794
hard_blocked,69,HARD_BLOCKED,HARD_BLOCKED,True,HARD_CLEARANCE_BLOCK,1.9797
hard_blocked,70,HARD_BLOCKED,HARD_BLOCKED,True,HARD_CLEARANCE_BLOCK,2.2577
hard_blocked,71,HARD_BLOCKED,HARD_BLOCKED,True,HARD_CLEARANCE_BLOCK,2.3144
hard_blocked,72,HARD_BLOCKED,HARD_BLOCKED,True,HARD_CLEARANCE_BLOCK,1.8231
hard_blocked,73,HARD_BLOCKED,HARD_BLOCKED,True,HARD_CLEARANCE_BLOCK,1.8167
hard_blocked,74,HARD_BLOCKED,HARD_BLOCKED,True,HARD_CLEARANCE_BLOCK,1.9233
hard_blocked,75,HARD_BLOCKED,HARD_BLOCKED,True,HARD_CLEARANCE_BLOCK,2.3974
hard_blocked,76,HARD_BLOCKED,HARD_BLOCKED,True,HARD_CLEARANCE_BLOCK,1.8234
hard_blocked,77,HARD_BLOCKED,HARD_BLOCKED,True,HARD_CLEARANCE_BLOCK,1.7325
hard_blocked,78,HARD_BLOCKED,HARD_BLOCKED,True,HARD_CLEARANCE_BLOCK,1.7397
hard_blocked,79,HARD_BLOCKED,HARD_BLOCKED,True,HARD_CLEARANCE_BLOCK,1.8871
hard_blocked,80,HARD_BLOCKED,HARD_BLOCKED,True,HARD_CLEARANCE_BLOCK,1.7864
hard_blocked,81,HARD_BLOCKED,HARD_BLOCKED,True,HARD_CLEARANCE_BLOCK,1.9889
hard_blocked,82,HARD_BLOCKED,HARD_BLOCKED,True,HARD_CLEARANCE_BLOCK,3.5458
hard_blocked,83,HARD_BLOCKED,HARD_BLOCKED,True,HARD_CLEARANCE_BLOCK,1.8389
hard_blocked,84,HARD_BLOCKED,HARD_BLOCKED,True,HARD_CLEARANCE_BLOCK,1.8047
hard_blocked,85,HARD_BLOCKED,HARD_BLOCKED,True,HARD_CLEARANCE_BLOCK,1.813
hard_blocked,86,HARD_BLOCKED,HARD_BLOCKED,True,HARD_CLEARANCE_BLOCK,3.4361
hard_blocked,87,HARD_BLOCKED,HARD_BLOCKED,True,HARD_CLEARANCE_BLOCK,1.8482
hard_blocked,88,HARD_BLOCKED,HARD_BLOCKED,True,HARD_CLEARANCE_BLOCK,1.8227
hard_blocked,89,HARD_BLOCKED,HARD_BLOCKED,True,HARD_CLEARANCE_BLOCK,2.0037
hard_blocked,90,HARD_BLOCKED,HARD_BLOCKED,True,HARD_CLEARANCE_BLOCK,4.049
hard_blocked,91,HARD_BLOCKED,HARD_BLOCKED,True,HARD_CLEARANCE_BLOCK,1.671
hard_blocked,92,HARD_BLOCKED,HARD_BLOCKED,True,HARD_CLEARANCE_BLOCK,1.6356
hard_blocked,93,HARD_BLOCKED,HARD_BLOCKED,True,HARD_CLEARANCE_BLOCK,1.6343
hard_blocked,94,HARD_BLOCKED,HARD_BLOCKED,True,HARD_CLEARANCE_BLOCK,4.1121
hard_blocked,95,HARD_BLOCKED,HARD_BLOCKED,True,HARD_CLEARANCE_BLOCK,1.7759
hard_blocked,96,HARD_BLOCKED,HARD_BLOCKED,True,HARD_CLEARANCE_BLOCK,1.7401
hard_blocked,97,HARD_BLOCKED,HARD_BLOCKED,True,HARD_CLEARANCE_BLOCK,1.7382
hard_blocked,98,HARD_BLOCKED,HARD_BLOCKED,True,HARD_CLEARANCE_BLOCK,4.3188
hard_blocked,99,HARD_BLOCKED,HARD_BLOCKED,True,HARD_CLEARANCE_BLOCK,1.7639
hard_blocked,100,HARD_BLOCKED,HARD_BLOCKED,True,HARD_CLEARANCE_BLOCK,1.7456
hard_blocked,101,HARD_BLOCKED,HARD_BLOCKED,True,HARD_CLEARANCE_BLOCK,1.7396
hard_blocked,102,HARD_BLOCKED,HARD_BLOCKED,True,HARD_CLEARANCE_BLOCK,1.8653
hard_blocked,103,HARD_BLOCKED,HARD_BLOCKED,True,HARD_CLEARANCE_BLOCK,1.7422
hard_blocked,104,HARD_BLOCKED,HARD_BLOCKED,True,HARD_CLEARANCE_BLOCK,1.7412
hard_blocked,105,HARD_BLOCKED,HARD_BLOCKED,True,HARD_CLEARANCE_BLOCK,1.7449
hard_blocked,106,HARD_BLOCKED,HARD_BLOCKED,True,HARD_CLEARANCE_BLOCK,2.4538
hard_blocked,107,HARD_BLOCKED,HARD_BLOCKED,True,HARD_CLEARANCE_BLOCK,1.8051
hard_blocked,108,HARD_BLOCKED,HARD_BLOCKED,True,HARD_CLEARANCE_BLOCK,1.7908
hard_blocked,109,HARD_BLOCKED,HARD_BLOCKED,True,HARD_CLEARANCE_BLOCK,1.9795
hard_blocked,110,HARD_BLOCKED,HARD_BLOCKED,True,HARD_CLEARANCE_BLOCK,2.0203
hard_blocked,111,HARD_BLOCKED,HARD_BLOCKED,True,HARD_CLEARANCE_BLOCK,1.7386
hard_blocked,112,HARD_BLOCKED,HARD_BLOCKED,True,HARD_CLEARANCE_BLOCK,1.8014
hard_blocked,113,HARD_BLOCKED,HARD_BLOCKED,True,HARD_CLEARANCE_BLOCK,3.8052
hard_blocked,114,HARD_BLOCKED,HARD_BLOCKED,True,HARD_CLEARANCE_BLOCK,1.9062
hard_blocked,115,HARD_BLOCKED,HARD_BLOCKED,True,HARD_CLEARANCE_BLOCK,1.7628
hard_blocked,116,HARD_BLOCKED,HARD_BLOCKED,True,HARD_CLEARANCE_BLOCK,1.7796
hard_blocked,117,HARD_BLOCKED,HARD_BLOCKED,True,HARD_CLEARANCE_BLOCK,3.5455
hard_blocked,118,HARD_BLOCKED,HARD_BLOCKED,True,HARD_CLEARANCE_BLOCK,1.8452
hard_blocked,119,HARD_BLOCKED,HARD_BLOCKED,True,HARD_CLEARANCE_BLOCK,1.8023
hard_blocked,120,HARD_BLOCKED,HARD_BLOCKED,True,HARD_CLEARANCE_BLOCK,1.786
hard_blocked,121,HARD_BLOCKED,HARD_BLOCKED,True,HARD_CLEARANCE_BLOCK,4.1025
hard_blocked,122,HARD_BLOCKED,HARD_BLOCKED,True,HARD_CLEARANCE_BLOCK,1.7874
hard_blocked,123,HARD_BLOCKED,HARD_BLOCKED,True,HARD_CLEARANCE_BLOCK,1.7945
hard_blocked,124,HARD_BLOCKED,HARD_BLOCKED,True,HARD_CLEARANCE_BLOCK,1.8028
hard_blocked,125,HARD_BLOCKED,HARD_BLOCKED,True,HARD_CLEARANCE_BLOCK,2.4067
hard_blocked,126,HARD_BLOCKED,HARD_BLOCKED,True,HARD_CLEARANCE_BLOCK,1.987
hard_blocked,127,HARD_BLOCKED,HARD_BLOCKED,True,HARD_CLEARANCE_BLOCK,1.7947
hard_blocked,128,HARD_BLOCKED,HARD_BLOCKED,True,HARD_CLEARANCE_BLOCK,1.984
hard_blocked,129,HARD_BLOCKED,HARD_BLOCKED,True,HARD_CLEARANCE_BLOCK,2.8233
hard_blocked,130,HARD_BLOCKED,HARD_BLOCKED,True,HARD_CLEARANCE_BLOCK,1.9554
hard_blocked,131,HARD_BLOCKED,HARD_BLOCKED,True,HARD_CLEARANCE_BLOCK,1.7995
hard_blocked,132,HARD_BLOCKED,HARD_BLOCKED,True,HARD_CLEARANCE_BLOCK,3.5614
hard_blocked,133,HARD_BLOCKED,HARD_BLOCKED,True,HARD_CLEARANCE_BLOCK,1.8359
hard_blocked,134,HARD_BLOCKED,HARD_BLOCKED,True,HARD_CLEARANCE_BLOCK,1.7942
hard_blocked,135,HARD_BLOCKED,HARD_BLOCKED,True,HARD_CLEARANCE_BLOCK,1.7917
hard_blocked,136,HARD_BLOCKED,HARD_BLOCKED,True,HARD_CLEARANCE_BLOCK,3.8699
hard_blocked,137,HARD_BLOCKED,HARD_BLOCKED,True,HARD_CLEARANCE_BLOCK,1.7961
hard_blocked,138,HARD_BLOCKED,HARD_BLOCKED,True,HARD_CLEARANCE_BLOCK,1.7458
hard_blocked,139,HARD_BLOCKED,HARD_BLOCKED,True,HARD_CLEARANCE_BLOCK,1.7408
hard_blocked,140,HARD_BLOCKED,HARD_BLOCKED,True,HARD_CLEARANCE_BLOCK,3.6456
hard_blocked,141,HARD_BLOCKED,HARD_BLOCKED,True,HARD_CLEARANCE_BLOCK,1.8057
hard_blocked,142,HARD_BLOCKED,HARD_BLOCKED,True,HARD_CLEARANCE_BLOCK,1.7827
hard_blocked,143,HARD_BLOCKED,HARD_BLOCKED,True,HARD_CLEARANCE_BLOCK,1.7925
hard_blocked,144,HARD_BLOCKED,HARD_BLOCKED,True,HARD_CLEARANCE_BLOCK,4.2288
hard_blocked,145,HARD_BLOCKED,HARD_BLOCKED,True,HARD_CLEARANCE_BLOCK,1.7629
hard_blocked,146,HARD_BLOCKED,HARD_BLOCKED,True,HARD_CLEARANCE_BLOCK,1.94
hard_blocked,147,HARD_BLOCKED,HARD_BLOCKED,True,HARD_CLEARANCE_BLOCK,1.7389
hard_blocked,148,HARD_BLOCKED,HARD_BLOCKED,True,HARD_CLEARANCE_BLOCK,2.4087
hard_blocked,149,HARD_BLOCKED,HARD_BLOCKED,True,HARD_CLEARANCE_BLOCK,1.7492
hard_blocked,150,HARD_BLOCKED,HARD_BLOCKED,True,HARD_CLEARANCE_BLOCK,1.7333
hard_blocked,151,HARD_BLOCKED,HARD_BLOCKED,True,HARD_CLEARANCE_BLOCK,1.9226
hard_blocked,152,HARD_BLOCKED,HARD_BLOCKED,True,HARD_CLEARANCE_BLOCK,2.4857
hard_blocked,153,HARD_BLOCKED,HARD_BLOCKED,True,HARD_CLEARANCE_BLOCK,1.767
hard_blocked,154,HARD_BLOCKED,HARD_BLOCKED,True,HARD_CLEARANCE_BLOCK,1.7343
hard_blocked,155,HARD_BLOCKED,HARD_BLOCKED,True,HARD_CLEARANCE_BLOCK,1.7493
hard_blocked,156,HARD_BLOCKED,HARD_BLOCKED,True,HARD_CLEARANCE_BLOCK,2.312
hard_blocked,157,HARD_BLOCKED,HARD_BLOCKED,True,HARD_CLEARANCE_BLOCK,1.7417
hard_blocked,158,HARD_BLOCKED,HARD_BLOCKED,True,HARD_CLEARANCE_BLOCK,1.7369
hard_blocked,159,HARD_BLOCKED,HARD_BLOCKED,True,HARD_CLEARANCE_BLOCK,1.7381
hard_blocked,160,HARD_BLOCKED,HARD_BLOCKED,True,HARD_CLEARANCE_BLOCK,1.9359
hard_blocked,161,HARD_BLOCKED,HARD_BLOCKED,True,HARD_CLEARANCE_BLOCK,1.7467
hard_blocked,162,HARD_BLOCKED,HARD_BLOCKED,True,HARD_CLEARANCE_BLOCK,1.7427
hard_blocked,163,HARD_BLOCKED,HARD_BLOCKED,True,HARD_CLEARANCE_BLOCK,1.9334
hard_blocked,164,HARD_BLOCKED,HARD_BLOCKED,True,HARD_CLEARANCE_BLOCK,2.0292
hard_blocked,165,HARD_BLOCKED,HARD_BLOCKED,True,HARD_CLEARANCE_BLOCK,1.7561
hard_blocked,166,HARD_BLOCKED,HARD_BLOCKED,True,HARD_CLEARANCE_BLOCK,1.7503
hard_blocked,167,HARD_BLOCKED,HARD_BLOCKED,True,HARD_CLEARANCE_BLOCK,3.2224
hard_blocked,168,HARD_BLOCKED,HARD_BLOCKED,True,HARD_CLEARANCE_BLOCK,1.7793
hard_blocked,169,HARD_BLOCKED,HARD_BLOCKED,True,HARD_CLEARANCE_BLOCK,1.7379
hard_blocked,170,HARD_BLOCKED,HARD_BLOCKED,True,HARD_CLEARANCE_BLOCK,1.7466
hard_blocked,171,HARD_BLOCKED,HARD_BLOCKED,True,HARD_CLEARANCE_BLOCK,3.598
hard_blocked,172,HARD_BLOCKED,HARD_BLOCKED,True,HARD_CLEARANCE_BLOCK,1.8001
hard_blocked,173,HARD_BLOCKED,HARD_BLOCKED,True,HARD_CLEARANCE_BLOCK,1.9253
hard_blocked,174,HARD_BLOCKED,HARD_BLOCKED,True,HARD_CLEARANCE_BLOCK,1.8782
hard_blocked,175,HARD_BLOCKED,HARD_BLOCKED,True,HARD_CLEARANCE_BLOCK,4.7321
hard_blocked,176,HARD_BLOCKED,HARD_BLOCKED,True,HARD_CLEARANCE_BLOCK,1.757
hard_blocked,177,HARD_BLOCKED,HARD_BLOCKED,True,HARD_CLEARANCE_BLOCK,1.7258
hard_blocked,178,HARD_BLOCKED,HARD_BLOCKED,True,HARD_CLEARANCE_BLOCK,1.7409
hard_blocked,179,HARD_BLOCKED,HARD_BLOCKED,True,HARD_CLEARANCE_BLOCK,1.8952
hard_blocked,180,HARD_BLOCKED,HARD_BLOCKED,True,HARD_CLEARANCE_BLOCK,1.8046
hard_blocked,181,HARD_BLOCKED,HARD_BLOCKED,True,HARD_CLEARANCE_BLOCK,1.7864
hard_blocked,182,HARD_BLOCKED,HARD_BLOCKED,True,HARD_CLEARANCE_BLOCK,1.7923
hard_blocked,183,HARD_BLOCKED,HARD_BLOCKED,True,HARD_CLEARANCE_BLOCK,2.3229
hard_blocked,184,HARD_BLOCKED,HARD_BLOCKED,True,HARD_CLEARANCE_BLOCK,1.752
hard_blocked,185,HARD_BLOCKED,HARD_BLOCKED,True,HARD_CLEARANCE_BLOCK,1.7289
hard_blocked,186,HARD_BLOCKED,HARD_BLOCKED,True,HARD_CLEARANCE_BLOCK,1.7505
hard_blocked,187,HARD_BLOCKED,HARD_BLOCKED,True,HARD_CLEARANCE_BLOCK,2.1132
hard_blocked,188,HARD_BLOCKED,HARD_BLOCKED,True,HARD_CLEARANCE_BLOCK,1.7451
hard_blocked,189,HARD_BLOCKED,HARD_BLOCKED,True,HARD_CLEARANCE_BLOCK,1.7276
hard_blocked,190,HARD_BLOCKED,HARD_BLOCKED,True,HARD_CLEARANCE_BLOCK,1.7356
hard_blocked,191,HARD_BLOCKED,HARD_BLOCKED,True,HARD_CLEARANCE_BLOCK,2.0124
hard_blocked,192,HARD_BLOCKED,HARD_BLOCKED,True,HARD_CLEARANCE_BLOCK,1.8004
hard_blocked,193,HARD_BLOCKED,HARD_BLOCKED,True,HARD_CLEARANCE_BLOCK,1.634
hard_blocked,194,HARD_BLOCKED,HARD_BLOCKED,True,HARD_CLEARANCE_BLOCK,3.6019
hard_blocked,195,HARD_BLOCKED,HARD_BLOCKED,True,HARD_CLEARANCE_BLOCK,1.832
hard_blocked,196,HARD_BLOCKED,HARD_BLOCKED,True,HARD_CLEARANCE_BLOCK,1.8844
hard_blocked,197,HARD_BLOCKED,HARD_BLOCKED,True,HARD_CLEARANCE_BLOCK,1.7584
hard_blocked,198,HARD_BLOCKED,HARD_BLOCKED,True,HARD_CLEARANCE_BLOCK,3.3416
hard_blocked,199,HARD_BLOCKED,HARD_BLOCKED,True,HARD_CLEARANCE_BLOCK,2.0019
hard_blocked,200,HARD_BLOCKED,HARD_BLOCKED,True,HARD_CLEARANCE_BLOCK,1.8194
