case_id,case_fingerprint_sha256,data_class,fault_type,expected_admissible,b0_latest_value,b0_latest_value_latency_ms,b1_checksum_timestamp,b1_checksum_timestamp_latency_ms,b2_role_quorum,b2_role_quorum_latency_ms,b3_conservative_complete,b3_conservative_complete_latency_ms,b4_legacy_score,b4_legacy_score_latency_ms,full_evidence_gate,full_evidence_gate_latency_ms,full_reason_codes,source_snapshot_manifest_sha256
case-00000,d401cf8fb4a9e5e09b118caf4f8d31d3f7fb3b45e4239853b473952a4ff24106,CLEAN_TEST_FIXTURE,none,True,True,0.0403,True,0.3312,True,0.0189,True,0.3249,True,0.0096,True,4.7568,ALL_REQUIRED_EVIDENCE_TRUSTWORTHY,b2d83222fe4bab87f393b8e93c8a29f87ac2f8279ebd9de6ca63f25604bbf49f
case-00001,9655e3aeb72bc3b327b3b7a2bf05dee61c6257c41e3bef09d66c197b751dc13d,CONTROLLED_TEST_MUTATION,missing_direct_role,False,False,0.0189,False,0.0137,True,0.0162,False,0.0258,True,0.0067,False,3.172,REQUIRED_ROLE_MISSING,b2d83222fe4bab87f393b8e93c8a29f87ac2f8279ebd9de6ca63f25604bbf49f
case-00002,044be6023d9954963e99f6fe052c10dfa6c7453bd20f8926e8c8e58febe9a7a1,CONTROLLED_TEST_MUTATION,excluded_ancestor,False,True,0.035,True,0.3167,True,0.0162,False,0.3191,True,0.0065,False,4.6471,REQUIRED_INPUT_EXCLUDED,b2d83222fe4bab87f393b8e93c8a29f87ac2f8279ebd9de6ca63f25604bbf49f
case-00003,c9e74cf20a0a0ddbb438e5ebc2f7fe750e5c0d563667c6df3cc956bdf255fa83,CONTROLLED_TEST_MUTATION,unavailable_record,False,True,0.0343,False,0.2799,True,0.0161,False,0.2713,True,0.0084,False,3.4191,EVIDENCE_LINEAGE_INCOMPLETE|EVIDENCE_UNAVAILABLE,b2d83222fe4bab87f393b8e93c8a29f87ac2f8279ebd9de6ca63f25604bbf49f
case-00004,f35c7d60517df28ce410e1653eaf21081e3e979d82661b9a19b3726f1a2a07e2,CONTROLLED_TEST_MUTATION,stale_live_observation,False,True,0.0334,False,0.2805,True,0.0158,False,0.2732,True,0.0077,False,4.6469,EVIDENCE_STALE,b2d83222fe4bab87f393b8e93c8a29f87ac2f8279ebd9de6ca63f25604bbf49f
case-00005,5c49331092afbf0cd40ab84b44bf103d1597aef7ed80934063c1c4ebe08bb6a2,CONTROLLED_TEST_MUTATION,wrong_context,False,True,0.0351,True,0.3128,True,0.016,True,0.3128,True,0.0077,False,3.4344,EVIDENCE_CONTEXT_MISMATCH,b2d83222fe4bab87f393b8e93c8a29f87ac2f8279ebd9de6ca63f25604bbf49f
case-00006,e139306c8b786a29cad4e266d0d080f7eea9ae69801b73c81dcd5ba23597d7ea,CONTROLLED_TEST_MUTATION,snapshot_score_conflict,False,True,0.0326,True,0.3024,True,0.0153,True,0.3752,True,0.0076,False,4.7781,EVIDENCE_SNAPSHOT_CONFLICT,b2d83222fe4bab87f393b8e93c8a29f87ac2f8279ebd9de6ca63f25604bbf49f
case-00007,23b03df14fb617b8dec722206df092581059faf8fb8b3d04df34761b684d822c,CLEAN_TEST_FIXTURE,none,True,True,0.0361,True,0.3372,True,0.0166,True,0.3398,True,0.0082,True,3.7278,ALL_REQUIRED_EVIDENCE_TRUSTWORTHY,b2d83222fe4bab87f393b8e93c8a29f87ac2f8279ebd9de6ca63f25604bbf49f
case-00008,b2ba8281c100ddc3b2e1714763dadd90f1129cf0fb1c3e852368f0c313d3a8bf,CONTROLLED_TEST_MUTATION,wrong_context,False,True,0.0396,True,0.6456,True,0.032,True,0.413,True,0.0108,False,3.803,EVIDENCE_CONTEXT_MISMATCH,b2d83222fe4bab87f393b8e93c8a29f87ac2f8279ebd9de6ca63f25604bbf49f
case-00009,287a13bfd9c118d257eff65d20d75f212e9cbd66aed02daa300349c13c10c41f,CONTROLLED_TEST_MUTATION,snapshot_score_conflict,False,True,0.0342,True,0.3061,True,0.0155,True,0.3075,True,0.0078,False,3.4465,EVIDENCE_SNAPSHOT_CONFLICT,b2d83222fe4bab87f393b8e93c8a29f87ac2f8279ebd9de6ca63f25604bbf49f
case-00010,fc1b4749f425604339a4897197a49a920079512170bf596dcc6616b03afc96ad,CONTROLLED_TEST_MUTATION,lineage_cycle,False,True,0.0611,True,0.6703,True,0.0197,True,0.3347,True,0.0117,False,4.0537,EVIDENCE_LINEAGE_INVALID,b2d83222fe4bab87f393b8e93c8a29f87ac2f8279ebd9de6ca63f25604bbf49f
case-00011,007377ed37b0c71594dd719c6a2ad3b1ac6065664577a168ee18d3a750aab219,CLEAN_TEST_FIXTURE,none,True,True,0.0375,True,0.317,True,0.0167,True,0.3216,True,0.0083,True,3.5362,ALL_REQUIRED_EVIDENCE_TRUSTWORTHY,b2d83222fe4bab87f393b8e93c8a29f87ac2f8279ebd9de6ca63f25604bbf49f
case-00012,dbfbc514c1cd0c292122337ccb585f8a0200f2b8d65bbfe60fa5541faa6f88ba,CONTROLLED_TEST_MUTATION,incomplete_payload,False,True,0.0462,False,0.1807,True,0.0194,False,0.1707,True,0.0117,False,3.6752,EVIDENCE_PAYLOAD_INCOMPLETE,b2d83222fe4bab87f393b8e93c8a29f87ac2f8279ebd9de6ca63f25604bbf49f
case-00013,a5b9507dae670f27837fbb3e04421efc0d4ea9daa59e52edaff4b48d5f41ba7f,CLEAN_TEST_FIXTURE,none,True,True,0.0339,True,0.3148,True,0.0162,True,0.3216,True,0.017,True,3.5103,ALL_REQUIRED_EVIDENCE_TRUSTWORTHY,b2d83222fe4bab87f393b8e93c8a29f87ac2f8279ebd9de6ca63f25604bbf49f
case-00014,a8104f3493975112175a36721b9a80b4d979430d841c6aed7d8f9dbe788cc237,CONTROLLED_TEST_MUTATION,wrong_context,False,True,0.0369,True,0.3164,True,0.0165,True,0.3333,True,0.0096,False,3.5382,EVIDENCE_CONTEXT_MISMATCH,b2d83222fe4bab87f393b8e93c8a29f87ac2f8279ebd9de6ca63f25604bbf49f
case-00015,a3d7b4651daaca6346676fff54c89bfe708e4dcda1614d4c62847d281cd26285,CONTROLLED_TEST_MUTATION,empty_payload,False,False,0.0356,False,0.0277,True,0.0121,False,0.0397,True,0.0055,False,3.5369,EVIDENCE_PAYLOAD_EMPTY|EVIDENCE_PAYLOAD_SCHEMA_INVALID|EVIDENCE_SNAPSHOT_CONFLICT,b2d83222fe4bab87f393b8e93c8a29f87ac2f8279ebd9de6ca63f25604bbf49f
case-00016,e01f9192975857623ca573a7c6d93b2cc3975c0b9f6f8b5090bbdbf91a1d411b,CLEAN_TEST_FIXTURE,none,True,True,0.0363,True,0.3147,True,0.0163,True,0.3109,True,0.0092,True,3.4644,ALL_REQUIRED_EVIDENCE_TRUSTWORTHY,b2d83222fe4bab87f393b8e93c8a29f87ac2f8279ebd9de6ca63f25604bbf49f
case-00017,bbe35d41649c269fa4d25b4285e6108d636f58fcd0d2c479b07e5238c47f9a72,CONTROLLED_TEST_MUTATION,unknown_source,False,True,0.0683,True,0.3304,True,0.0158,True,0.3077,True,0.0074,False,3.4165,EVIDENCE_ROLE_SOURCE_NOT_ALLOWED|EVIDENCE_SOURCE_ID_UNKNOWN|EVIDENCE_SOURCE_POLICY_MISSING,b2d83222fe4bab87f393b8e93c8a29f87ac2f8279ebd9de6ca63f25604bbf49f
case-00018,e013e20d0808b63775ecce3ff2e8460ee2933216afa558e4d3d5799ce944e815,CONTROLLED_TEST_MUTATION,snapshot_score_conflict,False,True,0.036,True,0.3129,True,0.0161,True,0.3071,True,0.0095,False,3.4514,EVIDENCE_SNAPSHOT_CONFLICT,b2d83222fe4bab87f393b8e93c8a29f87ac2f8279ebd9de6ca63f25604bbf49f
case-00019,a794ca12856b5acc18f9be1a9251cc05d6da8e967af516068a02fa7762df2f7d,CONTROLLED_TEST_MUTATION,role_conflict,False,True,0.0371,True,0.3283,True,0.0161,False,0.3238,True,0.0065,False,3.8386,EVIDENCE_ROLE_CONFLICT,b2d83222fe4bab87f393b8e93c8a29f87ac2f8279ebd9de6ca63f25604bbf49f
case-00020,8e340aa3fe495b8ac219d4534af164d0517b119ad512cfdbd2b267ebf9c8c7b8,CONTROLLED_TEST_MUTATION,empty_payload,False,False,0.0374,False,0.0285,True,0.0131,False,0.0399,True,0.0062,False,3.4194,EVIDENCE_PAYLOAD_EMPTY|EVIDENCE_PAYLOAD_SCHEMA_INVALID|EVIDENCE_SNAPSHOT_CONFLICT,b2d83222fe4bab87f393b8e93c8a29f87ac2f8279ebd9de6ca63f25604bbf49f
case-00021,3b97941f0fc62bf896442f818986f45ac4bd6c735cde51212c03b54f52b410df,CLEAN_TEST_FIXTURE,none,True,True,0.0333,True,0.3041,True,0.015,True,0.3045,True,0.0072,True,3.3889,ALL_REQUIRED_EVIDENCE_TRUSTWORTHY,b2d83222fe4bab87f393b8e93c8a29f87ac2f8279ebd9de6ca63f25604bbf49f
case-00022,143fbd5a73358e2708435d5bf0a2b1182568d7daba5f603632eb5683af18aac2,CONTROLLED_TEST_MUTATION,malformed_payload,False,True,0.0364,True,0.308,True,0.0283,True,0.3147,True,0.0096,False,3.5136,EVIDENCE_PAYLOAD_SCHEMA_INVALID|EVIDENCE_SNAPSHOT_CONFLICT,b2d83222fe4bab87f393b8e93c8a29f87ac2f8279ebd9de6ca63f25604bbf49f
case-00023,6dc23b02ca7f6f20df1372a702c9cffb4f30626bcfeb3576894c3b9868497248,CONTROLLED_TEST_MUTATION,malformed_payload,False,True,0.0329,True,0.3675,True,0.0153,True,0.2982,True,0.0073,False,3.3636,EVIDENCE_PAYLOAD_SCHEMA_INVALID|EVIDENCE_SNAPSHOT_CONFLICT,b2d83222fe4bab87f393b8e93c8a29f87ac2f8279ebd9de6ca63f25604bbf49f
case-00024,809b12984a27f9845428ee54f2189123732a04d5353dc0dcbdfe3dcc71263467,CONTROLLED_TEST_MUTATION,root_signature_tamper_after_seal,False,True,0.0361,True,0.3121,True,0.0169,True,0.3089,True,0.0092,False,3.4452,EVIDENCE_ROOT_INVALID,b2d83222fe4bab87f393b8e93c8a29f87ac2f8279ebd9de6ca63f25604bbf49f
case-00025,e02078c9f00f4be9501c5797caaa1304cd343d70044641a5989530e842434b6f,CONTROLLED_TEST_MUTATION,missing_lineage,False,True,0.0335,True,0.31,True,0.0152,True,0.3082,True,0.0073,False,6.5711,EVIDENCE_LINEAGE_INCOMPLETE,b2d83222fe4bab87f393b8e93c8a29f87ac2f8279ebd9de6ca63f25604bbf49f
case-00026,6e4ca8f0dc8e36892bbf18ab6c73c46d804ca7e544fdf42d6a8752e0e9141e47,CONTROLLED_TEST_MUTATION,excluded_ancestor,False,True,0.0436,True,0.3499,True,0.0183,False,0.3393,True,0.0075,False,3.7694,REQUIRED_INPUT_EXCLUDED,b2d83222fe4bab87f393b8e93c8a29f87ac2f8279ebd9de6ca63f25604bbf49f
case-00027,c7246de70ce807e201cd957376176a006012590718c7ff2a9b556663962546f2,CONTROLLED_TEST_MUTATION,payload_tamper_after_seal,False,True,0.0828,False,0.2626,True,0.0683,False,0.1363,True,0.0125,False,4.2515,CHECKSUM_INVALID|EVIDENCE_ROOT_INVALID|EVIDENCE_SNAPSHOT_CONFLICT|RECORD_ENVELOPE_INVALID,b2d83222fe4bab87f393b8e93c8a29f87ac2f8279ebd9de6ca63f25604bbf49f
case-00028,84331d4523d9d14d6c54d9e311dea5ae668e614206c99d92d013b07ea593e00f,CONTROLLED_TEST_MUTATION,incomplete_payload,False,True,0.036,False,0.1509,True,0.0164,False,0.1458,True,0.0081,False,3.636,EVIDENCE_PAYLOAD_INCOMPLETE,b2d83222fe4bab87f393b8e93c8a29f87ac2f8279ebd9de6ca63f25604bbf49f
case-00029,b6218c6a171d9b8d6d03a7f18104c27b0614cb21ea1a62fd688a3ed5b82e6d31,CONTROLLED_TEST_MUTATION,unavailable_record,False,True,0.1045,False,0.3049,True,0.0176,False,0.3096,True,0.0105,False,3.6354,EVIDENCE_LINEAGE_INCOMPLETE|EVIDENCE_UNAVAILABLE,b2d83222fe4bab87f393b8e93c8a29f87ac2f8279ebd9de6ca63f25604bbf49f
case-00030,b7a628be7280048f44fa6a9f44cb86e9efbd3eff8b3b897edf5dab5c5924f489,CONTROLLED_TEST_MUTATION,source_type_impersonation,False,True,0.0347,True,0.3169,True,0.0161,True,0.3174,True,0.0077,False,3.5165,EVIDENCE_ROLE_SOURCE_NOT_ALLOWED|OPERATOR_EVIDENCE_UNVERIFIED,b2d83222fe4bab87f393b8e93c8a29f87ac2f8279ebd9de6ca63f25604bbf49f
case-00031,3e4d34a13374402144099fc7654f0895699f98881cea18a49a536e76b7ff984f,CONTROLLED_TEST_MUTATION,empty_payload,False,False,0.0423,False,0.0308,True,0.0146,False,0.0435,True,0.007,False,3.7305,EVIDENCE_PAYLOAD_EMPTY|EVIDENCE_PAYLOAD_SCHEMA_INVALID|EVIDENCE_SNAPSHOT_CONFLICT,b2d83222fe4bab87f393b8e93c8a29f87ac2f8279ebd9de6ca63f25604bbf49f
case-00032,73972df0ab39b98d2ad6ce12b1dcd88565ff2086b1b386831479886ae80da14a,CONTROLLED_TEST_MUTATION,root_signature_tamper_after_seal,False,True,0.0365,True,0.337,True,0.0167,True,0.3362,True,0.0081,False,3.7049,EVIDENCE_ROOT_INVALID,b2d83222fe4bab87f393b8e93c8a29f87ac2f8279ebd9de6ca63f25604bbf49f
case-00033,35410cb920cf0107f308ccf7d344044cb6dc9c889237f20197d080904373e0c3,CONTROLLED_TEST_MUTATION,payload_tamper_after_seal,False,True,0.036,False,0.0798,True,0.0162,False,0.0807,True,0.008,False,3.5516,CHECKSUM_INVALID|EVIDENCE_ROOT_INVALID|EVIDENCE_SNAPSHOT_CONFLICT|RECORD_ENVELOPE_INVALID,b2d83222fe4bab87f393b8e93c8a29f87ac2f8279ebd9de6ca63f25604bbf49f
case-00034,c604507d256252bedd4c701d9103d02446d1b02bcfa7c2a5bd9a6d7d97daac4e,CONTROLLED_TEST_MUTATION,missing_lineage,False,True,0.0347,True,0.3162,True,0.0158,True,0.3167,True,0.0076,False,3.4487,EVIDENCE_LINEAGE_INCOMPLETE,b2d83222fe4bab87f393b8e93c8a29f87ac2f8279ebd9de6ca63f25604bbf49f
case-00035,4ee406aacd25bb3d8f9b48ef91785e82cac45604601d694962d6e1c2fa966ef5,CONTROLLED_TEST_MUTATION,role_conflict,False,True,0.0436,True,0.3681,True,0.0193,False,0.3575,True,0.008,False,4.1041,EVIDENCE_ROLE_CONFLICT,b2d83222fe4bab87f393b8e93c8a29f87ac2f8279ebd9de6ca63f25604bbf49f
case-00036,6dd6279dc8cc4f73b5fcc60c85143a3eea5ca6a5bcf97f397f49eb624679f1d0,CONTROLLED_TEST_MUTATION,unknown_source,False,True,0.0369,True,0.3369,True,0.0169,True,0.3351,True,0.0078,False,4.4779,EVIDENCE_ROLE_SOURCE_NOT_ALLOWED|EVIDENCE_SOURCE_ID_UNKNOWN|EVIDENCE_SOURCE_POLICY_MISSING,b2d83222fe4bab87f393b8e93c8a29f87ac2f8279ebd9de6ca63f25604bbf49f
case-00037,cb7515b593c90e878c177b5e7c41c6174c1b05d5ab954a99a2aaef681c17ec86,CONTROLLED_TEST_MUTATION,unavailable_record,False,True,0.0361,False,0.2884,True,0.0165,False,0.2787,True,0.0087,False,3.5321,EVIDENCE_LINEAGE_INCOMPLETE|EVIDENCE_UNAVAILABLE,b2d83222fe4bab87f393b8e93c8a29f87ac2f8279ebd9de6ca63f25604bbf49f
case-00038,4f43b242b1604116f04363ccd84a7d25342334f6c083a85769c9cd231b9c3519,CONTROLLED_TEST_MUTATION,lineage_cycle,False,True,0.0356,True,0.341,True,0.0164,True,0.3447,True,0.0077,False,4.5707,EVIDENCE_LINEAGE_INVALID,b2d83222fe4bab87f393b8e93c8a29f87ac2f8279ebd9de6ca63f25604bbf49f
case-00039,7a25b7e588858e1e56bfe3ff57a11ab63311346469a662ee0d91005265815ed4,CONTROLLED_TEST_MUTATION,future_timestamp,False,True,0.0353,False,0.292,True,0.0166,False,0.2835,True,0.0085,False,3.5302,EVIDENCE_FRESHNESS_UNKNOWN|EVIDENCE_TIMESTAMP_IN_FUTURE,b2d83222fe4bab87f393b8e93c8a29f87ac2f8279ebd9de6ca63f25604bbf49f
case-00040,663179ed8ca1ea36e400ec5d46a1fb38efc332a82dd35275d3a5e37a5dff6ff9,CONTROLLED_TEST_MUTATION,snapshot_score_conflict,False,True,0.0345,True,0.3172,True,0.0158,True,0.3161,True,0.0074,False,4.326,EVIDENCE_SNAPSHOT_CONFLICT,b2d83222fe4bab87f393b8e93c8a29f87ac2f8279ebd9de6ca63f25604bbf49f
case-00041,01c15e95ced149462f5c6d4a1d8c87d2d6d05aec5057d73954a6fd8febe43313,CLEAN_TEST_FIXTURE,none,True,True,0.0351,True,0.3163,True,0.0165,True,0.3157,True,0.0084,True,3.5124,ALL_REQUIRED_EVIDENCE_TRUSTWORTHY,b2d83222fe4bab87f393b8e93c8a29f87ac2f8279ebd9de6ca63f25604bbf49f
case-00042,c5a083bbb3febe15c64889cdd44406171c795dd9929222b363cce9494f6fee65,CONTROLLED_TEST_MUTATION,stale_live_observation,False,True,0.0341,False,0.2856,True,0.016,False,0.2812,True,0.0079,False,4.7812,EVIDENCE_STALE,b2d83222fe4bab87f393b8e93c8a29f87ac2f8279ebd9de6ca63f25604bbf49f
case-00043,8a4f37dbef0f9da953e6c0798392f695ed2fcdcbe99b2de06a162aa3910962a4,CONTROLLED_TEST_MUTATION,lineage_cycle,False,True,0.0369,True,0.336,True,0.0171,True,0.3325,True,0.0086,False,3.731,EVIDENCE_LINEAGE_INVALID,b2d83222fe4bab87f393b8e93c8a29f87ac2f8279ebd9de6ca63f25604bbf49f
case-00044,63fdcaa8cc53d8274110be700cc809ac1f3aeb81177e291eeaba2bdef2d95918,CONTROLLED_TEST_MUTATION,unknown_source,False,True,0.041,True,0.7858,True,0.0209,True,0.3264,True,0.0109,False,3.6065,EVIDENCE_ROLE_SOURCE_NOT_ALLOWED|EVIDENCE_SOURCE_ID_UNKNOWN|EVIDENCE_SOURCE_POLICY_MISSING,b2d83222fe4bab87f393b8e93c8a29f87ac2f8279ebd9de6ca63f25604bbf49f
case-00045,6f0795518cd5d728cc10b5804fcfb0082eb0ab4ddf64c66d86fa78d8050aae43,CONTROLLED_TEST_MUTATION,missing_lineage,False,True,0.0345,True,0.3139,True,0.016,True,0.3138,True,0.0077,False,3.4195,EVIDENCE_LINEAGE_INCOMPLETE,b2d83222fe4bab87f393b8e93c8a29f87ac2f8279ebd9de6ca63f25604bbf49f
case-00046,93698546171afb06c49eb65138383ed4542111d1444f24d4f98c0fea54c0729d,CONTROLLED_TEST_MUTATION,snapshot_score_conflict,False,True,0.043,True,0.4682,True,0.0199,True,0.3603,True,0.0109,False,3.8981,EVIDENCE_SNAPSHOT_CONFLICT,b2d83222fe4bab87f393b8e93c8a29f87ac2f8279ebd9de6ca63f25604bbf49f
case-00047,bc78fee7d9f1ad9d251029cdb32fc9a9213f429b667fa7c0b2191f66cc8dedfa,CONTROLLED_TEST_MUTATION,missing_direct_role,False,False,0.0187,False,0.0139,True,0.0145,False,0.0252,True,0.0058,False,3.1761,REQUIRED_ROLE_MISSING,b2d83222fe4bab87f393b8e93c8a29f87ac2f8279ebd9de6ca63f25604bbf49f
case-00048,1fbc1d44d5f534802ce8b52c8e6bbe22a9b2b05f473a8859c2756dcc63103b6b,CONTROLLED_TEST_MUTATION,snapshot_score_conflict,False,True,0.0407,True,0.373,True,0.0375,True,0.4062,True,0.0106,False,3.9168,EVIDENCE_SNAPSHOT_CONFLICT,b2d83222fe4bab87f393b8e93c8a29f87ac2f8279ebd9de6ca63f25604bbf49f
case-00049,b54108c3ae1a81a61718ebf25cee17552ceb6986ca79138caa1676a0980ef348,CLEAN_TEST_FIXTURE,none,True,True,0.0348,True,0.3149,True,0.0162,True,0.3141,True,0.0079,True,3.6499,ALL_REQUIRED_EVIDENCE_TRUSTWORTHY,b2d83222fe4bab87f393b8e93c8a29f87ac2f8279ebd9de6ca63f25604bbf49f
case-00050,90aed1043cf27f39e81be4858c41f365bc7ab9eca1250c018fff30e45ffdb96c,CONTROLLED_TEST_MUTATION,broken_lineage,False,True,0.0359,True,0.319,True,0.017,True,0.3155,True,0.0085,False,3.5666,EVIDENCE_LINEAGE_INVALID,b2d83222fe4bab87f393b8e93c8a29f87ac2f8279ebd9de6ca63f25604bbf49f
case-00051,eb6cd424f1c7ca6c66e0f3075ba70a4864fdff97b4ba5a82f8a45fbeb437d4b3,CONTROLLED_TEST_MUTATION,missing_lineage,False,True,0.0357,True,0.3327,True,0.016,True,0.3359,True,0.0076,False,5.1133,EVIDENCE_LINEAGE_INCOMPLETE,b2d83222fe4bab87f393b8e93c8a29f87ac2f8279ebd9de6ca63f25604bbf49f
case-00052,4e58002648ec176928ffee9e57ada1ad71fefb539c48c6ec585e0d948f97b8ed,CONTROLLED_TEST_MUTATION,role_conflict,False,True,0.0392,True,0.3427,True,0.0177,False,0.3367,True,0.0074,False,3.8982,EVIDENCE_ROLE_CONFLICT,b2d83222fe4bab87f393b8e93c8a29f87ac2f8279ebd9de6ca63f25604bbf49f
case-00053,cee505a04df8a0f14b2b86ad362a3e7a48c0ebdcb253686db60a0f29b3ea1c7f,CONTROLLED_TEST_MUTATION,incomplete_payload,False,True,0.0347,False,0.1493,True,0.0155,False,0.1476,True,0.0077,False,4.4418,EVIDENCE_PAYLOAD_INCOMPLETE,b2d83222fe4bab87f393b8e93c8a29f87ac2f8279ebd9de6ca63f25604bbf49f
case-00054,98c083bafe5ac4d13b9ecdbf55491b96106d1b45a465c532c50c9719b498ee49,CONTROLLED_TEST_MUTATION,role_conflict,False,True,0.0378,True,0.3498,True,0.0168,False,0.3242,True,0.0076,False,4.2105,EVIDENCE_ROLE_CONFLICT,b2d83222fe4bab87f393b8e93c8a29f87ac2f8279ebd9de6ca63f25604bbf49f
case-00055,3801fe1d9fe143f5578f287977b452ec30f567cd8e916c6bc30af69649010e09,CONTROLLED_TEST_MUTATION,snapshot_score_conflict,False,True,0.0586,True,0.3538,True,0.0178,True,0.4109,True,0.0121,False,3.9456,EVIDENCE_SNAPSHOT_CONFLICT,b2d83222fe4bab87f393b8e93c8a29f87ac2f8279ebd9de6ca63f25604bbf49f
case-00056,e77783d664ee22a4e77f471d540a436ac8ecab240c6c9d843412427873ce671f,CLEAN_TEST_FIXTURE,none,True,True,0.0353,True,0.3091,True,0.0162,True,0.3284,True,0.0083,True,3.5448,ALL_REQUIRED_EVIDENCE_TRUSTWORTHY,b2d83222fe4bab87f393b8e93c8a29f87ac2f8279ebd9de6ca63f25604bbf49f
case-00057,0ff0a31901bc8c311dcc716766c3e85a012e51b8f5e50d8316b312e2c8b946ae,CONTROLLED_TEST_MUTATION,broken_lineage,False,True,0.0369,True,0.3258,True,0.0178,True,0.3174,True,0.0096,False,3.5769,EVIDENCE_LINEAGE_INVALID,b2d83222fe4bab87f393b8e93c8a29f87ac2f8279ebd9de6ca63f25604bbf49f
case-00058,ad3717669fdab80720bd5dcb3156807d17a24f456c87be94db2e4df4ee1dea76,CONTROLLED_TEST_MUTATION,excluded_ancestor,False,True,0.0348,True,0.3199,True,0.016,False,0.3184,True,0.0063,False,3.5261,REQUIRED_INPUT_EXCLUDED,b2d83222fe4bab87f393b8e93c8a29f87ac2f8279ebd9de6ca63f25604bbf49f
case-00059,91e61f3ba7ef834d1298f67ca3c261bea13fc0d73b31a6f409ad7c48c4ec6a6c,CONTROLLED_TEST_MUTATION,snapshot_score_conflict,False,True,0.0357,True,0.3125,True,0.0163,True,0.3109,True,0.009,False,3.5651,EVIDENCE_SNAPSHOT_CONFLICT,b2d83222fe4bab87f393b8e93c8a29f87ac2f8279ebd9de6ca63f25604bbf49f
case-00060,60534d3ee430ff99f7729f072fe17cdd8e5d9cf74466dc2d64fbb2c406e67cfe,CONTROLLED_TEST_MUTATION,future_timestamp,False,True,0.0329,False,0.2784,True,0.0158,False,0.2738,True,0.0076,False,3.4162,EVIDENCE_FRESHNESS_UNKNOWN|EVIDENCE_TIMESTAMP_IN_FUTURE,b2d83222fe4bab87f393b8e93c8a29f87ac2f8279ebd9de6ca63f25604bbf49f
case-00061,df6ce60db6607647773e84ea7583fc1b325384f5fb39eccb4557e5ccfc08409e,CONTROLLED_TEST_MUTATION,incomplete_payload,False,True,0.0357,False,0.1461,True,0.0157,False,0.1404,True,0.0094,False,3.4462,EVIDENCE_PAYLOAD_INCOMPLETE,b2d83222fe4bab87f393b8e93c8a29f87ac2f8279ebd9de6ca63f25604bbf49f
case-00062,08ae930fa373667fa8ff6f844a66becbb24aea09709a06e2f622628ca39153d1,CONTROLLED_TEST_MUTATION,payload_tamper_after_seal,False,True,0.033,False,0.0751,True,0.0147,False,0.0779,True,0.0071,False,3.3977,CHECKSUM_INVALID|EVIDENCE_ROOT_INVALID|EVIDENCE_SNAPSHOT_CONFLICT|RECORD_ENVELOPE_INVALID,b2d83222fe4bab87f393b8e93c8a29f87ac2f8279ebd9de6ca63f25604bbf49f
case-00063,64113b6023d436b90ad117b03f70bbe67cd9aa06b0fdf388bbb7242c27b749db,CONTROLLED_TEST_MUTATION,snapshot_score_conflict,False,True,0.0368,True,0.3173,True,0.017,True,0.3147,True,0.0098,False,3.5519,EVIDENCE_SNAPSHOT_CONFLICT,b2d83222fe4bab87f393b8e93c8a29f87ac2f8279ebd9de6ca63f25604bbf49f
case-00064,ddd46e66831ac320f1adf970f8ee959a0295a8242157c01beb912a78341f2a32,CONTROLLED_TEST_MUTATION,malformed_payload,False,True,0.0338,True,0.3076,True,0.0157,True,0.3049,True,0.0074,False,3.4741,EVIDENCE_PAYLOAD_SCHEMA_INVALID|EVIDENCE_SNAPSHOT_CONFLICT,b2d83222fe4bab87f393b8e93c8a29f87ac2f8279ebd9de6ca63f25604bbf49f
case-00065,6baa816e39df8c204928cb7da68500bcecf77e7e902670573f6f3e5ed841ab47,CONTROLLED_TEST_MUTATION,future_timestamp,False,True,0.0372,False,0.2928,True,0.0171,False,0.2803,True,0.0091,False,3.6533,EVIDENCE_FRESHNESS_UNKNOWN|EVIDENCE_TIMESTAMP_IN_FUTURE,b2d83222fe4bab87f393b8e93c8a29f87ac2f8279ebd9de6ca63f25604bbf49f
case-00066,7cb97617f3385a27bbe670957da7c92af1842a806cc0cc25c757d177809c218d,CONTROLLED_TEST_MUTATION,missing_direct_role,False,False,0.0182,False,0.0131,True,0.0139,False,0.0242,True,0.0051,False,3.1639,REQUIRED_ROLE_MISSING,b2d83222fe4bab87f393b8e93c8a29f87ac2f8279ebd9de6ca63f25604bbf49f
case-00067,8613ed4ab5cff38447ce68fef8650ea8eebb728281f481c5ebbb99ddd657734f,CONTROLLED_TEST_MUTATION,empty_payload,False,False,0.0802,False,0.0384,True,0.0136,False,0.0405,True,0.0064,False,3.4549,EVIDENCE_PAYLOAD_EMPTY|EVIDENCE_PAYLOAD_SCHEMA_INVALID|EVIDENCE_SNAPSHOT_CONFLICT,b2d83222fe4bab87f393b8e93c8a29f87ac2f8279ebd9de6ca63f25604bbf49f
case-00068,da18d4eea79abb0b8694b9b81a68dbfb362c978fbf5bb547bc141c4603553717,CONTROLLED_TEST_MUTATION,snapshot_score_conflict,False,True,0.0328,True,0.306,True,0.0154,True,0.3085,True,0.0073,False,3.4117,EVIDENCE_SNAPSHOT_CONFLICT,b2d83222fe4bab87f393b8e93c8a29f87ac2f8279ebd9de6ca63f25604bbf49f
case-00069,6888d4f30d624ed0656a6c6beef2abf6d4d657e726c6b9935cc23050ae3540af,CONTROLLED_TEST_MUTATION,missing_direct_role,False,False,0.0222,False,0.0137,True,0.0157,False,0.0255,True,0.0063,False,3.1561,REQUIRED_ROLE_MISSING,b2d83222fe4bab87f393b8e93c8a29f87ac2f8279ebd9de6ca63f25604bbf49f
case-00070,7d41ac9bc900113215edd20547bcd256391eb39d9f40271f91fc8715a3b84182,CONTROLLED_TEST_MUTATION,incomplete_payload,False,True,0.0347,False,0.1487,True,0.0157,False,0.1449,True,0.0077,False,3.526,EVIDENCE_PAYLOAD_INCOMPLETE,b2d83222fe4bab87f393b8e93c8a29f87ac2f8279ebd9de6ca63f25604bbf49f
case-00071,13ac4922465cdd3e361bce2f41f7de1c1ab3a4223ec1cf65ffb436fb0a88f4b9,CONTROLLED_TEST_MUTATION,future_timestamp,False,True,0.0417,False,0.3454,True,0.0186,False,0.3021,True,0.0111,False,3.9501,EVIDENCE_FRESHNESS_UNKNOWN|EVIDENCE_TIMESTAMP_IN_FUTURE,b2d83222fe4bab87f393b8e93c8a29f87ac2f8279ebd9de6ca63f25604bbf49f
case-00072,d0d3ab7554cb516105de1940914fbec417e81e31915b1fb5124da250119e3baf,CONTROLLED_TEST_MUTATION,root_signature_tamper_after_seal,False,True,0.0354,True,0.3195,True,0.0164,True,0.3414,True,0.0085,False,3.5884,EVIDENCE_ROOT_INVALID,b2d83222fe4bab87f393b8e93c8a29f87ac2f8279ebd9de6ca63f25604bbf49f
case-00073,6cb7c64b83bd5ff2c98ded5842c28791fe18e728cb4c0e465a18281875ff01c2,CONTROLLED_TEST_MUTATION,missing_direct_role,False,False,0.0216,False,0.0136,True,0.0159,False,0.0256,True,0.0064,False,3.2527,REQUIRED_ROLE_MISSING,b2d83222fe4bab87f393b8e93c8a29f87ac2f8279ebd9de6ca63f25604bbf49f
case-00074,d8c7739f68d18dd76be4cab4fe1140dc4d4c67d303745d7fe8981a8b2a2f7406,CLEAN_TEST_FIXTURE,none,True,True,0.0345,True,0.3155,True,0.0159,True,0.3176,True,0.0077,True,3.5944,ALL_REQUIRED_EVIDENCE_TRUSTWORTHY,b2d83222fe4bab87f393b8e93c8a29f87ac2f8279ebd9de6ca63f25604bbf49f
case-00075,ec5bfae2c4d9444f042ad98d45dd10fc968093152426789a528b3b24ff60febc,CONTROLLED_TEST_MUTATION,excluded_ancestor,False,True,0.0401,True,0.3405,True,0.0177,False,0.336,True,0.0076,False,3.7599,REQUIRED_INPUT_EXCLUDED,b2d83222fe4bab87f393b8e93c8a29f87ac2f8279ebd9de6ca63f25604bbf49f
case-00076,38522a8926da737280ef8cc04a2400c47bcf14e00d8fc80e8fdac6bc9bf9f8d3,CLEAN_TEST_FIXTURE,none,True,True,0.0375,True,0.3614,True,0.0173,True,0.3631,True,0.0083,True,4.0765,ALL_REQUIRED_EVIDENCE_TRUSTWORTHY,b2d83222fe4bab87f393b8e93c8a29f87ac2f8279ebd9de6ca63f25604bbf49f
case-00077,3a1fcd30f56afff0f340cba5cdd1f1dd2f1b73a7d41d701a5fd640811be30837,CONTROLLED_TEST_MUTATION,expired_import,False,True,0.039,False,0.2991,True,0.0182,False,0.2938,True,0.009,False,4.0748,EVIDENCE_STALE,b2d83222fe4bab87f393b8e93c8a29f87ac2f8279ebd9de6ca63f25604bbf49f
case-00078,1e8a138f9ce3f7db47d9a126658c69c2d78207c5ee72e5b5309e22ae5ef044d2,CONTROLLED_TEST_MUTATION,payload_tamper_after_seal,False,True,0.0361,False,0.0841,True,0.0163,False,0.0866,True,0.0078,False,4.4143,CHECKSUM_INVALID|EVIDENCE_ROOT_INVALID|EVIDENCE_SNAPSHOT_CONFLICT|RECORD_ENVELOPE_INVALID,b2d83222fe4bab87f393b8e93c8a29f87ac2f8279ebd9de6ca63f25604bbf49f
case-00079,35513bee12f87552736281385ac3a6562133f57d55bbada59208b0b739d91da7,CONTROLLED_TEST_MUTATION,root_signature_tamper_after_seal,False,True,0.0378,True,0.3384,True,0.0171,True,0.3357,True,0.0096,False,3.7033,EVIDENCE_ROOT_INVALID,b2d83222fe4bab87f393b8e93c8a29f87ac2f8279ebd9de6ca63f25604bbf49f
case-00080,4d76b29d41164b74d9333ff7c02a5e57ee328d82cde22979a92bf9c96903eb79,CONTROLLED_TEST_MUTATION,incomplete_payload,False,True,0.0339,False,0.1454,True,0.0154,False,0.1416,True,0.0081,False,4.4973,EVIDENCE_PAYLOAD_INCOMPLETE,b2d83222fe4bab87f393b8e93c8a29f87ac2f8279ebd9de6ca63f25604bbf49f
case-00081,7740ddf0c12c5c76768e4ef6079dca59ea19f0182331280ea2286f3203239711,CONTROLLED_TEST_MUTATION,root_signature_tamper_after_seal,False,True,0.036,True,0.3089,True,0.0162,True,0.309,True,0.008,False,3.4465,EVIDENCE_ROOT_INVALID,b2d83222fe4bab87f393b8e93c8a29f87ac2f8279ebd9de6ca63f25604bbf49f
case-00082,2de48dc85b78a50d75390417b77663b93982663c9a6bd4d4c5b4524af5fd6016,CONTROLLED_TEST_MUTATION,expired_import,False,True,0.0344,False,0.258,True,0.016,False,0.2524,True,0.0079,False,4.876,EVIDENCE_STALE,b2d83222fe4bab87f393b8e93c8a29f87ac2f8279ebd9de6ca63f25604bbf49f
case-00083,2bb2f48961715cd7991b363631e8fe9e1f7cafcc5ae6427f23e521f55ac126da,CONTROLLED_TEST_MUTATION,missing_lineage,False,True,0.0355,True,0.3144,True,0.0165,True,0.3127,True,0.0081,False,3.3537,EVIDENCE_LINEAGE_INCOMPLETE,b2d83222fe4bab87f393b8e93c8a29f87ac2f8279ebd9de6ca63f25604bbf49f
case-00084,c386826d84207101eb40ba4718c9db94be278eea466829bfdaa05bd87a9c9e16,CONTROLLED_TEST_MUTATION,missing_lineage,False,True,0.0335,True,0.305,True,0.0156,True,0.3063,True,0.0073,False,4.7633,EVIDENCE_LINEAGE_INCOMPLETE,b2d83222fe4bab87f393b8e93c8a29f87ac2f8279ebd9de6ca63f25604bbf49f
case-00085,ee7fc203fd20344d5267ce143668c39074708fb2de03f2f3fc809003041056f7,CONTROLLED_TEST_MUTATION,incomplete_payload,False,True,0.0344,False,0.1424,True,0.0155,False,0.1386,True,0.0082,False,3.4135,EVIDENCE_PAYLOAD_INCOMPLETE,b2d83222fe4bab87f393b8e93c8a29f87ac2f8279ebd9de6ca63f25604bbf49f
case-00086,71cef970afa8e3928d7ea5a0d0fadb6877bb55deffe6f6a8a3fa6c21571b7126,CONTROLLED_TEST_MUTATION,unavailable_record,False,True,0.0346,False,0.303,True,0.0161,False,0.3002,True,0.008,False,4.4562,EVIDENCE_LINEAGE_INCOMPLETE|EVIDENCE_UNAVAILABLE,b2d83222fe4bab87f393b8e93c8a29f87ac2f8279ebd9de6ca63f25604bbf49f
case-00087,9a3c9964f943f106bd56dadb78f78b7d759c515686624a520e5d2626bc2c439f,CONTROLLED_TEST_MUTATION,payload_tamper_after_seal,False,True,0.0347,False,0.0777,True,0.0151,False,0.0805,True,0.0077,False,3.4348,CHECKSUM_INVALID|EVIDENCE_ROOT_INVALID|EVIDENCE_SNAPSHOT_CONFLICT|RECORD_ENVELOPE_INVALID,b2d83222fe4bab87f393b8e93c8a29f87ac2f8279ebd9de6ca63f25604bbf49f
case-00088,ce9bc615590ea532de30015d35c7a7edaffb14efb87150af391c00c64aba810a,CONTROLLED_TEST_MUTATION,empty_payload,False,False,0.0349,False,0.028,True,0.0123,False,0.0397,True,0.0055,False,4.3524,EVIDENCE_PAYLOAD_EMPTY|EVIDENCE_PAYLOAD_SCHEMA_INVALID|EVIDENCE_SNAPSHOT_CONFLICT,b2d83222fe4bab87f393b8e93c8a29f87ac2f8279ebd9de6ca63f25604bbf49f
case-00089,1699d3863d2d3154ca40f4b13ab0c7d457279306a6acdcab0d2092b739ac4eb7,CONTROLLED_TEST_MUTATION,stale_live_observation,False,True,0.0347,False,0.2862,True,0.0161,False,0.28,True,0.0082,False,3.4301,EVIDENCE_STALE,b2d83222fe4bab87f393b8e93c8a29f87ac2f8279ebd9de6ca63f25604bbf49f
case-00090,0aa691ef14db5b1639e5966872c7ee8be47bc4e6f38a0f51d8dd4905b7a08c59,CONTROLLED_TEST_MUTATION,payload_tamper_after_seal,False,True,0.0325,False,0.0745,True,0.0146,False,0.0774,True,0.007,False,4.3769,CHECKSUM_INVALID|EVIDENCE_ROOT_INVALID|EVIDENCE_SNAPSHOT_CONFLICT|RECORD_ENVELOPE_INVALID,b2d83222fe4bab87f393b8e93c8a29f87ac2f8279ebd9de6ca63f25604bbf49f
case-00091,d3b38a4bafcf4a64942207427ee454474c3d9ae38661a6cb2abb612ab5e50b69,CONTROLLED_TEST_MUTATION,unknown_source,False,True,0.0346,True,0.3311,True,0.0156,True,0.3063,True,0.0078,False,3.4873,EVIDENCE_ROLE_SOURCE_NOT_ALLOWED|EVIDENCE_SOURCE_ID_UNKNOWN|EVIDENCE_SOURCE_POLICY_MISSING,b2d83222fe4bab87f393b8e93c8a29f87ac2f8279ebd9de6ca63f25604bbf49f
case-00092,a63828cf7209a04cfa52482a1b8c9841fc6be2c9252dbff6ef9e3148f216254d,CONTROLLED_TEST_MUTATION,malformed_payload,False,True,0.0565,True,0.3317,True,0.0153,True,0.3021,True,0.0073,False,4.3188,EVIDENCE_PAYLOAD_SCHEMA_INVALID|EVIDENCE_SNAPSHOT_CONFLICT,b2d83222fe4bab87f393b8e93c8a29f87ac2f8279ebd9de6ca63f25604bbf49f
case-00093,8f8b2e80b4280b0e932cb544404f529f3833450bb0316835c6e486370342892e,CONTROLLED_TEST_MUTATION,excluded_ancestor,False,True,0.0359,True,0.3192,True,0.0165,False,0.3153,True,0.0069,False,3.5118,REQUIRED_INPUT_EXCLUDED,b2d83222fe4bab87f393b8e93c8a29f87ac2f8279ebd9de6ca63f25604bbf49f
case-00094,1de41c2144bb4e2e81dd8fe1b5d9dfa7170533e8d721c1b1de04fe5b3ff9209e,CONTROLLED_TEST_MUTATION,payload_tamper_after_seal,False,True,0.0343,False,0.0788,True,0.0153,False,0.0819,True,0.0075,False,4.2831,CHECKSUM_INVALID|EVIDENCE_ROOT_INVALID|EVIDENCE_SNAPSHOT_CONFLICT|RECORD_ENVELOPE_INVALID,b2d83222fe4bab87f393b8e93c8a29f87ac2f8279ebd9de6ca63f25604bbf49f
case-00095,fad4dcc59cc1dd6e860d54322ad0eaa81c2efc19652113184eaa51c63c0e61ea,CLEAN_TEST_FIXTURE,none,True,True,0.0358,True,0.3187,True,0.0165,True,0.3159,True,0.0082,True,3.522,ALL_REQUIRED_EVIDENCE_TRUSTWORTHY,b2d83222fe4bab87f393b8e93c8a29f87ac2f8279ebd9de6ca63f25604bbf49f
case-00096,17afc40282113932e23ab6cd00d98d2b689cadf80ce7a09f98535753e32db23e,CONTROLLED_TEST_MUTATION,payload_tamper_after_seal,False,True,0.0342,False,0.0785,True,0.0152,False,0.0811,True,0.0074,False,4.836,CHECKSUM_INVALID|EVIDENCE_ROOT_INVALID|EVIDENCE_SNAPSHOT_CONFLICT|RECORD_ENVELOPE_INVALID,b2d83222fe4bab87f393b8e93c8a29f87ac2f8279ebd9de6ca63f25604bbf49f
case-00097,590e0298a0cda2dd0d0a1845fb8e92aac6160b0ea1c0fb0d63c0185dc00169be,CLEAN_TEST_FIXTURE,none,True,True,0.0362,True,0.3152,True,0.0168,True,0.3161,True,0.0093,True,3.5817,ALL_REQUIRED_EVIDENCE_TRUSTWORTHY,b2d83222fe4bab87f393b8e93c8a29f87ac2f8279ebd9de6ca63f25604bbf49f
case-00098,ce5136b03f7ff0cbc6d042e11a1c9af9cc8a8d602d3afb9a665259fd46feac9a,CONTROLLED_TEST_MUTATION,payload_tamper_after_seal,False,True,0.034,False,0.0877,True,0.0165,False,0.1012,True,0.0174,False,4.5334,CHECKSUM_INVALID|EVIDENCE_ROOT_INVALID|EVIDENCE_SNAPSHOT_CONFLICT|RECORD_ENVELOPE_INVALID,b2d83222fe4bab87f393b8e93c8a29f87ac2f8279ebd9de6ca63f25604bbf49f
case-00099,1ce2cd9cd7c6547916e3f65d390be37a7c718fd5431af422f92d21689fa1b515,CONTROLLED_TEST_MUTATION,snapshot_score_conflict,False,True,0.035,True,0.3317,True,0.0162,True,0.3364,True,0.008,False,3.7205,EVIDENCE_SNAPSHOT_CONFLICT,b2d83222fe4bab87f393b8e93c8a29f87ac2f8279ebd9de6ca63f25604bbf49f
case-00100,5cc68ae80d3918d71e4302a6928d95a31abf194887d447e3a28d7a5c5a23933f,CONTROLLED_TEST_MUTATION,broken_lineage,False,True,0.0373,True,0.32,True,0.0169,True,0.3117,True,0.0091,False,3.4832,EVIDENCE_LINEAGE_INVALID,b2d83222fe4bab87f393b8e93c8a29f87ac2f8279ebd9de6ca63f25604bbf49f
case-00101,51c6c4bc7067fd17b7b9d19ad558c733f8a42842ca8a1b47498b1da574dfca49,CONTROLLED_TEST_MUTATION,lineage_cycle,False,True,0.0332,True,0.3044,True,0.0152,True,0.3054,True,0.0072,False,3.8963,EVIDENCE_LINEAGE_INVALID,b2d83222fe4bab87f393b8e93c8a29f87ac2f8279ebd9de6ca63f25604bbf49f
case-00102,cea780b66dc1abea7231ae7e270ba338a43696bcdc27eca9d742543352e3567c,CONTROLLED_TEST_MUTATION,lineage_cycle,False,True,0.0381,True,0.3242,True,0.0169,True,0.3176,True,0.0098,False,3.5956,EVIDENCE_LINEAGE_INVALID,b2d83222fe4bab87f393b8e93c8a29f87ac2f8279ebd9de6ca63f25604bbf49f
case-00103,b34fc68780e1f8b105a8459467d39eb94c4eac03a20e4387128d83555ff75527,CONTROLLED_TEST_MUTATION,snapshot_score_conflict,False,True,0.0345,True,0.3215,True,0.0162,True,0.3211,True,0.0076,False,3.52,EVIDENCE_SNAPSHOT_CONFLICT,b2d83222fe4bab87f393b8e93c8a29f87ac2f8279ebd9de6ca63f25604bbf49f
case-00104,779b1232470cd6fe32bb1025ae0258a70d30234aa21f6a9296f24d2be37eb451,CLEAN_TEST_FIXTURE,none,True,True,0.0373,True,0.3453,True,0.017,True,0.3179,True,0.0097,True,3.6539,ALL_REQUIRED_EVIDENCE_TRUSTWORTHY,b2d83222fe4bab87f393b8e93c8a29f87ac2f8279ebd9de6ca63f25604bbf49f
case-00105,51981d92e11c2dd3b077b16dd5016940db68e8d4568db1b5515dd5831126b0c3,CONTROLLED_TEST_MUTATION,unavailable_record,False,True,0.0348,False,0.2889,True,0.0161,False,0.2813,True,0.0082,False,3.659,EVIDENCE_LINEAGE_INCOMPLETE|EVIDENCE_UNAVAILABLE,b2d83222fe4bab87f393b8e93c8a29f87ac2f8279ebd9de6ca63f25604bbf49f
case-00106,207e251934933cbff11b98f4a69140d2685a66775d54ea4937190402db283e10,CONTROLLED_TEST_MUTATION,wrong_context,False,True,0.0361,True,0.322,True,0.0167,True,0.3188,True,0.0081,False,3.6369,EVIDENCE_CONTEXT_MISMATCH,b2d83222fe4bab87f393b8e93c8a29f87ac2f8279ebd9de6ca63f25604bbf49f
case-00107,df54af054b738e515d926aa8759c2d24de8bb5c7317ef9eed9dfc1d74f5be4bf,CONTROLLED_TEST_MUTATION,excluded_ancestor,False,True,0.0345,True,0.3402,True,0.016,False,0.3191,True,0.0064,False,4.324,REQUIRED_INPUT_EXCLUDED,b2d83222fe4bab87f393b8e93c8a29f87ac2f8279ebd9de6ca63f25604bbf49f
case-00108,3b71ae1ea9c1d8077749fc5fb2d6dd5871cb88d02b94fefcabde670716a0e3b4,CONTROLLED_TEST_MUTATION,lineage_cycle,False,True,0.0356,True,0.3187,True,0.0163,True,0.317,True,0.008,False,3.5561,EVIDENCE_LINEAGE_INVALID,b2d83222fe4bab87f393b8e93c8a29f87ac2f8279ebd9de6ca63f25604bbf49f
case-00109,7d197bdca7b6a6664bc035e9c2b22e9d7c26192a177e879cca5834bc494f7ebe,CLEAN_TEST_FIXTURE,none,True,True,0.0425,True,0.3112,True,0.0153,True,0.3112,True,0.0075,True,4.8416,ALL_REQUIRED_EVIDENCE_TRUSTWORTHY,b2d83222fe4bab87f393b8e93c8a29f87ac2f8279ebd9de6ca63f25604bbf49f
case-00110,fb781ac969399347089af16bc36a3afc4df8139210dab4da07a86ccea082033e,CONTROLLED_TEST_MUTATION,payload_tamper_after_seal,False,True,0.0358,False,0.0787,True,0.0159,False,0.0812,True,0.008,False,3.5495,CHECKSUM_INVALID|EVIDENCE_ROOT_INVALID|EVIDENCE_SNAPSHOT_CONFLICT|RECORD_ENVELOPE_INVALID,b2d83222fe4bab87f393b8e93c8a29f87ac2f8279ebd9de6ca63f25604bbf49f
case-00111,41ced739130a5bfad42de27eef5e501eb92ff1058c8f470ff0a5cc8757955d14,CONTROLLED_TEST_MUTATION,broken_lineage,False,True,0.0346,True,0.3165,True,0.0159,True,0.318,True,0.0076,False,4.5285,EVIDENCE_LINEAGE_INVALID,b2d83222fe4bab87f393b8e93c8a29f87ac2f8279ebd9de6ca63f25604bbf49f
case-00112,f456374d09484cda685afa746122fea6eb1c7f56e99cc04707218be9647ddfa4,CONTROLLED_TEST_MUTATION,role_conflict,False,True,0.0386,True,0.3401,True,0.0177,False,0.3349,True,0.0075,False,3.8317,EVIDENCE_ROLE_CONFLICT,b2d83222fe4bab87f393b8e93c8a29f87ac2f8279ebd9de6ca63f25604bbf49f
case-00113,0d3ce7fc4d05454448680455108924314ec93125ff07d65e23fbd6c4cd1e1299,CLEAN_TEST_FIXTURE,none,True,True,0.0349,True,0.3168,True,0.0161,True,0.3573,True,0.0087,True,4.3416,ALL_REQUIRED_EVIDENCE_TRUSTWORTHY,b2d83222fe4bab87f393b8e93c8a29f87ac2f8279ebd9de6ca63f25604bbf49f
case-00114,1c4960a9d528e7c066e0593abe50c2e4d8df2c0a47792699ad5259175652672c,CONTROLLED_TEST_MUTATION,empty_payload,False,False,0.0468,False,0.03,True,0.014,False,0.0434,True,0.0066,False,3.7292,EVIDENCE_PAYLOAD_EMPTY|EVIDENCE_PAYLOAD_SCHEMA_INVALID|EVIDENCE_SNAPSHOT_CONFLICT,b2d83222fe4bab87f393b8e93c8a29f87ac2f8279ebd9de6ca63f25604bbf49f
case-00115,e74afd5224950951729063e19d03a9cdb19a87a0a529c9c12728e4253fc98e4a,CONTROLLED_TEST_MUTATION,stale_live_observation,False,True,0.0348,False,0.2946,True,0.0164,False,0.2853,True,0.0079,False,4.291,EVIDENCE_STALE,b2d83222fe4bab87f393b8e93c8a29f87ac2f8279ebd9de6ca63f25604bbf49f
case-00116,a974a6bb14ab47fe1d9e83268b9e046651b735014977ed75e666c71742050b71,CONTROLLED_TEST_MUTATION,missing_direct_role,False,False,0.0184,False,0.0136,True,0.014,False,0.0246,True,0.0058,False,3.0034,REQUIRED_ROLE_MISSING,b2d83222fe4bab87f393b8e93c8a29f87ac2f8279ebd9de6ca63f25604bbf49f
case-00117,878c43c96a026860639b0076b80aef93364a2fe314030180e9045ccfdb5aefe4,CONTROLLED_TEST_MUTATION,future_timestamp,False,True,0.0338,False,0.2819,True,0.0155,False,0.2727,True,0.0076,False,4.434,EVIDENCE_FRESHNESS_UNKNOWN|EVIDENCE_TIMESTAMP_IN_FUTURE,b2d83222fe4bab87f393b8e93c8a29f87ac2f8279ebd9de6ca63f25604bbf49f
case-00118,8e9fc8611bff7e4901ddd06c4a7be7adbe2f1dfd080217c7f55a0437cbacaa78,CONTROLLED_TEST_MUTATION,unknown_source,False,True,0.0346,True,0.3059,True,0.016,True,0.3068,True,0.0077,False,3.4116,EVIDENCE_ROLE_SOURCE_NOT_ALLOWED|EVIDENCE_SOURCE_ID_UNKNOWN|EVIDENCE_SOURCE_POLICY_MISSING,b2d83222fe4bab87f393b8e93c8a29f87ac2f8279ebd9de6ca63f25604bbf49f
case-00119,94d3d657e32ddeff6cf25dd15f47f139072a899ea6b039acda5d9a1f029263a5,CONTROLLED_TEST_MUTATION,source_type_impersonation,False,True,0.0335,True,0.307,True,0.0153,True,0.3076,True,0.0072,False,4.6084,EVIDENCE_ROLE_SOURCE_NOT_ALLOWED|OPERATOR_EVIDENCE_UNVERIFIED,b2d83222fe4bab87f393b8e93c8a29f87ac2f8279ebd9de6ca63f25604bbf49f
case-00120,069dbe32861729552b5c43d172eff4eb642a97f65af22b7dcd6c9710cc7f958f,CONTROLLED_TEST_MUTATION,root_signature_tamper_after_seal,False,True,0.0361,True,0.318,True,0.0163,True,0.3171,True,0.0081,False,3.503,EVIDENCE_ROOT_INVALID,b2d83222fe4bab87f393b8e93c8a29f87ac2f8279ebd9de6ca63f25604bbf49f
case-00121,c82033077eae24355733d4ff406a0486407d06df6cd3dc402faf0f2608291682,CONTROLLED_TEST_MUTATION,missing_lineage,False,True,0.0343,True,0.3188,True,0.0159,True,0.3162,True,0.0076,False,4.3697,EVIDENCE_LINEAGE_INCOMPLETE,b2d83222fe4bab87f393b8e93c8a29f87ac2f8279ebd9de6ca63f25604bbf49f
case-00122,af057c2c50aeda51057677f5da7056848a1d03c3bb7e5e972ba0c07cb025033d,CONTROLLED_TEST_MUTATION,role_conflict,False,True,0.0386,True,0.3494,True,0.017,False,0.3278,True,0.0073,False,3.7438,EVIDENCE_ROLE_CONFLICT,b2d83222fe4bab87f393b8e93c8a29f87ac2f8279ebd9de6ca63f25604bbf49f
case-00123,71be200fc2d82210d88ba9341ea6f89fdb334b6ebce5d7781d611c41e70b7aab,CONTROLLED_TEST_MUTATION,wrong_context,False,True,0.0343,True,0.3096,True,0.0157,True,0.4357,True,0.0101,False,4.2302,EVIDENCE_CONTEXT_MISMATCH,b2d83222fe4bab87f393b8e93c8a29f87ac2f8279ebd9de6ca63f25604bbf49f
case-00124,2c6f20104c3e8ed42b73169d81a95ae4b6bbf91ed4dda403cbf3a67873a98358,CONTROLLED_TEST_MUTATION,root_signature_tamper_after_seal,False,True,0.0349,True,0.3157,True,0.0162,True,0.3159,True,0.0083,False,3.4959,EVIDENCE_ROOT_INVALID,b2d83222fe4bab87f393b8e93c8a29f87ac2f8279ebd9de6ca63f25604bbf49f
case-00125,1ef05ae531f01ac2662be42ec01463edf160d8b4e312051af4f05773dbc4c934,CONTROLLED_TEST_MUTATION,snapshot_score_conflict,False,True,0.0412,True,0.9634,True,0.0216,True,0.3376,True,0.0104,False,3.6401,EVIDENCE_SNAPSHOT_CONFLICT,b2d83222fe4bab87f393b8e93c8a29f87ac2f8279ebd9de6ca63f25604bbf49f
case-00126,45f07922181d3aea4ed0cf4074bc4d0513509562cfa31bfadc2ac1cc350fa0a0,CONTROLLED_TEST_MUTATION,payload_tamper_after_seal,False,True,0.0346,False,0.0783,True,0.0156,False,0.0812,True,0.0073,False,3.5236,CHECKSUM_INVALID|EVIDENCE_ROOT_INVALID|EVIDENCE_SNAPSHOT_CONFLICT|RECORD_ENVELOPE_INVALID,b2d83222fe4bab87f393b8e93c8a29f87ac2f8279ebd9de6ca63f25604bbf49f
case-00127,60e13d8b35985c6893f3ebeb250ae9383508556178edf9f62ff071a7a5127f4e,CONTROLLED_TEST_MUTATION,broken_lineage,False,True,0.0514,True,0.7664,True,0.0203,True,0.3337,True,0.0109,False,3.7368,EVIDENCE_LINEAGE_INVALID,b2d83222fe4bab87f393b8e93c8a29f87ac2f8279ebd9de6ca63f25604bbf49f
case-00128,8536ff1ffbecd11ec43c2072d2b9ac10fe7ead607370ef3c17cc8194986d2ea3,CONTROLLED_TEST_MUTATION,missing_lineage,False,True,0.0345,True,0.3125,True,0.016,True,0.3169,True,0.0075,False,3.4322,EVIDENCE_LINEAGE_INCOMPLETE,b2d83222fe4bab87f393b8e93c8a29f87ac2f8279ebd9de6ca63f25604bbf49f
case-00129,74bc83f2238e6e8f07fe67ab47e46b87b9b25ae59a7723b0470b0c13f98b618a,CONTROLLED_TEST_MUTATION,lineage_cycle,False,True,0.0378,True,0.3264,True,0.0168,True,0.3185,True,0.0098,False,3.6212,EVIDENCE_LINEAGE_INVALID,b2d83222fe4bab87f393b8e93c8a29f87ac2f8279ebd9de6ca63f25604bbf49f
case-00130,1fd89cb68a56aa488184e3f24cd9cf138b195e9717361b307c7e76e9726fc6a4,CONTROLLED_TEST_MUTATION,stale_live_observation,False,True,0.0341,False,0.2882,True,0.0159,False,0.281,False,0.0077,False,3.5119,EVIDENCE_STALE,b2d83222fe4bab87f393b8e93c8a29f87ac2f8279ebd9de6ca63f25604bbf49f
case-00131,e4f754acf3992fab76b3268df7dbff8d9004bc6be9264fe5ef936b07ed9c4a03,CONTROLLED_TEST_MUTATION,wrong_context,False,True,0.0374,True,0.3222,True,0.0168,True,0.3165,True,0.0095,False,3.5776,EVIDENCE_CONTEXT_MISMATCH,b2d83222fe4bab87f393b8e93c8a29f87ac2f8279ebd9de6ca63f25604bbf49f
case-00132,e090e50476f86b402bbece30335c887957bd79bb7bbada74741772d6917f0b2a,CONTROLLED_TEST_MUTATION,stale_live_observation,False,True,0.0333,False,0.2812,True,0.0154,False,0.2729,True,0.0077,False,3.4316,EVIDENCE_STALE,b2d83222fe4bab87f393b8e93c8a29f87ac2f8279ebd9de6ca63f25604bbf49f
case-00133,399ea373764323871685a4054d92fdda7af971bcc44ea160b08ebf7920864f75,CONTROLLED_TEST_MUTATION,unknown_source,False,True,0.0362,True,0.3154,True,0.0164,True,0.3147,True,0.0097,False,3.4784,EVIDENCE_ROLE_SOURCE_NOT_ALLOWED|EVIDENCE_SOURCE_ID_UNKNOWN|EVIDENCE_SOURCE_POLICY_MISSING,b2d83222fe4bab87f393b8e93c8a29f87ac2f8279ebd9de6ca63f25604bbf49f
case-00134,af3d3778f55bd5cedea34046dd0b3aba59776f49c5d13cfb3079529604ce9438,CONTROLLED_TEST_MUTATION,future_timestamp,False,True,0.0334,False,0.2823,True,0.0156,False,0.2782,True,0.0079,False,3.639,EVIDENCE_FRESHNESS_UNKNOWN|EVIDENCE_TIMESTAMP_IN_FUTURE,b2d83222fe4bab87f393b8e93c8a29f87ac2f8279ebd9de6ca63f25604bbf49f
case-00135,415f33509d280ff693c474fc8ca58b34c578c2e87685969286b6cfb387af77c8,CONTROLLED_TEST_MUTATION,incomplete_payload,False,True,0.0364,False,0.147,True,0.0163,False,0.1409,True,0.0096,False,3.4558,EVIDENCE_PAYLOAD_INCOMPLETE,b2d83222fe4bab87f393b8e93c8a29f87ac2f8279ebd9de6ca63f25604bbf49f
case-00136,9cb9ff264385c946c380567203d2c241a31d522e40400b7c2e9d286a6d52d43e,CLEAN_TEST_FIXTURE,none,True,True,0.0333,True,0.3056,True,0.0155,True,0.305,True,0.0074,True,3.3961,ALL_REQUIRED_EVIDENCE_TRUSTWORTHY,b2d83222fe4bab87f393b8e93c8a29f87ac2f8279ebd9de6ca63f25604bbf49f
case-00137,05460d8f260295b47648db09ca815b72dda72a99a1eaa664dbdde864d347e8f6,CONTROLLED_TEST_MUTATION,payload_tamper_after_seal,False,True,0.0356,False,0.0792,True,0.0157,False,0.0797,True,0.0079,False,3.4646,CHECKSUM_INVALID|EVIDENCE_ROOT_INVALID|EVIDENCE_SNAPSHOT_CONFLICT|RECORD_ENVELOPE_INVALID,b2d83222fe4bab87f393b8e93c8a29f87ac2f8279ebd9de6ca63f25604bbf49f
case-00138,1ec9bfc7e799f6484676ccbeec5164e59e4b3b5307d93cf5f5ddcad9dc392db2,CONTROLLED_TEST_MUTATION,future_timestamp,False,True,0.0336,False,0.2804,True,0.0154,False,0.2736,True,0.0076,False,3.4098,EVIDENCE_FRESHNESS_UNKNOWN|EVIDENCE_TIMESTAMP_IN_FUTURE,b2d83222fe4bab87f393b8e93c8a29f87ac2f8279ebd9de6ca63f25604bbf49f
case-00139,73974f01995551bd06adaa6d6fcc41bea8a3e675848dc51ba00f72bcd15593f8,CONTROLLED_TEST_MUTATION,unknown_source,False,True,0.0381,True,0.322,True,0.017,True,0.3192,True,0.0097,False,3.5515,EVIDENCE_ROLE_SOURCE_NOT_ALLOWED|EVIDENCE_SOURCE_ID_UNKNOWN|EVIDENCE_SOURCE_POLICY_MISSING,b2d83222fe4bab87f393b8e93c8a29f87ac2f8279ebd9de6ca63f25604bbf49f
case-00140,cfa879c20a582ad493ff7fe7fecea14e60118efb9e682dbfea6b257e6b95cb09,CONTROLLED_TEST_MUTATION,lineage_cycle,False,True,0.0343,True,0.3137,True,0.0158,True,0.3139,True,0.0077,False,3.5101,EVIDENCE_LINEAGE_INVALID,b2d83222fe4bab87f393b8e93c8a29f87ac2f8279ebd9de6ca63f25604bbf49f
case-00141,fb1524858bccaa73a8f7093b184b5666eb3746ea80f2a2c531ab8652ed1e92ac,CONTROLLED_TEST_MUTATION,malformed_payload,False,True,0.0374,True,0.3173,True,0.0172,True,0.3145,True,0.0093,False,3.5208,EVIDENCE_PAYLOAD_SCHEMA_INVALID|EVIDENCE_SNAPSHOT_CONFLICT,b2d83222fe4bab87f393b8e93c8a29f87ac2f8279ebd9de6ca63f25604bbf49f
case-00142,77a2c6cdaeed6950a7ac27d64c535440672ddd922bc49cc7d382f35093fb5c52,CLEAN_TEST_FIXTURE,none,True,True,0.0336,True,0.3126,True,0.0157,True,0.3158,True,0.0078,True,3.5114,ALL_REQUIRED_EVIDENCE_TRUSTWORTHY,b2d83222fe4bab87f393b8e93c8a29f87ac2f8279ebd9de6ca63f25604bbf49f
case-00143,e0e1304bf6c76880bc575ba4f358f5a50b0b4667b34bc7253dc927ba50c8b0cd,CONTROLLED_TEST_MUTATION,wrong_context,False,True,0.0373,True,0.3239,True,0.0169,True,0.3194,True,0.0098,False,3.5598,EVIDENCE_CONTEXT_MISMATCH,b2d83222fe4bab87f393b8e93c8a29f87ac2f8279ebd9de6ca63f25604bbf49f
case-00144,fe02f0449b11af0b8365c5571ee61daa595d831745c45047095cab510c12184a,CLEAN_TEST_FIXTURE,none,True,True,0.0344,True,0.3131,True,0.0156,True,0.3149,True,0.0077,True,3.6087,ALL_REQUIRED_EVIDENCE_TRUSTWORTHY,b2d83222fe4bab87f393b8e93c8a29f87ac2f8279ebd9de6ca63f25604bbf49f
case-00145,b9f122080a48141b24708f5aae18379a80eb44bf4b92f653b8ca45fdf6d8a96b,CONTROLLED_TEST_MUTATION,root_signature_tamper_after_seal,False,True,0.0364,True,0.3117,True,0.0167,True,0.3098,True,0.0096,False,3.4474,EVIDENCE_ROOT_INVALID,b2d83222fe4bab87f393b8e93c8a29f87ac2f8279ebd9de6ca63f25604bbf49f
case-00146,6a6859b42d9983c1479eaf9005004e96881c47ea657718e20013f9adb4928616,CONTROLLED_TEST_MUTATION,wrong_context,False,True,0.0334,True,0.3044,True,0.0155,True,0.3057,True,0.0074,False,3.4691,EVIDENCE_CONTEXT_MISMATCH,b2d83222fe4bab87f393b8e93c8a29f87ac2f8279ebd9de6ca63f25604bbf49f
case-00147,e4f3fcffff5f3b6b1a95c2f0f50677b784ec9eaa1e3ccec415dca15e67460ad6,CLEAN_TEST_FIXTURE,none,True,True,0.0369,True,0.324,True,0.0248,True,0.312,True,0.0096,True,3.8843,ALL_REQUIRED_EVIDENCE_TRUSTWORTHY,b2d83222fe4bab87f393b8e93c8a29f87ac2f8279ebd9de6ca63f25604bbf49f
case-00148,9c84753d4ca0d33f8e7c0dcc48874de5b88fe179dc0f8fe3e5156d897f15450b,CONTROLLED_TEST_MUTATION,lineage_cycle,False,True,0.0329,True,0.3049,True,0.015,True,0.307,True,0.0072,False,4.3266,EVIDENCE_LINEAGE_INVALID,b2d83222fe4bab87f393b8e93c8a29f87ac2f8279ebd9de6ca63f25604bbf49f
case-00149,2511e34cb756e2880fb1efd63de415e5740bb6c7098bcd05b0cd90db275c2e76,CONTROLLED_TEST_MUTATION,expired_import,False,True,0.0369,False,0.2753,True,0.0169,False,0.2723,True,0.0085,False,3.6442,EVIDENCE_STALE,b2d83222fe4bab87f393b8e93c8a29f87ac2f8279ebd9de6ca63f25604bbf49f
case-00150,c3b323c43fa399fd324c451be700f424bcb028f7d6ab452a28546dbb36256030,CONTROLLED_TEST_MUTATION,wrong_context,False,True,0.0336,True,0.3048,True,0.0153,True,0.3044,True,0.0072,False,4.1681,EVIDENCE_CONTEXT_MISMATCH,b2d83222fe4bab87f393b8e93c8a29f87ac2f8279ebd9de6ca63f25604bbf49f
case-00151,0144521d4f8a0ac894755f816137f4cc6c4fb185c339af43af8af1f749168b8c,CONTROLLED_TEST_MUTATION,expired_import,False,True,0.0348,False,0.2562,True,0.016,False,0.2511,True,0.0083,False,3.4223,EVIDENCE_STALE,b2d83222fe4bab87f393b8e93c8a29f87ac2f8279ebd9de6ca63f25604bbf49f
case-00152,8a9066f35c55e3a644d68d59c9e9fc77a9c95370dd3c06d3fea0568dfd652aea,CONTROLLED_TEST_MUTATION,missing_lineage,False,True,0.0347,True,0.3267,True,0.0155,True,0.329,True,0.0074,False,4.2688,EVIDENCE_LINEAGE_INCOMPLETE,b2d83222fe4bab87f393b8e93c8a29f87ac2f8279ebd9de6ca63f25604bbf49f
case-00153,08773d3f21d76e6aee4f60d30d652247a8225762130d3c4a001bb81b9c45ed08,CONTROLLED_TEST_MUTATION,lineage_cycle,False,True,0.0357,True,0.3141,True,0.0162,True,0.3119,True,0.0081,False,3.5382,EVIDENCE_LINEAGE_INVALID,b2d83222fe4bab87f393b8e93c8a29f87ac2f8279ebd9de6ca63f25604bbf49f
case-00154,698b67faa5d759cb2875379a998612fb472e9da297075b747db6d1870029ff8e,CONTROLLED_TEST_MUTATION,unknown_source,False,True,0.0343,True,0.3116,True,0.0158,True,0.3142,True,0.0075,False,4.4491,EVIDENCE_ROLE_SOURCE_NOT_ALLOWED|EVIDENCE_SOURCE_ID_UNKNOWN|EVIDENCE_SOURCE_POLICY_MISSING,b2d83222fe4bab87f393b8e93c8a29f87ac2f8279ebd9de6ca63f25604bbf49f
case-00155,6ca030ebd3d87f62d3959ad15e0000c3af88067c78e75411d05d5946564291ab,CONTROLLED_TEST_MUTATION,payload_tamper_after_seal,False,True,0.0362,False,0.0815,True,0.016,False,0.0871,True,0.0083,False,3.8198,CHECKSUM_INVALID|EVIDENCE_ROOT_INVALID|EVIDENCE_SNAPSHOT_CONFLICT|RECORD_ENVELOPE_INVALID,b2d83222fe4bab87f393b8e93c8a29f87ac2f8279ebd9de6ca63f25604bbf49f
case-00156,074feab13d08a25603efb269bc2331805724d30ca572b500b3b45c0aceac4bfb,CONTROLLED_TEST_MUTATION,wrong_context,False,True,0.0336,True,0.3129,True,0.0156,True,0.3134,True,0.0073,False,4.4247,EVIDENCE_CONTEXT_MISMATCH,b2d83222fe4bab87f393b8e93c8a29f87ac2f8279ebd9de6ca63f25604bbf49f
case-00157,7502e15d3595ccede395d4ad503440746fbe07594d0070548dd2b46928a812d1,CONTROLLED_TEST_MUTATION,snapshot_score_conflict,False,True,0.0342,True,0.3054,True,0.0159,True,0.3052,True,0.0079,False,3.4905,EVIDENCE_SNAPSHOT_CONFLICT,b2d83222fe4bab87f393b8e93c8a29f87ac2f8279ebd9de6ca63f25604bbf49f
case-00158,ce86a13b24e6576d2edf3e713f622de7eab1ed95a474ae5fc54f12d597f1b90d,CLEAN_TEST_FIXTURE,none,True,True,0.0334,True,0.3074,True,0.0156,True,0.3197,True,0.0077,True,4.5059,ALL_REQUIRED_EVIDENCE_TRUSTWORTHY,b2d83222fe4bab87f393b8e93c8a29f87ac2f8279ebd9de6ca63f25604bbf49f
case-00159,46ce86d93439ca13ac61ab4807c0a66e19669bc06a7c1b406a8d07c372a806b3,CONTROLLED_TEST_MUTATION,snapshot_score_conflict,False,True,0.0366,True,0.3421,True,0.0168,True,0.3401,True,0.0081,False,3.8447,EVIDENCE_SNAPSHOT_CONFLICT,b2d83222fe4bab87f393b8e93c8a29f87ac2f8279ebd9de6ca63f25604bbf49f
case-00160,6e7c98302c2bea1482bbdd92780b2371cbc061089b12ddd1ff733b4a691caab2,CONTROLLED_TEST_MUTATION,unknown_source,False,True,0.0361,True,0.3154,True,0.0163,True,0.3092,True,0.0091,False,3.4707,EVIDENCE_ROLE_SOURCE_NOT_ALLOWED|EVIDENCE_SOURCE_ID_UNKNOWN|EVIDENCE_SOURCE_POLICY_MISSING,b2d83222fe4bab87f393b8e93c8a29f87ac2f8279ebd9de6ca63f25604bbf49f
case-00161,02ad1301bfe2c4c793b6fdc718abbbab1b97d9d2b550d904ba4b9e163aeda439,CONTROLLED_TEST_MUTATION,expired_import,False,True,0.0332,False,0.2941,True,0.0154,False,0.2517,True,0.0077,False,3.4687,EVIDENCE_STALE,b2d83222fe4bab87f393b8e93c8a29f87ac2f8279ebd9de6ca63f25604bbf49f
case-00162,3fd239b5109cf3a972fdcf7abcb97d4135de72b4780cbe69b4835ecfd7d0bffb,CONTROLLED_TEST_MUTATION,snapshot_score_conflict,False,True,0.0371,True,0.3213,True,0.0166,True,0.313,True,0.0092,False,3.4852,EVIDENCE_SNAPSHOT_CONFLICT,b2d83222fe4bab87f393b8e93c8a29f87ac2f8279ebd9de6ca63f25604bbf49f
case-00163,bd2cdc9e16db7745b03ce89e726e1f81ee7858120061e24ded8dfd6238b8e235,CLEAN_TEST_FIXTURE,none,True,True,0.0334,True,0.3043,True,0.0157,True,0.3038,True,0.0075,True,3.4309,ALL_REQUIRED_EVIDENCE_TRUSTWORTHY,b2d83222fe4bab87f393b8e93c8a29f87ac2f8279ebd9de6ca63f25604bbf49f
case-00164,6b451eb0c748fd75d801b4dc399664ff1d94a3a21784ff5d4d5b73681d1a7ea2,CONTROLLED_TEST_MUTATION,malformed_payload,False,True,0.0437,True,0.3724,True,0.0198,True,0.3626,True,0.0179,False,3.4513,EVIDENCE_PAYLOAD_SCHEMA_INVALID|EVIDENCE_SNAPSHOT_CONFLICT,b2d83222fe4bab87f393b8e93c8a29f87ac2f8279ebd9de6ca63f25604bbf49f
case-00165,eff25298c38bab3fe3e86ed5717538de18dccb5d1e09138907db8390f9fb20e3,CLEAN_TEST_FIXTURE,none,True,True,0.0331,True,0.3037,True,0.0153,True,0.3051,True,0.0075,True,3.4164,ALL_REQUIRED_EVIDENCE_TRUSTWORTHY,b2d83222fe4bab87f393b8e93c8a29f87ac2f8279ebd9de6ca63f25604bbf49f
case-00166,7bb8e06e5f1f126d99c6b8b429b25b6b8baa451112643b321cc6d9daddb13948,CONTROLLED_TEST_MUTATION,wrong_context,False,True,0.0366,True,0.3152,True,0.0164,True,0.3141,True,0.0098,False,3.4645,EVIDENCE_CONTEXT_MISMATCH,b2d83222fe4bab87f393b8e93c8a29f87ac2f8279ebd9de6ca63f25604bbf49f
case-00167,5f221acc723ca0380e1297d2a331a46fb84372cd5481eabc43cfa4a091fbaf86,CONTROLLED_TEST_MUTATION,source_type_impersonation,False,True,0.0334,True,0.3047,True,0.0157,True,0.3534,True,0.012,False,3.8224,EVIDENCE_ROLE_SOURCE_NOT_ALLOWED|OPERATOR_EVIDENCE_UNVERIFIED,b2d83222fe4bab87f393b8e93c8a29f87ac2f8279ebd9de6ca63f25604bbf49f
case-00168,322a578871d8f6f150842338843729f7d1fd5929d83da9c3abeeb9f5f42c8f34,CONTROLLED_TEST_MUTATION,malformed_payload,False,True,0.0588,True,0.3087,True,0.0168,True,0.3039,True,0.01,False,3.5195,EVIDENCE_PAYLOAD_SCHEMA_INVALID|EVIDENCE_SNAPSHOT_CONFLICT,b2d83222fe4bab87f393b8e93c8a29f87ac2f8279ebd9de6ca63f25604bbf49f
case-00169,3b4a7099367ca6892ab3bd180f074cdd677d099cde0d2fe93d33570618788505,CONTROLLED_TEST_MUTATION,root_signature_tamper_after_seal,False,True,0.0334,True,0.3063,True,0.0152,True,0.3043,True,0.0076,False,3.4036,EVIDENCE_ROOT_INVALID,b2d83222fe4bab87f393b8e93c8a29f87ac2f8279ebd9de6ca63f25604bbf49f
case-00170,9ae2ebce6c66a4c68fa43c81faaa636dd29390d2d54d35733f7051546636d0d3,CONTROLLED_TEST_MUTATION,payload_tamper_after_seal,False,True,0.0357,False,0.1001,True,0.0158,False,0.0804,True,0.0082,False,3.5211,CHECKSUM_INVALID|EVIDENCE_ROOT_INVALID|EVIDENCE_SNAPSHOT_CONFLICT|RECORD_ENVELOPE_INVALID,b2d83222fe4bab87f393b8e93c8a29f87ac2f8279ebd9de6ca63f25604bbf49f
case-00171,5f74bbb3d2a0c14667b30145cf3fd04cbc38952e44c9c84b26ed9e31ae073179,CLEAN_TEST_FIXTURE,none,True,True,0.0333,True,0.3067,True,0.0154,True,0.3302,True,0.0076,True,3.4821,ALL_REQUIRED_EVIDENCE_TRUSTWORTHY,b2d83222fe4bab87f393b8e93c8a29f87ac2f8279ebd9de6ca63f25604bbf49f
case-00172,afdad5838ae093411b9f27ac04f75a818a923e34c34fa778666c15306d3fdb45,CONTROLLED_TEST_MUTATION,incomplete_payload,False,True,0.0431,False,0.1587,True,0.0164,False,0.1452,True,0.0088,False,3.9573,EVIDENCE_PAYLOAD_INCOMPLETE,b2d83222fe4bab87f393b8e93c8a29f87ac2f8279ebd9de6ca63f25604bbf49f
case-00173,b990cc43c0f6b36191e11afe03d03f3b03fa8ba913280b67f8eea5f726275c9e,CONTROLLED_TEST_MUTATION,payload_tamper_after_seal,False,True,0.0342,False,0.0788,True,0.0152,False,0.0815,True,0.0073,False,4.2137,CHECKSUM_INVALID|EVIDENCE_ROOT_INVALID|EVIDENCE_SNAPSHOT_CONFLICT|RECORD_ENVELOPE_INVALID,b2d83222fe4bab87f393b8e93c8a29f87ac2f8279ebd9de6ca63f25604bbf49f
case-00174,d60d9141313822d58c80fb93e0af9b9c48f0b282cfb96d5dffae49ffbf929fff,CONTROLLED_TEST_MUTATION,wrong_context,False,True,0.0361,True,0.3208,True,0.0168,True,0.3169,True,0.0081,False,3.5369,EVIDENCE_CONTEXT_MISMATCH,b2d83222fe4bab87f393b8e93c8a29f87ac2f8279ebd9de6ca63f25604bbf49f
case-00175,7b4b110c50fc18d498b51b838bc946a6e14d92986559c63bc29a666eed66b332,CONTROLLED_TEST_MUTATION,unavailable_record,False,True,0.0343,False,0.2884,True,0.0159,False,0.2825,True,0.008,False,4.2771,EVIDENCE_LINEAGE_INCOMPLETE|EVIDENCE_UNAVAILABLE,b2d83222fe4bab87f393b8e93c8a29f87ac2f8279ebd9de6ca63f25604bbf49f
case-00176,940bd51015b9fabb402575e9726a5812b39231858c864d60550a12d1c7c87c03,CONTROLLED_TEST_MUTATION,payload_tamper_after_seal,False,True,0.0353,False,0.0799,True,0.0158,False,0.0822,True,0.0081,False,3.5345,CHECKSUM_INVALID|EVIDENCE_ROOT_INVALID|EVIDENCE_SNAPSHOT_CONFLICT|RECORD_ENVELOPE_INVALID,b2d83222fe4bab87f393b8e93c8a29f87ac2f8279ebd9de6ca63f25604bbf49f
case-00177,cc6c6c18d5e4720a2c2410153481941b2191a91d11aa3fd64b1ec6e1fa62afd5,CONTROLLED_TEST_MUTATION,expired_import,False,True,0.0348,False,0.2619,True,0.0162,False,0.2574,True,0.0079,False,4.4949,EVIDENCE_STALE,b2d83222fe4bab87f393b8e93c8a29f87ac2f8279ebd9de6ca63f25604bbf49f
case-00178,8b9c338b2855a0d90a2041fdb51f11005599e054b1f78495b858a03735fcfed9,CLEAN_TEST_FIXTURE,none,True,True,0.0363,True,0.3199,True,0.0165,True,0.3399,True,0.0096,True,3.7625,ALL_REQUIRED_EVIDENCE_TRUSTWORTHY,b2d83222fe4bab87f393b8e93c8a29f87ac2f8279ebd9de6ca63f25604bbf49f
case-00179,6fdf47c2a8b3c71f964ccb3767cb3151b0d0303b3e16e0d2d497cc5d258a4247,CONTROLLED_TEST_MUTATION,wrong_context,False,True,0.0351,True,0.3162,True,0.016,True,0.3379,True,0.0076,False,4.4123,EVIDENCE_CONTEXT_MISMATCH,b2d83222fe4bab87f393b8e93c8a29f87ac2f8279ebd9de6ca63f25604bbf49f
case-00180,82be26d2f1af3d061d8a137d1cd6b0b82207fd7f003a5933f5863272d9d515eb,CONTROLLED_TEST_MUTATION,source_type_impersonation,False,True,0.0347,True,0.3069,True,0.0159,True,0.3048,True,0.0076,False,3.4254,EVIDENCE_ROLE_SOURCE_NOT_ALLOWED|OPERATOR_EVIDENCE_UNVERIFIED,b2d83222fe4bab87f393b8e93c8a29f87ac2f8279ebd9de6ca63f25604bbf49f
case-00181,adfddfe740cbc9700a3cff73f9de2b67d91d401ac498036ae017608830d68f66,CONTROLLED_TEST_MUTATION,snapshot_score_conflict,False,True,0.0339,True,0.305,True,0.016,True,0.3059,True,0.0074,False,4.9218,EVIDENCE_SNAPSHOT_CONFLICT,b2d83222fe4bab87f393b8e93c8a29f87ac2f8279ebd9de6ca63f25604bbf49f
case-00182,ee01e8d38a23176770b9c92da5f377e12b368c8ee3b86f3b9ababc9b3745dd78,CONTROLLED_TEST_MUTATION,malformed_payload,False,True,0.035,True,0.302,True,0.0159,True,0.3022,True,0.0078,False,3.3833,EVIDENCE_PAYLOAD_SCHEMA_INVALID|EVIDENCE_SNAPSHOT_CONFLICT,b2d83222fe4bab87f393b8e93c8a29f87ac2f8279ebd9de6ca63f25604bbf49f
case-00183,03fdd976c0c7590881da56e7ecf6049e879231de8554da68a855899da7fca64d,CONTROLLED_TEST_MUTATION,malformed_payload,False,True,0.0337,True,0.2994,True,0.0155,True,0.3014,True,0.0073,False,4.6036,EVIDENCE_PAYLOAD_SCHEMA_INVALID|EVIDENCE_SNAPSHOT_CONFLICT,b2d83222fe4bab87f393b8e93c8a29f87ac2f8279ebd9de6ca63f25604bbf49f
case-00184,e95565a90c2ac69107345241b23e4778ed78babecbd562aa2dcd290accf861a0,CONTROLLED_TEST_MUTATION,malformed_payload,False,True,0.0355,True,0.3089,True,0.0162,True,0.3345,True,0.0081,False,3.5413,EVIDENCE_PAYLOAD_SCHEMA_INVALID|EVIDENCE_SNAPSHOT_CONFLICT,b2d83222fe4bab87f393b8e93c8a29f87ac2f8279ebd9de6ca63f25604bbf49f
case-00185,6686b1695645a7596b79f7bd365eba59bbc0d1f772cc2d3c5b08424516ae033b,CONTROLLED_TEST_MUTATION,root_signature_tamper_after_seal,False,True,0.0915,True,0.4043,True,0.0191,True,0.5267,True,0.0132,False,3.8265,EVIDENCE_ROOT_INVALID,b2d83222fe4bab87f393b8e93c8a29f87ac2f8279ebd9de6ca63f25604bbf49f
case-00186,30026425a9f98b3de15d9c09d9c5cd174900d84a33400e87e93af92a6eb50a50,CONTROLLED_TEST_MUTATION,lineage_cycle,False,True,0.0368,True,0.3157,True,0.0167,True,0.314,True,0.0078,False,3.5488,EVIDENCE_LINEAGE_INVALID,b2d83222fe4bab87f393b8e93c8a29f87ac2f8279ebd9de6ca63f25604bbf49f
case-00187,4c816b55c306aaa94628053a2fdb5c9f3ac7490f1fab2af2ddf5ffa0873136a2,CONTROLLED_TEST_MUTATION,future_timestamp,False,True,0.049,False,0.4441,True,0.0285,False,0.4342,True,0.0138,False,3.7527,EVIDENCE_FRESHNESS_UNKNOWN|EVIDENCE_TIMESTAMP_IN_FUTURE,b2d83222fe4bab87f393b8e93c8a29f87ac2f8279ebd9de6ca63f25604bbf49f
case-00188,2f1f79ac8d20fe794f06bc98b5db09107b51ed724c36c373700a9b1383177892,CONTROLLED_TEST_MUTATION,stale_live_observation,False,True,0.0344,False,0.2865,True,0.016,False,0.2788,True,0.0076,False,3.5298,EVIDENCE_STALE,b2d83222fe4bab87f393b8e93c8a29f87ac2f8279ebd9de6ca63f25604bbf49f
case-00189,6d8a907cded6dabaf178594a14f02a967493f80e1abd56f51b8eb1f2ed426581,CONTROLLED_TEST_MUTATION,stale_live_observation,False,True,0.0377,False,0.2961,True,0.0173,False,0.2836,True,0.0102,False,3.6738,EVIDENCE_STALE,b2d83222fe4bab87f393b8e93c8a29f87ac2f8279ebd9de6ca63f25604bbf49f
case-00190,1bba2e15c22d9b06aab6d509a50b2a4a927a81b95a9ca8254756d777fd9ec338,CONTROLLED_TEST_MUTATION,missing_lineage,False,True,0.0339,True,0.3141,True,0.016,True,0.3368,True,0.0074,False,3.5669,EVIDENCE_LINEAGE_INCOMPLETE,b2d83222fe4bab87f393b8e93c8a29f87ac2f8279ebd9de6ca63f25604bbf49f
case-00191,09ff417919175b26adb1fd04317ddb5efee4377d90bf958d28dc47d4033a4025,CLEAN_TEST_FIXTURE,none,True,True,0.0363,True,0.3103,True,0.0164,True,0.3294,True,0.0096,True,3.5296,ALL_REQUIRED_EVIDENCE_TRUSTWORTHY,b2d83222fe4bab87f393b8e93c8a29f87ac2f8279ebd9de6ca63f25604bbf49f
case-00192,c9deeb2bcc0ce90f0b0f2e704339fa3f35c8bd637d15df581bdaaec7c14f6084,CONTROLLED_TEST_MUTATION,lineage_cycle,False,True,0.0334,True,0.3282,True,0.0153,True,0.3068,True,0.0074,False,3.6351,EVIDENCE_LINEAGE_INVALID,b2d83222fe4bab87f393b8e93c8a29f87ac2f8279ebd9de6ca63f25604bbf49f
case-00193,b0f06d5d9fa5844d41d6e520004c23dcbea14649c52aa237658e4890f64a3829,CONTROLLED_TEST_MUTATION,snapshot_score_conflict,False,True,0.0371,True,0.3437,True,0.0167,True,0.3182,True,0.0095,False,3.6477,EVIDENCE_SNAPSHOT_CONFLICT,b2d83222fe4bab87f393b8e93c8a29f87ac2f8279ebd9de6ca63f25604bbf49f
case-00194,4d2b0820d7e93866ac4a34cd133b04e4b3586a13f74c878863159ff235fb42c9,CLEAN_TEST_FIXTURE,none,True,True,0.0337,True,0.3028,True,0.0153,True,0.3049,True,0.0075,True,3.4011,ALL_REQUIRED_EVIDENCE_TRUSTWORTHY,b2d83222fe4bab87f393b8e93c8a29f87ac2f8279ebd9de6ca63f25604bbf49f
case-00195,4ac92303705049d057954180a534463e8d9a0c2140c2ddcea288ac55d59a20fd,CLEAN_TEST_FIXTURE,none,True,True,0.036,True,0.3115,True,0.0163,True,0.3077,True,0.0095,True,3.4395,ALL_REQUIRED_EVIDENCE_TRUSTWORTHY,b2d83222fe4bab87f393b8e93c8a29f87ac2f8279ebd9de6ca63f25604bbf49f
case-00196,55332934ca6df7d10293a049559fa37d0a76668a8ca241c344fe57a74d5ae3a4,CLEAN_TEST_FIXTURE,none,True,True,0.0329,True,0.3097,True,0.0155,True,0.3069,True,0.0075,True,3.5421,ALL_REQUIRED_EVIDENCE_TRUSTWORTHY,b2d83222fe4bab87f393b8e93c8a29f87ac2f8279ebd9de6ca63f25604bbf49f
case-00197,130d21c5aa49a3f34906426b14f5dff8ca0657e86f75397f7ff724a170bc9b57,CONTROLLED_TEST_MUTATION,unknown_source,False,True,0.0363,True,0.3213,True,0.0168,True,0.3178,True,0.0084,False,3.5468,EVIDENCE_ROLE_SOURCE_NOT_ALLOWED|EVIDENCE_SOURCE_ID_UNKNOWN|EVIDENCE_SOURCE_POLICY_MISSING,b2d83222fe4bab87f393b8e93c8a29f87ac2f8279ebd9de6ca63f25604bbf49f
case-00198,5ead1cdf4ecb0a92427e5ebb39000f7f7152bd33aee3e41f75b9fa537fcbf1f9,CONTROLLED_TEST_MUTATION,lineage_cycle,False,True,0.0345,True,0.3172,True,0.0161,True,0.3155,True,0.0077,False,4.5339,EVIDENCE_LINEAGE_INVALID,b2d83222fe4bab87f393b8e93c8a29f87ac2f8279ebd9de6ca63f25604bbf49f
case-00199,bfbacaea629fa54e6a2c193fce5c753af3c30798317848b3009e96df94038b53,CONTROLLED_TEST_MUTATION,missing_lineage,False,True,0.0348,True,0.3089,True,0.0158,True,0.3051,True,0.0077,False,3.3557,EVIDENCE_LINEAGE_INCOMPLETE,b2d83222fe4bab87f393b8e93c8a29f87ac2f8279ebd9de6ca63f25604bbf49f
case-00200,72073ae8bd0cc28cb9b710cc6b5b4751e8b59ca4f467601f9485857c34212745,CONTROLLED_TEST_MUTATION,malformed_payload,False,True,0.0331,True,0.2967,True,0.0153,True,0.2966,True,0.0074,False,3.7072,EVIDENCE_PAYLOAD_SCHEMA_INVALID|EVIDENCE_SNAPSHOT_CONFLICT,b2d83222fe4bab87f393b8e93c8a29f87ac2f8279ebd9de6ca63f25604bbf49f
case-00201,e0d4052fb5b0c7eee7b7bce7fd82ec5c3fdb4b4a4c78ea23901e9da72ce8a335,CONTROLLED_TEST_MUTATION,unknown_source,False,True,0.0358,True,0.3215,True,0.0168,True,0.3172,True,0.0082,False,3.5349,EVIDENCE_ROLE_SOURCE_NOT_ALLOWED|EVIDENCE_SOURCE_ID_UNKNOWN|EVIDENCE_SOURCE_POLICY_MISSING,b2d83222fe4bab87f393b8e93c8a29f87ac2f8279ebd9de6ca63f25604bbf49f
case-00202,b63364881f0143d6223531b4a9c2fcfa6b36e0e86b809406f2d14f3c8a66b98c,CONTROLLED_TEST_MUTATION,unknown_source,False,True,0.0341,True,0.3154,True,0.0164,True,0.3143,True,0.0074,False,4.7597,EVIDENCE_ROLE_SOURCE_NOT_ALLOWED|EVIDENCE_SOURCE_ID_UNKNOWN|EVIDENCE_SOURCE_POLICY_MISSING,b2d83222fe4bab87f393b8e93c8a29f87ac2f8279ebd9de6ca63f25604bbf49f
case-00203,89ad998ebc6b969dd854d22f7b1e5d725221b1ac61670daff2015738377631b7,CONTROLLED_TEST_MUTATION,snapshot_score_conflict,False,True,0.0341,True,0.3092,True,0.0166,True,0.3065,True,0.0078,False,3.433,EVIDENCE_SNAPSHOT_CONFLICT,b2d83222fe4bab87f393b8e93c8a29f87ac2f8279ebd9de6ca63f25604bbf49f
case-00204,cf96b0eefcba6e92c5ae3fda327cc43b3cbadd58f2aca5010557ba6f7b100f01,CONTROLLED_TEST_MUTATION,snapshot_score_conflict,False,True,0.0335,True,0.3066,True,0.0157,True,0.305,True,0.0071,False,4.193,EVIDENCE_SNAPSHOT_CONFLICT,b2d83222fe4bab87f393b8e93c8a29f87ac2f8279ebd9de6ca63f25604bbf49f
case-00205,3e4474e4a2cfacc9a78852a4dcd546f6e9b6ff36e97c7c2dad63e84bc7a7a7c1,CONTROLLED_TEST_MUTATION,snapshot_score_conflict,False,True,0.0348,True,0.3141,True,0.0161,True,0.3091,True,0.008,False,3.4335,EVIDENCE_SNAPSHOT_CONFLICT,b2d83222fe4bab87f393b8e93c8a29f87ac2f8279ebd9de6ca63f25604bbf49f
case-00206,824bc9d6646de92caa555315d551b23881dae152edc2e986030a4a26b54ea6f4,CONTROLLED_TEST_MUTATION,empty_payload,False,False,0.0355,False,0.0277,True,0.0125,False,0.0398,True,0.0054,False,4.2956,EVIDENCE_PAYLOAD_EMPTY|EVIDENCE_PAYLOAD_SCHEMA_INVALID|EVIDENCE_SNAPSHOT_CONFLICT,b2d83222fe4bab87f393b8e93c8a29f87ac2f8279ebd9de6ca63f25604bbf49f
case-00207,e8839f8f404e9c82eea7fb1b6f8d9c138b055942c9a3f0a455bd9195214e61e5,CONTROLLED_TEST_MUTATION,future_timestamp,False,True,0.0361,False,0.2879,True,0.0168,False,0.2824,True,0.0085,False,3.543,EVIDENCE_FRESHNESS_UNKNOWN|EVIDENCE_TIMESTAMP_IN_FUTURE,b2d83222fe4bab87f393b8e93c8a29f87ac2f8279ebd9de6ca63f25604bbf49f
case-00208,d5520f29a240a1e56ab1ad6d07e2c8da523c64d9bf84d7c39ae623313d7ebf78,CONTROLLED_TEST_MUTATION,missing_lineage,False,True,0.0343,True,0.317,True,0.0158,True,0.3171,True,0.0076,False,4.4311,EVIDENCE_LINEAGE_INCOMPLETE,b2d83222fe4bab87f393b8e93c8a29f87ac2f8279ebd9de6ca63f25604bbf49f
case-00209,4dd3f26285b51d79aa6c385654acd6e072d584f4c416d58d5a7951da1d782cdf,CONTROLLED_TEST_MUTATION,role_conflict,False,True,0.0398,True,0.3436,True,0.0182,False,0.3379,True,0.0079,False,3.8652,EVIDENCE_ROLE_CONFLICT,b2d83222fe4bab87f393b8e93c8a29f87ac2f8279ebd9de6ca63f25604bbf49f
case-00210,bd04c25342961584f4359c34700bc04ef410aa19a1844ce04789283e5c35b955,CONTROLLED_TEST_MUTATION,payload_tamper_after_seal,False,True,0.034,False,0.0783,True,0.015,False,0.0809,True,0.0074,False,4.0763,CHECKSUM_INVALID|EVIDENCE_ROOT_INVALID|EVIDENCE_SNAPSHOT_CONFLICT|RECORD_ENVELOPE_INVALID,b2d83222fe4bab87f393b8e93c8a29f87ac2f8279ebd9de6ca63f25604bbf49f
case-00211,38b07c2d29e01af2da8885fcb15d970ced4962be934c94e8b53237ccc107ccaa,CONTROLLED_TEST_MUTATION,malformed_payload,False,True,0.0369,True,0.3361,True,0.017,True,0.3391,True,0.0083,False,3.8043,EVIDENCE_PAYLOAD_SCHEMA_INVALID|EVIDENCE_SNAPSHOT_CONFLICT,b2d83222fe4bab87f393b8e93c8a29f87ac2f8279ebd9de6ca63f25604bbf49f
case-00212,7cad1c43ec77e32fcb532679f59b9b1d6cb86cfce7086723f8b71664a9cf462d,CONTROLLED_TEST_MUTATION,broken_lineage,False,True,0.0357,True,0.3444,True,0.0163,True,1.3896,True,0.0158,False,3.7937,EVIDENCE_LINEAGE_INVALID,b2d83222fe4bab87f393b8e93c8a29f87ac2f8279ebd9de6ca63f25604bbf49f
case-00213,5273a33d662c56dc865cf5d58f7ddef20401d97c4d9532b52c1e202bdd41478b,CONTROLLED_TEST_MUTATION,role_conflict,False,True,0.0404,True,0.3714,True,0.0182,False,0.3681,True,0.0072,False,4.1548,EVIDENCE_ROLE_CONFLICT,b2d83222fe4bab87f393b8e93c8a29f87ac2f8279ebd9de6ca63f25604bbf49f
case-00214,d039b0161285f86c5b75f5a58850bdc1da97f7c52c5a9c7e28128d112788662a,CLEAN_TEST_FIXTURE,none,True,True,0.0371,True,0.3235,True,0.0168,True,0.3173,True,0.0099,True,3.5483,ALL_REQUIRED_EVIDENCE_TRUSTWORTHY,b2d83222fe4bab87f393b8e93c8a29f87ac2f8279ebd9de6ca63f25604bbf49f
case-00215,ff740ef329f61392da2f15992945087c8647f5b01b434b33553ea8eff7aae474,CONTROLLED_TEST_MUTATION,expired_import,False,True,0.0336,False,0.2601,True,0.0155,False,0.2555,True,0.0077,False,3.5073,EVIDENCE_STALE,b2d83222fe4bab87f393b8e93c8a29f87ac2f8279ebd9de6ca63f25604bbf49f
case-00216,012b193db9d976897d7cce2e5d4a234039622fd63bc1708d3da095b7f6e9925f,CONTROLLED_TEST_MUTATION,excluded_ancestor,False,True,0.0376,True,0.3215,True,0.0167,False,0.3179,True,0.007,False,3.5455,REQUIRED_INPUT_EXCLUDED,b2d83222fe4bab87f393b8e93c8a29f87ac2f8279ebd9de6ca63f25604bbf49f
case-00217,468c6adfacc6f6b0d0b9b94f0a24b5704b902f126f68a959860a703bf0633742,CONTROLLED_TEST_MUTATION,incomplete_payload,False,True,0.0346,False,0.1471,True,0.0155,False,0.1431,True,0.0078,False,3.5082,EVIDENCE_PAYLOAD_INCOMPLETE,b2d83222fe4bab87f393b8e93c8a29f87ac2f8279ebd9de6ca63f25604bbf49f
case-00218,36efd796a1b4a8e54fe502bbd55d9412445216a2e57850ba0bc792e0c8de7591,CONTROLLED_TEST_MUTATION,role_conflict,False,True,0.0396,True,0.3569,True,0.0174,False,0.3297,True,0.0074,False,3.8769,EVIDENCE_ROLE_CONFLICT,b2d83222fe4bab87f393b8e93c8a29f87ac2f8279ebd9de6ca63f25604bbf49f
case-00219,11cd5f0028e6681c00cac50ef523036bfe94f561f8d921445ecc08f14deb6cfb,CONTROLLED_TEST_MUTATION,stale_live_observation,False,True,0.0339,False,0.28,True,0.0154,False,0.3537,True,0.0082,False,3.5161,EVIDENCE_STALE,b2d83222fe4bab87f393b8e93c8a29f87ac2f8279ebd9de6ca63f25604bbf49f
case-00220,05430f2ae5686505cc4b212e55090271475e2d58362553372a23ebfc1df1b2f5,CLEAN_TEST_FIXTURE,none,True,True,0.0363,True,0.3084,True,0.016,True,0.3082,True,0.0115,True,3.4684,ALL_REQUIRED_EVIDENCE_TRUSTWORTHY,b2d83222fe4bab87f393b8e93c8a29f87ac2f8279ebd9de6ca63f25604bbf49f
case-00221,e8240dff789a077de273d79614884dfe055e22c4fe96ff6555ac34ffe553bd7e,CONTROLLED_TEST_MUTATION,malformed_payload,False,True,0.0349,True,0.3091,True,0.0154,True,0.3052,True,0.0077,False,3.4311,EVIDENCE_PAYLOAD_SCHEMA_INVALID|EVIDENCE_SNAPSHOT_CONFLICT,b2d83222fe4bab87f393b8e93c8a29f87ac2f8279ebd9de6ca63f25604bbf49f
case-00222,9bf0303635cc51979df2476f2eaba57026a6a61503e41db648b97dd7aa81b487,CLEAN_TEST_FIXTURE,none,True,True,0.0358,True,0.3085,True,0.0163,True,0.3054,True,0.0091,True,3.4541,ALL_REQUIRED_EVIDENCE_TRUSTWORTHY,b2d83222fe4bab87f393b8e93c8a29f87ac2f8279ebd9de6ca63f25604bbf49f
case-00223,755ec2e3049ea109a9536deb3968f47907ef7668ea8769afd361ce8872996d68,CONTROLLED_TEST_MUTATION,missing_lineage,False,True,0.0333,True,0.3073,True,0.0155,True,0.307,True,0.0076,False,4.2422,EVIDENCE_LINEAGE_INCOMPLETE,b2d83222fe4bab87f393b8e93c8a29f87ac2f8279ebd9de6ca63f25604bbf49f
case-00224,aa40ff77940953de2d9f388029d87bca1251562ae5107ea5e1a4d48a18ab13be,CONTROLLED_TEST_MUTATION,snapshot_score_conflict,False,True,0.0346,True,0.3107,True,0.0157,True,0.3097,True,0.0079,False,3.4482,EVIDENCE_SNAPSHOT_CONFLICT,b2d83222fe4bab87f393b8e93c8a29f87ac2f8279ebd9de6ca63f25604bbf49f
case-00225,ff1833fded0653f712bf296a3b8bf6c80f89394e0a5ad477b26b5bfdb91976ac,CONTROLLED_TEST_MUTATION,excluded_ancestor,False,True,0.0332,True,0.3068,True,0.0154,False,0.3079,True,0.0062,False,4.6911,REQUIRED_INPUT_EXCLUDED,b2d83222fe4bab87f393b8e93c8a29f87ac2f8279ebd9de6ca63f25604bbf49f
case-00226,411c19dc42ae104f647a2305e87844869d10fad203bfc8a5533fe23a94cef521,CONTROLLED_TEST_MUTATION,malformed_payload,False,True,0.0348,True,0.2999,True,0.0163,True,0.3006,True,0.0083,False,3.4351,EVIDENCE_PAYLOAD_SCHEMA_INVALID|EVIDENCE_SNAPSHOT_CONFLICT,b2d83222fe4bab87f393b8e93c8a29f87ac2f8279ebd9de6ca63f25604bbf49f
case-00227,a14c4d52c493083e20ed679a70ca09c850abedf9dc60075517533fb4921d7364,CONTROLLED_TEST_MUTATION,unknown_source,False,True,0.0331,True,0.3068,True,0.0156,True,0.3093,True,0.0074,False,4.512,EVIDENCE_ROLE_SOURCE_NOT_ALLOWED|EVIDENCE_SOURCE_ID_UNKNOWN|EVIDENCE_SOURCE_POLICY_MISSING,b2d83222fe4bab87f393b8e93c8a29f87ac2f8279ebd9de6ca63f25604bbf49f
case-00228,6b6865d42df519c0de40217d9707b48b70bf7ba9dbfeced708f9b6099fc49020,CONTROLLED_TEST_MUTATION,role_conflict,False,True,0.0388,True,0.3325,True,0.0173,False,0.326,True,0.0073,False,3.84,EVIDENCE_ROLE_CONFLICT,b2d83222fe4bab87f393b8e93c8a29f87ac2f8279ebd9de6ca63f25604bbf49f
case-00229,f9720d28449921c311436167ee55a9647627df432b791ddcd04c44a5ce8ae352,CONTROLLED_TEST_MUTATION,role_conflict,False,True,0.0369,True,0.3267,True,0.0162,False,0.3231,True,0.0064,False,4.7247,EVIDENCE_ROLE_CONFLICT,b2d83222fe4bab87f393b8e93c8a29f87ac2f8279ebd9de6ca63f25604bbf49f
case-00230,3d988a8ad930ff41f96bb80452efeb7a52658fb4652ad0d3d427e1fb2216eccf,CONTROLLED_TEST_MUTATION,unavailable_record,False,True,0.0341,False,0.2837,True,0.0162,False,0.275,True,0.0081,False,3.4076,EVIDENCE_LINEAGE_INCOMPLETE|EVIDENCE_UNAVAILABLE,b2d83222fe4bab87f393b8e93c8a29f87ac2f8279ebd9de6ca63f25604bbf49f
case-00231,823e8004f9f8289f21ad339bb41f78a5ed9519c22f1ca9d87b348cc1588a2ae4,CONTROLLED_TEST_MUTATION,snapshot_score_conflict,False,True,0.0336,True,0.3865,True,0.0157,True,0.3078,True,0.0075,False,4.4965,EVIDENCE_SNAPSHOT_CONFLICT,b2d83222fe4bab87f393b8e93c8a29f87ac2f8279ebd9de6ca63f25604bbf49f
case-00232,a78c9fea13538cc76bff01b14ad4c8a0eb7505ed8053dab64411076c424cffb8,CONTROLLED_TEST_MUTATION,missing_lineage,False,True,0.0339,True,0.3089,True,0.0158,True,0.3065,True,0.0078,False,3.3207,EVIDENCE_LINEAGE_INCOMPLETE,b2d83222fe4bab87f393b8e93c8a29f87ac2f8279ebd9de6ca63f25604bbf49f
case-00233,0b25758a0f403ad703ce0ebe6ed1613262588bf9fd20670fc8b1011233c4f2e8,CONTROLLED_TEST_MUTATION,snapshot_score_conflict,False,True,0.081,True,0.3408,True,0.0153,True,0.3162,True,0.0078,False,4.4585,EVIDENCE_SNAPSHOT_CONFLICT,b2d83222fe4bab87f393b8e93c8a29f87ac2f8279ebd9de6ca63f25604bbf49f
case-00234,d3bcc43d283e7b4ed8a4c925376907a8c0d3eb982f3fda2e89a3350abec0ba77,CONTROLLED_TEST_MUTATION,incomplete_payload,False,True,0.0346,False,0.1453,True,0.0156,False,0.1403,True,0.0081,False,3.4277,EVIDENCE_PAYLOAD_INCOMPLETE,b2d83222fe4bab87f393b8e93c8a29f87ac2f8279ebd9de6ca63f25604bbf49f
case-00235,6bdee107b9248e94be01578b312205e238b25a1fe4ca239313fa53c2a052680f,CONTROLLED_TEST_MUTATION,role_conflict,False,True,0.0371,True,0.3407,True,0.017,False,1.0004,True,0.0109,False,3.922,EVIDENCE_ROLE_CONFLICT,b2d83222fe4bab87f393b8e93c8a29f87ac2f8279ebd9de6ca63f25604bbf49f
case-00236,dc9bd30058069639bc60f43326e7eb9cd6787ca779a4ae6c708e2ed7bac2743f,CONTROLLED_TEST_MUTATION,unknown_source,False,True,0.0347,True,0.3054,True,0.0159,True,0.3069,True,0.0073,False,3.4154,EVIDENCE_ROLE_SOURCE_NOT_ALLOWED|EVIDENCE_SOURCE_ID_UNKNOWN|EVIDENCE_SOURCE_POLICY_MISSING,b2d83222fe4bab87f393b8e93c8a29f87ac2f8279ebd9de6ca63f25604bbf49f
case-00237,ac429186f7876beeec6e416175e1b7b11f411292c357ed5dd4474005a16000bc,CONTROLLED_TEST_MUTATION,root_signature_tamper_after_seal,False,True,0.0382,True,0.4811,True,0.0322,True,0.4758,True,0.0117,False,3.6553,EVIDENCE_ROOT_INVALID,b2d83222fe4bab87f393b8e93c8a29f87ac2f8279ebd9de6ca63f25604bbf49f
case-00238,bd67ebb323321db4ca190138de37986cc36aba4fc63cbcd541e3faf9665b2867,CONTROLLED_TEST_MUTATION,missing_lineage,False,True,0.035,True,0.3075,True,0.0158,True,0.3074,True,0.0077,False,3.339,EVIDENCE_LINEAGE_INCOMPLETE,b2d83222fe4bab87f393b8e93c8a29f87ac2f8279ebd9de6ca63f25604bbf49f
case-00239,8b0fa8fd0f3273015db8cabe0ba741e2129f49554ff2e75bd3c90bd36c035128,CONTROLLED_TEST_MUTATION,broken_lineage,False,True,0.113,True,0.4899,True,0.0293,True,0.7029,True,0.0112,False,3.7989,EVIDENCE_LINEAGE_INVALID,b2d83222fe4bab87f393b8e93c8a29f87ac2f8279ebd9de6ca63f25604bbf49f
case-00240,7c44ae5670b0bfcedbb5eed3ce37c1430acd0543063de8617a7bb3403f182a80,CLEAN_TEST_FIXTURE,none,True,True,0.0339,True,0.3056,True,0.0157,True,0.3299,True,0.0076,True,3.4656,ALL_REQUIRED_EVIDENCE_TRUSTWORTHY,b2d83222fe4bab87f393b8e93c8a29f87ac2f8279ebd9de6ca63f25604bbf49f
case-00241,ebe0402e983eba7dc4e2343405a7564725fc2951beb29afc25cc7ff0e0aec925,CONTROLLED_TEST_MUTATION,lineage_cycle,False,True,0.0395,True,0.4384,True,0.0179,True,0.3655,True,0.0122,False,3.6581,EVIDENCE_LINEAGE_INVALID,b2d83222fe4bab87f393b8e93c8a29f87ac2f8279ebd9de6ca63f25604bbf49f
case-00242,7f48408909ee7313c4045a8bf8ab011dd9b0c3eb72c5711808bd722d3007ba9c,CONTROLLED_TEST_MUTATION,missing_lineage,False,True,0.0336,True,0.3055,True,0.0154,True,0.3068,True,0.0073,False,3.3239,EVIDENCE_LINEAGE_INCOMPLETE,b2d83222fe4bab87f393b8e93c8a29f87ac2f8279ebd9de6ca63f25604bbf49f
case-00243,aadb3179e1803426720b7409342fc6d8c7737e61e08d18004c0efe86b14244cd,CONTROLLED_TEST_MUTATION,missing_direct_role,False,False,0.0269,False,0.0171,True,0.019,False,0.0305,True,0.0076,False,3.2807,REQUIRED_ROLE_MISSING,b2d83222fe4bab87f393b8e93c8a29f87ac2f8279ebd9de6ca63f25604bbf49f
case-00244,4668d43277565b2e02241ecf9ef6550600afd415896fa699d3218dd5c2d2c22e,CONTROLLED_TEST_MUTATION,unavailable_record,False,True,0.0348,False,0.286,True,0.0159,False,0.2722,True,0.0078,False,3.4067,EVIDENCE_LINEAGE_INCOMPLETE|EVIDENCE_UNAVAILABLE,b2d83222fe4bab87f393b8e93c8a29f87ac2f8279ebd9de6ca63f25604bbf49f
case-00245,f931e40d44d57d595bae2fa502121ebc422738b5f37b8ac697cef29420bc5b32,CONTROLLED_TEST_MUTATION,unknown_source,False,True,0.0389,True,0.3328,True,0.0278,True,0.3073,True,0.0097,False,3.5232,EVIDENCE_ROLE_SOURCE_NOT_ALLOWED|EVIDENCE_SOURCE_ID_UNKNOWN|EVIDENCE_SOURCE_POLICY_MISSING,b2d83222fe4bab87f393b8e93c8a29f87ac2f8279ebd9de6ca63f25604bbf49f
case-00246,6b63ddd499f70d132060c62c77cbe09fffb05ba2f41f8a52e7bf815432e5165e,CONTROLLED_TEST_MUTATION,stale_live_observation,False,True,0.0338,False,0.3022,True,0.0158,False,0.274,True,0.0076,False,3.5409,EVIDENCE_STALE,b2d83222fe4bab87f393b8e93c8a29f87ac2f8279ebd9de6ca63f25604bbf49f
case-00247,143310fc06647c39101959a58543d9854265fd23a77cd303536fdb4372a3e54c,CONTROLLED_TEST_MUTATION,missing_direct_role,False,False,0.0215,False,0.0142,True,0.016,False,0.0264,True,0.0069,False,3.1614,REQUIRED_ROLE_MISSING,b2d83222fe4bab87f393b8e93c8a29f87ac2f8279ebd9de6ca63f25604bbf49f
case-00248,22d57bcc8f530d9063486582d16593fe3fd19adbdb6b63710079b122a1eca9a2,CLEAN_TEST_FIXTURE,none,True,True,0.0436,True,0.308,True,0.0156,True,0.3061,True,0.0074,True,3.5798,ALL_REQUIRED_EVIDENCE_TRUSTWORTHY,b2d83222fe4bab87f393b8e93c8a29f87ac2f8279ebd9de6ca63f25604bbf49f
case-00249,8b350215e287e674a86d4209144ab708570949b9de03c97c23af82400591c705,CONTROLLED_TEST_MUTATION,future_timestamp,False,True,0.0528,False,0.324,True,0.0169,False,0.2736,True,0.0103,False,3.5728,EVIDENCE_FRESHNESS_UNKNOWN|EVIDENCE_TIMESTAMP_IN_FUTURE,b2d83222fe4bab87f393b8e93c8a29f87ac2f8279ebd9de6ca63f25604bbf49f
case-00250,efb1453cc271382c6e2cfd6348acd9b389ee09f5d5950bf47c26a4e721a452b4,CONTROLLED_TEST_MUTATION,missing_lineage,False,True,0.0342,True,0.3324,True,0.0158,True,0.311,True,0.0076,False,3.4023,EVIDENCE_LINEAGE_INCOMPLETE,b2d83222fe4bab87f393b8e93c8a29f87ac2f8279ebd9de6ca63f25604bbf49f
case-00251,7de3e80714076b11a95edd4f7c00c80fc7b5692963f6ec03460a86e4f1c858be,CONTROLLED_TEST_MUTATION,empty_payload,False,False,0.0421,False,0.0284,True,0.0135,False,0.0401,True,0.0067,False,3.5508,EVIDENCE_PAYLOAD_EMPTY|EVIDENCE_PAYLOAD_SCHEMA_INVALID|EVIDENCE_SNAPSHOT_CONFLICT,b2d83222fe4bab87f393b8e93c8a29f87ac2f8279ebd9de6ca63f25604bbf49f
case-00252,e7f4095f8b3938b7aaa8bc40065383b16912556d9ccb376627c65d2f4a746929,CONTROLLED_TEST_MUTATION,incomplete_payload,False,True,0.0331,False,0.1431,True,0.0154,False,0.14,True,0.0073,False,3.5641,EVIDENCE_PAYLOAD_INCOMPLETE,b2d83222fe4bab87f393b8e93c8a29f87ac2f8279ebd9de6ca63f25604bbf49f
case-00253,e5c0d86675ca5a1ea402949f671b4952b2dab3501eaa1d5e0433271fe3ad40cd,CONTROLLED_TEST_MUTATION,malformed_payload,False,True,0.0535,True,0.5497,True,0.0178,True,0.3176,True,0.0104,False,3.6794,EVIDENCE_PAYLOAD_SCHEMA_INVALID|EVIDENCE_SNAPSHOT_CONFLICT,b2d83222fe4bab87f393b8e93c8a29f87ac2f8279ebd9de6ca63f25604bbf49f
case-00254,20a707477324d9d6dd4e8b11212d567d6da8ecba475f66d4fecc75c6724b9e9c,CONTROLLED_TEST_MUTATION,missing_direct_role,False,False,0.018,False,0.0136,True,0.0138,False,0.0255,True,0.0153,False,3.1237,REQUIRED_ROLE_MISSING,b2d83222fe4bab87f393b8e93c8a29f87ac2f8279ebd9de6ca63f25604bbf49f
case-00255,3da6f20ce0cfe32dfab9aa14714ca95d2702c3b39a7bc87c645b813a2ad002bb,CONTROLLED_TEST_MUTATION,wrong_context,False,True,0.0341,True,0.6135,True,0.0202,True,0.92,True,0.0213,False,3.6246,EVIDENCE_CONTEXT_MISMATCH,b2d83222fe4bab87f393b8e93c8a29f87ac2f8279ebd9de6ca63f25604bbf49f
case-00256,a649cf4093fb54214ee1157a07a5cd34007d56023c89b1ff62c6afe7b8774315,CONTROLLED_TEST_MUTATION,role_conflict,False,True,0.0382,True,0.3391,True,0.0172,False,0.3362,True,0.0068,False,3.8298,EVIDENCE_ROLE_CONFLICT,b2d83222fe4bab87f393b8e93c8a29f87ac2f8279ebd9de6ca63f25604bbf49f
case-00257,254cd4247cf344e834b18fe42c9ed785e84fc418d37816d9129fa457bd32583b,CONTROLLED_TEST_MUTATION,malformed_payload,False,True,0.0405,True,0.3464,True,0.018,True,0.337,True,0.0102,False,3.7629,EVIDENCE_PAYLOAD_SCHEMA_INVALID|EVIDENCE_SNAPSHOT_CONFLICT,b2d83222fe4bab87f393b8e93c8a29f87ac2f8279ebd9de6ca63f25604bbf49f
case-00258,849a5a8a7ebc6b871446eb2f7df0522106916a8e7c5fa7734b69d7099d065658,CONTROLLED_TEST_MUTATION,snapshot_score_conflict,False,True,0.0345,True,0.3171,True,0.0163,True,0.3399,True,0.0077,False,3.6714,EVIDENCE_SNAPSHOT_CONFLICT,b2d83222fe4bab87f393b8e93c8a29f87ac2f8279ebd9de6ca63f25604bbf49f
case-00259,3c960cd780aededb02c409c7b885092d23bb5340063554440fbcbd25080919ff,CONTROLLED_TEST_MUTATION,root_signature_tamper_after_seal,False,True,0.0359,True,0.3381,True,0.0166,True,0.3096,True,0.0095,False,3.5382,EVIDENCE_ROOT_INVALID,b2d83222fe4bab87f393b8e93c8a29f87ac2f8279ebd9de6ca63f25604bbf49f
case-00260,35d35b2022435fc391a104a6c6d324669bb964dc2a4a7d1f514f77a318e1c83b,CONTROLLED_TEST_MUTATION,future_timestamp,False,True,0.0329,False,0.2765,True,0.0156,False,0.2708,True,0.0079,False,3.4061,EVIDENCE_FRESHNESS_UNKNOWN|EVIDENCE_TIMESTAMP_IN_FUTURE,b2d83222fe4bab87f393b8e93c8a29f87ac2f8279ebd9de6ca63f25604bbf49f
case-00261,9d53a4990ed1372a930fab652373e8eb5d5f39537b33b74e8f61a359b7008765,CONTROLLED_TEST_MUTATION,source_type_impersonation,False,True,0.0371,True,0.3247,True,0.0168,True,0.3186,True,0.0093,False,3.5533,EVIDENCE_ROLE_SOURCE_NOT_ALLOWED|OPERATOR_EVIDENCE_UNVERIFIED,b2d83222fe4bab87f393b8e93c8a29f87ac2f8279ebd9de6ca63f25604bbf49f
case-00262,4f9df84d0a7eda99cb3267165b072c831f9774fea1e7fc0ab9d25643c2a2c634,CONTROLLED_TEST_MUTATION,future_timestamp,False,True,0.0349,False,0.3074,True,0.0162,False,0.3043,True,0.008,False,4.0549,EVIDENCE_FRESHNESS_UNKNOWN|EVIDENCE_TIMESTAMP_IN_FUTURE,b2d83222fe4bab87f393b8e93c8a29f87ac2f8279ebd9de6ca63f25604bbf49f
case-00263,0ceb881a316878a3bee62f643325cb564c4a031ed48e3ec25a9c3eaa6887a635,CONTROLLED_TEST_MUTATION,future_timestamp,False,True,0.0369,False,0.3057,True,0.017,False,0.3006,True,0.0086,False,3.7333,EVIDENCE_FRESHNESS_UNKNOWN|EVIDENCE_TIMESTAMP_IN_FUTURE,b2d83222fe4bab87f393b8e93c8a29f87ac2f8279ebd9de6ca63f25604bbf49f
case-00264,b3f95bf68fba23a2c956a08bedb65a77e1bdb99c4fb074b25cfdb8612f2f694a,CONTROLLED_TEST_MUTATION,expired_import,False,True,0.0341,False,0.2709,True,0.0159,False,0.2666,True,0.008,False,4.4694,EVIDENCE_STALE,b2d83222fe4bab87f393b8e93c8a29f87ac2f8279ebd9de6ca63f25604bbf49f
case-00265,bba25f97942ed28228861298501b187b67cd2f4eedfbf170ba41e3593932cf74,CONTROLLED_TEST_MUTATION,unavailable_record,False,True,0.0357,False,0.2813,True,0.0163,False,0.2742,True,0.0084,False,3.4264,EVIDENCE_LINEAGE_INCOMPLETE|EVIDENCE_UNAVAILABLE,b2d83222fe4bab87f393b8e93c8a29f87ac2f8279ebd9de6ca63f25604bbf49f
case-00266,04601b9a671ec77ffc5abe7cc459b6d85037619d46020dfac45ccf3c6d18b92e,CLEAN_TEST_FIXTURE,none,True,True,0.0335,True,0.3043,True,0.0154,True,0.3037,True,0.0074,True,4.1364,ALL_REQUIRED_EVIDENCE_TRUSTWORTHY,b2d83222fe4bab87f393b8e93c8a29f87ac2f8279ebd9de6ca63f25604bbf49f
case-00267,c08ff842dfb3782fb13fc1c9f6f8876b2eeae645bae549c2edf9c1756bb04a13,CLEAN_TEST_FIXTURE,none,True,True,0.0347,True,0.307,True,0.0159,True,0.3081,True,0.009,True,3.4226,ALL_REQUIRED_EVIDENCE_TRUSTWORTHY,b2d83222fe4bab87f393b8e93c8a29f87ac2f8279ebd9de6ca63f25604bbf49f
case-00268,1f3970b2057c39f29a739ced08b014d7a72571e3947dddaae8549a3694f76c6b,CONTROLLED_TEST_MUTATION,missing_direct_role,False,False,0.0176,False,0.0131,True,0.0136,False,0.0245,True,0.0051,False,3.0714,REQUIRED_ROLE_MISSING,b2d83222fe4bab87f393b8e93c8a29f87ac2f8279ebd9de6ca63f25604bbf49f
case-00269,4f14ea77c57deeee54216ab816b4e52752b8e69e28e5fceef5dea55f76a8bf67,CLEAN_TEST_FIXTURE,none,True,True,0.0363,True,0.3092,True,0.0163,True,0.3087,True,0.0095,True,3.4504,ALL_REQUIRED_EVIDENCE_TRUSTWORTHY,b2d83222fe4bab87f393b8e93c8a29f87ac2f8279ebd9de6ca63f25604bbf49f
case-00270,f4f1ba2f65ea7cad8d0fff6d10c5e46f1ddcf96285ad54f430df56560bf29148,CLEAN_TEST_FIXTURE,none,True,True,0.0351,True,0.332,True,0.0159,True,0.3333,True,0.0076,True,4.6631,ALL_REQUIRED_EVIDENCE_TRUSTWORTHY,b2d83222fe4bab87f393b8e93c8a29f87ac2f8279ebd9de6ca63f25604bbf49f
case-00271,9f0e848013bc7521e793979265564b737afa1893c998e30331867dea87e9eb13,CONTROLLED_TEST_MUTATION,snapshot_score_conflict,False,True,0.0349,True,0.3081,True,0.0162,True,0.3297,True,0.0078,False,3.4896,EVIDENCE_SNAPSHOT_CONFLICT,b2d83222fe4bab87f393b8e93c8a29f87ac2f8279ebd9de6ca63f25604bbf49f
case-00272,0b9099756ea22dcd9da2d399debf40aafc8b4759773ddd6d60442fd84d28490d,CLEAN_TEST_FIXTURE,none,True,True,0.0336,True,0.3071,True,0.0154,True,0.3749,True,0.0075,True,4.2037,ALL_REQUIRED_EVIDENCE_TRUSTWORTHY,b2d83222fe4bab87f393b8e93c8a29f87ac2f8279ebd9de6ca63f25604bbf49f
case-00273,74a4aca373b60b4782f18a1070d2bb03f754d1cd8711cc71246dfa7c499a62c4,CONTROLLED_TEST_MUTATION,payload_tamper_after_seal,False,True,0.0349,False,0.0776,True,0.0153,False,0.0799,True,0.0078,False,3.4355,CHECKSUM_INVALID|EVIDENCE_ROOT_INVALID|EVIDENCE_SNAPSHOT_CONFLICT|RECORD_ENVELOPE_INVALID,b2d83222fe4bab87f393b8e93c8a29f87ac2f8279ebd9de6ca63f25604bbf49f
case-00274,66e3d60d6c79a6ab6a8d364b776b18e450e8444f5b447f717ffab77755a08ccc,CONTROLLED_TEST_MUTATION,empty_payload,False,False,0.0365,False,0.029,True,0.0128,False,0.0414,True,0.0055,False,4.7957,EVIDENCE_PAYLOAD_EMPTY|EVIDENCE_PAYLOAD_SCHEMA_INVALID|EVIDENCE_SNAPSHOT_CONFLICT,b2d83222fe4bab87f393b8e93c8a29f87ac2f8279ebd9de6ca63f25604bbf49f
case-00275,74b1a9b5903f3bdc2ee2eb8c207d370fceb302c8e98f9643ff6f79bde4e1ae42,CONTROLLED_TEST_MUTATION,root_signature_tamper_after_seal,False,True,0.0364,True,0.3194,True,0.0167,True,0.3165,True,0.0092,False,3.5342,EVIDENCE_ROOT_INVALID,b2d83222fe4bab87f393b8e93c8a29f87ac2f8279ebd9de6ca63f25604bbf49f
case-00276,9d98404dec44a863064cf5df254e8b79089a414947ddfa45b0392687c4c872b3,CONTROLLED_TEST_MUTATION,root_signature_tamper_after_seal,False,True,0.0344,True,0.3102,True,0.0161,True,0.313,True,0.0077,False,4.4808,EVIDENCE_ROOT_INVALID,b2d83222fe4bab87f393b8e93c8a29f87ac2f8279ebd9de6ca63f25604bbf49f
case-00277,6bc727ce40bd06337fecb44427d479adf5a4d57e828cfb55a7770ab2ba7e3d2f,CONTROLLED_TEST_MUTATION,broken_lineage,False,True,0.036,True,0.3177,True,0.0168,True,0.3221,True,0.0082,False,3.5354,EVIDENCE_LINEAGE_INVALID,b2d83222fe4bab87f393b8e93c8a29f87ac2f8279ebd9de6ca63f25604bbf49f
case-00278,8a2af6150befa93ad4c1f5580540ce98f69564e4feef9cb376a3e7800f6dd4cd,CLEAN_TEST_FIXTURE,none,True,True,0.0345,True,0.3397,True,0.0161,True,0.3149,True,0.0077,True,4.3822,ALL_REQUIRED_EVIDENCE_TRUSTWORTHY,b2d83222fe4bab87f393b8e93c8a29f87ac2f8279ebd9de6ca63f25604bbf49f
case-00279,13a1fa285316ac5d5c10429676d8150bfdd7af0281f9c0cca01f5a92f95b8e46,CONTROLLED_TEST_MUTATION,lineage_cycle,False,True,0.0348,True,0.3187,True,0.0163,True,0.3139,True,0.0081,False,3.6246,EVIDENCE_LINEAGE_INVALID,b2d83222fe4bab87f393b8e93c8a29f87ac2f8279ebd9de6ca63f25604bbf49f
case-00280,338af2dfda98512fd247cdf397236c31281c4c6ac9b4889a0924acb991619535,CONTROLLED_TEST_MUTATION,missing_lineage,False,True,0.0346,True,0.3158,True,0.0162,True,0.3159,True,0.0076,False,5.1536,EVIDENCE_LINEAGE_INCOMPLETE,b2d83222fe4bab87f393b8e93c8a29f87ac2f8279ebd9de6ca63f25604bbf49f
case-00281,55601665c2e6679d744889c7f923936734bded5bbe3989c86e8581a64d36c442,CLEAN_TEST_FIXTURE,none,True,True,0.0368,True,0.3374,True,0.0172,True,0.3346,True,0.009,True,3.5388,ALL_REQUIRED_EVIDENCE_TRUSTWORTHY,b2d83222fe4bab87f393b8e93c8a29f87ac2f8279ebd9de6ca63f25604bbf49f
case-00282,4ad732250e3a0624e3a9a70cb4858d19f8e0e7125f3698aa9eb9c64a0387b91a,CONTROLLED_TEST_MUTATION,wrong_context,False,True,0.0379,True,0.325,True,0.0168,True,0.3162,True,0.01,False,3.5617,EVIDENCE_CONTEXT_MISMATCH,b2d83222fe4bab87f393b8e93c8a29f87ac2f8279ebd9de6ca63f25604bbf49f
case-00283,81d8010e2b0e2d4e165283517f987af51a68c6e9de57b66207859059e7db4705,CONTROLLED_TEST_MUTATION,unknown_source,False,True,0.033,True,0.3055,True,0.0155,True,0.308,True,0.0073,False,3.4971,EVIDENCE_ROLE_SOURCE_NOT_ALLOWED|EVIDENCE_SOURCE_ID_UNKNOWN|EVIDENCE_SOURCE_POLICY_MISSING,b2d83222fe4bab87f393b8e93c8a29f87ac2f8279ebd9de6ca63f25604bbf49f
case-00284,b86de9f3e10fd54a20717e5c1b2b073a6054b61d7c7f0bf6ca30115ee4da862c,CONTROLLED_TEST_MUTATION,snapshot_score_conflict,False,True,0.0381,True,0.3182,True,0.0166,True,0.3244,True,0.0191,False,3.588,EVIDENCE_SNAPSHOT_CONFLICT,b2d83222fe4bab87f393b8e93c8a29f87ac2f8279ebd9de6ca63f25604bbf49f
case-00285,dd190747a9f712d815d9033f486376f2014f4fafa80695b4c96510b64bf75e8b,CONTROLLED_TEST_MUTATION,expired_import,False,True,0.0327,False,0.2549,True,0.0153,False,0.2516,True,0.0076,False,3.4289,EVIDENCE_STALE,b2d83222fe4bab87f393b8e93c8a29f87ac2f8279ebd9de6ca63f25604bbf49f
case-00286,52eb12b52608062bffc69608bccd47b192eec07e82701c5f52e53f068b909c4f,CONTROLLED_TEST_MUTATION,unknown_source,False,True,0.0364,True,0.3144,True,0.0164,True,0.3102,True,0.0092,False,3.4858,EVIDENCE_ROLE_SOURCE_NOT_ALLOWED|EVIDENCE_SOURCE_ID_UNKNOWN|EVIDENCE_SOURCE_POLICY_MISSING,b2d83222fe4bab87f393b8e93c8a29f87ac2f8279ebd9de6ca63f25604bbf49f
case-00287,6d85b49479bc766b7e19c88074b2cd5cec9970326c060fc065b228bb488f867b,CLEAN_TEST_FIXTURE,none,True,True,0.0336,True,0.306,True,0.0156,True,0.3051,True,0.0077,True,3.4896,ALL_REQUIRED_EVIDENCE_TRUSTWORTHY,b2d83222fe4bab87f393b8e93c8a29f87ac2f8279ebd9de6ca63f25604bbf49f
case-00288,eb2d70d28e41c108f4e82b0862151f86e19c50185da2024047bb4754c268a814,CONTROLLED_TEST_MUTATION,broken_lineage,False,True,0.0353,True,0.3143,True,0.0159,True,0.3084,True,0.008,False,3.5504,EVIDENCE_LINEAGE_INVALID,b2d83222fe4bab87f393b8e93c8a29f87ac2f8279ebd9de6ca63f25604bbf49f
case-00289,1e8d986b84226d1e6ceb85ffddb734a2e699bff2b6964c509891d3bd597ab371,CLEAN_TEST_FIXTURE,none,True,True,0.0339,True,0.307,True,0.0153,True,0.3063,True,0.0075,True,3.834,ALL_REQUIRED_EVIDENCE_TRUSTWORTHY,b2d83222fe4bab87f393b8e93c8a29f87ac2f8279ebd9de6ca63f25604bbf49f
case-00290,0f709dca480c3ac1ba7ebb19f58af2d8f54e374132b00ab91a1695a505e343ed,CLEAN_TEST_FIXTURE,none,True,True,0.0362,True,0.3089,True,0.016,True,0.3073,True,0.0088,True,3.5308,ALL_REQUIRED_EVIDENCE_TRUSTWORTHY,b2d83222fe4bab87f393b8e93c8a29f87ac2f8279ebd9de6ca63f25604bbf49f
case-00291,007cba11120b53f1054e61a3460f3aa090db9eb104186e01ef671d42108b2b1a,CONTROLLED_TEST_MUTATION,unavailable_record,False,True,0.0332,False,0.2819,True,0.0158,False,0.2745,True,0.0075,False,4.2326,EVIDENCE_LINEAGE_INCOMPLETE|EVIDENCE_UNAVAILABLE,b2d83222fe4bab87f393b8e93c8a29f87ac2f8279ebd9de6ca63f25604bbf49f
case-00292,db98bcc3affd5c136fbed31d233d13e8e278c65ee09497354430616392392580,CLEAN_TEST_FIXTURE,none,True,True,0.0351,True,0.3084,True,0.0161,True,0.3064,True,0.0089,True,3.4377,ALL_REQUIRED_EVIDENCE_TRUSTWORTHY,b2d83222fe4bab87f393b8e93c8a29f87ac2f8279ebd9de6ca63f25604bbf49f
case-00293,79492956c376f7cbd893c41363b1b998dc5ceba8faede17e2aefd16e34d46203,CONTROLLED_TEST_MUTATION,malformed_payload,False,True,0.0336,True,0.3001,True,0.0157,True,0.3007,True,0.0077,False,4.1262,EVIDENCE_PAYLOAD_SCHEMA_INVALID|EVIDENCE_SNAPSHOT_CONFLICT,b2d83222fe4bab87f393b8e93c8a29f87ac2f8279ebd9de6ca63f25604bbf49f
case-00294,ccd8308168785dce237b896471bc37ee33d31abd6a712a961c650e6c3335a040,CONTROLLED_TEST_MUTATION,unknown_source,False,True,0.0355,True,0.308,True,0.0162,True,0.3074,True,0.008,False,3.4351,EVIDENCE_ROLE_SOURCE_NOT_ALLOWED|EVIDENCE_SOURCE_ID_UNKNOWN|EVIDENCE_SOURCE_POLICY_MISSING,b2d83222fe4bab87f393b8e93c8a29f87ac2f8279ebd9de6ca63f25604bbf49f
case-00295,57bb568771beea9c534acf3d3455b1c79454e3026dca3333029c05007877bab4,CONTROLLED_TEST_MUTATION,empty_payload,False,False,0.0352,False,0.0277,True,0.0125,False,0.0399,True,0.0056,False,4.0253,EVIDENCE_PAYLOAD_EMPTY|EVIDENCE_PAYLOAD_SCHEMA_INVALID|EVIDENCE_SNAPSHOT_CONFLICT,b2d83222fe4bab87f393b8e93c8a29f87ac2f8279ebd9de6ca63f25604bbf49f
case-00296,7a58529f03de858744d325b8824122c335509d7fa4c1c1b81a10dad954b3ca88,CONTROLLED_TEST_MUTATION,expired_import,False,True,0.0346,False,0.255,True,0.0161,False,0.2479,True,0.0084,False,3.4279,EVIDENCE_STALE,b2d83222fe4bab87f393b8e93c8a29f87ac2f8279ebd9de6ca63f25604bbf49f
case-00297,2e9ac6afba13f8a05d5aed181d3b67e3b34c0ae8f921c4d10f266b583bec6dba,CLEAN_TEST_FIXTURE,none,True,True,0.0337,True,0.3073,True,0.0155,True,0.3106,True,0.0076,True,3.8465,ALL_REQUIRED_EVIDENCE_TRUSTWORTHY,b2d83222fe4bab87f393b8e93c8a29f87ac2f8279ebd9de6ca63f25604bbf49f
case-00298,821aaca336f7da28fe8189f6eb72511d35a57a57c8bf1ae8f0a76e296d58fc76,CONTROLLED_TEST_MUTATION,empty_payload,False,False,0.0379,False,0.029,True,0.0135,False,0.0409,True,0.0062,False,3.5906,EVIDENCE_PAYLOAD_EMPTY|EVIDENCE_PAYLOAD_SCHEMA_INVALID|EVIDENCE_SNAPSHOT_CONFLICT,b2d83222fe4bab87f393b8e93c8a29f87ac2f8279ebd9de6ca63f25604bbf49f
case-00299,21dc5b0765fba9d2aff65f14d378874292b52ea6d9284db10271e66fc1b17e8e,CLEAN_TEST_FIXTURE,none,True,True,0.0344,True,0.3178,True,0.0161,True,0.3387,True,0.0076,True,4.2619,ALL_REQUIRED_EVIDENCE_TRUSTWORTHY,b2d83222fe4bab87f393b8e93c8a29f87ac2f8279ebd9de6ca63f25604bbf49f
case-00300,ce2487da4f91b44826a3d3d5393cda356dd29f3e974d0ee854c4a1ff00e9d20d,CONTROLLED_TEST_MUTATION,future_timestamp,False,True,0.0352,False,0.2889,True,0.0169,False,0.3047,True,0.0085,False,3.6094,EVIDENCE_FRESHNESS_UNKNOWN|EVIDENCE_TIMESTAMP_IN_FUTURE,b2d83222fe4bab87f393b8e93c8a29f87ac2f8279ebd9de6ca63f25604bbf49f
case-00301,51d48c9997a62a43cfdd2363446d3ae21ec56d4385d0f1a803be808062632e51,CONTROLLED_TEST_MUTATION,missing_direct_role,False,False,0.0183,False,0.0138,True,0.0142,False,0.0255,True,0.0055,False,3.2201,REQUIRED_ROLE_MISSING,b2d83222fe4bab87f393b8e93c8a29f87ac2f8279ebd9de6ca63f25604bbf49f
case-00302,6a8a312dfe5d7f8ae4143cc6b8e8c2267091dd9cf26279455fbbf1657a3b72de,CLEAN_TEST_FIXTURE,none,True,True,0.0445,True,0.3323,True,0.0172,True,0.3212,True,0.0107,True,3.6712,ALL_REQUIRED_EVIDENCE_TRUSTWORTHY,b2d83222fe4bab87f393b8e93c8a29f87ac2f8279ebd9de6ca63f25604bbf49f
case-00303,31cbc8e2c8ccbb913b89be89397bc12a9350f4ac290c219649e876caa06675a6,CONTROLLED_TEST_MUTATION,missing_direct_role,False,False,0.0188,False,0.0136,True,0.0144,False,0.025,True,0.0054,False,3.0763,REQUIRED_ROLE_MISSING,b2d83222fe4bab87f393b8e93c8a29f87ac2f8279ebd9de6ca63f25604bbf49f
case-00304,3d0343198a1a443e463ef6bddcbccd2df6221b3688aab69d7b5e9eed283b861c,CLEAN_TEST_FIXTURE,none,True,True,0.0359,True,0.3318,True,0.0166,True,0.3068,True,0.0092,True,3.5192,ALL_REQUIRED_EVIDENCE_TRUSTWORTHY,b2d83222fe4bab87f393b8e93c8a29f87ac2f8279ebd9de6ca63f25604bbf49f
case-00305,644f8811529606d33fd7b23dfb3b26410bc731f468face94c85462be788417cf,CONTROLLED_TEST_MUTATION,missing_direct_role,False,False,0.018,False,0.0131,True,0.0135,False,0.0245,True,0.0051,False,3.0023,REQUIRED_ROLE_MISSING,b2d83222fe4bab87f393b8e93c8a29f87ac2f8279ebd9de6ca63f25604bbf49f
case-00306,eeb976d71147d5a77ed45c7da5ba8afdd30ebc2d4605f1d32499685c8b06f41a,CLEAN_TEST_FIXTURE,none,True,True,0.0385,True,0.3233,True,0.0173,True,0.3171,True,0.0098,True,3.5658,ALL_REQUIRED_EVIDENCE_TRUSTWORTHY,b2d83222fe4bab87f393b8e93c8a29f87ac2f8279ebd9de6ca63f25604bbf49f
case-00307,97cd1b9d438a185949e851b7e7ea6725205e8ecb05b109edddb41eaf36a986aa,CLEAN_TEST_FIXTURE,none,True,True,0.0347,True,0.313,True,0.016,True,0.313,True,0.0078,True,3.6489,ALL_REQUIRED_EVIDENCE_TRUSTWORTHY,b2d83222fe4bab87f393b8e93c8a29f87ac2f8279ebd9de6ca63f25604bbf49f
case-00308,bf0b6b36f5922192c86272786e76c63a8c643e5efcb5caa241def84283396d6f,CONTROLLED_TEST_MUTATION,root_signature_tamper_after_seal,False,True,0.0369,True,0.3182,True,0.0171,True,0.3157,True,0.0093,False,3.5474,EVIDENCE_ROOT_INVALID,b2d83222fe4bab87f393b8e93c8a29f87ac2f8279ebd9de6ca63f25604bbf49f
case-00309,aa0c338402e6f63e074a60c7f59cbac2836f0938dc082bfcef8a060c6a1cddf9,CONTROLLED_TEST_MUTATION,payload_tamper_after_seal,False,True,0.0349,False,0.0779,True,0.0154,False,0.0816,True,0.0077,False,3.696,CHECKSUM_INVALID|EVIDENCE_ROOT_INVALID|EVIDENCE_SNAPSHOT_CONFLICT|RECORD_ENVELOPE_INVALID,b2d83222fe4bab87f393b8e93c8a29f87ac2f8279ebd9de6ca63f25604bbf49f
case-00310,1a2c5723e7858eaf8b2023813939a17c2d475665ff1069937e3c8f46d05beba3,CONTROLLED_TEST_MUTATION,root_signature_tamper_after_seal,False,True,0.0363,True,0.3183,True,0.0172,True,0.3172,True,0.0097,False,3.5358,EVIDENCE_ROOT_INVALID,b2d83222fe4bab87f393b8e93c8a29f87ac2f8279ebd9de6ca63f25604bbf49f
case-00311,7575757f39129b3e1e1bd29d07eabea9c6cbc660dbb3bc82a67f9b9a1226f311,CLEAN_TEST_FIXTURE,none,True,True,0.0354,True,0.3325,True,0.0163,True,0.3408,True,0.0078,True,4.1594,ALL_REQUIRED_EVIDENCE_TRUSTWORTHY,b2d83222fe4bab87f393b8e93c8a29f87ac2f8279ebd9de6ca63f25604bbf49f
case-00312,02dc8e66a137fca9f32c9c9b7bbcc0bf2ffb0066c9616e98a132fbda75a863e3,CONTROLLED_TEST_MUTATION,root_signature_tamper_after_seal,False,True,0.0358,True,0.3132,True,0.0164,True,0.3121,True,0.0089,False,3.5526,EVIDENCE_ROOT_INVALID,b2d83222fe4bab87f393b8e93c8a29f87ac2f8279ebd9de6ca63f25604bbf49f
case-00313,c51d12c9b79b61a4eff87f8c03b2e41bb275b2b3e0ebf24b994c0a1d10020de7,CLEAN_TEST_FIXTURE,none,True,True,0.0343,True,0.3136,True,0.0158,True,0.3147,True,0.0076,True,4.3663,ALL_REQUIRED_EVIDENCE_TRUSTWORTHY,b2d83222fe4bab87f393b8e93c8a29f87ac2f8279ebd9de6ca63f25604bbf49f
case-00314,8acf82916d9dfffb98ea1d0af6ec560346e4f553dc3a11c4a197c018d7181fd3,CONTROLLED_TEST_MUTATION,broken_lineage,False,True,0.0344,True,0.3084,True,0.0162,True,0.3061,True,0.0076,False,3.4551,EVIDENCE_LINEAGE_INVALID,b2d83222fe4bab87f393b8e93c8a29f87ac2f8279ebd9de6ca63f25604bbf49f
case-00315,3dbf57e857064d785ae6cf9b9e2f7c34cc9cf18c88222aba841b1ec79f55d753,CONTROLLED_TEST_MUTATION,future_timestamp,False,True,0.033,False,0.2773,True,0.0155,False,0.2688,True,0.0076,False,4.0479,EVIDENCE_FRESHNESS_UNKNOWN|EVIDENCE_TIMESTAMP_IN_FUTURE,b2d83222fe4bab87f393b8e93c8a29f87ac2f8279ebd9de6ca63f25604bbf49f
case-00316,5f38f575ee35b8a514929802b4f0d8d4ab22464c04581a7ba71dee0a5ce88ed7,CONTROLLED_TEST_MUTATION,incomplete_payload,False,True,0.0358,False,0.195,True,0.0159,False,0.1448,True,0.0085,False,3.6228,EVIDENCE_PAYLOAD_INCOMPLETE,b2d83222fe4bab87f393b8e93c8a29f87ac2f8279ebd9de6ca63f25604bbf49f
case-00317,04f4b31aec04049e71c0133e1d5a1efd41dcecdf7bc0ba894648ad2007b8bdbd,CONTROLLED_TEST_MUTATION,payload_tamper_after_seal,False,True,0.0342,False,0.0766,True,0.0152,False,0.1021,True,0.0074,False,4.4772,CHECKSUM_INVALID|EVIDENCE_ROOT_INVALID|EVIDENCE_SNAPSHOT_CONFLICT|RECORD_ENVELOPE_INVALID,b2d83222fe4bab87f393b8e93c8a29f87ac2f8279ebd9de6ca63f25604bbf49f
case-00318,5d43935a738704b5b12baa6067f80d3550bf4d418d84d478a7f7b3a3bfd2231d,CONTROLLED_TEST_MUTATION,payload_tamper_after_seal,False,True,0.0394,False,0.0896,True,0.0171,False,0.0893,True,0.0089,False,3.5085,CHECKSUM_INVALID|EVIDENCE_ROOT_INVALID|EVIDENCE_SNAPSHOT_CONFLICT|RECORD_ENVELOPE_INVALID,b2d83222fe4bab87f393b8e93c8a29f87ac2f8279ebd9de6ca63f25604bbf49f
case-00319,853deabb72e32d6ecf39d498fdd8a7cfa74d65071fed7e8321533c27735d7cb9,CLEAN_TEST_FIXTURE,none,True,True,0.0333,True,0.3067,True,0.0154,True,0.3071,True,0.0074,True,4.1479,ALL_REQUIRED_EVIDENCE_TRUSTWORTHY,b2d83222fe4bab87f393b8e93c8a29f87ac2f8279ebd9de6ca63f25604bbf49f
case-00320,e2052ca9631a0e836e03bba426c0965e46b85dd5162fa80dd3734e6a8690a90d,CONTROLLED_TEST_MUTATION,unavailable_record,False,True,0.0344,False,0.2821,True,0.0162,False,0.2724,True,0.0083,False,3.4303,EVIDENCE_LINEAGE_INCOMPLETE|EVIDENCE_UNAVAILABLE,b2d83222fe4bab87f393b8e93c8a29f87ac2f8279ebd9de6ca63f25604bbf49f
case-00321,f83a6db7ae890421d7f9db3070f460ef4ed8aaba09077ed2a9879f8d4017867e,CONTROLLED_TEST_MUTATION,wrong_context,False,True,0.0334,True,0.3071,True,0.0156,True,0.3103,True,0.0075,False,3.957,EVIDENCE_CONTEXT_MISMATCH,b2d83222fe4bab87f393b8e93c8a29f87ac2f8279ebd9de6ca63f25604bbf49f
case-00322,f3aa800f8fae801097834b79d5af61f2be17e0dca5ebda9d338f7ce55901b864,CONTROLLED_TEST_MUTATION,unavailable_record,False,True,0.035,False,0.2801,True,0.0165,False,0.2736,True,0.0084,False,3.4292,EVIDENCE_LINEAGE_INCOMPLETE|EVIDENCE_UNAVAILABLE,b2d83222fe4bab87f393b8e93c8a29f87ac2f8279ebd9de6ca63f25604bbf49f
case-00323,6a8a1d5d6223937cc56e5502b00b84fa6bc887901e585374442e949565186d49,CLEAN_TEST_FIXTURE,none,True,True,0.0334,True,0.3066,True,0.0157,True,0.3056,True,0.0075,True,3.8984,ALL_REQUIRED_EVIDENCE_TRUSTWORTHY,b2d83222fe4bab87f393b8e93c8a29f87ac2f8279ebd9de6ca63f25604bbf49f
case-00324,522184f480cc74557d40cc4fbd8d1aab6be766e71377da15ab789cd11406bf5c,CLEAN_TEST_FIXTURE,none,True,True,0.036,True,0.3182,True,0.0169,True,0.3163,True,0.0093,True,3.5449,ALL_REQUIRED_EVIDENCE_TRUSTWORTHY,b2d83222fe4bab87f393b8e93c8a29f87ac2f8279ebd9de6ca63f25604bbf49f
case-00325,16ab5d486727ef11dcb75d9204821ead2853f0aebea0da1f4e477194fc35154e,CONTROLLED_TEST_MUTATION,stale_live_observation,False,True,0.0341,False,0.2875,True,0.016,False,0.279,True,0.008,False,4.2736,EVIDENCE_STALE,b2d83222fe4bab87f393b8e93c8a29f87ac2f8279ebd9de6ca63f25604bbf49f
case-00326,0ce32c20afadb34584ffb29343440016208d0bceb80db28069eb0dbccecff4bb,CONTROLLED_TEST_MUTATION,empty_payload,False,False,0.0371,False,0.0294,True,0.0133,False,0.0408,True,0.0064,False,3.5106,EVIDENCE_PAYLOAD_EMPTY|EVIDENCE_PAYLOAD_SCHEMA_INVALID|EVIDENCE_SNAPSHOT_CONFLICT,b2d83222fe4bab87f393b8e93c8a29f87ac2f8279ebd9de6ca63f25604bbf49f
case-00327,ee924057d76a6be9d3d4aef6e8eaefe98132bc58470eda7d0fdad3e75f1dbc52,CONTROLLED_TEST_MUTATION,malformed_payload,False,True,0.0339,True,0.3106,True,0.016,True,0.3091,True,0.0075,False,4.3664,EVIDENCE_PAYLOAD_SCHEMA_INVALID|EVIDENCE_SNAPSHOT_CONFLICT,b2d83222fe4bab87f393b8e93c8a29f87ac2f8279ebd9de6ca63f25604bbf49f
case-00328,35dd6b8fe6e62c84cf1d5c254f6f889d1b246f9081bb2a3a65b23d6e5958d840,CONTROLLED_TEST_MUTATION,wrong_context,False,True,0.0347,True,0.3109,True,0.0161,True,0.3086,True,0.008,False,3.4287,EVIDENCE_CONTEXT_MISMATCH,b2d83222fe4bab87f393b8e93c8a29f87ac2f8279ebd9de6ca63f25604bbf49f
case-00329,69fd2f4cd58e3e5097b495a4753522ef9fda0a0bc367a4a9129b180e6a0d6152,CONTROLLED_TEST_MUTATION,incomplete_payload,False,True,0.0329,False,0.143,True,0.0151,False,0.1399,True,0.0073,False,4.2823,EVIDENCE_PAYLOAD_INCOMPLETE,b2d83222fe4bab87f393b8e93c8a29f87ac2f8279ebd9de6ca63f25604bbf49f
case-00330,f2841e8700896d05b1d0caf5ee2eca71fb1eb08a594dd096dc70a37dd28e22f6,CONTROLLED_TEST_MUTATION,unavailable_record,False,True,0.0355,False,0.29,True,0.0195,False,0.2816,True,0.0085,False,3.5481,EVIDENCE_LINEAGE_INCOMPLETE|EVIDENCE_UNAVAILABLE,b2d83222fe4bab87f393b8e93c8a29f87ac2f8279ebd9de6ca63f25604bbf49f
case-00331,a8ac18021948b36fd65836ce6181fee09c9ffe2e923cb8b045e4e2bc6ae81aae,CONTROLLED_TEST_MUTATION,empty_payload,False,False,0.0363,False,0.0285,True,0.0129,False,0.0408,True,0.0058,False,4.5562,EVIDENCE_PAYLOAD_EMPTY|EVIDENCE_PAYLOAD_SCHEMA_INVALID|EVIDENCE_SNAPSHOT_CONFLICT,b2d83222fe4bab87f393b8e93c8a29f87ac2f8279ebd9de6ca63f25604bbf49f
case-00332,033ecf5802ce09e650714ffad62f6ad77e7d35d57beb90c20f8e01bd4504da2c,CONTROLLED_TEST_MUTATION,future_timestamp,False,True,0.0351,False,0.28,True,0.0163,False,0.2721,True,0.0085,False,3.5221,EVIDENCE_FRESHNESS_UNKNOWN|EVIDENCE_TIMESTAMP_IN_FUTURE,b2d83222fe4bab87f393b8e93c8a29f87ac2f8279ebd9de6ca63f25604bbf49f
case-00333,c65384773f9dad8c4214e1cc70fb6f753bc02032928f4a185fe33eae46c5d6e2,CLEAN_TEST_FIXTURE,none,True,True,0.0334,True,0.3065,True,0.0152,True,0.5376,True,0.0079,True,4.6131,ALL_REQUIRED_EVIDENCE_TRUSTWORTHY,b2d83222fe4bab87f393b8e93c8a29f87ac2f8279ebd9de6ca63f25604bbf49f
case-00334,fc0d0bf8605d4c3392a6c195a93c78aa3a336c9f10bb27da2f7c15df0f231167,CONTROLLED_TEST_MUTATION,root_signature_tamper_after_seal,False,True,0.038,True,0.3095,True,0.0161,True,0.306,True,0.0079,False,3.4705,EVIDENCE_ROOT_INVALID,b2d83222fe4bab87f393b8e93c8a29f87ac2f8279ebd9de6ca63f25604bbf49f
case-00335,95edec2c81f5398b5fa49859b90a7ef86b7e815c58348a851be46aa6113a0866,CONTROLLED_TEST_MUTATION,payload_tamper_after_seal,False,True,0.0338,False,0.0762,True,0.0151,False,0.0795,True,0.0073,False,4.3564,CHECKSUM_INVALID|EVIDENCE_ROOT_INVALID|EVIDENCE_SNAPSHOT_CONFLICT|RECORD_ENVELOPE_INVALID,b2d83222fe4bab87f393b8e93c8a29f87ac2f8279ebd9de6ca63f25604bbf49f
case-00336,17f17ddbb8b860cc965f41f12f3ec07b6646dd039976ea826a4704d11754e3e4,CONTROLLED_TEST_MUTATION,role_conflict,False,True,0.0383,True,0.333,True,0.0172,False,0.3277,True,0.0073,False,3.7278,EVIDENCE_ROLE_CONFLICT,b2d83222fe4bab87f393b8e93c8a29f87ac2f8279ebd9de6ca63f25604bbf49f
case-00337,5ceebd7ad6e67e5c6b428b65c22560bd0930e07f0fb6054a3fa67bda37908816,CONTROLLED_TEST_MUTATION,empty_payload,False,False,0.0354,False,0.028,True,0.0122,False,0.0397,True,0.0054,False,4.5824,EVIDENCE_PAYLOAD_EMPTY|EVIDENCE_PAYLOAD_SCHEMA_INVALID|EVIDENCE_SNAPSHOT_CONFLICT,b2d83222fe4bab87f393b8e93c8a29f87ac2f8279ebd9de6ca63f25604bbf49f
case-00338,d8da90fc05499cbda65e1adc6b9c2085ba9a97593abe2455d7f34836935a6bf0,CONTROLLED_TEST_MUTATION,role_conflict,False,True,0.0388,True,0.3375,True,0.0174,False,0.3344,True,0.0073,False,3.8244,EVIDENCE_ROLE_CONFLICT,b2d83222fe4bab87f393b8e93c8a29f87ac2f8279ebd9de6ca63f25604bbf49f
case-00339,f7bb22d78421ab2747fac76246b0f313da564e6fa02923205eecd139c0cc6a5e,CONTROLLED_TEST_MUTATION,unknown_source,False,True,0.0354,True,0.3201,True,0.016,True,0.5736,True,0.0103,False,3.9614,EVIDENCE_ROLE_SOURCE_NOT_ALLOWED|EVIDENCE_SOURCE_ID_UNKNOWN|EVIDENCE_SOURCE_POLICY_MISSING,b2d83222fe4bab87f393b8e93c8a29f87ac2f8279ebd9de6ca63f25604bbf49f
case-00340,46b00eaaeb9e42f6a85691f549a7c8c9160d5fae4fc247360ece5d8ded2e3d3d,CONTROLLED_TEST_MUTATION,source_type_impersonation,False,True,0.0354,True,0.3141,True,0.0161,True,0.3149,True,0.008,False,3.5078,EVIDENCE_ROLE_SOURCE_NOT_ALLOWED|OPERATOR_EVIDENCE_UNVERIFIED,b2d83222fe4bab87f393b8e93c8a29f87ac2f8279ebd9de6ca63f25604bbf49f
case-00341,774aef6568fc273266120cd1576a304f77e7cdb0af09d35b9c00ed14a8f3f624,CONTROLLED_TEST_MUTATION,payload_tamper_after_seal,False,True,0.2609,False,0.1579,True,0.0207,False,0.2657,True,0.2866,False,3.8546,CHECKSUM_INVALID|EVIDENCE_ROOT_INVALID|EVIDENCE_SNAPSHOT_CONFLICT|RECORD_ENVELOPE_INVALID,b2d83222fe4bab87f393b8e93c8a29f87ac2f8279ebd9de6ca63f25604bbf49f
case-00342,078cf79e2040b3d780bbc9f1e137d9a23491b04cb004041c196456097172cf10,CONTROLLED_TEST_MUTATION,root_signature_tamper_after_seal,False,True,0.0356,True,0.3304,True,0.0197,True,0.3862,True,0.01,False,3.6334,EVIDENCE_ROOT_INVALID,b2d83222fe4bab87f393b8e93c8a29f87ac2f8279ebd9de6ca63f25604bbf49f
case-00343,b103d443fe2a0565105030205dec54682883e298a7447fdbd0c0c922bca94d9b,CONTROLLED_TEST_MUTATION,future_timestamp,False,True,0.036,False,0.2931,True,0.0169,False,0.2793,True,0.0101,False,3.4938,EVIDENCE_FRESHNESS_UNKNOWN|EVIDENCE_TIMESTAMP_IN_FUTURE,b2d83222fe4bab87f393b8e93c8a29f87ac2f8279ebd9de6ca63f25604bbf49f
case-00344,df6fe5628e9f74c71ff5e73dd08c711cedab1c9cb81a0c3dc5c1fd954a033fad,CONTROLLED_TEST_MUTATION,malformed_payload,False,True,0.0345,True,0.3134,True,0.0162,True,0.309,True,0.0079,False,3.6464,EVIDENCE_PAYLOAD_SCHEMA_INVALID|EVIDENCE_SNAPSHOT_CONFLICT,b2d83222fe4bab87f393b8e93c8a29f87ac2f8279ebd9de6ca63f25604bbf49f
case-00345,9aff41e198945c2bb84d5b960bf057398829f4ffe1e0b2433391ce60c4285002,CONTROLLED_TEST_MUTATION,broken_lineage,False,True,0.0371,True,0.3208,True,0.0167,True,0.3155,True,0.011,False,3.5849,EVIDENCE_LINEAGE_INVALID,b2d83222fe4bab87f393b8e93c8a29f87ac2f8279ebd9de6ca63f25604bbf49f
case-00346,c4d6481b8f6266b9fa910102e80b2dd9f6c7fdf83fe76914851a08eac944da85,CONTROLLED_TEST_MUTATION,unknown_source,False,True,0.0348,True,0.3163,True,0.016,True,0.3171,True,0.0075,False,3.5196,EVIDENCE_ROLE_SOURCE_NOT_ALLOWED|EVIDENCE_SOURCE_ID_UNKNOWN|EVIDENCE_SOURCE_POLICY_MISSING,b2d83222fe4bab87f393b8e93c8a29f87ac2f8279ebd9de6ca63f25604bbf49f
case-00347,b3065fbe84080b865fa02bb0db19c0397fda8150c638a379b6ec463b2883f9a8,CONTROLLED_TEST_MUTATION,payload_tamper_after_seal,False,True,0.0372,False,0.083,True,0.016,False,0.083,True,0.0084,False,3.5874,CHECKSUM_INVALID|EVIDENCE_ROOT_INVALID|EVIDENCE_SNAPSHOT_CONFLICT|RECORD_ENVELOPE_INVALID,b2d83222fe4bab87f393b8e93c8a29f87ac2f8279ebd9de6ca63f25604bbf49f
case-00348,27477267d936b20d9efa960fce18970ebb357dec2f734190e3d7879c5eefc394,CONTROLLED_TEST_MUTATION,wrong_context,False,True,0.034,True,0.3142,True,0.0158,True,0.3185,True,0.0077,False,3.5297,EVIDENCE_CONTEXT_MISMATCH,b2d83222fe4bab87f393b8e93c8a29f87ac2f8279ebd9de6ca63f25604bbf49f
case-00349,436a23f87ed73b1cc2824e52774d8cebdf6a39b089456efd0336c2f3ef1859d7,CONTROLLED_TEST_MUTATION,incomplete_payload,False,True,0.0362,False,0.1484,True,0.0159,False,0.141,True,0.0099,False,3.4709,EVIDENCE_PAYLOAD_INCOMPLETE,b2d83222fe4bab87f393b8e93c8a29f87ac2f8279ebd9de6ca63f25604bbf49f
case-00350,801434a8386c9aab8a6f7f0b114de3d20a6dc7d17e8f873d079ab43f05ddf5c7,CONTROLLED_TEST_MUTATION,unknown_source,False,True,0.0335,True,0.308,True,0.0157,True,0.3074,True,0.0075,False,3.421,EVIDENCE_ROLE_SOURCE_NOT_ALLOWED|EVIDENCE_SOURCE_ID_UNKNOWN|EVIDENCE_SOURCE_POLICY_MISSING,b2d83222fe4bab87f393b8e93c8a29f87ac2f8279ebd9de6ca63f25604bbf49f
case-00351,20ce5cd7a2654af98ed0b4d48077e1ff74f44faeb63216c1698b1c49f74146e6,CONTROLLED_TEST_MUTATION,broken_lineage,False,True,0.036,True,0.3143,True,0.0164,True,0.3094,True,0.0092,False,3.4733,EVIDENCE_LINEAGE_INVALID,b2d83222fe4bab87f393b8e93c8a29f87ac2f8279ebd9de6ca63f25604bbf49f
case-00352,d354ec045f4c428566ee931ba9ca0157cbedb3a96e2d49b3814e261252bb4d80,CONTROLLED_TEST_MUTATION,future_timestamp,False,True,0.0334,False,0.2784,True,0.0155,False,0.2732,True,0.0075,False,3.4148,EVIDENCE_FRESHNESS_UNKNOWN|EVIDENCE_TIMESTAMP_IN_FUTURE,b2d83222fe4bab87f393b8e93c8a29f87ac2f8279ebd9de6ca63f25604bbf49f
case-00353,eb81581559dc75c2f1ec2dcdcff7a2a5faded910195deed350b120fe5fbda7f1,CONTROLLED_TEST_MUTATION,wrong_context,False,True,0.0364,True,0.3137,True,0.0163,True,0.3113,True,0.0094,False,3.4535,EVIDENCE_CONTEXT_MISMATCH,b2d83222fe4bab87f393b8e93c8a29f87ac2f8279ebd9de6ca63f25604bbf49f
case-00354,c35e7f8f63a31798a3f8a31caf721f41b0070c257bd591f7cc8ad2f59ffc9162,CONTROLLED_TEST_MUTATION,malformed_payload,False,True,0.0332,True,0.3009,True,0.0155,True,0.2993,True,0.0073,False,3.3881,EVIDENCE_PAYLOAD_SCHEMA_INVALID|EVIDENCE_SNAPSHOT_CONFLICT,b2d83222fe4bab87f393b8e93c8a29f87ac2f8279ebd9de6ca63f25604bbf49f
case-00355,038ee992b0b15ff85af40d6c285c0146257decee1aac202193886554d16b12d2,CONTROLLED_TEST_MUTATION,snapshot_score_conflict,False,True,0.037,True,0.3373,True,0.0163,True,0.3108,True,0.0095,False,3.5339,EVIDENCE_SNAPSHOT_CONFLICT,b2d83222fe4bab87f393b8e93c8a29f87ac2f8279ebd9de6ca63f25604bbf49f
case-00356,7a7c909fed8b2443f3342f1556bb61108a06c13449f390ae76ec27012aaa2bbb,CONTROLLED_TEST_MUTATION,root_signature_tamper_after_seal,False,True,0.0335,True,0.3284,True,0.0155,True,0.307,True,0.0076,False,3.6618,EVIDENCE_ROOT_INVALID,b2d83222fe4bab87f393b8e93c8a29f87ac2f8279ebd9de6ca63f25604bbf49f
case-00357,4763b55d366d97ae2593b8164f4dd4b168fedd7867d3918bac9a075182d43efe,CLEAN_TEST_FIXTURE,none,True,True,0.0456,True,0.3217,True,0.0162,True,0.3066,True,0.0093,True,3.5276,ALL_REQUIRED_EVIDENCE_TRUSTWORTHY,b2d83222fe4bab87f393b8e93c8a29f87ac2f8279ebd9de6ca63f25604bbf49f
case-00358,39bd09cf1081524c39b3822530b581d17009b9c97fadc25144c3467da56ec323,CONTROLLED_TEST_MUTATION,missing_direct_role,False,False,0.018,False,0.0133,True,0.0136,False,0.0245,True,0.0051,False,3.214,REQUIRED_ROLE_MISSING,b2d83222fe4bab87f393b8e93c8a29f87ac2f8279ebd9de6ca63f25604bbf49f
case-00359,4fbea5dd2d2fad204abff600516f3d3bf965ab5ca9b51ce51886bf1bc1745f9a,CONTROLLED_TEST_MUTATION,incomplete_payload,False,True,0.037,False,0.148,True,0.0279,False,0.15,True,0.0098,False,3.5317,EVIDENCE_PAYLOAD_INCOMPLETE,b2d83222fe4bab87f393b8e93c8a29f87ac2f8279ebd9de6ca63f25604bbf49f
case-00360,e9a438d22a4daa1080403e32cb7c4cdabdb25c5d6288f0a980bff8a814d0d4d5,CONTROLLED_TEST_MUTATION,role_conflict,False,True,0.0371,True,0.3329,True,0.0166,False,0.3264,True,0.0067,False,3.8888,EVIDENCE_ROLE_CONFLICT,b2d83222fe4bab87f393b8e93c8a29f87ac2f8279ebd9de6ca63f25604bbf49f
case-00361,7a0947a0585750702e984085e91a00a38feab89a65c5a67e28a9057bc23a96d9,CONTROLLED_TEST_MUTATION,stale_live_observation,False,True,0.0359,False,0.281,True,0.0164,False,0.2746,True,0.0201,False,3.5463,EVIDENCE_STALE,b2d83222fe4bab87f393b8e93c8a29f87ac2f8279ebd9de6ca63f25604bbf49f
case-00362,849829f69263fdb8226225d8033bdc127a491bd2618eb90439b964947ed9ab84,CONTROLLED_TEST_MUTATION,future_timestamp,False,True,0.033,False,0.2799,True,0.0156,False,0.2716,True,0.0076,False,3.7099,EVIDENCE_FRESHNESS_UNKNOWN|EVIDENCE_TIMESTAMP_IN_FUTURE,b2d83222fe4bab87f393b8e93c8a29f87ac2f8279ebd9de6ca63f25604bbf49f
case-00363,c802d2b7751c13fc4a553bd0f0014f7927d8b6c2ca15ff0288c4538ce71ab24b,CONTROLLED_TEST_MUTATION,snapshot_score_conflict,False,True,0.0353,True,0.3114,True,0.0163,True,0.3105,True,0.0081,False,3.4609,EVIDENCE_SNAPSHOT_CONFLICT,b2d83222fe4bab87f393b8e93c8a29f87ac2f8279ebd9de6ca63f25604bbf49f
case-00364,737acb7c9d473a4f204c8e5fddce29784cf04100bbab47f462df001cf2315ae3,CONTROLLED_TEST_MUTATION,stale_live_observation,False,True,0.0335,False,0.2803,True,0.0158,False,0.2747,True,0.008,False,4.2003,EVIDENCE_STALE,b2d83222fe4bab87f393b8e93c8a29f87ac2f8279ebd9de6ca63f25604bbf49f
case-00365,47526cae6a32130acf54f15a1f32ed94dda673b9780d5054d73e72b3d973feed,CONTROLLED_TEST_MUTATION,source_type_impersonation,False,True,0.0349,True,0.3113,True,0.016,True,0.4108,True,0.0078,False,3.4295,EVIDENCE_ROLE_SOURCE_NOT_ALLOWED|OPERATOR_EVIDENCE_UNVERIFIED,b2d83222fe4bab87f393b8e93c8a29f87ac2f8279ebd9de6ca63f25604bbf49f
case-00366,5cbfffe0cb7d4cb10156657b904b8c5091bd39a79a71b990ae29eb08db40d789,CONTROLLED_TEST_MUTATION,missing_lineage,False,True,0.0339,True,0.3057,True,0.0154,True,0.3047,True,0.0073,False,4.2079,EVIDENCE_LINEAGE_INCOMPLETE,b2d83222fe4bab87f393b8e93c8a29f87ac2f8279ebd9de6ca63f25604bbf49f
case-00367,102194369b42a0d7d990f3d9f0294a42e2faf9b97ef85ecff85e75dcb5bcdbec,CONTROLLED_TEST_MUTATION,wrong_context,False,True,0.036,True,0.3163,True,0.0164,True,0.317,True,0.0082,False,3.525,EVIDENCE_CONTEXT_MISMATCH,b2d83222fe4bab87f393b8e93c8a29f87ac2f8279ebd9de6ca63f25604bbf49f
case-00368,26235b9002ec3d000ed3992c263a0cd34214a952b92ea76e65157d577e44a3cf,CONTROLLED_TEST_MUTATION,root_signature_tamper_after_seal,False,True,0.0355,True,0.3414,True,0.0162,True,0.3418,True,0.0078,False,4.3427,EVIDENCE_ROOT_INVALID,b2d83222fe4bab87f393b8e93c8a29f87ac2f8279ebd9de6ca63f25604bbf49f
case-00369,f43a200e14704138b525a51be24573d9ff6535584bb3d7a581b3e3d22ee8e700,CONTROLLED_TEST_MUTATION,broken_lineage,False,True,0.0351,True,0.3149,True,0.016,True,0.3155,True,0.0078,False,3.5285,EVIDENCE_LINEAGE_INVALID,b2d83222fe4bab87f393b8e93c8a29f87ac2f8279ebd9de6ca63f25604bbf49f
case-00370,85bc6c1b59fab631d3e1bdfa67836aa174c9f049b04a4f80bcbdd2de10d69913,CONTROLLED_TEST_MUTATION,missing_lineage,False,True,0.0346,True,0.3184,True,0.016,True,0.3174,True,0.0078,False,4.1806,EVIDENCE_LINEAGE_INCOMPLETE,b2d83222fe4bab87f393b8e93c8a29f87ac2f8279ebd9de6ca63f25604bbf49f
case-00371,45172bac7f11bfaeede0cb402d585c3da84995737f431d307ca784c51d07d770,CONTROLLED_TEST_MUTATION,source_type_impersonation,False,True,0.0356,True,0.3179,True,0.0162,True,0.3142,True,0.0085,False,3.5359,EVIDENCE_ROLE_SOURCE_NOT_ALLOWED|OPERATOR_EVIDENCE_UNVERIFIED,b2d83222fe4bab87f393b8e93c8a29f87ac2f8279ebd9de6ca63f25604bbf49f
case-00372,0ba0ae6e24809ab567139c469ac93fff71a5f2cb117fbbaa6b5d1221d6fbc683,CONTROLLED_TEST_MUTATION,incomplete_payload,False,True,0.0344,False,0.1478,True,0.0154,False,0.1433,True,0.0078,False,4.353,EVIDENCE_PAYLOAD_INCOMPLETE,b2d83222fe4bab87f393b8e93c8a29f87ac2f8279ebd9de6ca63f25604bbf49f
case-00373,487aa62f6a4a3690034a68bf426a56fc2cb2c532b5c37db7f84d1830b5b1d6ad,CONTROLLED_TEST_MUTATION,broken_lineage,False,True,0.0348,True,0.3078,True,0.0155,True,0.3055,True,0.008,False,3.4328,EVIDENCE_LINEAGE_INVALID,b2d83222fe4bab87f393b8e93c8a29f87ac2f8279ebd9de6ca63f25604bbf49f
case-00374,0cb04680d8ea06849acf3485c8b0a443614fe5bad171f8248813f598eab538ef,CONTROLLED_TEST_MUTATION,expired_import,False,True,0.034,False,0.2533,True,0.0152,False,0.2479,True,0.0077,False,4.3277,EVIDENCE_STALE,b2d83222fe4bab87f393b8e93c8a29f87ac2f8279ebd9de6ca63f25604bbf49f
case-00375,a7092c908ea00d5d7d062c0bdc0fa0b9e46b5d478c7069e2f6dc7e88cc5e5359,CONTROLLED_TEST_MUTATION,missing_direct_role,False,False,0.0181,False,0.0131,True,0.0145,False,0.0243,True,0.0054,False,3.0169,REQUIRED_ROLE_MISSING,b2d83222fe4bab87f393b8e93c8a29f87ac2f8279ebd9de6ca63f25604bbf49f
case-00376,ed256a7d09083521340c0a1ff2b017b0d12d6021a289286acf8b67dc4deaddb5,CONTROLLED_TEST_MUTATION,lineage_cycle,False,True,0.0342,True,0.3067,True,0.0153,True,0.3064,True,0.0075,False,4.0041,EVIDENCE_LINEAGE_INVALID,b2d83222fe4bab87f393b8e93c8a29f87ac2f8279ebd9de6ca63f25604bbf49f
case-00377,db7a7333fdaea753d62bcb73f1d7048431fb441b664388742701c925ba542424,CLEAN_TEST_FIXTURE,none,True,True,0.0489,True,0.3863,True,0.023,True,0.4604,True,0.0142,True,3.7181,ALL_REQUIRED_EVIDENCE_TRUSTWORTHY,b2d83222fe4bab87f393b8e93c8a29f87ac2f8279ebd9de6ca63f25604bbf49f
case-00378,3ca4a69d73cc40110c0013cd6947daf133e109405d07b658d6e395ee87c80722,CONTROLLED_TEST_MUTATION,malformed_payload,False,True,0.0356,True,0.3112,True,0.0168,True,0.3142,True,0.0082,False,4.6995,EVIDENCE_PAYLOAD_SCHEMA_INVALID|EVIDENCE_SNAPSHOT_CONFLICT,b2d83222fe4bab87f393b8e93c8a29f87ac2f8279ebd9de6ca63f25604bbf49f
case-00379,db7d86ea690128910d8c6378e48c5e0f8aa6f922d96d7c557dfa4602b4e40469,CONTROLLED_TEST_MUTATION,expired_import,False,True,0.0358,False,0.2642,True,0.0165,False,0.2581,True,0.0084,False,3.546,EVIDENCE_STALE,b2d83222fe4bab87f393b8e93c8a29f87ac2f8279ebd9de6ca63f25604bbf49f
case-00380,1b4dda3ae3ce369878eeacaf457eb0354a621f8687ceb80b430ee44450d6d1b6,CONTROLLED_TEST_MUTATION,lineage_cycle,False,True,0.0345,True,0.3144,True,0.0159,True,0.3163,True,0.0075,False,4.8717,EVIDENCE_LINEAGE_INVALID,b2d83222fe4bab87f393b8e93c8a29f87ac2f8279ebd9de6ca63f25604bbf49f
case-00381,83900ba184aaf604e98fcaee5495472ec8fe6b5b5ebe495f4dbe1366e3caa580,CONTROLLED_TEST_MUTATION,malformed_payload,False,True,0.0343,True,0.3037,True,0.0156,True,0.3032,True,0.0078,False,3.4062,EVIDENCE_PAYLOAD_SCHEMA_INVALID|EVIDENCE_SNAPSHOT_CONFLICT,b2d83222fe4bab87f393b8e93c8a29f87ac2f8279ebd9de6ca63f25604bbf49f
case-00382,3363d9079c134f3632173b0304bb2a151a14d536fe92d1c36f1e27031269a92b,CLEAN_TEST_FIXTURE,none,True,True,0.0329,True,0.3324,True,0.0375,True,1.1866,True,0.0125,True,3.724,ALL_REQUIRED_EVIDENCE_TRUSTWORTHY,b2d83222fe4bab87f393b8e93c8a29f87ac2f8279ebd9de6ca63f25604bbf49f
case-00383,270a023704963bc0d6328b080292854ce7a2359d965630bab27254d751ce583f,CONTROLLED_TEST_MUTATION,role_conflict,False,True,0.0387,True,0.3405,True,0.0174,False,0.3361,True,0.0068,False,3.8272,EVIDENCE_ROLE_CONFLICT,b2d83222fe4bab87f393b8e93c8a29f87ac2f8279ebd9de6ca63f25604bbf49f
case-00384,6f77cd0ecfb989aa928fa9e7018ba1570a1d1cb8e31891322e49aba68ce7cf5b,CONTROLLED_TEST_MUTATION,snapshot_score_conflict,False,True,0.0376,True,0.3695,True,0.017,True,0.3321,True,0.0097,False,3.5905,EVIDENCE_SNAPSHOT_CONFLICT,b2d83222fe4bab87f393b8e93c8a29f87ac2f8279ebd9de6ca63f25604bbf49f
case-00385,d45b38eff4a8eed0ba4c4e49c27d760fb96693e6bde1d6dd4feb78204876e223,CONTROLLED_TEST_MUTATION,malformed_payload,False,True,0.0333,True,0.303,True,0.0155,True,0.2986,True,0.0074,False,3.3862,EVIDENCE_PAYLOAD_SCHEMA_INVALID|EVIDENCE_SNAPSHOT_CONFLICT,b2d83222fe4bab87f393b8e93c8a29f87ac2f8279ebd9de6ca63f25604bbf49f
case-00386,dc160c0b34084008e568f9da2b8916af19657f4d5345275c7f517f2412dca8d5,CONTROLLED_TEST_MUTATION,future_timestamp,False,True,0.0383,False,0.3364,True,0.017,False,0.2849,True,0.0103,False,3.6601,EVIDENCE_FRESHNESS_UNKNOWN|EVIDENCE_TIMESTAMP_IN_FUTURE,b2d83222fe4bab87f393b8e93c8a29f87ac2f8279ebd9de6ca63f25604bbf49f
case-00387,5652a3b28387b6cfdce0de253c12a09a440b8f45649da3b1ef73ca4cba43bdba,CONTROLLED_TEST_MUTATION,malformed_payload,False,True,0.0341,True,0.3108,True,0.016,True,0.3111,True,0.0073,False,3.4814,EVIDENCE_PAYLOAD_SCHEMA_INVALID|EVIDENCE_SNAPSHOT_CONFLICT,b2d83222fe4bab87f393b8e93c8a29f87ac2f8279ebd9de6ca63f25604bbf49f
case-00388,4436d60fdd268115c8edf6da72adc8df81f7036aa2808f243a5b668c27a3dc6b,CONTROLLED_TEST_MUTATION,empty_payload,False,False,0.0404,False,0.0288,True,0.0138,False,0.0411,True,0.0065,False,3.4803,EVIDENCE_PAYLOAD_EMPTY|EVIDENCE_PAYLOAD_SCHEMA_INVALID|EVIDENCE_SNAPSHOT_CONFLICT,b2d83222fe4bab87f393b8e93c8a29f87ac2f8279ebd9de6ca63f25604bbf49f
case-00389,40c4a1dbc6a9899b4faa0477bcd3daa3ca1f931e4ba1c315b2214526e33f14f9,CONTROLLED_TEST_MUTATION,snapshot_score_conflict,False,True,0.0332,True,0.3087,True,0.0154,True,0.3091,True,0.0072,False,3.4133,EVIDENCE_SNAPSHOT_CONFLICT,b2d83222fe4bab87f393b8e93c8a29f87ac2f8279ebd9de6ca63f25604bbf49f
case-00390,90fe28bc6d66d869a964c09a4bceb73055729f24155bbf2c3b7e3ecb781dccdb,CLEAN_TEST_FIXTURE,none,True,True,0.0369,True,0.3554,True,0.0165,True,0.332,True,0.0091,True,3.5143,ALL_REQUIRED_EVIDENCE_TRUSTWORTHY,b2d83222fe4bab87f393b8e93c8a29f87ac2f8279ebd9de6ca63f25604bbf49f
case-00391,a5ce0a5ea0709e494b962b7a926e043ef5a9c7a549f66162d17f86a27626fd51,CONTROLLED_TEST_MUTATION,future_timestamp,False,True,0.0328,False,0.2779,True,0.0158,False,0.2929,True,0.0078,False,3.6119,EVIDENCE_FRESHNESS_UNKNOWN|EVIDENCE_TIMESTAMP_IN_FUTURE,b2d83222fe4bab87f393b8e93c8a29f87ac2f8279ebd9de6ca63f25604bbf49f
case-00392,8cc924a81eaad487c22e0025603ffe2332c82f83714be40e8f5eb615d5aca4a0,CONTROLLED_TEST_MUTATION,unknown_source,False,True,0.0369,True,0.3158,True,0.0168,True,0.3326,True,0.0095,False,3.5289,EVIDENCE_ROLE_SOURCE_NOT_ALLOWED|EVIDENCE_SOURCE_ID_UNKNOWN|EVIDENCE_SOURCE_POLICY_MISSING,b2d83222fe4bab87f393b8e93c8a29f87ac2f8279ebd9de6ca63f25604bbf49f
case-00393,ccc015c7abcecf45569d584698eb5b4e8aa8c2ec24b806c0efcdd96007ad6f0f,CLEAN_TEST_FIXTURE,none,True,True,0.0333,True,0.3045,True,0.0153,True,0.3027,True,0.0075,True,3.4101,ALL_REQUIRED_EVIDENCE_TRUSTWORTHY,b2d83222fe4bab87f393b8e93c8a29f87ac2f8279ebd9de6ca63f25604bbf49f
case-00394,a9d656aaf3048ede8df9f973b8de714d35fbf416323358c1b3ca2cd816b6cab3,CONTROLLED_TEST_MUTATION,missing_direct_role,False,False,0.0219,False,0.0138,True,0.0157,False,0.0256,True,0.0064,False,3.1395,REQUIRED_ROLE_MISSING,b2d83222fe4bab87f393b8e93c8a29f87ac2f8279ebd9de6ca63f25604bbf49f
case-00395,9379d3cee3a7e245f0312bda028f4e011fd8d57e54e2889a01042220de5bffe8,CONTROLLED_TEST_MUTATION,excluded_ancestor,False,True,0.0345,True,0.3119,True,0.0158,False,0.3126,True,0.0065,False,3.5116,REQUIRED_INPUT_EXCLUDED,b2d83222fe4bab87f393b8e93c8a29f87ac2f8279ebd9de6ca63f25604bbf49f
case-00396,3dc52d6b12c2424983dff94e8835a93925b80af7dacb94e43e7b2491fb454364,CONTROLLED_TEST_MUTATION,unknown_source,False,True,0.0378,True,0.3281,True,0.0175,True,0.3451,True,0.0094,False,3.5729,EVIDENCE_ROLE_SOURCE_NOT_ALLOWED|EVIDENCE_SOURCE_ID_UNKNOWN|EVIDENCE_SOURCE_POLICY_MISSING,b2d83222fe4bab87f393b8e93c8a29f87ac2f8279ebd9de6ca63f25604bbf49f
case-00397,d3eae54365d3d9c7aa86fea9d8653e6e12ca1772886cb0b817998bcbef5eeb3c,CLEAN_TEST_FIXTURE,none,True,True,0.0345,True,0.3212,True,0.0158,True,0.3173,True,0.0077,True,3.6349,ALL_REQUIRED_EVIDENCE_TRUSTWORTHY,b2d83222fe4bab87f393b8e93c8a29f87ac2f8279ebd9de6ca63f25604bbf49f
case-00398,60400d00d5366a73a4d0a0c1872126d77d67195c5697b11567dee024d0757176,CLEAN_TEST_FIXTURE,none,True,True,0.037,True,0.3274,True,0.0168,True,0.3454,True,0.0094,True,3.6348,ALL_REQUIRED_EVIDENCE_TRUSTWORTHY,b2d83222fe4bab87f393b8e93c8a29f87ac2f8279ebd9de6ca63f25604bbf49f
case-00399,996c560f9822b59364e2e03c96a5a0a4fdccbb9eaffd0c22184ea4d3ce5a6ff7,CONTROLLED_TEST_MUTATION,role_conflict,False,True,0.0377,True,0.3378,True,0.0169,False,0.3333,True,0.0069,False,4.4586,EVIDENCE_ROLE_CONFLICT,b2d83222fe4bab87f393b8e93c8a29f87ac2f8279ebd9de6ca63f25604bbf49f
case-00400,a2af18706f8010c433a4ee2bfbfc5058ef8bbbe68df23b0997d10737df5b310d,CONTROLLED_TEST_MUTATION,incomplete_payload,False,True,0.0383,False,0.1595,True,0.0174,False,0.1556,True,0.0092,False,3.7629,EVIDENCE_PAYLOAD_INCOMPLETE,b2d83222fe4bab87f393b8e93c8a29f87ac2f8279ebd9de6ca63f25604bbf49f
case-00401,998026c4ef307a8054e2621ecc38875209b0d5efb17dd3147360ab345ebae1b2,CONTROLLED_TEST_MUTATION,role_conflict,False,True,0.04,True,0.3592,True,0.0178,False,0.3561,True,0.0069,False,5.862,EVIDENCE_ROLE_CONFLICT,b2d83222fe4bab87f393b8e93c8a29f87ac2f8279ebd9de6ca63f25604bbf49f
case-00402,edd1acdc8e462a71d1077a1d99e6bda8cb9b0f1fe53e20e5a8c0e1c89e696850,CONTROLLED_TEST_MUTATION,excluded_ancestor,False,True,0.0359,True,0.3202,True,0.0164,False,0.3217,True,0.007,False,3.5136,REQUIRED_INPUT_EXCLUDED,b2d83222fe4bab87f393b8e93c8a29f87ac2f8279ebd9de6ca63f25604bbf49f
case-00403,d805b06451c34cf035cc1375405ea9205a48cdbfb1e56444c7cf356013c77b4d,CLEAN_TEST_FIXTURE,none,True,True,0.0573,True,1.0722,True,0.0335,True,0.3299,True,0.011,True,3.7262,ALL_REQUIRED_EVIDENCE_TRUSTWORTHY,b2d83222fe4bab87f393b8e93c8a29f87ac2f8279ebd9de6ca63f25604bbf49f
case-00404,8a3766f2198298780f56dcdc3693322e661b211d69d2903a4bb4c9d2ce05b9c0,CLEAN_TEST_FIXTURE,none,True,True,0.0336,True,0.3068,True,0.0154,True,0.3053,True,0.0074,True,3.502,ALL_REQUIRED_EVIDENCE_TRUSTWORTHY,b2d83222fe4bab87f393b8e93c8a29f87ac2f8279ebd9de6ca63f25604bbf49f
case-00405,1949dc373edd3a7e81202de488031d4116fe748fc51acf1c03752f2df9151c36,CLEAN_TEST_FIXTURE,none,True,True,0.0382,True,0.327,True,0.0172,True,0.455,True,0.0101,True,3.7075,ALL_REQUIRED_EVIDENCE_TRUSTWORTHY,b2d83222fe4bab87f393b8e93c8a29f87ac2f8279ebd9de6ca63f25604bbf49f
case-00406,5983d37780304591e0e5ce4f0ebc4d96bf182ef46903a61d5420fcc2b13445b6,CONTROLLED_TEST_MUTATION,snapshot_score_conflict,False,True,0.0335,True,0.3056,True,0.0158,True,0.305,True,0.0075,False,3.5213,EVIDENCE_SNAPSHOT_CONFLICT,b2d83222fe4bab87f393b8e93c8a29f87ac2f8279ebd9de6ca63f25604bbf49f
case-00407,e6cedc1fbf81780d2b8e839074955794afa5b32af8363d9b71e8634208d6d703,CONTROLLED_TEST_MUTATION,broken_lineage,False,True,0.0372,True,0.3383,True,0.017,True,0.3142,True,0.01,False,3.6839,EVIDENCE_LINEAGE_INVALID,b2d83222fe4bab87f393b8e93c8a29f87ac2f8279ebd9de6ca63f25604bbf49f
case-00408,f5bb8da8a1200402622eec97b47f2887ec1e938947231079b5f66f8351baf483,CONTROLLED_TEST_MUTATION,root_signature_tamper_after_seal,False,True,0.0345,True,0.3176,True,0.0163,True,0.3178,True,0.0077,False,3.5211,EVIDENCE_ROOT_INVALID,b2d83222fe4bab87f393b8e93c8a29f87ac2f8279ebd9de6ca63f25604bbf49f
case-00409,236e895756de51c9c248f070cbc658559b89ac0057b0eb824cdc4c06ea92c968,CLEAN_TEST_FIXTURE,none,True,True,0.0399,True,0.3389,True,0.0172,True,0.3176,True,0.0098,True,3.5555,ALL_REQUIRED_EVIDENCE_TRUSTWORTHY,b2d83222fe4bab87f393b8e93c8a29f87ac2f8279ebd9de6ca63f25604bbf49f
case-00410,23cdb2908f8dbfa9fc73030a7042a1ce6f33dd11f8ab4fb3ec753535f5ac9583,CONTROLLED_TEST_MUTATION,wrong_context,False,True,0.0348,True,0.3178,True,0.0159,True,0.318,True,0.0075,False,3.5193,EVIDENCE_CONTEXT_MISMATCH,b2d83222fe4bab87f393b8e93c8a29f87ac2f8279ebd9de6ca63f25604bbf49f
case-00411,20677239334cadea13312fd2a5e65da479e875caedb665d6eb1042bae5f312b1,CONTROLLED_TEST_MUTATION,incomplete_payload,False,True,0.0401,False,0.1655,True,0.0175,False,0.1566,True,0.0105,False,3.7817,EVIDENCE_PAYLOAD_INCOMPLETE,b2d83222fe4bab87f393b8e93c8a29f87ac2f8279ebd9de6ca63f25604bbf49f
case-00412,7229b01ea110949b1b1b0cfeff452033095c0a31f1c5aa1498cbee015d78cdd4,CONTROLLED_TEST_MUTATION,malformed_payload,False,True,0.035,True,0.3125,True,0.0161,True,0.3123,True,0.0076,False,3.4909,EVIDENCE_PAYLOAD_SCHEMA_INVALID|EVIDENCE_SNAPSHOT_CONFLICT,b2d83222fe4bab87f393b8e93c8a29f87ac2f8279ebd9de6ca63f25604bbf49f
case-00413,afabd0aec1ff572e06c8ce0a19399b0b8d42a0134a87d7db4ee25907f11add6a,CONTROLLED_TEST_MUTATION,excluded_ancestor,False,True,0.0368,True,0.3218,True,0.0168,False,0.3184,True,0.0071,False,3.5627,REQUIRED_INPUT_EXCLUDED,b2d83222fe4bab87f393b8e93c8a29f87ac2f8279ebd9de6ca63f25604bbf49f
case-00414,f127b4a918d79c4ba0fb00413c747960851ca4cf297eb0ff719f5c7d18f64182,CLEAN_TEST_FIXTURE,none,True,True,0.0347,True,0.3172,True,0.0159,True,0.3163,True,0.0076,True,3.5733,ALL_REQUIRED_EVIDENCE_TRUSTWORTHY,b2d83222fe4bab87f393b8e93c8a29f87ac2f8279ebd9de6ca63f25604bbf49f
case-00415,d082fdfb39d79d7c53a8bb0da422811de638ebd4da30786798d1ce00cc85b04f,CLEAN_TEST_FIXTURE,none,True,True,0.0367,True,0.3228,True,0.017,True,0.3183,True,0.0094,True,3.581,ALL_REQUIRED_EVIDENCE_TRUSTWORTHY,b2d83222fe4bab87f393b8e93c8a29f87ac2f8279ebd9de6ca63f25604bbf49f
case-00416,4e5017da447256bc6825d7eecee1d1c50e7d463bfbb306b0b22a403815b77cbd,CONTROLLED_TEST_MUTATION,missing_direct_role,False,False,0.0186,False,0.0135,True,0.0139,False,0.025,True,0.0078,False,3.3276,REQUIRED_ROLE_MISSING,b2d83222fe4bab87f393b8e93c8a29f87ac2f8279ebd9de6ca63f25604bbf49f
case-00417,1a2039882b17ee29c5e42527725c09ee8eba33bb6a7c3bb8c845a1a437d2fc1b,CLEAN_TEST_FIXTURE,none,True,True,0.038,True,0.326,True,0.0169,True,0.32,True,0.0094,True,3.5804,ALL_REQUIRED_EVIDENCE_TRUSTWORTHY,b2d83222fe4bab87f393b8e93c8a29f87ac2f8279ebd9de6ca63f25604bbf49f
case-00418,85308d12c10dd7c33de245bc31583fedf4f04232bc5aa6dacdc71d002db9b336,CONTROLLED_TEST_MUTATION,payload_tamper_after_seal,False,True,0.0348,False,0.0792,True,0.0151,False,0.0815,True,0.0075,False,3.8426,CHECKSUM_INVALID|EVIDENCE_ROOT_INVALID|EVIDENCE_SNAPSHOT_CONFLICT|RECORD_ENVELOPE_INVALID,b2d83222fe4bab87f393b8e93c8a29f87ac2f8279ebd9de6ca63f25604bbf49f
case-00419,070153aa1426a4fdd12b916c695a27d084e71793ccc9d0a3737abb5856afbaae,CONTROLLED_TEST_MUTATION,malformed_payload,False,True,0.0358,True,0.3062,True,0.0167,True,0.3026,True,0.0085,False,3.4189,EVIDENCE_PAYLOAD_SCHEMA_INVALID|EVIDENCE_SNAPSHOT_CONFLICT,b2d83222fe4bab87f393b8e93c8a29f87ac2f8279ebd9de6ca63f25604bbf49f
case-00420,65a116ee448f5dc6cd53aa18cba7f0e714346bed4b08d679869b52edb91cf885,CLEAN_TEST_FIXTURE,none,True,True,0.0338,True,0.3071,True,0.0158,True,0.3058,True,0.0076,True,3.4659,ALL_REQUIRED_EVIDENCE_TRUSTWORTHY,b2d83222fe4bab87f393b8e93c8a29f87ac2f8279ebd9de6ca63f25604bbf49f
case-00421,6a8a111402a74aec512a29073f68755ac10bb2d6b61744991fedd248f02ef0b2,CONTROLLED_TEST_MUTATION,malformed_payload,False,True,0.0428,True,0.3423,True,0.028,True,0.3684,True,0.0105,False,3.4832,EVIDENCE_PAYLOAD_SCHEMA_INVALID|EVIDENCE_SNAPSHOT_CONFLICT,b2d83222fe4bab87f393b8e93c8a29f87ac2f8279ebd9de6ca63f25604bbf49f
case-00422,60ed64779577f806fa340e0989dd53fff6f4a48ec7672a34f269698c1520ac5d,CONTROLLED_TEST_MUTATION,unavailable_record,False,True,0.034,False,0.2838,True,0.0157,False,0.2755,True,0.008,False,4.5623,EVIDENCE_LINEAGE_INCOMPLETE|EVIDENCE_UNAVAILABLE,b2d83222fe4bab87f393b8e93c8a29f87ac2f8279ebd9de6ca63f25604bbf49f
case-00423,9e51b1a04db179cafe1c3b6f692339dcb9667b53ae48cdd253c77dd0227f73aa,CLEAN_TEST_FIXTURE,none,True,True,0.0349,True,0.3077,True,0.016,True,0.3281,True,0.0094,True,3.5612,ALL_REQUIRED_EVIDENCE_TRUSTWORTHY,b2d83222fe4bab87f393b8e93c8a29f87ac2f8279ebd9de6ca63f25604bbf49f
case-00424,503d2793efa5d451a71ddfa3ef0706eb8cda3e7ca8ff3d45b1cb3cb45b3d5cf2,CONTROLLED_TEST_MUTATION,expired_import,False,True,0.0334,False,0.2543,True,0.0154,False,0.2728,True,0.0077,False,4.2854,EVIDENCE_STALE,b2d83222fe4bab87f393b8e93c8a29f87ac2f8279ebd9de6ca63f25604bbf49f
case-00425,9ea49359df55f8410a3dcc6829256f185f31e4b15dfa5607be1cdaeaaed96816,CLEAN_TEST_FIXTURE,none,True,True,0.0346,True,0.3122,True,0.0158,True,0.3319,True,0.0085,True,3.5088,ALL_REQUIRED_EVIDENCE_TRUSTWORTHY,b2d83222fe4bab87f393b8e93c8a29f87ac2f8279ebd9de6ca63f25604bbf49f
case-00426,e5e979d91a9ae6bb7a478d5f1d3dcf58e13f4dfe334e8b720d5b9f1458c862c3,CONTROLLED_TEST_MUTATION,future_timestamp,False,True,0.0334,False,0.2773,True,0.0273,False,0.2823,True,0.0075,False,4.4417,EVIDENCE_FRESHNESS_UNKNOWN|EVIDENCE_TIMESTAMP_IN_FUTURE,b2d83222fe4bab87f393b8e93c8a29f87ac2f8279ebd9de6ca63f25604bbf49f
case-00427,3b086fc914f4a5effbbe3ad9a24da0d364d31eb287cb14907301c5f48f6fc361,CONTROLLED_TEST_MUTATION,payload_tamper_after_seal,False,True,0.0455,False,0.08,True,0.0157,False,0.0825,True,0.0085,False,3.5206,CHECKSUM_INVALID|EVIDENCE_ROOT_INVALID|EVIDENCE_SNAPSHOT_CONFLICT|RECORD_ENVELOPE_INVALID,b2d83222fe4bab87f393b8e93c8a29f87ac2f8279ebd9de6ca63f25604bbf49f
case-00428,b6f925f4b91c68e2d31b9b47dd2922d3af13b4ea833607a67d2561804f526ff2,CONTROLLED_TEST_MUTATION,role_conflict,False,True,0.0377,True,0.3405,True,0.017,False,0.3364,True,0.0068,False,4.9783,EVIDENCE_ROLE_CONFLICT,b2d83222fe4bab87f393b8e93c8a29f87ac2f8279ebd9de6ca63f25604bbf49f
case-00429,1a01b75baf7be1feb17224b460bcc24d508ffe0fe14dc9305966d30870a51886,CONTROLLED_TEST_MUTATION,broken_lineage,False,True,0.0352,True,0.3169,True,0.0168,True,0.3162,True,0.0079,False,3.497,EVIDENCE_LINEAGE_INVALID,b2d83222fe4bab87f393b8e93c8a29f87ac2f8279ebd9de6ca63f25604bbf49f
case-00430,39008daca088e5f630a5cc684f7ed94c5cc59a28a9f7cf6c591e2f02260f03f5,CONTROLLED_TEST_MUTATION,lineage_cycle,False,True,0.0853,True,0.4355,True,0.0177,True,0.3203,True,0.0111,False,3.8261,EVIDENCE_LINEAGE_INVALID,b2d83222fe4bab87f393b8e93c8a29f87ac2f8279ebd9de6ca63f25604bbf49f
case-00431,2e5f72ab010bf77f4ae2f1ec0077cb5cecba23ac5e094484f4e8288c0b02db29,CONTROLLED_TEST_MUTATION,wrong_context,False,True,0.0368,True,0.3393,True,0.0167,True,0.3342,True,0.0083,False,3.7017,EVIDENCE_CONTEXT_MISMATCH,b2d83222fe4bab87f393b8e93c8a29f87ac2f8279ebd9de6ca63f25604bbf49f
case-00432,fed64de994fe810a5b6a6162a2a6c0f4e45dc82a5ad8e0c51f11093cacde87cd,CONTROLLED_TEST_MUTATION,unavailable_record,False,True,0.0383,False,0.2952,True,0.0173,False,0.3645,True,0.0105,False,3.5496,EVIDENCE_LINEAGE_INCOMPLETE|EVIDENCE_UNAVAILABLE,b2d83222fe4bab87f393b8e93c8a29f87ac2f8279ebd9de6ca63f25604bbf49f
case-00433,55e52596bd067c2a299a939266c348d406a45568b8ee765c247a08d45e71990f,CONTROLLED_TEST_MUTATION,malformed_payload,False,True,0.0344,True,0.3114,True,0.0161,True,0.3118,True,0.0077,False,3.4978,EVIDENCE_PAYLOAD_SCHEMA_INVALID|EVIDENCE_SNAPSHOT_CONFLICT,b2d83222fe4bab87f393b8e93c8a29f87ac2f8279ebd9de6ca63f25604bbf49f
case-00434,a0ee1bcf6d58b5c1ff5d832189398be15b220097a406563f0bb7def6402f718f,CONTROLLED_TEST_MUTATION,missing_lineage,False,True,0.0409,True,0.3503,True,0.0181,True,0.3415,True,0.0106,False,3.4811,EVIDENCE_LINEAGE_INCOMPLETE,b2d83222fe4bab87f393b8e93c8a29f87ac2f8279ebd9de6ca63f25604bbf49f
case-00435,5a59441a9bf746a9c3b77221e64f88e5e4fcaa6264b974c70b29a6aeceecc92c,CONTROLLED_TEST_MUTATION,source_type_impersonation,False,True,0.0337,True,0.3133,True,0.0156,True,0.3133,True,0.0077,False,3.5588,EVIDENCE_ROLE_SOURCE_NOT_ALLOWED|OPERATOR_EVIDENCE_UNVERIFIED,b2d83222fe4bab87f393b8e93c8a29f87ac2f8279ebd9de6ca63f25604bbf49f
case-00436,2bbafe64e41c5e74367fc6ab61225d86167cf68f1ed0d92d7fabd6a9589a6f6f,CONTROLLED_TEST_MUTATION,payload_tamper_after_seal,False,True,0.0356,False,0.0782,True,0.0157,False,0.0786,True,0.0081,False,3.4506,CHECKSUM_INVALID|EVIDENCE_ROOT_INVALID|EVIDENCE_SNAPSHOT_CONFLICT|RECORD_ENVELOPE_INVALID,b2d83222fe4bab87f393b8e93c8a29f87ac2f8279ebd9de6ca63f25604bbf49f
case-00437,224130f18fe4059583e5e6968e6aa9c636d0f6f006f3ab60ca48cff334cbec0a,CONTROLLED_TEST_MUTATION,future_timestamp,False,True,0.0331,False,0.2815,True,0.0157,False,0.2756,True,0.0074,False,3.4179,EVIDENCE_FRESHNESS_UNKNOWN|EVIDENCE_TIMESTAMP_IN_FUTURE,b2d83222fe4bab87f393b8e93c8a29f87ac2f8279ebd9de6ca63f25604bbf49f
case-00438,60116dc14a57663f8e8d6f77bdf87186636c03947fe6e1ceca78912a152a8b47,CONTROLLED_TEST_MUTATION,missing_lineage,False,True,0.0364,True,0.3107,True,0.0164,True,0.3051,True,0.0094,False,3.3922,EVIDENCE_LINEAGE_INCOMPLETE,b2d83222fe4bab87f393b8e93c8a29f87ac2f8279ebd9de6ca63f25604bbf49f
case-00439,82b9aa7f42873353da65421f7ac37c5a51a33cf426cb4d81eb7ebe8474071b14,CONTROLLED_TEST_MUTATION,incomplete_payload,False,True,0.0332,False,0.1409,True,0.0149,False,0.1393,True,0.0076,False,3.4211,EVIDENCE_PAYLOAD_INCOMPLETE,b2d83222fe4bab87f393b8e93c8a29f87ac2f8279ebd9de6ca63f25604bbf49f
case-00440,9ec0817fe1c283626274e51791d908b62f54204e69fee0404f518324426d675f,CONTROLLED_TEST_MUTATION,source_type_impersonation,False,True,0.0361,True,0.3373,True,0.0164,True,0.3075,True,0.0093,False,3.5466,EVIDENCE_ROLE_SOURCE_NOT_ALLOWED|OPERATOR_EVIDENCE_UNVERIFIED,b2d83222fe4bab87f393b8e93c8a29f87ac2f8279ebd9de6ca63f25604bbf49f
case-00441,6c96aec6f1f7779a203def76d05299b3b2ba2848a94f3b82eddf01a5d0147316,CLEAN_TEST_FIXTURE,none,True,True,0.033,True,0.3265,True,0.0155,True,0.3036,True,0.0073,True,3.5638,ALL_REQUIRED_EVIDENCE_TRUSTWORTHY,b2d83222fe4bab87f393b8e93c8a29f87ac2f8279ebd9de6ca63f25604bbf49f
case-00442,8177d343578892ff933a48c4a519d73020a1e59be07961172e4daec8312161c8,CONTROLLED_TEST_MUTATION,excluded_ancestor,False,True,0.0475,True,0.3217,True,0.016,False,0.3083,True,0.007,False,3.545,REQUIRED_INPUT_EXCLUDED,b2d83222fe4bab87f393b8e93c8a29f87ac2f8279ebd9de6ca63f25604bbf49f
case-00443,c581533e512ff8f43d43241ef2c61b68166293f03d99e6fd4efad2c23fc46fc0,CONTROLLED_TEST_MUTATION,lineage_cycle,False,True,0.0336,True,0.3067,True,0.0154,True,0.3056,True,0.0072,False,3.5209,EVIDENCE_LINEAGE_INVALID,b2d83222fe4bab87f393b8e93c8a29f87ac2f8279ebd9de6ca63f25604bbf49f
case-00444,f3cad4c3afbf926163b1e9f89cbf64c5031de029accadb596d0950742a908f5f,CLEAN_TEST_FIXTURE,none,True,True,0.0364,True,0.311,True,0.0163,True,0.3083,True,0.0092,True,3.4665,ALL_REQUIRED_EVIDENCE_TRUSTWORTHY,b2d83222fe4bab87f393b8e93c8a29f87ac2f8279ebd9de6ca63f25604bbf49f
case-00445,e073120e6db0278469c9901a27db07f9d575e8a866aa628ef96b80213c405b63,CLEAN_TEST_FIXTURE,none,True,True,0.0338,True,0.305,True,0.0153,True,0.3055,True,0.0074,True,4.3333,ALL_REQUIRED_EVIDENCE_TRUSTWORTHY,b2d83222fe4bab87f393b8e93c8a29f87ac2f8279ebd9de6ca63f25604bbf49f
case-00446,66e7a739b50e240ec4e0b21f8eb9bc874a506fd7ad78d590d6a239626e4877cd,CLEAN_TEST_FIXTURE,none,True,True,0.0354,True,0.333,True,0.0161,True,0.3107,True,0.009,True,3.5457,ALL_REQUIRED_EVIDENCE_TRUSTWORTHY,b2d83222fe4bab87f393b8e93c8a29f87ac2f8279ebd9de6ca63f25604bbf49f
case-00447,df440d33a5c4c0c5120d533c3adc92705bf2bb8b43ae7d6ff38a7d031f2bf30a,CLEAN_TEST_FIXTURE,none,True,True,0.0341,True,0.3266,True,0.0159,True,0.3063,True,0.0074,True,4.4811,ALL_REQUIRED_EVIDENCE_TRUSTWORTHY,b2d83222fe4bab87f393b8e93c8a29f87ac2f8279ebd9de6ca63f25604bbf49f
case-00448,17fcb29464c8f58bc22db3b2052890456137af53cb16cc6719d4ae2c84455273,CONTROLLED_TEST_MUTATION,empty_payload,False,False,0.0366,False,0.0279,True,0.013,False,0.0399,True,0.0061,False,3.4785,EVIDENCE_PAYLOAD_EMPTY|EVIDENCE_PAYLOAD_SCHEMA_INVALID|EVIDENCE_SNAPSHOT_CONFLICT,b2d83222fe4bab87f393b8e93c8a29f87ac2f8279ebd9de6ca63f25604bbf49f
case-00449,a76670c871fa76ba62242878c6c983283b75158e34b7aa1f4bebc151b98d3160,CONTROLLED_TEST_MUTATION,broken_lineage,False,True,0.0327,True,0.3052,True,0.0152,True,0.3044,True,0.0073,False,4.224,EVIDENCE_LINEAGE_INVALID,b2d83222fe4bab87f393b8e93c8a29f87ac2f8279ebd9de6ca63f25604bbf49f
case-00450,9a613c6fccd9c572e9c832833d7e902369a540c15985e0422d4ce6f7a23da496,CONTROLLED_TEST_MUTATION,expired_import,False,True,0.037,False,0.2829,True,0.0167,False,0.2803,True,0.0086,False,3.8557,EVIDENCE_STALE,b2d83222fe4bab87f393b8e93c8a29f87ac2f8279ebd9de6ca63f25604bbf49f
case-00451,60a430dac706a3fc83b071e2a2685865c38c54915ad50c805e040b4c87188a86,CLEAN_TEST_FIXTURE,none,True,True,0.0353,True,0.3365,True,0.0164,True,0.3417,True,0.0079,True,4.5403,ALL_REQUIRED_EVIDENCE_TRUSTWORTHY,b2d83222fe4bab87f393b8e93c8a29f87ac2f8279ebd9de6ca63f25604bbf49f
case-00452,525fa6f3392c03e7327d8a8240951c2f3691f289dd07a1ca63f2007bf16f036b,CONTROLLED_TEST_MUTATION,missing_direct_role,False,False,0.0187,False,0.014,True,0.0146,False,0.0254,True,0.0057,False,3.1083,REQUIRED_ROLE_MISSING,b2d83222fe4bab87f393b8e93c8a29f87ac2f8279ebd9de6ca63f25604bbf49f
case-00453,9bbf2ab8343d7d3ec866545717f68147cd6913b2870c3fc69f4b8fac12539f5f,CONTROLLED_TEST_MUTATION,future_timestamp,False,True,0.0347,False,0.2874,True,0.016,False,0.2793,True,0.008,False,4.4066,EVIDENCE_FRESHNESS_UNKNOWN|EVIDENCE_TIMESTAMP_IN_FUTURE,b2d83222fe4bab87f393b8e93c8a29f87ac2f8279ebd9de6ca63f25604bbf49f
case-00454,432b6754bd1a436fec7f5bbf7ff28f7923f77197838e70b35900a280426ef2e0,CONTROLLED_TEST_MUTATION,missing_lineage,False,True,0.0353,True,0.3187,True,0.0163,True,0.3176,True,0.0079,False,3.4608,EVIDENCE_LINEAGE_INCOMPLETE,b2d83222fe4bab87f393b8e93c8a29f87ac2f8279ebd9de6ca63f25604bbf49f
case-00455,d3fecdd5c484983ef2a7e6f179ea051c60c3892bf69c4449213f7520bf8aba6f,CONTROLLED_TEST_MUTATION,source_type_impersonation,False,True,0.0343,True,0.3168,True,0.0157,True,0.3135,True,0.0073,False,4.5866,EVIDENCE_ROLE_SOURCE_NOT_ALLOWED|OPERATOR_EVIDENCE_UNVERIFIED,b2d83222fe4bab87f393b8e93c8a29f87ac2f8279ebd9de6ca63f25604bbf49f
case-00456,21072912908ef267cc0dbdd47c6bddb4c3c1e0bf6f4068eb6314f27349a9d388,CONTROLLED_TEST_MUTATION,wrong_context,False,True,0.0344,True,0.3082,True,0.0159,True,0.3064,True,0.0077,False,3.4284,EVIDENCE_CONTEXT_MISMATCH,b2d83222fe4bab87f393b8e93c8a29f87ac2f8279ebd9de6ca63f25604bbf49f
case-00457,de5ee9cb9fa5af94c467144f7fbff878d33bbacb8c3c78ed616f9bbd43d131df,CONTROLLED_TEST_MUTATION,root_signature_tamper_after_seal,False,True,0.033,True,0.3052,True,0.0155,True,0.3026,True,0.0075,False,4.4657,EVIDENCE_ROOT_INVALID,b2d83222fe4bab87f393b8e93c8a29f87ac2f8279ebd9de6ca63f25604bbf49f
case-00458,da46a6f4f0586d33e5ad8334aa18c432b2f33a153a72b97ef21e4f381aa5a4cd,CONTROLLED_TEST_MUTATION,root_signature_tamper_after_seal,False,True,0.0359,True,0.3177,True,0.0163,True,0.3142,True,0.0085,False,3.5407,EVIDENCE_ROOT_INVALID,b2d83222fe4bab87f393b8e93c8a29f87ac2f8279ebd9de6ca63f25604bbf49f
case-00459,c4b42679f5cd1513929d11d69723809798d2599eab48bfa63155bb31c351c2c0,CONTROLLED_TEST_MUTATION,role_conflict,False,True,0.0392,True,0.3597,True,0.02,False,0.4648,True,0.0097,False,4.1284,EVIDENCE_ROLE_CONFLICT,b2d83222fe4bab87f393b8e93c8a29f87ac2f8279ebd9de6ca63f25604bbf49f
case-00460,70bfead829140347019d8513c1f9733916ece6085f18ee70ee94685b6eb78df8,CONTROLLED_TEST_MUTATION,wrong_context,False,True,0.0343,True,0.314,True,0.0161,True,0.3117,True,0.0079,False,3.4177,EVIDENCE_CONTEXT_MISMATCH,b2d83222fe4bab87f393b8e93c8a29f87ac2f8279ebd9de6ca63f25604bbf49f
case-00461,324ba7d036d6e04ff0a7749f0e3be75e688c66e209c9114f89479210319b7893,CONTROLLED_TEST_MUTATION,root_signature_tamper_after_seal,False,True,0.0456,True,0.4774,True,0.0284,True,0.4045,True,0.0202,False,4.1426,EVIDENCE_ROOT_INVALID,b2d83222fe4bab87f393b8e93c8a29f87ac2f8279ebd9de6ca63f25604bbf49f
case-00462,d942244800d3fb987e5e4d9880c67548e9aa0600f61f6342bdfd7f046fc8a037,CONTROLLED_TEST_MUTATION,payload_tamper_after_seal,False,True,0.0353,False,0.0798,True,0.0155,False,0.0823,True,0.0079,False,3.4865,CHECKSUM_INVALID|EVIDENCE_ROOT_INVALID|EVIDENCE_SNAPSHOT_CONFLICT|RECORD_ENVELOPE_INVALID,b2d83222fe4bab87f393b8e93c8a29f87ac2f8279ebd9de6ca63f25604bbf49f
case-00463,d49469561b98942e5ce8cf8a08d104fce35a93037fa9edc499efdb5659b41132,CONTROLLED_TEST_MUTATION,empty_payload,False,False,0.0353,False,0.0276,True,0.0125,False,0.0397,True,0.0055,False,4.3734,EVIDENCE_PAYLOAD_EMPTY|EVIDENCE_PAYLOAD_SCHEMA_INVALID|EVIDENCE_SNAPSHOT_CONFLICT,b2d83222fe4bab87f393b8e93c8a29f87ac2f8279ebd9de6ca63f25604bbf49f
case-00464,95a3dc6f33e2a71292e19eea90236ca6764d33c011f5dce9a60b57a332e329ea,CONTROLLED_TEST_MUTATION,wrong_context,False,True,0.0343,True,0.3113,True,0.0159,True,0.3076,True,0.0076,False,3.5084,EVIDENCE_CONTEXT_MISMATCH,b2d83222fe4bab87f393b8e93c8a29f87ac2f8279ebd9de6ca63f25604bbf49f
case-00465,cc92b88c2a2b08d8ccdbf20c54a4caec9c6cbd0449f00157aafd011313daacc7,CONTROLLED_TEST_MUTATION,missing_lineage,False,True,0.0424,True,0.3031,True,0.0155,True,0.9065,True,0.0219,False,3.7024,EVIDENCE_LINEAGE_INCOMPLETE,b2d83222fe4bab87f393b8e93c8a29f87ac2f8279ebd9de6ca63f25604bbf49f
case-00466,4f67d9b8e847c22be87a099d6b1841e0c82c174dcb026833b1e3acc6d4319ab4,CONTROLLED_TEST_MUTATION,excluded_ancestor,False,True,0.0342,True,0.3071,True,0.016,False,0.3089,True,0.0063,False,3.4959,REQUIRED_INPUT_EXCLUDED,b2d83222fe4bab87f393b8e93c8a29f87ac2f8279ebd9de6ca63f25604bbf49f
case-00467,09ba536e6df909ea7857e1592e6d3b9918287d88cfaf3a5ceca48235ed342f8d,CONTROLLED_TEST_MUTATION,missing_direct_role,False,False,0.0294,False,0.0133,True,0.0135,False,0.0242,True,0.0051,False,4.1527,REQUIRED_ROLE_MISSING,b2d83222fe4bab87f393b8e93c8a29f87ac2f8279ebd9de6ca63f25604bbf49f
case-00468,23dcc86f7b5294849a89e49d450f21e616408a7e06fc9d8a9d1bd2a0cb10aaeb,CONTROLLED_TEST_MUTATION,lineage_cycle,False,True,0.0341,True,0.3048,True,0.0158,True,0.3012,True,0.0076,False,3.4338,EVIDENCE_LINEAGE_INVALID,b2d83222fe4bab87f393b8e93c8a29f87ac2f8279ebd9de6ca63f25604bbf49f
case-00469,a9ba363e774c1405958994f4f7f4c51105cccb1cad614857718f0295ca546097,CONTROLLED_TEST_MUTATION,incomplete_payload,False,True,0.0335,False,0.1424,True,0.0149,False,0.1397,True,0.0075,False,4.3321,EVIDENCE_PAYLOAD_INCOMPLETE,b2d83222fe4bab87f393b8e93c8a29f87ac2f8279ebd9de6ca63f25604bbf49f
case-00470,60286a3d62d40c13ac88ea4440edab22b5ecbe2e97891e411db63bb901bc6f99,CONTROLLED_TEST_MUTATION,missing_direct_role,False,False,0.0178,False,0.0135,True,0.0143,False,0.0248,True,0.0055,False,3.0599,REQUIRED_ROLE_MISSING,b2d83222fe4bab87f393b8e93c8a29f87ac2f8279ebd9de6ca63f25604bbf49f
case-00471,dd47eff3382d143bb43bf8983d173d6bad87940d39c5aeff21e7f230c3b027a8,CONTROLLED_TEST_MUTATION,wrong_context,False,True,0.0338,True,0.3079,True,0.0154,True,0.306,True,0.0074,False,4.6972,EVIDENCE_CONTEXT_MISMATCH,b2d83222fe4bab87f393b8e93c8a29f87ac2f8279ebd9de6ca63f25604bbf49f
case-00472,fc20d90ea0505a94ff60695f19f7308b4f230afde47d097cb0bae883d6b75d7a,CONTROLLED_TEST_MUTATION,lineage_cycle,False,True,0.0363,True,0.3186,True,0.0169,True,0.3157,True,0.0084,False,3.5914,EVIDENCE_LINEAGE_INVALID,b2d83222fe4bab87f393b8e93c8a29f87ac2f8279ebd9de6ca63f25604bbf49f
case-00473,cfcde41fb0819fb096a9915fdfcc3cf4e84069b403c9ac785b711b2b8091f8dd,CONTROLLED_TEST_MUTATION,snapshot_score_conflict,False,True,0.0348,True,0.3105,True,0.0157,True,0.332,True,0.0077,False,4.5175,EVIDENCE_SNAPSHOT_CONFLICT,b2d83222fe4bab87f393b8e93c8a29f87ac2f8279ebd9de6ca63f25604bbf49f
case-00474,de6379d8045cb99fd820320f6726dd3e1569e66f1f3b32eed4eb1941375eb13c,CONTROLLED_TEST_MUTATION,source_type_impersonation,False,True,0.036,True,0.3168,True,0.0163,True,0.3197,True,0.008,False,3.5368,EVIDENCE_ROLE_SOURCE_NOT_ALLOWED|OPERATOR_EVIDENCE_UNVERIFIED,b2d83222fe4bab87f393b8e93c8a29f87ac2f8279ebd9de6ca63f25604bbf49f
case-00475,27a391abe79e05ee2af018568338123097f09134d5ecc8cafdf0cace18adf915,CONTROLLED_TEST_MUTATION,future_timestamp,False,True,0.0341,False,0.3032,True,0.0162,False,0.4893,True,0.0124,False,4.5476,EVIDENCE_FRESHNESS_UNKNOWN|EVIDENCE_TIMESTAMP_IN_FUTURE,b2d83222fe4bab87f393b8e93c8a29f87ac2f8279ebd9de6ca63f25604bbf49f
case-00476,6d2dd40af1a18c536ec4281cad10cd9c619d4395d72feecdcd407df5dfb44182,CONTROLLED_TEST_MUTATION,broken_lineage,False,True,0.036,True,0.3181,True,0.0165,True,0.3173,True,0.0106,False,3.673,EVIDENCE_LINEAGE_INVALID,b2d83222fe4bab87f393b8e93c8a29f87ac2f8279ebd9de6ca63f25604bbf49f
case-00477,3835e1592743adad2cdf99bdadd343ab6c5aec279453c0e95874f99d545c6ac5,CONTROLLED_TEST_MUTATION,snapshot_score_conflict,False,True,0.077,True,0.3483,True,0.0279,True,0.3489,True,0.016,False,3.6826,EVIDENCE_SNAPSHOT_CONFLICT,b2d83222fe4bab87f393b8e93c8a29f87ac2f8279ebd9de6ca63f25604bbf49f
case-00478,110e264c1867936f996520254fadbc351343c3b8415edb947af5f6a400cc7f5f,CLEAN_TEST_FIXTURE,none,True,True,0.0338,True,0.3338,True,0.016,True,0.3089,True,0.0075,True,3.5456,ALL_REQUIRED_EVIDENCE_TRUSTWORTHY,b2d83222fe4bab87f393b8e93c8a29f87ac2f8279ebd9de6ca63f25604bbf49f
case-00479,348d062827512ea53bdb860d96a4eceb7f1da06c07a226fd896975ab7f8a7464,CLEAN_TEST_FIXTURE,none,True,True,0.0362,True,0.3143,True,0.0165,True,0.3317,True,0.009,True,3.5325,ALL_REQUIRED_EVIDENCE_TRUSTWORTHY,b2d83222fe4bab87f393b8e93c8a29f87ac2f8279ebd9de6ca63f25604bbf49f
case-00480,9eab3b87f67f267e880c7b58cb8e24c76c0b7e8c5cfee57155fd1f645c15a330,CONTROLLED_TEST_MUTATION,broken_lineage,False,True,0.0328,True,0.3027,True,0.015,True,0.3024,True,0.0072,False,3.4249,EVIDENCE_LINEAGE_INVALID,b2d83222fe4bab87f393b8e93c8a29f87ac2f8279ebd9de6ca63f25604bbf49f
case-00481,f828f47c40b36c9ba18da7096753e98e9b8fd60883dd94b85eefaa7bc1815895,CONTROLLED_TEST_MUTATION,excluded_ancestor,False,True,0.0363,True,0.3168,True,0.0167,False,0.3125,True,0.0069,False,3.7336,REQUIRED_INPUT_EXCLUDED,b2d83222fe4bab87f393b8e93c8a29f87ac2f8279ebd9de6ca63f25604bbf49f
case-00482,0eecb8b4817bd2c974fa4add4446f7e4087aa4aee9e9a95c349a36546d3525d4,CONTROLLED_TEST_MUTATION,broken_lineage,False,True,0.0332,True,0.3043,True,0.0152,True,0.3038,True,0.0073,False,3.4229,EVIDENCE_LINEAGE_INVALID,b2d83222fe4bab87f393b8e93c8a29f87ac2f8279ebd9de6ca63f25604bbf49f
case-00483,9b8218afdde1ca7526fc8d28e8464352775e847aa3bcc43dfe96333899cfc1ea,CONTROLLED_TEST_MUTATION,empty_payload,False,False,0.0404,False,0.0284,True,0.0131,False,0.0398,True,0.0065,False,3.4463,EVIDENCE_PAYLOAD_EMPTY|EVIDENCE_PAYLOAD_SCHEMA_INVALID|EVIDENCE_SNAPSHOT_CONFLICT,b2d83222fe4bab87f393b8e93c8a29f87ac2f8279ebd9de6ca63f25604bbf49f
case-00484,149b341e9bbd4890a15e0cdf385b11ffd195a1570f9699111fc144f01db16988,CONTROLLED_TEST_MUTATION,lineage_cycle,False,True,0.0334,True,0.3069,True,0.0153,True,0.3051,True,0.0072,False,3.4432,EVIDENCE_LINEAGE_INVALID,b2d83222fe4bab87f393b8e93c8a29f87ac2f8279ebd9de6ca63f25604bbf49f
case-00485,e866ade9f2470ef3e1669f623434efa0ae2b96e10bfaea48e3e9fcaf9887b9aa,CONTROLLED_TEST_MUTATION,root_signature_tamper_after_seal,False,True,0.0383,True,0.3237,True,0.0174,True,0.3184,True,0.0093,False,3.5894,EVIDENCE_ROOT_INVALID,b2d83222fe4bab87f393b8e93c8a29f87ac2f8279ebd9de6ca63f25604bbf49f
case-00486,24e13b1d727e980448eb9a895175a8dba481286d4ef3ad2b8eb8b7655c9b8535,CLEAN_TEST_FIXTURE,none,True,True,0.0341,True,0.3126,True,0.0157,True,0.3147,True,0.0077,True,3.528,ALL_REQUIRED_EVIDENCE_TRUSTWORTHY,b2d83222fe4bab87f393b8e93c8a29f87ac2f8279ebd9de6ca63f25604bbf49f
case-00487,a3328dd0ec64e6d2b51c7941a37efac6d61b7942687ed3d6e5c66cf70e1ba3c9,CONTROLLED_TEST_MUTATION,unknown_source,False,True,0.0372,True,0.3184,True,0.0167,True,0.3122,True,0.0095,False,3.4889,EVIDENCE_ROLE_SOURCE_NOT_ALLOWED|EVIDENCE_SOURCE_ID_UNKNOWN|EVIDENCE_SOURCE_POLICY_MISSING,b2d83222fe4bab87f393b8e93c8a29f87ac2f8279ebd9de6ca63f25604bbf49f
case-00488,73211394d63d14400a82d54e5b47ea605b231f311221081545e8e450a0aac440,CONTROLLED_TEST_MUTATION,excluded_ancestor,False,True,0.0339,True,0.3043,True,0.0156,False,0.3049,True,0.0061,False,3.4276,REQUIRED_INPUT_EXCLUDED,b2d83222fe4bab87f393b8e93c8a29f87ac2f8279ebd9de6ca63f25604bbf49f
case-00489,1f8014d44bfead18b278e0915ff63dc981497119c91273325280698b7562037b,CLEAN_TEST_FIXTURE,none,True,True,0.0383,True,0.3252,True,0.0172,True,0.3191,True,0.0101,True,3.5747,ALL_REQUIRED_EVIDENCE_TRUSTWORTHY,b2d83222fe4bab87f393b8e93c8a29f87ac2f8279ebd9de6ca63f25604bbf49f
case-00490,c515400b94c039f7de0cfbfe2d99a202898c58ffeb2d733cdac12d73455f24b0,CONTROLLED_TEST_MUTATION,wrong_context,False,True,0.0344,True,0.3143,True,0.0162,True,0.3141,True,0.0075,False,3.5171,EVIDENCE_CONTEXT_MISMATCH,b2d83222fe4bab87f393b8e93c8a29f87ac2f8279ebd9de6ca63f25604bbf49f
case-00491,c8228412918a3687c43d76d44a260f8fd25ee2cf93919e1dc3e9e412ea006f0b,CONTROLLED_TEST_MUTATION,source_type_impersonation,False,True,0.0362,True,0.3145,True,0.0168,True,0.3074,True,0.0088,False,3.4755,EVIDENCE_ROLE_SOURCE_NOT_ALLOWED|OPERATOR_EVIDENCE_UNVERIFIED,b2d83222fe4bab87f393b8e93c8a29f87ac2f8279ebd9de6ca63f25604bbf49f
case-00492,6bfcb9149a33907f32c823057c9295f5da1c062f697631ec4fc22677ea1baab0,CONTROLLED_TEST_MUTATION,unknown_source,False,True,0.0328,True,0.3017,True,0.0152,True,0.3032,True,0.0071,False,3.5125,EVIDENCE_ROLE_SOURCE_NOT_ALLOWED|EVIDENCE_SOURCE_ID_UNKNOWN|EVIDENCE_SOURCE_POLICY_MISSING,b2d83222fe4bab87f393b8e93c8a29f87ac2f8279ebd9de6ca63f25604bbf49f
case-00493,064752dcce58f50c4f776c6708dfa67845a214c7662bdd45d41e1b724fa3dd56,CONTROLLED_TEST_MUTATION,missing_direct_role,False,False,0.0259,False,0.0153,True,0.0175,False,0.0282,True,0.0072,False,3.7902,REQUIRED_ROLE_MISSING,b2d83222fe4bab87f393b8e93c8a29f87ac2f8279ebd9de6ca63f25604bbf49f
case-00494,c1c79296aa0b014f2c4f6963101ff01a28359ccfdeaa9c07c9b7852677f3b41d,CONTROLLED_TEST_MUTATION,payload_tamper_after_seal,False,True,0.0344,False,0.0766,True,0.015,False,0.079,True,0.008,False,3.4616,CHECKSUM_INVALID|EVIDENCE_ROOT_INVALID|EVIDENCE_SNAPSHOT_CONFLICT|RECORD_ENVELOPE_INVALID,b2d83222fe4bab87f393b8e93c8a29f87ac2f8279ebd9de6ca63f25604bbf49f
case-00495,f04594841ceaee53ce4e352838db91df7cc9f5acee72e45792cae2301dc4d0f3,CONTROLLED_TEST_MUTATION,future_timestamp,False,True,0.0378,False,0.2958,True,0.017,False,0.2847,True,0.01,False,3.5669,EVIDENCE_FRESHNESS_UNKNOWN|EVIDENCE_TIMESTAMP_IN_FUTURE,b2d83222fe4bab87f393b8e93c8a29f87ac2f8279ebd9de6ca63f25604bbf49f
case-00496,e58070654e3c4003261473754e828c6fd6e6cdc13a29aa3bbafe2a0b5553bf34,CONTROLLED_TEST_MUTATION,expired_import,False,True,0.034,False,0.2575,True,0.0157,False,0.254,True,0.008,False,3.6219,EVIDENCE_STALE,b2d83222fe4bab87f393b8e93c8a29f87ac2f8279ebd9de6ca63f25604bbf49f
case-00497,3df5e60acb487b05bded5295ea658a56326154f010c2061b8fd4f9b70ced33b9,CONTROLLED_TEST_MUTATION,payload_tamper_after_seal,False,True,0.0357,False,0.0783,True,0.0156,False,0.0806,True,0.0078,False,3.5223,CHECKSUM_INVALID|EVIDENCE_ROOT_INVALID|EVIDENCE_SNAPSHOT_CONFLICT|RECORD_ENVELOPE_INVALID,b2d83222fe4bab87f393b8e93c8a29f87ac2f8279ebd9de6ca63f25604bbf49f
case-00498,5a05582703872222162cc1c7754fe5d00499fe1e6664895f61d13a86680efc29,CONTROLLED_TEST_MUTATION,excluded_ancestor,False,True,0.0336,True,0.3281,True,0.0156,False,0.3068,True,0.0062,False,4.3716,REQUIRED_INPUT_EXCLUDED,b2d83222fe4bab87f393b8e93c8a29f87ac2f8279ebd9de6ca63f25604bbf49f
case-00499,7d6406c234a99ada47829c43534bbce5aa1d23b5a379ee6c361a3a4d6fa78fda,CLEAN_TEST_FIXTURE,none,True,True,0.0451,True,0.3254,True,0.0164,True,0.3102,True,0.0091,True,3.5366,ALL_REQUIRED_EVIDENCE_TRUSTWORTHY,b2d83222fe4bab87f393b8e93c8a29f87ac2f8279ebd9de6ca63f25604bbf49f
case-00500,8c1972d5f13b0c18cc25d01eb7df5c0136ffb489d4a31ca08d1d3fcb78c16134,CONTROLLED_TEST_MUTATION,snapshot_score_conflict,False,True,0.0338,True,0.3065,True,0.0155,True,0.3033,True,0.0072,False,4.4904,EVIDENCE_SNAPSHOT_CONFLICT,b2d83222fe4bab87f393b8e93c8a29f87ac2f8279ebd9de6ca63f25604bbf49f
case-00501,6f31410d98e6756d3d7dcd39d46059d257a407c74591b6ef23e0db2be239b605,CONTROLLED_TEST_MUTATION,missing_lineage,False,True,0.0352,True,0.3105,True,0.0163,True,0.3106,True,0.0082,False,3.4,EVIDENCE_LINEAGE_INCOMPLETE,b2d83222fe4bab87f393b8e93c8a29f87ac2f8279ebd9de6ca63f25604bbf49f
case-00502,8c2aa01753dce8d21eebdf6198326173729da0ff4ad0e706f89e1d9829a8ff4e,CLEAN_TEST_FIXTURE,none,True,True,0.0336,True,0.3081,True,0.0157,True,0.3097,True,0.0075,True,4.5134,ALL_REQUIRED_EVIDENCE_TRUSTWORTHY,b2d83222fe4bab87f393b8e93c8a29f87ac2f8279ebd9de6ca63f25604bbf49f
case-00503,1ec194585f0ad0b865d9b16fcc3f0ff9765373fa25ea5180b6e510accdc99140,CONTROLLED_TEST_MUTATION,broken_lineage,False,True,0.0351,True,0.3295,True,0.0162,True,0.3033,True,0.0082,False,3.5383,EVIDENCE_LINEAGE_INVALID,b2d83222fe4bab87f393b8e93c8a29f87ac2f8279ebd9de6ca63f25604bbf49f
case-00504,7207081df29ab644da099501099c5240bd3336dfa31aed6efdadd560a2ad7b28,CONTROLLED_TEST_MUTATION,wrong_context,False,True,0.0335,True,0.3102,True,0.0159,True,0.3103,True,0.0074,False,4.3805,EVIDENCE_CONTEXT_MISMATCH,b2d83222fe4bab87f393b8e93c8a29f87ac2f8279ebd9de6ca63f25604bbf49f
case-00505,b621f7d67bc4f4cce847bebd43bea09af0ecb0c77cb0ecb8545c6c8d05398127,CONTROLLED_TEST_MUTATION,role_conflict,False,True,0.0381,True,0.3323,True,0.0171,False,0.3287,True,0.0072,False,3.7647,EVIDENCE_ROLE_CONFLICT,b2d83222fe4bab87f393b8e93c8a29f87ac2f8279ebd9de6ca63f25604bbf49f
case-00506,3c3fcc10b76de5becb463bf8971a8eaef3c39c9002c3802ed5ac3cc344294a94,CONTROLLED_TEST_MUTATION,stale_live_observation,False,True,0.0344,False,0.2817,True,0.016,False,0.2746,True,0.0077,False,4.3185,EVIDENCE_STALE,b2d83222fe4bab87f393b8e93c8a29f87ac2f8279ebd9de6ca63f25604bbf49f
case-00507,2973e544616ab33669290780957b0a623d04644efdbec8a6d653a3d778a78b56,CONTROLLED_TEST_MUTATION,expired_import,False,True,0.0343,False,0.2563,True,0.016,False,0.252,True,0.0084,False,3.4278,EVIDENCE_STALE,b2d83222fe4bab87f393b8e93c8a29f87ac2f8279ebd9de6ca63f25604bbf49f
case-00508,94febeb51535a39b74d3ef12b2cd079db9c8d995db2b70335f1b17edf9d049e2,CONTROLLED_TEST_MUTATION,stale_live_observation,False,True,0.0334,False,0.279,True,0.0157,False,0.5138,True,0.0086,False,4.3576,EVIDENCE_STALE,b2d83222fe4bab87f393b8e93c8a29f87ac2f8279ebd9de6ca63f25604bbf49f
case-00509,34e3e5dc8e17abdec399de93b523aef1ccf2b5384e92dec744fe9932600f7611,CLEAN_TEST_FIXTURE,none,True,True,0.0342,True,0.312,True,0.0158,True,0.3083,True,0.0078,True,3.4333,ALL_REQUIRED_EVIDENCE_TRUSTWORTHY,b2d83222fe4bab87f393b8e93c8a29f87ac2f8279ebd9de6ca63f25604bbf49f
case-00510,7c1a6ec47f891ef0567c7bd6d0d399ff2bda66bf0d4fb13508a72bc9d34a8be5,CONTROLLED_TEST_MUTATION,role_conflict,False,True,0.0375,True,0.7013,True,0.0274,False,0.7437,True,0.0084,False,3.8804,EVIDENCE_ROLE_CONFLICT,b2d83222fe4bab87f393b8e93c8a29f87ac2f8279ebd9de6ca63f25604bbf49f
case-00511,b8789199bb7b41abcfc502d8dc31d67fcd41065b1a9d25122bba583205731363,CLEAN_TEST_FIXTURE,none,True,True,0.0331,True,0.3313,True,0.0158,True,0.3102,True,0.0074,True,3.5062,ALL_REQUIRED_EVIDENCE_TRUSTWORTHY,b2d83222fe4bab87f393b8e93c8a29f87ac2f8279ebd9de6ca63f25604bbf49f
case-00512,a4a9b73c61f6a8773832f8bc106adaaff483659551ea048c886408e29d72c2b7,CONTROLLED_TEST_MUTATION,snapshot_score_conflict,False,True,0.0397,True,0.3403,True,0.0179,True,0.3191,True,0.0095,False,3.5975,EVIDENCE_SNAPSHOT_CONFLICT,b2d83222fe4bab87f393b8e93c8a29f87ac2f8279ebd9de6ca63f25604bbf49f
case-00513,4080d6cc905ff46e9711099c91c3d52df39066392c25e571c39b4d6a806b3ebe,CLEAN_TEST_FIXTURE,none,True,True,0.0349,True,0.3189,True,0.0161,True,0.3178,True,0.0076,True,3.5369,ALL_REQUIRED_EVIDENCE_TRUSTWORTHY,b2d83222fe4bab87f393b8e93c8a29f87ac2f8279ebd9de6ca63f25604bbf49f
case-00514,4c4d75db2b2edb2d6f7fb62002b48887a0cf498a276f932fc86e3bd309a2b7af,CONTROLLED_TEST_MUTATION,snapshot_score_conflict,False,True,0.0448,True,0.3837,True,0.0182,True,0.3432,True,0.0105,False,3.8923,EVIDENCE_SNAPSHOT_CONFLICT,b2d83222fe4bab87f393b8e93c8a29f87ac2f8279ebd9de6ca63f25604bbf49f
case-00515,232817ee8e0c007b1618da799af48b1fa300c6cb8b966b66ddcf1415a5c8e39a,CONTROLLED_TEST_MUTATION,stale_live_observation,False,True,0.035,False,0.2898,True,0.0161,False,0.2815,True,0.0078,False,3.5632,EVIDENCE_STALE,b2d83222fe4bab87f393b8e93c8a29f87ac2f8279ebd9de6ca63f25604bbf49f
case-00516,261ff3fe1e9c43590d63517071566cc6834a9312b529d9c61c0f17c3daf17864,CONTROLLED_TEST_MUTATION,role_conflict,False,True,0.0405,True,0.3442,True,0.0178,False,0.3398,True,0.0075,False,3.8728,EVIDENCE_ROLE_CONFLICT,b2d83222fe4bab87f393b8e93c8a29f87ac2f8279ebd9de6ca63f25604bbf49f
case-00517,12b34ccbff9cbc7b99f193873f8c51632be9bd556d346de36149715214f55f6d,CONTROLLED_TEST_MUTATION,future_timestamp,False,True,0.0344,False,0.2874,True,0.0162,False,0.2856,True,0.0082,False,4.6435,EVIDENCE_FRESHNESS_UNKNOWN|EVIDENCE_TIMESTAMP_IN_FUTURE,b2d83222fe4bab87f393b8e93c8a29f87ac2f8279ebd9de6ca63f25604bbf49f
case-00518,ef513954492f245a282a40900ae214c219e65e938253c760b3fb9001bb5f95e7,CONTROLLED_TEST_MUTATION,source_type_impersonation,False,True,0.0365,True,0.3181,True,0.0167,True,0.3431,True,0.008,False,3.6175,EVIDENCE_ROLE_SOURCE_NOT_ALLOWED|OPERATOR_EVIDENCE_UNVERIFIED,b2d83222fe4bab87f393b8e93c8a29f87ac2f8279ebd9de6ca63f25604bbf49f
case-00519,3c995b6d3d0de2d3fb07c0489d0645c075708fc02c89cf5945e3809616303149,CLEAN_TEST_FIXTURE,none,True,True,0.0339,True,0.3379,True,0.016,True,0.318,True,0.0077,True,4.9428,ALL_REQUIRED_EVIDENCE_TRUSTWORTHY,b2d83222fe4bab87f393b8e93c8a29f87ac2f8279ebd9de6ca63f25604bbf49f
case-00520,6a550086e82bcd68e377468fe052b3a6df89e3d891d088c11b9e452c227095ee,CONTROLLED_TEST_MUTATION,source_type_impersonation,False,True,0.0345,True,0.3066,True,0.0162,True,0.3294,True,0.0081,False,3.4921,EVIDENCE_ROLE_SOURCE_NOT_ALLOWED|OPERATOR_EVIDENCE_UNVERIFIED,b2d83222fe4bab87f393b8e93c8a29f87ac2f8279ebd9de6ca63f25604bbf49f
case-00521,697151aea78f1ca23bc08adcf5374f81508873ddf45ffc904618aad34d34ff07,CONTROLLED_TEST_MUTATION,snapshot_score_conflict,False,True,0.0346,True,0.3238,True,0.0162,True,0.3197,True,0.0081,False,4.5306,EVIDENCE_SNAPSHOT_CONFLICT,b2d83222fe4bab87f393b8e93c8a29f87ac2f8279ebd9de6ca63f25604bbf49f
case-00522,24d2ea67af4f3b76e21a9d0b8ef132c71f505eb144d2bc26f7d42665c60fa210,CONTROLLED_TEST_MUTATION,source_type_impersonation,False,True,0.0355,True,0.3145,True,0.0161,True,0.316,True,0.008,False,3.5246,EVIDENCE_ROLE_SOURCE_NOT_ALLOWED|OPERATOR_EVIDENCE_UNVERIFIED,b2d83222fe4bab87f393b8e93c8a29f87ac2f8279ebd9de6ca63f25604bbf49f
case-00523,56a305e5b6df2f410dff44544a84fc2c89d5caf15a67ca87fd581a04dfc4f745,CONTROLLED_TEST_MUTATION,malformed_payload,False,True,0.2019,True,0.4,True,0.0281,True,0.8212,True,0.0117,False,3.592,EVIDENCE_PAYLOAD_SCHEMA_INVALID|EVIDENCE_SNAPSHOT_CONFLICT,b2d83222fe4bab87f393b8e93c8a29f87ac2f8279ebd9de6ca63f25604bbf49f
case-00524,a02dce93855eaa1630be6fbd83871bec86994f69ac1fe86e6b2bd99a287c40fa,CONTROLLED_TEST_MUTATION,stale_live_observation,False,True,0.0339,False,0.2772,True,0.0157,False,0.2713,True,0.0077,False,3.5091,EVIDENCE_STALE,b2d83222fe4bab87f393b8e93c8a29f87ac2f8279ebd9de6ca63f25604bbf49f
case-00525,0c518bc0c3a7037bee41f6e2b8d04a55d3484901000c594ed47819a31a62e3f7,CONTROLLED_TEST_MUTATION,future_timestamp,False,True,0.0505,False,0.4488,True,0.0296,False,0.4328,True,0.0105,False,3.5392,EVIDENCE_FRESHNESS_UNKNOWN|EVIDENCE_TIMESTAMP_IN_FUTURE,b2d83222fe4bab87f393b8e93c8a29f87ac2f8279ebd9de6ca63f25604bbf49f
case-00526,6188b534475d23c07207a58b77171d120ec24fce171f5104c0a21afc42f68323,CONTROLLED_TEST_MUTATION,unavailable_record,False,True,0.0334,False,0.2836,True,0.0156,False,0.2753,True,0.0076,False,3.4055,EVIDENCE_LINEAGE_INCOMPLETE|EVIDENCE_UNAVAILABLE,b2d83222fe4bab87f393b8e93c8a29f87ac2f8279ebd9de6ca63f25604bbf49f
case-00527,8809c89bd99161ef37f7197cab845781b948d0252c3e5a005463934eefc9e078,CONTROLLED_TEST_MUTATION,lineage_cycle,False,True,0.0635,True,0.4908,True,0.0192,True,0.3302,True,0.0106,False,3.6051,EVIDENCE_LINEAGE_INVALID,b2d83222fe4bab87f393b8e93c8a29f87ac2f8279ebd9de6ca63f25604bbf49f
case-00528,b16ce359dd29be3f5280d824db6c33455712736e53abc9ad494f54692e42e164,CONTROLLED_TEST_MUTATION,snapshot_score_conflict,False,True,0.0347,True,0.3162,True,0.0159,True,0.3152,True,0.0075,False,3.5157,EVIDENCE_SNAPSHOT_CONFLICT,b2d83222fe4bab87f393b8e93c8a29f87ac2f8279ebd9de6ca63f25604bbf49f
case-00529,65c0678f5b72045974b23d8f50eff49fb73337c0a98a7c442cf0228be2d530ac,CONTROLLED_TEST_MUTATION,source_type_impersonation,False,True,0.0401,True,0.3623,True,0.0189,True,0.3501,True,0.0108,False,3.6334,EVIDENCE_ROLE_SOURCE_NOT_ALLOWED|OPERATOR_EVIDENCE_UNVERIFIED,b2d83222fe4bab87f393b8e93c8a29f87ac2f8279ebd9de6ca63f25604bbf49f
case-00530,1818b41abee4f71de2ffc580e5a99bce3a4690d48eaa69ff2fe2269b562d6c88,CLEAN_TEST_FIXTURE,none,True,True,0.0349,True,0.3152,True,0.016,True,0.3154,True,0.0077,True,3.5046,ALL_REQUIRED_EVIDENCE_TRUSTWORTHY,b2d83222fe4bab87f393b8e93c8a29f87ac2f8279ebd9de6ca63f25604bbf49f
case-00531,619e67953741959c22cf95017bb65b90c1c2ffa10160db54f8e5a21029c51440,CONTROLLED_TEST_MUTATION,wrong_context,False,True,0.0393,True,0.3323,True,0.0168,True,0.3167,True,0.0095,False,3.5599,EVIDENCE_CONTEXT_MISMATCH,b2d83222fe4bab87f393b8e93c8a29f87ac2f8279ebd9de6ca63f25604bbf49f
case-00532,8823b9199906ca250cebd7d006ed64579e6da11b1b51895913b54e78bf6a33a7,CONTROLLED_TEST_MUTATION,malformed_payload,False,True,0.0363,True,0.3308,True,0.0167,True,0.3334,True,0.0078,False,3.4696,EVIDENCE_PAYLOAD_SCHEMA_INVALID|EVIDENCE_SNAPSHOT_CONFLICT,b2d83222fe4bab87f393b8e93c8a29f87ac2f8279ebd9de6ca63f25604bbf49f
case-00533,2534582f145a2963d4ad1c5114e08d79055a4d5c891298f57a6091b426d573de,CONTROLLED_TEST_MUTATION,source_type_impersonation,False,True,0.0366,True,0.3104,True,0.0164,True,0.3064,True,0.0093,False,3.4719,EVIDENCE_ROLE_SOURCE_NOT_ALLOWED|OPERATOR_EVIDENCE_UNVERIFIED,b2d83222fe4bab87f393b8e93c8a29f87ac2f8279ebd9de6ca63f25604bbf49f
case-00534,e5b7037714291c87ae705184334c08b4dd2684f8d1294bdc6b833985ebcc1c15,CONTROLLED_TEST_MUTATION,empty_payload,False,False,0.0357,False,0.0281,True,0.0124,False,0.0402,True,0.0055,False,3.4096,EVIDENCE_PAYLOAD_EMPTY|EVIDENCE_PAYLOAD_SCHEMA_INVALID|EVIDENCE_SNAPSHOT_CONFLICT,b2d83222fe4bab87f393b8e93c8a29f87ac2f8279ebd9de6ca63f25604bbf49f
case-00535,7ccf3bb7360b710dedc605a98df5cbed5c23c1611f0e1db408c38dc167052b5d,CONTROLLED_TEST_MUTATION,missing_direct_role,False,False,0.0221,False,0.0141,True,0.0159,False,0.0261,True,0.0061,False,3.5046,REQUIRED_ROLE_MISSING,b2d83222fe4bab87f393b8e93c8a29f87ac2f8279ebd9de6ca63f25604bbf49f
case-00536,efd8668ac108574dc9a9c7bc83fbe6fc026277fdeceb1ec9fb566115e7082f6d,CONTROLLED_TEST_MUTATION,expired_import,False,True,0.0358,False,0.2634,True,0.0164,False,0.2585,True,0.0086,False,3.5565,EVIDENCE_STALE,b2d83222fe4bab87f393b8e93c8a29f87ac2f8279ebd9de6ca63f25604bbf49f
case-00537,8cd8486578193b7281ced11f80a0dad0ca10739d8568b1f2d3de9183eb82e285,CONTROLLED_TEST_MUTATION,incomplete_payload,False,True,0.036,False,0.1467,True,0.0156,False,0.1412,True,0.0095,False,3.5793,EVIDENCE_PAYLOAD_INCOMPLETE,b2d83222fe4bab87f393b8e93c8a29f87ac2f8279ebd9de6ca63f25604bbf49f
case-00538,5af1227c8c909d8626e2273fef65d4d853a24a28cb82b1cfb7ee092fd4c0f477,CONTROLLED_TEST_MUTATION,broken_lineage,False,True,0.0339,True,0.3104,True,0.0156,True,0.3087,True,0.0075,False,3.4453,EVIDENCE_LINEAGE_INVALID,b2d83222fe4bab87f393b8e93c8a29f87ac2f8279ebd9de6ca63f25604bbf49f
case-00539,292ba286d870a46c687e6db856b828346005573ff5d4e2e9e831353da76cf19b,CONTROLLED_TEST_MUTATION,broken_lineage,False,True,0.0378,True,0.324,True,0.017,True,0.3213,True,0.0094,False,3.5721,EVIDENCE_LINEAGE_INVALID,b2d83222fe4bab87f393b8e93c8a29f87ac2f8279ebd9de6ca63f25604bbf49f
case-00540,1bc65fdd4faed58f6157df2f303a1c798daf222bd2b9016b8f31f64ab9743d15,CONTROLLED_TEST_MUTATION,empty_payload,False,False,0.0362,False,0.0284,True,0.0126,False,0.0406,True,0.0056,False,3.5088,EVIDENCE_PAYLOAD_EMPTY|EVIDENCE_PAYLOAD_SCHEMA_INVALID|EVIDENCE_SNAPSHOT_CONFLICT,b2d83222fe4bab87f393b8e93c8a29f87ac2f8279ebd9de6ca63f25604bbf49f
case-00541,e63f7f936c71d539de3b342daf641b7fabf0be7c88728b7a4c083c8ac76975e0,CONTROLLED_TEST_MUTATION,empty_payload,False,False,0.041,False,0.0292,True,0.0137,False,0.0412,True,0.0064,False,3.6906,EVIDENCE_PAYLOAD_EMPTY|EVIDENCE_PAYLOAD_SCHEMA_INVALID|EVIDENCE_SNAPSHOT_CONFLICT,b2d83222fe4bab87f393b8e93c8a29f87ac2f8279ebd9de6ca63f25604bbf49f
case-00542,7ffda1f31962fd5768daeae4b3b15edde9108349cda098e17e182e603567b39f,CONTROLLED_TEST_MUTATION,stale_live_observation,False,True,0.0348,False,0.2931,True,0.016,False,0.2837,True,0.0079,False,3.5171,EVIDENCE_STALE,b2d83222fe4bab87f393b8e93c8a29f87ac2f8279ebd9de6ca63f25604bbf49f
case-00543,d28ed1e93fc84980a25c78539bccd0225fae558b3e74f78c5ce930042bd64614,CONTROLLED_TEST_MUTATION,incomplete_payload,False,True,0.0375,False,0.1522,True,0.0165,False,0.1443,True,0.0094,False,3.5492,EVIDENCE_PAYLOAD_INCOMPLETE,b2d83222fe4bab87f393b8e93c8a29f87ac2f8279ebd9de6ca63f25604bbf49f
case-00544,6980f914f35ffd188039c1481e4b901548b1c6de3499a091f1294de2e8c02953,CLEAN_TEST_FIXTURE,none,True,True,0.0348,True,0.3178,True,0.0159,True,0.3193,True,0.0079,True,3.5096,ALL_REQUIRED_EVIDENCE_TRUSTWORTHY,b2d83222fe4bab87f393b8e93c8a29f87ac2f8279ebd9de6ca63f25604bbf49f
case-00545,4c67428c41bdc0ab7d00502dc642671a3e811ba5a90d9fdb2b931a9c35ed16b2,CONTROLLED_TEST_MUTATION,incomplete_payload,False,True,0.038,False,0.1517,True,0.0166,False,0.1465,True,0.0104,False,3.5617,EVIDENCE_PAYLOAD_INCOMPLETE,b2d83222fe4bab87f393b8e93c8a29f87ac2f8279ebd9de6ca63f25604bbf49f
case-00546,240010aefc0fc3dc5ac50a0776cd9957cd54d28c1746e99c6f07f3a51a4f437a,CONTROLLED_TEST_MUTATION,future_timestamp,False,True,0.0343,False,0.285,True,0.0162,False,0.2799,True,0.0077,False,3.5183,EVIDENCE_FRESHNESS_UNKNOWN|EVIDENCE_TIMESTAMP_IN_FUTURE,b2d83222fe4bab87f393b8e93c8a29f87ac2f8279ebd9de6ca63f25604bbf49f
case-00547,52d72b5d41ebc48e7ec51e2df727bff92d8e165fc1b324380eabdcb384ef0d7d,CONTROLLED_TEST_MUTATION,empty_payload,False,False,0.0407,False,0.0281,True,0.0135,False,0.0407,True,0.0066,False,3.4523,EVIDENCE_PAYLOAD_EMPTY|EVIDENCE_PAYLOAD_SCHEMA_INVALID|EVIDENCE_SNAPSHOT_CONFLICT,b2d83222fe4bab87f393b8e93c8a29f87ac2f8279ebd9de6ca63f25604bbf49f
case-00548,e35f0d7c62806f42528db7bcd93392a4cc69b7ae6de52a0744b7d28ffe179bdb,CONTROLLED_TEST_MUTATION,wrong_context,False,True,0.0329,True,0.307,True,0.0154,True,0.3072,True,0.0073,False,3.4126,EVIDENCE_CONTEXT_MISMATCH,b2d83222fe4bab87f393b8e93c8a29f87ac2f8279ebd9de6ca63f25604bbf49f
case-00549,cbaa962e7c0d0ef56b7b901633a5a88482710812fa753a6e8f532f7b1de2667a,CLEAN_TEST_FIXTURE,none,True,True,0.0364,True,0.4214,True,0.0175,True,0.319,True,0.0094,True,3.4758,ALL_REQUIRED_EVIDENCE_TRUSTWORTHY,b2d83222fe4bab87f393b8e93c8a29f87ac2f8279ebd9de6ca63f25604bbf49f
case-00550,28c92679b90a01c4e75f2bf917a35580b7b306ea68a2009bad6ddcf6447990a7,CONTROLLED_TEST_MUTATION,snapshot_score_conflict,False,True,0.0332,True,0.3093,True,0.0154,True,0.3077,True,0.0074,False,3.4168,EVIDENCE_SNAPSHOT_CONFLICT,b2d83222fe4bab87f393b8e93c8a29f87ac2f8279ebd9de6ca63f25604bbf49f
case-00551,86bd432218147629f855ef115be117a6d5e44755d949ca8a119805f46dde0e1b,CLEAN_TEST_FIXTURE,none,True,True,0.0377,True,0.3255,True,0.0172,True,0.3222,True,0.0097,True,3.5949,ALL_REQUIRED_EVIDENCE_TRUSTWORTHY,b2d83222fe4bab87f393b8e93c8a29f87ac2f8279ebd9de6ca63f25604bbf49f
case-00552,367fa6b3bd210323f9b88b5f610fbf0e42471ebd7d87cdbc1fec38ddbf3ae24c,CONTROLLED_TEST_MUTATION,unavailable_record,False,True,0.0346,False,0.2905,True,0.0157,False,0.2816,True,0.0079,False,3.6074,EVIDENCE_LINEAGE_INCOMPLETE|EVIDENCE_UNAVAILABLE,b2d83222fe4bab87f393b8e93c8a29f87ac2f8279ebd9de6ca63f25604bbf49f
case-00553,8b912f9e7c76f6eb070e4d0b2080b4818849237a7cf69172c6a0eab6004a6e8b,CLEAN_TEST_FIXTURE,none,True,True,0.0373,True,0.3263,True,0.017,True,0.3409,True,0.0094,True,3.6162,ALL_REQUIRED_EVIDENCE_TRUSTWORTHY,b2d83222fe4bab87f393b8e93c8a29f87ac2f8279ebd9de6ca63f25604bbf49f
case-00554,59d46c40044e37b857aa5a720396a8fca329278658da474573be523b03dee354,CONTROLLED_TEST_MUTATION,role_conflict,False,True,0.038,True,0.3435,True,0.0168,False,0.3575,True,0.0068,False,4.4107,EVIDENCE_ROLE_CONFLICT,b2d83222fe4bab87f393b8e93c8a29f87ac2f8279ebd9de6ca63f25604bbf49f
case-00555,0de14cadb5a75acfe442e830fe1d15236ef82578dd14d6c924cabd8a25f7503e,CONTROLLED_TEST_MUTATION,excluded_ancestor,False,True,0.0365,True,0.321,True,0.0167,False,0.321,True,0.007,False,3.555,REQUIRED_INPUT_EXCLUDED,b2d83222fe4bab87f393b8e93c8a29f87ac2f8279ebd9de6ca63f25604bbf49f
case-00556,7254c4abc5c70abd3b2d7ed35a5ad8c8bc161674e79c343e66682ac041c351dd,CLEAN_TEST_FIXTURE,none,True,True,0.0351,True,0.3192,True,0.0161,True,0.3194,True,0.0077,True,4.3619,ALL_REQUIRED_EVIDENCE_TRUSTWORTHY,b2d83222fe4bab87f393b8e93c8a29f87ac2f8279ebd9de6ca63f25604bbf49f
case-00557,773d1e745acc481e2d84ef63a7515f2cc5ad380cc0651a06f9889ce2a9ba0263,CONTROLLED_TEST_MUTATION,role_conflict,False,True,0.0389,True,0.3324,True,0.0167,False,0.3278,True,0.0073,False,3.744,EVIDENCE_ROLE_CONFLICT,b2d83222fe4bab87f393b8e93c8a29f87ac2f8279ebd9de6ca63f25604bbf49f
case-00558,d4d9bb2224c0ef7ecf8698e10bb8868577eb8ab7107789daa2e1a8550c2f272a,CLEAN_TEST_FIXTURE,none,True,True,0.0339,True,0.3098,True,0.0155,True,0.3119,True,0.0075,True,4.4107,ALL_REQUIRED_EVIDENCE_TRUSTWORTHY,b2d83222fe4bab87f393b8e93c8a29f87ac2f8279ebd9de6ca63f25604bbf49f
case-00559,5b913fac782d969218ac4c7c5c488fe2a8d1fef25e326436f5c469e36014d5f0,CONTROLLED_TEST_MUTATION,future_timestamp,False,True,0.0355,False,0.3021,True,0.0166,False,0.2983,True,0.0085,False,3.713,EVIDENCE_FRESHNESS_UNKNOWN|EVIDENCE_TIMESTAMP_IN_FUTURE,b2d83222fe4bab87f393b8e93c8a29f87ac2f8279ebd9de6ca63f25604bbf49f
case-00560,427f82f92d92150918aabe0102059a09e96dc113ee5626567d0be3fdab740e35,CONTROLLED_TEST_MUTATION,role_conflict,False,True,0.0427,True,1.0214,True,0.026,False,0.4067,True,0.0086,False,4.194,EVIDENCE_ROLE_CONFLICT,b2d83222fe4bab87f393b8e93c8a29f87ac2f8279ebd9de6ca63f25604bbf49f
case-00561,cb3c7af5f80f2f7c4082c09a552956bacefcd84109412f4891df619262c8f91b,CONTROLLED_TEST_MUTATION,expired_import,False,True,0.0459,False,0.2699,True,0.0158,False,0.2564,True,0.0077,False,3.6488,EVIDENCE_STALE,b2d83222fe4bab87f393b8e93c8a29f87ac2f8279ebd9de6ca63f25604bbf49f
case-00562,93797565460ea491786a9b4ca6ee75d6cc7aa9d2a83db88d6db5c4ff93dc8c4a,CONTROLLED_TEST_MUTATION,missing_lineage,False,True,0.037,True,0.3247,True,0.0168,True,0.3187,True,0.009,False,3.5016,EVIDENCE_LINEAGE_INCOMPLETE,b2d83222fe4bab87f393b8e93c8a29f87ac2f8279ebd9de6ca63f25604bbf49f
case-00563,4b5efb4b0a5494500e0c143a4b88621d7d7eb47b6453cbc239d9d9e92844b49f,CLEAN_TEST_FIXTURE,none,True,True,0.0344,True,0.3189,True,0.016,True,0.3174,True,0.0077,True,3.5087,ALL_REQUIRED_EVIDENCE_TRUSTWORTHY,b2d83222fe4bab87f393b8e93c8a29f87ac2f8279ebd9de6ca63f25604bbf49f
case-00564,81349ad6a3abebf98aa733cb302ed815ece1990a84f3c2569b817b01262102b9,CONTROLLED_TEST_MUTATION,lineage_cycle,False,True,0.037,True,0.3224,True,0.0166,True,0.314,True,0.0097,False,3.5039,EVIDENCE_LINEAGE_INVALID,b2d83222fe4bab87f393b8e93c8a29f87ac2f8279ebd9de6ca63f25604bbf49f
case-00565,5264e021ad8df57a40101d5f72da1369375443dce9ee9c3ac225d2b1945448cc,CONTROLLED_TEST_MUTATION,empty_payload,False,False,0.0347,False,0.0278,True,0.0125,False,0.0393,True,0.0053,False,3.4119,EVIDENCE_PAYLOAD_EMPTY|EVIDENCE_PAYLOAD_SCHEMA_INVALID|EVIDENCE_SNAPSHOT_CONFLICT,b2d83222fe4bab87f393b8e93c8a29f87ac2f8279ebd9de6ca63f25604bbf49f
case-00566,af426ca3eb6625f68dd485f4d6e4c56218c58ef4e11b09989300da92215f8816,CONTROLLED_TEST_MUTATION,malformed_payload,False,True,0.0362,True,0.308,True,0.0169,True,0.3029,True,0.0092,False,3.4326,EVIDENCE_PAYLOAD_SCHEMA_INVALID|EVIDENCE_SNAPSHOT_CONFLICT,b2d83222fe4bab87f393b8e93c8a29f87ac2f8279ebd9de6ca63f25604bbf49f
case-00567,5f1db4bee6d043c90eb1c21f96e1931d21c8fc59a87ceae83df0659202d2bb73,CONTROLLED_TEST_MUTATION,broken_lineage,False,True,0.0339,True,0.3077,True,0.0155,True,0.3077,True,0.0075,False,3.439,EVIDENCE_LINEAGE_INVALID,b2d83222fe4bab87f393b8e93c8a29f87ac2f8279ebd9de6ca63f25604bbf49f
case-00568,f55e1410654a0fef8dc2e8aba80d2debdeec3b9c82dc25ce574a9ec04d7954da,CONTROLLED_TEST_MUTATION,broken_lineage,False,True,0.037,True,0.3179,True,0.0167,True,0.3115,True,0.0097,False,3.4799,EVIDENCE_LINEAGE_INVALID,b2d83222fe4bab87f393b8e93c8a29f87ac2f8279ebd9de6ca63f25604bbf49f
case-00569,3cb391d74cc69d73878ff13d35509a001fa00130de48cc1025a16aaa7bf98d2f,CONTROLLED_TEST_MUTATION,payload_tamper_after_seal,False,True,0.0331,False,0.0759,True,0.0148,False,0.0781,True,0.0073,False,3.4355,CHECKSUM_INVALID|EVIDENCE_ROOT_INVALID|EVIDENCE_SNAPSHOT_CONFLICT|RECORD_ENVELOPE_INVALID,b2d83222fe4bab87f393b8e93c8a29f87ac2f8279ebd9de6ca63f25604bbf49f
case-00570,5eb2edfb892dec8f8ab396a7b8f26503dc17ef77e01bb671b4863a7cae3c7d7f,CLEAN_TEST_FIXTURE,none,True,True,0.0368,True,0.3182,True,0.0166,True,0.311,True,0.0093,True,3.4816,ALL_REQUIRED_EVIDENCE_TRUSTWORTHY,b2d83222fe4bab87f393b8e93c8a29f87ac2f8279ebd9de6ca63f25604bbf49f
case-00571,9280e341a61142ac9b5e7ad49f71563afbd3d76f3c6a76a5c1adb740415dc349,CONTROLLED_TEST_MUTATION,unavailable_record,False,True,0.0337,False,0.2789,True,0.0155,False,0.2746,True,0.0077,False,3.4141,EVIDENCE_LINEAGE_INCOMPLETE|EVIDENCE_UNAVAILABLE,b2d83222fe4bab87f393b8e93c8a29f87ac2f8279ebd9de6ca63f25604bbf49f
case-00572,50729c1c8765e6aff8227d613f2b07c0b12bbc4de092d8e9da06505bf6f4e4d0,CONTROLLED_TEST_MUTATION,missing_lineage,False,True,0.0365,True,0.3134,True,0.0166,True,0.311,True,0.0095,False,3.5894,EVIDENCE_LINEAGE_INCOMPLETE,b2d83222fe4bab87f393b8e93c8a29f87ac2f8279ebd9de6ca63f25604bbf49f
case-00573,c0a14efbaf58e090588c6348f85ce6301561ad6b9cbc8b5f270f83a866b46abb,CLEAN_TEST_FIXTURE,none,True,True,0.0347,True,0.3177,True,0.0165,True,0.3235,True,0.0076,True,3.578,ALL_REQUIRED_EVIDENCE_TRUSTWORTHY,b2d83222fe4bab87f393b8e93c8a29f87ac2f8279ebd9de6ca63f25604bbf49f
case-00574,9db2db9e37b1130032d2e96805951a030725bafb4aa7f902a0a72784513beaf8,CONTROLLED_TEST_MUTATION,root_signature_tamper_after_seal,False,True,0.0365,True,0.3122,True,0.0166,True,0.3079,True,0.0094,False,3.461,EVIDENCE_ROOT_INVALID,b2d83222fe4bab87f393b8e93c8a29f87ac2f8279ebd9de6ca63f25604bbf49f
case-00575,20aee1a1370f932081282b88a84024215cf1b0069d4967597f98aa1803c450fc,CONTROLLED_TEST_MUTATION,root_signature_tamper_after_seal,False,True,0.0342,True,0.3288,True,0.016,True,0.3328,True,0.0077,False,3.7105,EVIDENCE_ROOT_INVALID,b2d83222fe4bab87f393b8e93c8a29f87ac2f8279ebd9de6ca63f25604bbf49f
case-00576,91a44af62205e81bea4ea14b1cae44a7e2d446852b285885eed33200c0115b93,CONTROLLED_TEST_MUTATION,future_timestamp,False,True,0.036,False,0.2838,True,0.0169,False,0.2747,True,0.0086,False,3.4496,EVIDENCE_FRESHNESS_UNKNOWN|EVIDENCE_TIMESTAMP_IN_FUTURE,b2d83222fe4bab87f393b8e93c8a29f87ac2f8279ebd9de6ca63f25604bbf49f
case-00577,65c018fc21754eaf5ce16c1cbda273cd75ded7d1df8830d005aa559f40b1092c,CONTROLLED_TEST_MUTATION,missing_lineage,False,True,0.0335,True,0.3133,True,0.0157,True,0.3134,True,0.0074,False,3.5252,EVIDENCE_LINEAGE_INCOMPLETE,b2d83222fe4bab87f393b8e93c8a29f87ac2f8279ebd9de6ca63f25604bbf49f
case-00578,5748f1c84d7f934c02cdfbfc9cd2e7510b790c651d756e8e551adc686a12567c,CONTROLLED_TEST_MUTATION,broken_lineage,False,True,0.0363,True,0.3093,True,0.0163,True,0.3286,True,0.008,False,3.5853,EVIDENCE_LINEAGE_INVALID,b2d83222fe4bab87f393b8e93c8a29f87ac2f8279ebd9de6ca63f25604bbf49f
case-00579,53d71025c1df4a6d053b6d61d7ad7818f1ee1d52ca4bbc987c72752901e49559,CONTROLLED_TEST_MUTATION,payload_tamper_after_seal,False,True,0.0427,False,0.076,True,0.015,False,0.0908,True,0.0178,False,4.7261,CHECKSUM_INVALID|EVIDENCE_ROOT_INVALID|EVIDENCE_SNAPSHOT_CONFLICT|RECORD_ENVELOPE_INVALID,b2d83222fe4bab87f393b8e93c8a29f87ac2f8279ebd9de6ca63f25604bbf49f
case-00580,40a0eced829967f03d04489f02ad136a8f831cd1b5c046ebdaeb3c3b4151f5ad,CONTROLLED_TEST_MUTATION,role_conflict,False,True,0.0388,True,0.3454,True,0.0176,False,0.3364,True,0.0072,False,3.8483,EVIDENCE_ROLE_CONFLICT,b2d83222fe4bab87f393b8e93c8a29f87ac2f8279ebd9de6ca63f25604bbf49f
case-00581,b2d766d17b5d7ca7ff056034c34ee0cce9f91618fa6f6a4e3179d158d738dc8e,CONTROLLED_TEST_MUTATION,role_conflict,False,True,0.0376,True,0.3349,True,0.0163,False,0.3235,True,0.0064,False,4.6749,EVIDENCE_ROLE_CONFLICT,b2d83222fe4bab87f393b8e93c8a29f87ac2f8279ebd9de6ca63f25604bbf49f
case-00582,ba22c61d71990eacaf36d59080dcb9f07386f6d4315389f31ee9c6b405bf056b,CONTROLLED_TEST_MUTATION,missing_lineage,False,True,0.0349,True,0.3124,True,0.0164,True,0.3088,True,0.0079,False,3.3366,EVIDENCE_LINEAGE_INCOMPLETE,b2d83222fe4bab87f393b8e93c8a29f87ac2f8279ebd9de6ca63f25604bbf49f
case-00583,601631f46a02092307dab63f48d368ba23e007e553ce2981ea57edb24e437284,CONTROLLED_TEST_MUTATION,missing_lineage,False,True,0.0338,True,0.3062,True,0.0157,True,0.3064,True,0.0073,False,4.5733,EVIDENCE_LINEAGE_INCOMPLETE,b2d83222fe4bab87f393b8e93c8a29f87ac2f8279ebd9de6ca63f25604bbf49f
case-00584,15c8e3869bb86fea977dc3482559317b856caba5ec14b4632002368a6846b6da,CONTROLLED_TEST_MUTATION,lineage_cycle,False,True,0.0357,True,0.3203,True,0.0167,True,0.3172,True,0.0081,False,3.5533,EVIDENCE_LINEAGE_INVALID,b2d83222fe4bab87f393b8e93c8a29f87ac2f8279ebd9de6ca63f25604bbf49f
case-00585,6536a07b53df112c0f3be0ebc372d7a9efddbc30a50813ca92d231d35ee8518d,CONTROLLED_TEST_MUTATION,root_signature_tamper_after_seal,False,True,0.0354,True,0.3299,True,0.0165,True,0.9582,True,0.0131,False,3.7442,EVIDENCE_ROOT_INVALID,b2d83222fe4bab87f393b8e93c8a29f87ac2f8279ebd9de6ca63f25604bbf49f
case-00586,02ae8015ccd71481b0d595b581db65351e63b1b954b313133f7f513e1c508360,CONTROLLED_TEST_MUTATION,wrong_context,False,True,0.0352,True,0.3181,True,0.0163,True,0.3226,True,0.0078,False,3.5358,EVIDENCE_CONTEXT_MISMATCH,b2d83222fe4bab87f393b8e93c8a29f87ac2f8279ebd9de6ca63f25604bbf49f
case-00587,a75b2ddcde8831f2e1e2e1c2c37168fa29b03a28cf2d0a84593a692d2686b45e,CONTROLLED_TEST_MUTATION,expired_import,False,True,0.0492,False,0.4696,True,0.0229,False,0.4323,True,0.0124,False,3.7043,EVIDENCE_STALE,b2d83222fe4bab87f393b8e93c8a29f87ac2f8279ebd9de6ca63f25604bbf49f
case-00588,cee6586b4e1005e00259cba4b9e92c7620b62528ddfcbabbfb126f52a55d9920,CONTROLLED_TEST_MUTATION,stale_live_observation,False,True,0.0367,False,0.3189,True,0.0169,False,0.3125,True,0.0085,False,3.8825,EVIDENCE_STALE,b2d83222fe4bab87f393b8e93c8a29f87ac2f8279ebd9de6ca63f25604bbf49f
case-00589,af0685498f267f30e8c9ac9b54e665c41a7290e06a209766f9385387ed2436fe,CONTROLLED_TEST_MUTATION,broken_lineage,False,True,0.0372,True,0.319,True,0.0171,True,0.3584,True,0.0209,False,3.7205,EVIDENCE_LINEAGE_INVALID,b2d83222fe4bab87f393b8e93c8a29f87ac2f8279ebd9de6ca63f25604bbf49f
case-00590,5c562aa7d3f4facb74609c16282e54171acf1e2bcc5ab1622c08cd007f7666ae,CONTROLLED_TEST_MUTATION,wrong_context,False,True,0.035,True,0.3208,True,0.0161,True,0.325,True,0.0077,False,3.5431,EVIDENCE_CONTEXT_MISMATCH,b2d83222fe4bab87f393b8e93c8a29f87ac2f8279ebd9de6ca63f25604bbf49f
case-00591,1df402ea74870a7fd0d06e617973c70d06b2c17e12b67c6bf87b56598a6ee038,CLEAN_TEST_FIXTURE,none,True,True,0.0369,True,0.3635,True,0.017,True,0.317,True,0.0097,True,3.5561,ALL_REQUIRED_EVIDENCE_TRUSTWORTHY,b2d83222fe4bab87f393b8e93c8a29f87ac2f8279ebd9de6ca63f25604bbf49f
case-00592,675a3beb71f8cc1aaed29250d316d2d76c2ed592afb10b9d96f632b2d899b791,CONTROLLED_TEST_MUTATION,lineage_cycle,False,True,0.034,True,0.3166,True,0.0155,True,0.3171,True,0.0077,False,3.5289,EVIDENCE_LINEAGE_INVALID,b2d83222fe4bab87f393b8e93c8a29f87ac2f8279ebd9de6ca63f25604bbf49f
case-00593,6bcf0d31d1d443585eb030eb3d0069fcc2d9c30333f0cbdc93bef36cd72497d1,CLEAN_TEST_FIXTURE,none,True,True,0.0375,True,0.3254,True,0.0169,True,0.3171,True,0.0093,True,3.5549,ALL_REQUIRED_EVIDENCE_TRUSTWORTHY,b2d83222fe4bab87f393b8e93c8a29f87ac2f8279ebd9de6ca63f25604bbf49f
case-00594,0c7a903dbeac4c68d7a407f598fb9e0f0be8f4712c6f59f430b9ba40905f8eb2,CONTROLLED_TEST_MUTATION,future_timestamp,False,True,0.0341,False,0.2848,True,0.0159,False,0.2776,True,0.0081,False,3.5118,EVIDENCE_FRESHNESS_UNKNOWN|EVIDENCE_TIMESTAMP_IN_FUTURE,b2d83222fe4bab87f393b8e93c8a29f87ac2f8279ebd9de6ca63f25604bbf49f
case-00595,bcdec0df6c97edf933bbdd752b5974428ab8c027ab3b04d0f0e9d753108366d0,CONTROLLED_TEST_MUTATION,wrong_context,False,True,0.0356,True,0.3131,True,0.0163,True,0.3137,True,0.0079,False,3.4634,EVIDENCE_CONTEXT_MISMATCH,b2d83222fe4bab87f393b8e93c8a29f87ac2f8279ebd9de6ca63f25604bbf49f
case-00596,8148c8c7fe5a193cf467537f7dc2712f14b99061721cfa8abf2d6c5ac70c84bd,CONTROLLED_TEST_MUTATION,root_signature_tamper_after_seal,False,True,0.0334,True,0.3126,True,0.0157,True,0.3098,True,0.0075,False,3.4187,EVIDENCE_ROOT_INVALID,b2d83222fe4bab87f393b8e93c8a29f87ac2f8279ebd9de6ca63f25604bbf49f
case-00597,8c9c0b8f0602d9c69b401906668058b034ce3e02ff812916b334d1e0631eb658,CONTROLLED_TEST_MUTATION,excluded_ancestor,False,True,0.0356,True,0.308,True,0.016,False,0.3072,True,0.0068,False,3.4588,REQUIRED_INPUT_EXCLUDED,b2d83222fe4bab87f393b8e93c8a29f87ac2f8279ebd9de6ca63f25604bbf49f
case-00598,3d084d1d2aec3779e2a56e58a4d9402daa93eee351da0fcead24d37975579605,CONTROLLED_TEST_MUTATION,broken_lineage,False,True,0.0333,True,0.3042,True,0.0154,True,0.305,True,0.0072,False,3.6506,EVIDENCE_LINEAGE_INVALID,b2d83222fe4bab87f393b8e93c8a29f87ac2f8279ebd9de6ca63f25604bbf49f
case-00599,0c94176f3d8fdd9edf7e1a73e5fdb2bfbc2b174c52ca9a81d7d143a541faf73d,CONTROLLED_TEST_MUTATION,wrong_context,False,True,0.0584,True,0.3195,True,0.0166,True,0.3181,True,0.0081,False,3.6415,EVIDENCE_CONTEXT_MISMATCH,b2d83222fe4bab87f393b8e93c8a29f87ac2f8279ebd9de6ca63f25604bbf49f
case-00600,0dc54994b199babce7d68857eacf8ab61089d8eeee1e91d73450b4ee903bb256,CONTROLLED_TEST_MUTATION,role_conflict,False,True,0.0379,True,0.3569,True,0.0168,False,0.3348,True,0.0067,False,4.6583,EVIDENCE_ROLE_CONFLICT,b2d83222fe4bab87f393b8e93c8a29f87ac2f8279ebd9de6ca63f25604bbf49f
case-00601,05d3c163e97b565c774d8ba6efded685c60ead3ab972f47552247b8ee56d8578,CONTROLLED_TEST_MUTATION,stale_live_observation,False,True,0.0348,False,0.2807,True,0.0166,False,0.2741,True,0.0084,False,3.548,EVIDENCE_STALE,b2d83222fe4bab87f393b8e93c8a29f87ac2f8279ebd9de6ca63f25604bbf49f
case-00602,08dac279e4de4427fa6231a017dcfc57a7327b43f5eb28120b291706a529e68d,CONTROLLED_TEST_MUTATION,incomplete_payload,False,True,0.0332,False,0.1431,True,0.0149,False,0.1415,True,0.0077,False,4.7219,EVIDENCE_PAYLOAD_INCOMPLETE,b2d83222fe4bab87f393b8e93c8a29f87ac2f8279ebd9de6ca63f25604bbf49f
case-00603,6e63e4a87f11121281fabcd59118b8ad4c7c7e8cfb8e8d252b24e6cd2c8a4154,CONTROLLED_TEST_MUTATION,malformed_payload,False,True,0.0349,True,0.3027,True,0.0163,True,0.304,True,0.0079,False,3.4913,EVIDENCE_PAYLOAD_SCHEMA_INVALID|EVIDENCE_SNAPSHOT_CONFLICT,b2d83222fe4bab87f393b8e93c8a29f87ac2f8279ebd9de6ca63f25604bbf49f
case-00604,2c55d7d29152f186dadd4b23741c06a5f5663f279e43800dc1cd28aa34a0e1de,CONTROLLED_TEST_MUTATION,incomplete_payload,False,True,0.0332,False,0.1419,True,0.0149,False,0.1386,True,0.0074,False,4.407,EVIDENCE_PAYLOAD_INCOMPLETE,b2d83222fe4bab87f393b8e93c8a29f87ac2f8279ebd9de6ca63f25604bbf49f
case-00605,6aa8a616c941f7f29f592328c55c255baee808dc258a00889ea59434125d2d1c,CONTROLLED_TEST_MUTATION,missing_direct_role,False,False,0.0187,False,0.0134,True,0.0148,False,0.0256,True,0.0059,False,3.1274,REQUIRED_ROLE_MISSING,b2d83222fe4bab87f393b8e93c8a29f87ac2f8279ebd9de6ca63f25604bbf49f
case-00606,2745403af64321e1cf23e0b39a524ad40c82dbf894750ba5d924219510dfcd6a,CONTROLLED_TEST_MUTATION,unknown_source,False,True,0.0346,True,0.3173,True,0.0158,True,0.3148,True,0.0075,False,4.523,EVIDENCE_ROLE_SOURCE_NOT_ALLOWED|EVIDENCE_SOURCE_ID_UNKNOWN|EVIDENCE_SOURCE_POLICY_MISSING,b2d83222fe4bab87f393b8e93c8a29f87ac2f8279ebd9de6ca63f25604bbf49f
case-00607,b94fd4a012207ae1e41d7f3ba2db5d593f26500f45d40796cfe32f603c9503d4,CONTROLLED_TEST_MUTATION,excluded_ancestor,False,True,0.0358,True,0.3211,True,0.0166,False,0.3176,True,0.007,False,3.5765,REQUIRED_INPUT_EXCLUDED,b2d83222fe4bab87f393b8e93c8a29f87ac2f8279ebd9de6ca63f25604bbf49f
case-00608,d2676937dd089d4a4993ebe9ad888feeb098aea4a3726019d144bf0347b6b226,CONTROLLED_TEST_MUTATION,source_type_impersonation,False,True,0.0343,True,0.3182,True,0.0161,True,0.3192,True,0.0074,False,4.5664,EVIDENCE_ROLE_SOURCE_NOT_ALLOWED|OPERATOR_EVIDENCE_UNVERIFIED,b2d83222fe4bab87f393b8e93c8a29f87ac2f8279ebd9de6ca63f25604bbf49f
case-00609,681f2df6bbea9e82c423cca10c5cfffe158aeec172f17ba127d3ccc8dc19a5ff,CONTROLLED_TEST_MUTATION,malformed_payload,False,True,0.0357,True,0.3129,True,0.0165,True,0.3094,True,0.0082,False,3.5997,EVIDENCE_PAYLOAD_SCHEMA_INVALID|EVIDENCE_SNAPSHOT_CONFLICT,b2d83222fe4bab87f393b8e93c8a29f87ac2f8279ebd9de6ca63f25604bbf49f
case-00610,6d599515533a1a72a3060e9721137f8f81a609be9a38c7913664f9735338410b,CONTROLLED_TEST_MUTATION,unknown_source,False,True,0.0343,True,0.3176,True,0.0162,True,0.5582,True,0.0084,False,4.4401,EVIDENCE_ROLE_SOURCE_NOT_ALLOWED|EVIDENCE_SOURCE_ID_UNKNOWN|EVIDENCE_SOURCE_POLICY_MISSING,b2d83222fe4bab87f393b8e93c8a29f87ac2f8279ebd9de6ca63f25604bbf49f
case-00611,1f13b7f47726b463945f8e5f8c4c5d858b8ea2ee5794f5f7691213ab7a3e4c1f,CONTROLLED_TEST_MUTATION,missing_direct_role,False,False,0.0184,False,0.0132,True,0.0139,False,0.0243,True,0.0056,False,3.1198,REQUIRED_ROLE_MISSING,b2d83222fe4bab87f393b8e93c8a29f87ac2f8279ebd9de6ca63f25604bbf49f
case-00612,2389511ea4344bab111698ac28ed9a82ce88d01a0a6b65b97d74137bbfacf2b0,CONTROLLED_TEST_MUTATION,empty_payload,False,False,0.037,False,0.0286,True,0.0128,False,0.0406,True,0.0056,False,4.6622,EVIDENCE_PAYLOAD_EMPTY|EVIDENCE_PAYLOAD_SCHEMA_INVALID|EVIDENCE_SNAPSHOT_CONFLICT,b2d83222fe4bab87f393b8e93c8a29f87ac2f8279ebd9de6ca63f25604bbf49f
case-00613,ffab77194a8a9a92eee663212018faf8e3205d7d9c5358774be85c8d1f898746,CONTROLLED_TEST_MUTATION,payload_tamper_after_seal,False,True,0.0351,False,0.0784,True,0.0154,False,0.0806,True,0.008,False,3.5353,CHECKSUM_INVALID|EVIDENCE_ROOT_INVALID|EVIDENCE_SNAPSHOT_CONFLICT|RECORD_ENVELOPE_INVALID,b2d83222fe4bab87f393b8e93c8a29f87ac2f8279ebd9de6ca63f25604bbf49f
case-00614,a59602e8d3d0e3c14536c7657161b41b43717c67800b686ac04b74f664a64600,CONTROLLED_TEST_MUTATION,source_type_impersonation,False,True,0.0335,True,0.3295,True,0.0156,True,0.3072,True,0.0073,False,4.2751,EVIDENCE_ROLE_SOURCE_NOT_ALLOWED|OPERATOR_EVIDENCE_UNVERIFIED,b2d83222fe4bab87f393b8e93c8a29f87ac2f8279ebd9de6ca63f25604bbf49f
case-00615,b077075b43de923ef8cb3f1980e1303aed277761af900b71af574f142fdacf9f,CONTROLLED_TEST_MUTATION,unavailable_record,False,True,0.0349,False,0.2893,True,0.0165,False,0.2762,True,0.0084,False,3.4621,EVIDENCE_LINEAGE_INCOMPLETE|EVIDENCE_UNAVAILABLE,b2d83222fe4bab87f393b8e93c8a29f87ac2f8279ebd9de6ca63f25604bbf49f
case-00616,53b6710bba9248f1ffe2b8f27ffc80c3aff517964efac5515e5cd25e3df92f25,CONTROLLED_TEST_MUTATION,excluded_ancestor,False,True,0.034,True,0.3102,True,0.0156,False,0.3085,True,0.0063,False,4.2525,REQUIRED_INPUT_EXCLUDED,b2d83222fe4bab87f393b8e93c8a29f87ac2f8279ebd9de6ca63f25604bbf49f
case-00617,d8373c355e12760bdf441b217bb0bc38fe2720eef3c0655e8b45aea8a66dcb3c,CONTROLLED_TEST_MUTATION,wrong_context,False,True,0.0345,True,0.3126,True,0.0159,True,0.3112,True,0.0078,False,3.4324,EVIDENCE_CONTEXT_MISMATCH,b2d83222fe4bab87f393b8e93c8a29f87ac2f8279ebd9de6ca63f25604bbf49f
case-00618,00ba22146cd844a06ee6cb5598dcefe50631514135b501e96b17ca38cb6bc32c,CONTROLLED_TEST_MUTATION,wrong_context,False,True,0.0332,True,0.3082,True,0.0155,True,0.3057,True,0.0074,False,6.0107,EVIDENCE_CONTEXT_MISMATCH,b2d83222fe4bab87f393b8e93c8a29f87ac2f8279ebd9de6ca63f25604bbf49f
case-00619,7ea06f6f0498bbe5706ffd882b6838f3cf4a4ad71f8a6c45fb6c996eeb8c8170,CONTROLLED_TEST_MUTATION,malformed_payload,False,True,0.0439,True,0.3544,True,0.019,True,0.3714,True,0.0216,False,6.0125,EVIDENCE_PAYLOAD_SCHEMA_INVALID|EVIDENCE_SNAPSHOT_CONFLICT,b2d83222fe4bab87f393b8e93c8a29f87ac2f8279ebd9de6ca63f25604bbf49f
case-00620,f4b35165c5bf64c61a39ee1ab2567995119dab64452f7adf3fae4427d49dde2a,CONTROLLED_TEST_MUTATION,excluded_ancestor,False,True,0.0389,True,0.3363,True,0.0178,False,0.334,True,0.0072,False,5.1995,REQUIRED_INPUT_EXCLUDED,b2d83222fe4bab87f393b8e93c8a29f87ac2f8279ebd9de6ca63f25604bbf49f
case-00621,ab8d27d8ea4222e671cfd088fe01c95fb0bc0351f593bf908ad4430d8ac9f992,CONTROLLED_TEST_MUTATION,unknown_source,False,True,0.0402,True,0.3486,True,0.0183,True,0.3413,True,0.0108,False,4.4836,EVIDENCE_ROLE_SOURCE_NOT_ALLOWED|EVIDENCE_SOURCE_ID_UNKNOWN|EVIDENCE_SOURCE_POLICY_MISSING,b2d83222fe4bab87f393b8e93c8a29f87ac2f8279ebd9de6ca63f25604bbf49f
case-00622,57ca8b0ee9db2abc6e3168c5318220f207d514abe8d5525fb25876cd2d13311c,CONTROLLED_TEST_MUTATION,role_conflict,False,True,0.0473,True,0.6024,True,0.0382,False,0.7385,True,0.0098,False,7.3176,EVIDENCE_ROLE_CONFLICT,b2d83222fe4bab87f393b8e93c8a29f87ac2f8279ebd9de6ca63f25604bbf49f
case-00623,1ca8e5e997858c5b0fe1bc44764cdcfb6c85688d7467b4013fc59504b85b7633,CONTROLLED_TEST_MUTATION,role_conflict,False,True,0.0447,True,0.6008,True,0.0213,False,0.371,True,0.0084,False,5.2829,EVIDENCE_ROLE_CONFLICT,b2d83222fe4bab87f393b8e93c8a29f87ac2f8279ebd9de6ca63f25604bbf49f
case-00624,d9f757020a3bdc2db2856418c5f934ab4c882f73b9d173e487375efc4aa3bfca,CLEAN_TEST_FIXTURE,none,True,True,0.041,True,0.3586,True,0.0185,True,0.3553,True,0.0116,True,4.0674,ALL_REQUIRED_EVIDENCE_TRUSTWORTHY,b2d83222fe4bab87f393b8e93c8a29f87ac2f8279ebd9de6ca63f25604bbf49f
case-00625,5a5cae8920eef1a0cc96151c356cec42d0a536f3e590a4a4a74682a066e154ec,CLEAN_TEST_FIXTURE,none,True,True,0.0407,True,0.3501,True,0.0188,True,0.6832,True,0.0156,True,4.4871,ALL_REQUIRED_EVIDENCE_TRUSTWORTHY,b2d83222fe4bab87f393b8e93c8a29f87ac2f8279ebd9de6ca63f25604bbf49f
case-00626,a70d16d9bbbcf6c415199595c060fd68240757fb1be5df4b5abbf02f5e182b6e,CONTROLLED_TEST_MUTATION,missing_direct_role,False,False,0.0229,False,0.015,True,0.0175,False,0.0276,True,0.007,False,5.2127,REQUIRED_ROLE_MISSING,b2d83222fe4bab87f393b8e93c8a29f87ac2f8279ebd9de6ca63f25604bbf49f
case-00627,3f1d2c3cb41368a20ef6153e984f5b8b397edd4009aebdf27b21bf0fc341a7e3,CONTROLLED_TEST_MUTATION,root_signature_tamper_after_seal,False,True,0.0657,True,0.394,True,0.0197,True,0.3536,True,0.0124,False,4.0148,EVIDENCE_ROOT_INVALID,b2d83222fe4bab87f393b8e93c8a29f87ac2f8279ebd9de6ca63f25604bbf49f
case-00628,4bef19811c51dcae6e7a89455a2a311c437cfcc32dc42eb5c210a8f1dc35a7ed,CONTROLLED_TEST_MUTATION,future_timestamp,False,True,0.0457,False,0.4712,True,0.0205,False,0.3804,True,0.0125,False,5.2265,EVIDENCE_FRESHNESS_UNKNOWN|EVIDENCE_TIMESTAMP_IN_FUTURE,b2d83222fe4bab87f393b8e93c8a29f87ac2f8279ebd9de6ca63f25604bbf49f
case-00629,1b5c27f3b2025f97de55b62b8d3e316bc701ed869b7826fd1d819b0d8e2bbf8f,CLEAN_TEST_FIXTURE,none,True,True,0.0478,True,0.3715,True,0.0207,True,0.355,True,0.0133,True,4.0834,ALL_REQUIRED_EVIDENCE_TRUSTWORTHY,b2d83222fe4bab87f393b8e93c8a29f87ac2f8279ebd9de6ca63f25604bbf49f
case-00630,cb83c2ef747c4448c25fd5b128fd03e4c8765f4fdb6125fdf5ab8ae986afdf65,CONTROLLED_TEST_MUTATION,broken_lineage,False,True,0.0528,True,0.4009,True,0.0196,True,0.3542,True,0.012,False,4.006,EVIDENCE_LINEAGE_INVALID,b2d83222fe4bab87f393b8e93c8a29f87ac2f8279ebd9de6ca63f25604bbf49f
case-00631,42f7e4b9a351cb250c9245ebab8acad10e5f7fe93f01773d757cb485f2223a76,CONTROLLED_TEST_MUTATION,payload_tamper_after_seal,False,True,0.0453,False,0.0973,True,0.0187,False,0.092,True,0.011,False,5.6473,CHECKSUM_INVALID|EVIDENCE_ROOT_INVALID|EVIDENCE_SNAPSHOT_CONFLICT|RECORD_ENVELOPE_INVALID,b2d83222fe4bab87f393b8e93c8a29f87ac2f8279ebd9de6ca63f25604bbf49f
case-00632,c048efa23eb556280874f695df65e7382ec220902bd300334c4f8cb2e8e472e9,CONTROLLED_TEST_MUTATION,broken_lineage,False,True,0.0412,True,0.3554,True,0.0186,True,0.3475,True,0.0115,False,3.9648,EVIDENCE_LINEAGE_INVALID,b2d83222fe4bab87f393b8e93c8a29f87ac2f8279ebd9de6ca63f25604bbf49f
case-00633,8e6c6be02175030b973d8e21879f7e42482b94b84422684039b2649838e2681a,CONTROLLED_TEST_MUTATION,wrong_context,False,True,0.0418,True,0.4964,True,0.026,True,1.6727,True,0.0201,False,4.2699,EVIDENCE_CONTEXT_MISMATCH,b2d83222fe4bab87f393b8e93c8a29f87ac2f8279ebd9de6ca63f25604bbf49f
case-00634,ad872035389fb1f228a6b7f0cc25681e9f680c433ef95a4e0a61234fe7734611,CONTROLLED_TEST_MUTATION,wrong_context,False,True,0.0406,True,0.3592,True,0.0188,True,0.3508,True,0.0111,False,3.9554,EVIDENCE_CONTEXT_MISMATCH,b2d83222fe4bab87f393b8e93c8a29f87ac2f8279ebd9de6ca63f25604bbf49f
case-00635,b902787eb85b4f1d37b23cd7bdc807ddd1c6cfc27b02a2513f8bc3d825314ee8,CONTROLLED_TEST_MUTATION,payload_tamper_after_seal,False,True,0.0404,False,0.0913,True,0.018,False,0.0929,True,0.0094,False,3.9748,CHECKSUM_INVALID|EVIDENCE_ROOT_INVALID|EVIDENCE_SNAPSHOT_CONFLICT|RECORD_ENVELOPE_INVALID,b2d83222fe4bab87f393b8e93c8a29f87ac2f8279ebd9de6ca63f25604bbf49f
case-00636,7d23fb1be1b9bb6acb0499b29419bd7a721c188d7b46a4c133f3cf109ea794e4,CONTROLLED_TEST_MUTATION,broken_lineage,False,True,0.04,True,0.3513,True,0.0189,True,0.3499,True,0.0098,False,4.3664,EVIDENCE_LINEAGE_INVALID,b2d83222fe4bab87f393b8e93c8a29f87ac2f8279ebd9de6ca63f25604bbf49f
case-00637,2d590256d12112b58fc2edaab64d009676194324c63bed4344c5d368964a897a,CONTROLLED_TEST_MUTATION,expired_import,False,True,0.0433,False,0.2978,True,0.0198,False,0.287,True,0.0119,False,3.9988,EVIDENCE_STALE,b2d83222fe4bab87f393b8e93c8a29f87ac2f8279ebd9de6ca63f25604bbf49f
case-00638,b760d7ccac3385a984ef6b0ead85b70478b15b754c1c9b6a473c0d073b9e29d1,CONTROLLED_TEST_MUTATION,malformed_payload,False,True,0.0394,True,0.3358,True,0.0184,True,0.3338,True,0.0101,False,4.7651,EVIDENCE_PAYLOAD_SCHEMA_INVALID|EVIDENCE_SNAPSHOT_CONFLICT,b2d83222fe4bab87f393b8e93c8a29f87ac2f8279ebd9de6ca63f25604bbf49f
case-00639,eacdd96bc41ee3b585d1962f3cdaf2e5e3fd18440ef52a5f146c714e7a78cd49,CONTROLLED_TEST_MUTATION,missing_direct_role,False,False,0.0224,False,0.0154,True,0.0167,False,0.0277,True,0.0066,False,3.4421,REQUIRED_ROLE_MISSING,b2d83222fe4bab87f393b8e93c8a29f87ac2f8279ebd9de6ca63f25604bbf49f
case-00640,6c9958ca6cd6eef84af542b03aed2c474cec1a87ca28b00fcf1d54c1da06a652,CLEAN_TEST_FIXTURE,none,True,True,0.0389,True,0.453,True,0.0207,True,0.3613,True,0.0128,True,4.6221,ALL_REQUIRED_EVIDENCE_TRUSTWORTHY,b2d83222fe4bab87f393b8e93c8a29f87ac2f8279ebd9de6ca63f25604bbf49f
case-00641,aca0cbda9c1d6e5b21078769ca8a7c33dc13782d584d0e81407244927d45e671,CLEAN_TEST_FIXTURE,none,True,True,0.0386,True,0.3379,True,0.0177,True,0.3389,True,0.0096,True,3.7991,ALL_REQUIRED_EVIDENCE_TRUSTWORTHY,b2d83222fe4bab87f393b8e93c8a29f87ac2f8279ebd9de6ca63f25604bbf49f
case-00642,b45b1570806c73fe47e198d3f12cfc5b988dc5a86e03a620b72a3d495c383534,CLEAN_TEST_FIXTURE,none,True,True,0.0422,True,0.3616,True,0.0187,True,0.3544,True,0.0107,True,3.9597,ALL_REQUIRED_EVIDENCE_TRUSTWORTHY,b2d83222fe4bab87f393b8e93c8a29f87ac2f8279ebd9de6ca63f25604bbf49f
case-00643,dc1e9add8f08f5eb6fc810440a844dcaaadb7b22fcf3b1f46266e1e6dad366b5,CLEAN_TEST_FIXTURE,none,True,True,0.0395,True,0.3507,True,0.0187,True,0.3522,True,0.0099,True,3.9512,ALL_REQUIRED_EVIDENCE_TRUSTWORTHY,b2d83222fe4bab87f393b8e93c8a29f87ac2f8279ebd9de6ca63f25604bbf49f
case-00644,5ea627c055bebeda4c401af6e580a389af8c074b18738ce5340d05e0e39bc70c,CLEAN_TEST_FIXTURE,none,True,True,0.0423,True,0.3586,True,0.0193,True,0.3557,True,0.0115,True,3.9537,ALL_REQUIRED_EVIDENCE_TRUSTWORTHY,b2d83222fe4bab87f393b8e93c8a29f87ac2f8279ebd9de6ca63f25604bbf49f
case-00645,ca2619853ae2873dd80a0f08641b0e6799142fb120fac52ef85ae59d3b311248,CONTROLLED_TEST_MUTATION,unavailable_record,False,True,0.0409,False,0.3216,True,0.0193,False,0.3305,True,0.0139,False,4.5893,EVIDENCE_LINEAGE_INCOMPLETE|EVIDENCE_UNAVAILABLE,b2d83222fe4bab87f393b8e93c8a29f87ac2f8279ebd9de6ca63f25604bbf49f
case-00646,e151138e1f6536dcdc3656250a026a15c6552142c54a9d1d8a97658aa691563f,CONTROLLED_TEST_MUTATION,role_conflict,False,True,0.0444,True,0.3726,True,0.0195,False,0.3633,True,0.0084,False,4.2296,EVIDENCE_ROLE_CONFLICT,b2d83222fe4bab87f393b8e93c8a29f87ac2f8279ebd9de6ca63f25604bbf49f
case-00647,e15573c6bb9d78e5f6d2a685d3d7420d9fc2baeddac1c62b15db6109e7ab6ffe,CONTROLLED_TEST_MUTATION,payload_tamper_after_seal,False,True,0.0407,False,0.0894,True,0.0183,False,0.0902,True,0.0091,False,4.7164,CHECKSUM_INVALID|EVIDENCE_ROOT_INVALID|EVIDENCE_SNAPSHOT_CONFLICT|RECORD_ENVELOPE_INVALID,b2d83222fe4bab87f393b8e93c8a29f87ac2f8279ebd9de6ca63f25604bbf49f
case-00648,9be0da09ac159147d491ab390dcee9da66052aa0e4ea58216a09592c1f8381a7,CONTROLLED_TEST_MUTATION,missing_lineage,False,True,0.0392,True,0.3501,True,0.0182,True,0.3463,True,0.0098,False,3.8415,EVIDENCE_LINEAGE_INCOMPLETE,b2d83222fe4bab87f393b8e93c8a29f87ac2f8279ebd9de6ca63f25604bbf49f
case-00649,0a2c901e2a5287ca8e4b3c81104f27212c0161a007063cce103c9f96bea349da,CONTROLLED_TEST_MUTATION,lineage_cycle,False,True,0.0387,True,0.3291,True,0.0177,True,0.3201,True,0.0122,False,3.6863,EVIDENCE_LINEAGE_INVALID,b2d83222fe4bab87f393b8e93c8a29f87ac2f8279ebd9de6ca63f25604bbf49f
case-00650,6f0138bf3ceb591b08bd9a5f0b3e58c44f67228cc14fadbcd329829e9483acb6,CONTROLLED_TEST_MUTATION,lineage_cycle,False,True,0.0361,True,0.3202,True,0.0171,True,0.3157,True,0.0098,False,3.6023,EVIDENCE_LINEAGE_INVALID,b2d83222fe4bab87f393b8e93c8a29f87ac2f8279ebd9de6ca63f25604bbf49f
case-00651,0cf61d897de3906c83ef987929a18776c9527189633e3f985eaf94ec3001fb81,CONTROLLED_TEST_MUTATION,unknown_source,False,True,0.0398,True,0.3471,True,0.0183,True,0.3422,True,0.0109,False,3.8129,EVIDENCE_ROLE_SOURCE_NOT_ALLOWED|EVIDENCE_SOURCE_ID_UNKNOWN|EVIDENCE_SOURCE_POLICY_MISSING,b2d83222fe4bab87f393b8e93c8a29f87ac2f8279ebd9de6ca63f25604bbf49f
case-00652,7b1451bbf1df59a28eae6ec2e42631cdf6713a2af329252e68de53c2caa8aa7d,CONTROLLED_TEST_MUTATION,snapshot_score_conflict,False,True,0.0392,True,0.3639,True,0.0187,True,0.3687,True,0.0094,False,4.7141,EVIDENCE_SNAPSHOT_CONFLICT,b2d83222fe4bab87f393b8e93c8a29f87ac2f8279ebd9de6ca63f25604bbf49f
case-00653,6fc0f7310841951ecaa21a5e7be0d929d4c8a0a6370f60c0faa18dcfd0fedca6,CONTROLLED_TEST_MUTATION,future_timestamp,False,True,0.0384,False,0.3081,True,0.0176,False,0.2953,True,0.0101,False,3.7892,EVIDENCE_FRESHNESS_UNKNOWN|EVIDENCE_TIMESTAMP_IN_FUTURE,b2d83222fe4bab87f393b8e93c8a29f87ac2f8279ebd9de6ca63f25604bbf49f
case-00654,afed2d69fe3165bed6a7edb8852cb70c11f9544b12b1cd0fc665b21290deea0c,CONTROLLED_TEST_MUTATION,snapshot_score_conflict,False,True,0.0393,True,0.3646,True,0.0241,True,0.3875,True,0.0097,False,4.5978,EVIDENCE_SNAPSHOT_CONFLICT,b2d83222fe4bab87f393b8e93c8a29f87ac2f8279ebd9de6ca63f25604bbf49f
case-00655,c3695596872ba94d13a67c415a8382886869df89c4602145c5ea9cb783933350,CONTROLLED_TEST_MUTATION,incomplete_payload,False,True,0.0373,False,0.1573,True,0.0176,False,0.1527,True,0.0091,False,3.963,EVIDENCE_PAYLOAD_INCOMPLETE,b2d83222fe4bab87f393b8e93c8a29f87ac2f8279ebd9de6ca63f25604bbf49f
case-00656,481066ae2b092cd52b00ee38f04de1f80f21a0bb41f5008c6d10495e06cb03e2,CLEAN_TEST_FIXTURE,none,True,True,0.0535,True,0.3997,True,0.0184,True,0.3563,True,0.0122,True,3.8798,ALL_REQUIRED_EVIDENCE_TRUSTWORTHY,b2d83222fe4bab87f393b8e93c8a29f87ac2f8279ebd9de6ca63f25604bbf49f
case-00657,2f80ca992932851c28fb222b242acfcafd4c54bedf26191465d9efec6010dcac,CONTROLLED_TEST_MUTATION,missing_direct_role,False,False,0.0208,False,0.0144,True,0.0169,False,0.0268,True,0.0065,False,3.3726,REQUIRED_ROLE_MISSING,b2d83222fe4bab87f393b8e93c8a29f87ac2f8279ebd9de6ca63f25604bbf49f
case-00658,b54292ba38753eae3fcd5d14072244919e8a8a1494a2f52bef73fa98a00a4abd,CONTROLLED_TEST_MUTATION,expired_import,False,True,0.0419,False,0.3001,True,0.0188,False,0.2863,True,0.0114,False,3.9509,EVIDENCE_STALE,b2d83222fe4bab87f393b8e93c8a29f87ac2f8279ebd9de6ca63f25604bbf49f
case-00659,2afe6ea2f1c1c18e4181d383c5945667706f4a192c2408fc6b5eff8e83ed19ed,CONTROLLED_TEST_MUTATION,unknown_source,False,True,0.0393,True,0.3527,True,0.0182,True,0.346,True,0.0096,False,3.9925,EVIDENCE_ROLE_SOURCE_NOT_ALLOWED|EVIDENCE_SOURCE_ID_UNKNOWN|EVIDENCE_SOURCE_POLICY_MISSING,b2d83222fe4bab87f393b8e93c8a29f87ac2f8279ebd9de6ca63f25604bbf49f
case-00660,76d8bc288ba47c0aef914aa7f2ae695eb9444e681191152a4a1ba4bcc49c9039,CONTROLLED_TEST_MUTATION,missing_direct_role,False,False,0.0207,False,0.0145,True,0.0163,False,0.0269,True,0.0066,False,3.3409,REQUIRED_ROLE_MISSING,b2d83222fe4bab87f393b8e93c8a29f87ac2f8279ebd9de6ca63f25604bbf49f
case-00661,0d424a3836e331f1837dd579dcfc7b8ce83dfe11a6186fbc9d46b58fec9a5618,CONTROLLED_TEST_MUTATION,empty_payload,False,False,0.0403,False,0.0416,True,0.0149,False,0.0454,True,0.0072,False,4.191,EVIDENCE_PAYLOAD_EMPTY|EVIDENCE_PAYLOAD_SCHEMA_INVALID|EVIDENCE_SNAPSHOT_CONFLICT,b2d83222fe4bab87f393b8e93c8a29f87ac2f8279ebd9de6ca63f25604bbf49f
case-00662,26c89b9dcc5b93ce62224d5785848320b8826889b825ee384b2b0788d6f65dc8,CLEAN_TEST_FIXTURE,none,True,True,0.0449,True,0.3454,True,0.0183,True,0.3354,True,0.0129,True,3.9696,ALL_REQUIRED_EVIDENCE_TRUSTWORTHY,b2d83222fe4bab87f393b8e93c8a29f87ac2f8279ebd9de6ca63f25604bbf49f
case-00663,877d691288f55764e5e040747a85278e1189ff05a7bd46bb211c649c525ff983,CLEAN_TEST_FIXTURE,none,True,True,0.0402,True,0.3451,True,0.0181,True,0.3372,True,0.0107,True,4.7546,ALL_REQUIRED_EVIDENCE_TRUSTWORTHY,b2d83222fe4bab87f393b8e93c8a29f87ac2f8279ebd9de6ca63f25604bbf49f
case-00664,0835d311f50aff2ea7ba2e4425be640a16d18ea9aa2ce195973916938aa1be1f,CONTROLLED_TEST_MUTATION,unknown_source,False,True,0.039,True,0.3507,True,0.0185,True,0.3459,True,0.0094,False,3.9009,EVIDENCE_ROLE_SOURCE_NOT_ALLOWED|EVIDENCE_SOURCE_ID_UNKNOWN|EVIDENCE_SOURCE_POLICY_MISSING,b2d83222fe4bab87f393b8e93c8a29f87ac2f8279ebd9de6ca63f25604bbf49f
case-00665,ab23e163bd1599e23ca5573d61f6e4c11cb00cd9cc0ab66c12e5c2d5c3810311,CLEAN_TEST_FIXTURE,none,True,True,0.0401,True,0.6245,True,0.0219,True,0.8041,True,0.0134,True,3.9914,ALL_REQUIRED_EVIDENCE_TRUSTWORTHY,b2d83222fe4bab87f393b8e93c8a29f87ac2f8279ebd9de6ca63f25604bbf49f
case-00666,2f9def6120f85b912067c39fab823a82765939d0741a7b84f6d3dfde530355b2,CONTROLLED_TEST_MUTATION,incomplete_payload,False,True,0.0399,False,0.1633,True,0.0182,False,0.1588,True,0.0093,False,3.9203,EVIDENCE_PAYLOAD_INCOMPLETE,b2d83222fe4bab87f393b8e93c8a29f87ac2f8279ebd9de6ca63f25604bbf49f
case-00667,9d0641c0f4f15c83b24146fb70c20f67bbd7c89e8d8e1ce501a4d77e1128a021,CONTROLLED_TEST_MUTATION,missing_lineage,False,True,0.0414,True,0.356,True,0.0187,True,0.3507,True,0.0114,False,3.861,EVIDENCE_LINEAGE_INCOMPLETE,b2d83222fe4bab87f393b8e93c8a29f87ac2f8279ebd9de6ca63f25604bbf49f
case-00668,46cc6be6f0c8ade767f3fef0fd084ca23dbd8175ac3d71fb9d6191fc853e4c07,CONTROLLED_TEST_MUTATION,malformed_payload,False,True,0.0391,True,0.3426,True,0.0179,True,0.341,True,0.009,False,3.9428,EVIDENCE_PAYLOAD_SCHEMA_INVALID|EVIDENCE_SNAPSHOT_CONFLICT,b2d83222fe4bab87f393b8e93c8a29f87ac2f8279ebd9de6ca63f25604bbf49f
case-00669,8374d60afb3253107a22ee8bf692ed50c971e9a6e56f452b69c8e26ed2f564d9,CONTROLLED_TEST_MUTATION,wrong_context,False,True,0.0412,True,0.3541,True,0.0189,True,0.3493,True,0.0108,False,3.9346,EVIDENCE_CONTEXT_MISMATCH,b2d83222fe4bab87f393b8e93c8a29f87ac2f8279ebd9de6ca63f25604bbf49f
case-00670,69baa5e336c8c16b0d8e0f2d9867335602d57606544cd606ff186fccbb53c2f5,CONTROLLED_TEST_MUTATION,missing_lineage,False,True,0.0416,True,0.3545,True,0.0183,True,0.3465,True,0.0104,False,4.5366,EVIDENCE_LINEAGE_INCOMPLETE,b2d83222fe4bab87f393b8e93c8a29f87ac2f8279ebd9de6ca63f25604bbf49f
case-00671,e52050a77a824b252be9fa4ef2fa78b1a12177e9ca5675a981ff0b628a1eb0f0,CONTROLLED_TEST_MUTATION,unknown_source,False,True,0.0404,True,0.3559,True,0.0191,True,0.3514,True,0.011,False,4.0335,EVIDENCE_ROLE_SOURCE_NOT_ALLOWED|EVIDENCE_SOURCE_ID_UNKNOWN|EVIDENCE_SOURCE_POLICY_MISSING,b2d83222fe4bab87f393b8e93c8a29f87ac2f8279ebd9de6ca63f25604bbf49f
case-00672,875cae9474e6fffad9c842c5c97878927eac075860a7e1d2eabc8612469ceff5,CONTROLLED_TEST_MUTATION,broken_lineage,False,True,0.0388,True,0.3462,True,0.0176,True,0.3453,True,0.0085,False,4.9033,EVIDENCE_LINEAGE_INVALID,b2d83222fe4bab87f393b8e93c8a29f87ac2f8279ebd9de6ca63f25604bbf49f
case-00673,a30fbb3df086e4c7bf57375cf86ae33a4940a2f4d4063f79aa87a94782bb9e5c,CONTROLLED_TEST_MUTATION,wrong_context,False,True,0.0389,True,0.3492,True,0.0182,True,0.3492,True,0.0089,False,3.8671,EVIDENCE_CONTEXT_MISMATCH,b2d83222fe4bab87f393b8e93c8a29f87ac2f8279ebd9de6ca63f25604bbf49f
case-00674,48c0c644036d347eac815b1f1b0e27f966382837dbb7c9bc3a46839318a2fde8,CONTROLLED_TEST_MUTATION,snapshot_score_conflict,False,True,0.042,True,0.3633,True,0.0187,True,0.3507,True,0.0108,False,3.9169,EVIDENCE_SNAPSHOT_CONFLICT,b2d83222fe4bab87f393b8e93c8a29f87ac2f8279ebd9de6ca63f25604bbf49f
case-00675,7ca6552fced10b42273ca07ea27277590af07751f40a34e78d2326cf672149ae,CONTROLLED_TEST_MUTATION,unknown_source,False,True,0.0387,True,0.3479,True,0.0179,True,0.3467,True,0.0089,False,3.8807,EVIDENCE_ROLE_SOURCE_NOT_ALLOWED|EVIDENCE_SOURCE_ID_UNKNOWN|EVIDENCE_SOURCE_POLICY_MISSING,b2d83222fe4bab87f393b8e93c8a29f87ac2f8279ebd9de6ca63f25604bbf49f
case-00676,12cb4e7134dadc41caa5b9de7171ad3c4f6083141dc70f860aea8581ba3052df,CONTROLLED_TEST_MUTATION,missing_lineage,False,True,0.0399,True,0.3529,True,0.0183,True,0.3491,True,0.0105,False,3.8073,EVIDENCE_LINEAGE_INCOMPLETE,b2d83222fe4bab87f393b8e93c8a29f87ac2f8279ebd9de6ca63f25604bbf49f
case-00677,9f9ba2074cf9275f0181fc9eaa12193eaa4b80c63c4b5a961daba1fda9c326d0,CONTROLLED_TEST_MUTATION,empty_payload,False,False,0.0404,False,0.0315,True,0.0146,False,0.0448,True,0.0067,False,4.0822,EVIDENCE_PAYLOAD_EMPTY|EVIDENCE_PAYLOAD_SCHEMA_INVALID|EVIDENCE_SNAPSHOT_CONFLICT,b2d83222fe4bab87f393b8e93c8a29f87ac2f8279ebd9de6ca63f25604bbf49f
case-00678,843f55fc76cfe5e74d5e8f229a028953314b53d5666872643b65b51b0c6c5d3a,CONTROLLED_TEST_MUTATION,root_signature_tamper_after_seal,False,True,0.039,True,0.3353,True,0.0177,True,0.3331,True,0.0102,False,3.7754,EVIDENCE_ROOT_INVALID,b2d83222fe4bab87f393b8e93c8a29f87ac2f8279ebd9de6ca63f25604bbf49f
case-00679,a1c2f1803b78c2ecfb3eb000b7001c7557ab43b553044a5c76d421fcabb6bb3c,CONTROLLED_TEST_MUTATION,incomplete_payload,False,True,0.0388,False,0.1584,True,0.017,False,0.1534,True,0.0091,False,4.3604,EVIDENCE_PAYLOAD_INCOMPLETE,b2d83222fe4bab87f393b8e93c8a29f87ac2f8279ebd9de6ca63f25604bbf49f
case-00680,a297142bceb38cd811e72ca69d3710054316bd34f591290aca68a43716012b02,CONTROLLED_TEST_MUTATION,payload_tamper_after_seal,False,True,0.0385,False,0.0846,True,0.0169,False,0.0869,True,0.0086,False,3.7581,CHECKSUM_INVALID|EVIDENCE_ROOT_INVALID|EVIDENCE_SNAPSHOT_CONFLICT|RECORD_ENVELOPE_INVALID,b2d83222fe4bab87f393b8e93c8a29f87ac2f8279ebd9de6ca63f25604bbf49f
case-00681,2b0615476c65c83a0a96fd957a94dd442aa80f5fefe67e95f2c34409f62419db,CONTROLLED_TEST_MUTATION,source_type_impersonation,False,True,0.0378,True,0.3373,True,0.0174,True,0.3369,True,0.0093,False,4.7908,EVIDENCE_ROLE_SOURCE_NOT_ALLOWED|OPERATOR_EVIDENCE_UNVERIFIED,b2d83222fe4bab87f393b8e93c8a29f87ac2f8279ebd9de6ca63f25604bbf49f
case-00682,33c3d57fd0ed7dd574f634c4bee84b6d7ea848af176476d1b448e34bb46c97e6,CONTROLLED_TEST_MUTATION,root_signature_tamper_after_seal,False,True,0.0395,True,0.3464,True,0.0183,True,0.3457,True,0.0103,False,3.8955,EVIDENCE_ROOT_INVALID,b2d83222fe4bab87f393b8e93c8a29f87ac2f8279ebd9de6ca63f25604bbf49f
case-00683,8cbceb2910821e8f4966bb55a8006e6226c730c108c1889cfbcb12491a30914e,CONTROLLED_TEST_MUTATION,missing_direct_role,False,False,0.0339,False,0.0453,True,0.0447,False,0.0325,True,0.0085,False,4.0131,REQUIRED_ROLE_MISSING,b2d83222fe4bab87f393b8e93c8a29f87ac2f8279ebd9de6ca63f25604bbf49f
case-00684,de938afa4fe47e89954688f20e8e5190f992e6e73183ed69cdc5fa0642b36a56,CLEAN_TEST_FIXTURE,none,True,True,0.0389,True,0.3343,True,0.0192,True,0.3336,True,0.0093,True,3.7694,ALL_REQUIRED_EVIDENCE_TRUSTWORTHY,b2d83222fe4bab87f393b8e93c8a29f87ac2f8279ebd9de6ca63f25604bbf49f
case-00685,1c224219c5c798297f95de3563b84eb95f64f4346eb6e10a199d8eee14e6b5bb,CONTROLLED_TEST_MUTATION,empty_payload,False,False,0.0528,False,0.0315,True,0.0153,False,0.0451,True,0.0079,False,3.9377,EVIDENCE_PAYLOAD_EMPTY|EVIDENCE_PAYLOAD_SCHEMA_INVALID|EVIDENCE_SNAPSHOT_CONFLICT,b2d83222fe4bab87f393b8e93c8a29f87ac2f8279ebd9de6ca63f25604bbf49f
case-00686,822015b21e62aec80f6d15a34288173935578376006097106b8297d29ba6ae78,CLEAN_TEST_FIXTURE,none,True,True,0.0386,True,0.3466,True,0.0199,True,0.3509,True,0.0099,True,3.8697,ALL_REQUIRED_EVIDENCE_TRUSTWORTHY,b2d83222fe4bab87f393b8e93c8a29f87ac2f8279ebd9de6ca63f25604bbf49f
case-00687,0e433b3db00d53205295647b0f14997dac88d084b01d4e5e7befe6464e72b1ae,CONTROLLED_TEST_MUTATION,snapshot_score_conflict,False,True,0.0396,True,0.3445,True,0.0183,True,0.3456,True,0.0105,False,3.8224,EVIDENCE_SNAPSHOT_CONFLICT,b2d83222fe4bab87f393b8e93c8a29f87ac2f8279ebd9de6ca63f25604bbf49f
case-00688,7f2aa85eb00127ae9a9019779d4f04e4d4110fdf0e63cc4940636dde81142fe9,CONTROLLED_TEST_MUTATION,excluded_ancestor,False,True,0.0388,True,0.3625,True,0.0184,False,0.4093,True,0.0074,False,4.0504,REQUIRED_INPUT_EXCLUDED,b2d83222fe4bab87f393b8e93c8a29f87ac2f8279ebd9de6ca63f25604bbf49f
case-00689,c52fc6041a3133479d3c4f1a81712b3d4590b3c34987135bd4e15807db754be3,CONTROLLED_TEST_MUTATION,malformed_payload,False,True,0.0364,True,0.3163,True,0.0171,True,0.3176,True,0.0085,False,3.5788,EVIDENCE_PAYLOAD_SCHEMA_INVALID|EVIDENCE_SNAPSHOT_CONFLICT,b2d83222fe4bab87f393b8e93c8a29f87ac2f8279ebd9de6ca63f25604bbf49f
case-00690,de07ce77460b66dbf574b051b07302c7e94bd106127b736f4ba357633198a592,CLEAN_TEST_FIXTURE,none,True,True,0.0382,True,0.3989,True,0.018,True,0.3217,True,0.0096,True,4.3913,ALL_REQUIRED_EVIDENCE_TRUSTWORTHY,b2d83222fe4bab87f393b8e93c8a29f87ac2f8279ebd9de6ca63f25604bbf49f
case-00691,07efc6c9ab836c1b67da4a2a8bd4e565eea3c677bf970c083d7b6188bc89868f,CONTROLLED_TEST_MUTATION,excluded_ancestor,False,True,0.0411,True,0.3703,True,0.0186,False,0.3715,True,0.0078,False,4.1409,REQUIRED_INPUT_EXCLUDED,b2d83222fe4bab87f393b8e93c8a29f87ac2f8279ebd9de6ca63f25604bbf49f
case-00692,67ad05c79ff306ea171166563fa8debe66c6df9cc5f93d9b732e8c889d049b9e,CONTROLLED_TEST_MUTATION,excluded_ancestor,False,True,0.0451,True,0.364,True,0.019,False,0.7665,True,0.0116,False,4.5355,REQUIRED_INPUT_EXCLUDED,b2d83222fe4bab87f393b8e93c8a29f87ac2f8279ebd9de6ca63f25604bbf49f
case-00693,9a07ff8e07356dc63de5aeaa20dce382e901715e3aeb70e4436ebceb616fbd45,CLEAN_TEST_FIXTURE,none,True,True,0.0493,True,0.3732,True,0.0202,True,0.3544,True,0.0126,True,3.9423,ALL_REQUIRED_EVIDENCE_TRUSTWORTHY,b2d83222fe4bab87f393b8e93c8a29f87ac2f8279ebd9de6ca63f25604bbf49f
case-00694,21b75db3c8abafed7ad58fb6501cfd7879ecf60bff4567563f2fcac1f1f409e9,CONTROLLED_TEST_MUTATION,missing_lineage,False,True,0.0438,True,0.3625,True,0.0193,True,0.3485,True,0.0141,False,3.9682,EVIDENCE_LINEAGE_INCOMPLETE,b2d83222fe4bab87f393b8e93c8a29f87ac2f8279ebd9de6ca63f25604bbf49f
case-00695,28d51d7d334cf007e10fd45a34a0d531d84ee10622970aa936a79136e28de157,CLEAN_TEST_FIXTURE,none,True,True,0.0419,True,0.3544,True,0.0188,True,0.3491,True,0.0112,True,4.751,ALL_REQUIRED_EVIDENCE_TRUSTWORTHY,b2d83222fe4bab87f393b8e93c8a29f87ac2f8279ebd9de6ca63f25604bbf49f
case-00696,586f6b9da1918128bad4ca04f1e8ffa517cd5fb7263aac46d7e0f056d85a50b5,CONTROLLED_TEST_MUTATION,root_signature_tamper_after_seal,False,True,0.0397,True,0.3421,True,0.018,True,0.3394,True,0.0105,False,3.867,EVIDENCE_ROOT_INVALID,b2d83222fe4bab87f393b8e93c8a29f87ac2f8279ebd9de6ca63f25604bbf49f
case-00697,fc2ba4e5c1cbbfb882aaeafc583c936fa69dd2dc0dea2680a8fb5869b67ea036,CLEAN_TEST_FIXTURE,none,True,True,0.0385,True,0.3371,True,0.0178,True,0.3354,True,0.0109,True,4.8251,ALL_REQUIRED_EVIDENCE_TRUSTWORTHY,b2d83222fe4bab87f393b8e93c8a29f87ac2f8279ebd9de6ca63f25604bbf49f
case-00698,afaa83ad06245429a048654ab752faa1a222a210e3ca10c616f58a215f228350,CONTROLLED_TEST_MUTATION,excluded_ancestor,False,True,0.0376,True,0.3353,True,0.0174,False,0.3348,True,0.0071,False,3.8226,REQUIRED_INPUT_EXCLUDED,b2d83222fe4bab87f393b8e93c8a29f87ac2f8279ebd9de6ca63f25604bbf49f
case-00699,660a46cca38fe7423a9a49d34b268323f02675f4662b2f015899541cec0358c1,CONTROLLED_TEST_MUTATION,unknown_source,False,True,0.1247,True,0.6776,True,0.0221,True,0.3698,True,0.0122,False,4.0184,EVIDENCE_ROLE_SOURCE_NOT_ALLOWED|EVIDENCE_SOURCE_ID_UNKNOWN|EVIDENCE_SOURCE_POLICY_MISSING,b2d83222fe4bab87f393b8e93c8a29f87ac2f8279ebd9de6ca63f25604bbf49f
case-00700,76d6fb58fb4161d0542cbb665d2745d82c73133c831da6e53672febc2899a825,CONTROLLED_TEST_MUTATION,missing_direct_role,False,False,0.0209,False,0.0146,True,0.0161,False,0.0271,True,0.0063,False,3.4085,REQUIRED_ROLE_MISSING,b2d83222fe4bab87f393b8e93c8a29f87ac2f8279ebd9de6ca63f25604bbf49f
case-00701,1c89629361127ebb2d13d276c3201327019c87b8d27e4773985d52496b8a86f5,CLEAN_TEST_FIXTURE,none,True,True,0.0398,True,0.3497,True,0.0184,True,0.3433,True,0.0106,True,3.9715,ALL_REQUIRED_EVIDENCE_TRUSTWORTHY,b2d83222fe4bab87f393b8e93c8a29f87ac2f8279ebd9de6ca63f25604bbf49f
case-00702,503d6c385095e290c46310309513f37372f819d8feff49f282a6b078e1e1fa4e,CLEAN_TEST_FIXTURE,none,True,True,0.0381,True,0.3378,True,0.0181,True,0.3371,True,0.0101,True,3.913,ALL_REQUIRED_EVIDENCE_TRUSTWORTHY,b2d83222fe4bab87f393b8e93c8a29f87ac2f8279ebd9de6ca63f25604bbf49f
case-00703,8c9025fa1ceb6263863a44f09a523f5579ec16711297662d3b367cf657794201,CONTROLLED_TEST_MUTATION,missing_lineage,False,True,0.04,True,0.3604,True,0.019,True,0.3531,True,0.01,False,3.697,EVIDENCE_LINEAGE_INCOMPLETE,b2d83222fe4bab87f393b8e93c8a29f87ac2f8279ebd9de6ca63f25604bbf49f
case-00704,0fec83bac7366018c6420a4d5ee00bf3b95b2cc0ef34777a1f64f4cad7db9241,CONTROLLED_TEST_MUTATION,empty_payload,False,False,0.0378,False,0.0292,True,0.0131,False,0.0407,True,0.006,False,4.4832,EVIDENCE_PAYLOAD_EMPTY|EVIDENCE_PAYLOAD_SCHEMA_INVALID|EVIDENCE_SNAPSHOT_CONFLICT,b2d83222fe4bab87f393b8e93c8a29f87ac2f8279ebd9de6ca63f25604bbf49f
case-00705,f0bc2d63fd3258d2b984898c8ca1f4a82631408bbedf9465a969c107ed6b6659,CLEAN_TEST_FIXTURE,none,True,True,0.039,True,0.3422,True,0.018,True,0.3587,True,0.0103,True,3.8545,ALL_REQUIRED_EVIDENCE_TRUSTWORTHY,b2d83222fe4bab87f393b8e93c8a29f87ac2f8279ebd9de6ca63f25604bbf49f
case-00706,2f218905cd0cb5f32101366226753483eb2c539443c0a86dc38389644198c1dc,CLEAN_TEST_FIXTURE,none,True,True,0.0382,True,0.34,True,0.0176,True,0.3586,True,0.0091,True,4.7611,ALL_REQUIRED_EVIDENCE_TRUSTWORTHY,b2d83222fe4bab87f393b8e93c8a29f87ac2f8279ebd9de6ca63f25604bbf49f
case-00707,d5c9b171810f32bb91a07cd6bdc2bcdf070475f96b965baa4701104f197178f6,CLEAN_TEST_FIXTURE,none,True,True,0.0386,True,0.3397,True,0.0182,True,0.3376,True,0.0097,True,3.7703,ALL_REQUIRED_EVIDENCE_TRUSTWORTHY,b2d83222fe4bab87f393b8e93c8a29f87ac2f8279ebd9de6ca63f25604bbf49f
case-00708,78f42775a17b14b373e644db4f1d9bb9f1bf29cd99159216defef173dc291530,CONTROLLED_TEST_MUTATION,payload_tamper_after_seal,False,True,0.0374,False,0.2786,True,0.0455,False,0.1107,True,0.0113,False,4.5193,CHECKSUM_INVALID|EVIDENCE_ROOT_INVALID|EVIDENCE_SNAPSHOT_CONFLICT|RECORD_ENVELOPE_INVALID,b2d83222fe4bab87f393b8e93c8a29f87ac2f8279ebd9de6ca63f25604bbf49f
case-00709,4550413d1a2a33bdcd500d9c7b68a78c69c49ca203178e6d38468c897f49ef72,CONTROLLED_TEST_MUTATION,missing_lineage,False,True,0.0427,True,0.3523,True,0.0185,True,0.3491,True,0.0093,False,3.8208,EVIDENCE_LINEAGE_INCOMPLETE,b2d83222fe4bab87f393b8e93c8a29f87ac2f8279ebd9de6ca63f25604bbf49f
case-00710,45dae8f0cc16c28459e884190a243b863b1d967d20e668a863bb3aa09fd4e1f7,CONTROLLED_TEST_MUTATION,empty_payload,False,False,0.0441,False,0.0303,True,0.0148,False,0.0439,True,0.0075,False,3.842,EVIDENCE_PAYLOAD_EMPTY|EVIDENCE_PAYLOAD_SCHEMA_INVALID|EVIDENCE_SNAPSHOT_CONFLICT,b2d83222fe4bab87f393b8e93c8a29f87ac2f8279ebd9de6ca63f25604bbf49f
case-00711,00c145b2bcc8adb9ddc0ede243d4dc50e7a86d0c7f2f188786588bc59b3e9210,CONTROLLED_TEST_MUTATION,missing_direct_role,False,False,0.0205,False,0.0144,True,0.0159,False,0.0269,True,0.0064,False,3.3963,REQUIRED_ROLE_MISSING,b2d83222fe4bab87f393b8e93c8a29f87ac2f8279ebd9de6ca63f25604bbf49f
case-00712,bbdc4f864cef6c757b93f1dedfb3f925ff14ec73472ac3cf3b1f4dd8cdff1387,CONTROLLED_TEST_MUTATION,source_type_impersonation,False,True,0.0409,True,0.3459,True,0.0183,True,0.3378,True,0.0226,False,3.8908,EVIDENCE_ROLE_SOURCE_NOT_ALLOWED|OPERATOR_EVIDENCE_UNVERIFIED,b2d83222fe4bab87f393b8e93c8a29f87ac2f8279ebd9de6ca63f25604bbf49f
case-00713,4b15013695e7ab2190c4523e1022754327e3083b6c48d36b3f7c8015eeabe73e,CONTROLLED_TEST_MUTATION,root_signature_tamper_after_seal,False,True,0.038,True,0.3364,True,0.0178,True,0.3559,True,0.0097,False,3.8233,EVIDENCE_ROOT_INVALID,b2d83222fe4bab87f393b8e93c8a29f87ac2f8279ebd9de6ca63f25604bbf49f
case-00714,7a3fededb34b46fcab085fe9ce1b1b8f2b7632e0940c836964c4cfee2df5b29f,CONTROLLED_TEST_MUTATION,stale_live_observation,False,True,0.0398,False,0.3121,True,0.0185,False,0.3038,True,0.0099,False,3.7969,EVIDENCE_STALE,b2d83222fe4bab87f393b8e93c8a29f87ac2f8279ebd9de6ca63f25604bbf49f
case-00715,c47ac34a50c64e18f137c0877ca53840d878ccf21a6751df22c33de1e4e1d7c4,CLEAN_TEST_FIXTURE,none,True,True,0.0381,True,0.3403,True,0.0179,True,0.3403,True,0.0094,True,4.8772,ALL_REQUIRED_EVIDENCE_TRUSTWORTHY,b2d83222fe4bab87f393b8e93c8a29f87ac2f8279ebd9de6ca63f25604bbf49f
case-00716,aed153200bfe0e3234834cca798d453323e5c9722010fef4f2c2c2ea77eaf3ce,CONTROLLED_TEST_MUTATION,malformed_payload,False,True,0.0381,True,0.3331,True,0.018,True,0.3297,True,0.0092,False,3.777,EVIDENCE_PAYLOAD_SCHEMA_INVALID|EVIDENCE_SNAPSHOT_CONFLICT,b2d83222fe4bab87f393b8e93c8a29f87ac2f8279ebd9de6ca63f25604bbf49f
case-00717,dce4dd5b355508e061ef28aff3a0520a514cf0e739a39a7a6f44d401a8f8ddee,CONTROLLED_TEST_MUTATION,empty_payload,False,False,0.0384,False,0.029,True,0.0139,False,0.0411,True,0.0064,False,4.5618,EVIDENCE_PAYLOAD_EMPTY|EVIDENCE_PAYLOAD_SCHEMA_INVALID|EVIDENCE_SNAPSHOT_CONFLICT,b2d83222fe4bab87f393b8e93c8a29f87ac2f8279ebd9de6ca63f25604bbf49f
case-00718,a94ecf6ca511da5f09ea3d1c8c550b03205018d7cf82d75fe1cc7cb355404c16,CONTROLLED_TEST_MUTATION,future_timestamp,False,True,0.0368,False,0.2935,True,0.017,False,0.3048,True,0.0091,False,3.6201,EVIDENCE_FRESHNESS_UNKNOWN|EVIDENCE_TIMESTAMP_IN_FUTURE,b2d83222fe4bab87f393b8e93c8a29f87ac2f8279ebd9de6ca63f25604bbf49f
case-00719,69170fc1205dc5f3425371d222af7ec0de59bc5b7dd6b1fbd37b14c48ad2d6cb,CONTROLLED_TEST_MUTATION,stale_live_observation,False,True,0.0365,False,0.2885,True,0.0171,False,0.2791,True,0.0088,False,4.8254,EVIDENCE_STALE,b2d83222fe4bab87f393b8e93c8a29f87ac2f8279ebd9de6ca63f25604bbf49f
case-00720,a4685b09373e50ed2adc4e142cf8ec88893c26e726d10167b23c5f306e2feb49,CONTROLLED_TEST_MUTATION,malformed_payload,False,True,0.0413,True,0.3517,True,0.0189,True,0.3408,True,0.0126,False,4.0051,EVIDENCE_PAYLOAD_SCHEMA_INVALID|EVIDENCE_SNAPSHOT_CONFLICT,b2d83222fe4bab87f393b8e93c8a29f87ac2f8279ebd9de6ca63f25604bbf49f
case-00721,364566a347f873ea4bd0e2e4a4a8692b1dd54752690b71deac2b46672a01112c,CLEAN_TEST_FIXTURE,none,True,True,0.0434,True,0.3762,True,0.0199,True,0.3556,True,0.0176,True,4.1416,ALL_REQUIRED_EVIDENCE_TRUSTWORTHY,b2d83222fe4bab87f393b8e93c8a29f87ac2f8279ebd9de6ca63f25604bbf49f
case-00722,fa545a81cb90c7ef91d313049e7f83e5733a05d8040cf37f9b2187c4dcdf8c6d,CONTROLLED_TEST_MUTATION,malformed_payload,False,True,0.0399,True,0.334,True,0.018,True,0.3293,True,0.011,False,4.0387,EVIDENCE_PAYLOAD_SCHEMA_INVALID|EVIDENCE_SNAPSHOT_CONFLICT,b2d83222fe4bab87f393b8e93c8a29f87ac2f8279ebd9de6ca63f25604bbf49f
case-00723,3122b4b01bb339c9caac77779a2e6e65318b1e4ed125bf431089d4f122b25d3c,CONTROLLED_TEST_MUTATION,expired_import,False,True,0.0426,False,0.296,True,0.0189,False,0.2872,True,0.0129,False,3.9557,EVIDENCE_STALE,b2d83222fe4bab87f393b8e93c8a29f87ac2f8279ebd9de6ca63f25604bbf49f
case-00724,0fd7d75a5d2411c2947acab3a4e0f08b6f541a2b3fed376e2efd9c0d1e18446e,CONTROLLED_TEST_MUTATION,empty_payload,False,False,0.0439,False,0.0314,True,0.0151,False,0.0448,True,0.007,False,5.2627,EVIDENCE_PAYLOAD_EMPTY|EVIDENCE_PAYLOAD_SCHEMA_INVALID|EVIDENCE_SNAPSHOT_CONFLICT,b2d83222fe4bab87f393b8e93c8a29f87ac2f8279ebd9de6ca63f25604bbf49f
case-00725,794c88c6344590d37ddd699fbfbc66c94c2dceb5ad115a0037ccf39f445a061d,CONTROLLED_TEST_MUTATION,future_timestamp,False,True,0.0399,False,0.3226,True,0.0188,False,0.3111,True,0.0104,False,3.8831,EVIDENCE_FRESHNESS_UNKNOWN|EVIDENCE_TIMESTAMP_IN_FUTURE,b2d83222fe4bab87f393b8e93c8a29f87ac2f8279ebd9de6ca63f25604bbf49f
case-00726,ff0001ac9a6240a73c7ba6ce0418ef4aa036c0de9cc509f3960068b8b161f838,CONTROLLED_TEST_MUTATION,unavailable_record,False,True,0.039,False,0.4322,True,0.0219,False,0.3193,True,0.0144,False,4.4659,EVIDENCE_LINEAGE_INCOMPLETE|EVIDENCE_UNAVAILABLE,b2d83222fe4bab87f393b8e93c8a29f87ac2f8279ebd9de6ca63f25604bbf49f
case-00727,6388d01c152cdca07d25bb64d7a51bcb774538b290cdbde7bc2d48439e23e4cd,CONTROLLED_TEST_MUTATION,wrong_context,False,True,0.0405,True,0.3495,True,0.0196,True,0.3509,True,0.0096,False,3.9044,EVIDENCE_CONTEXT_MISMATCH,b2d83222fe4bab87f393b8e93c8a29f87ac2f8279ebd9de6ca63f25604bbf49f
case-00728,4ad336adb7dc7140b62766d317ef4f746e83c76f32a7fa74bbeb1ee2d6d88ed9,CLEAN_TEST_FIXTURE,none,True,True,0.0414,True,0.3507,True,0.0191,True,0.3496,True,0.0109,True,3.9163,ALL_REQUIRED_EVIDENCE_TRUSTWORTHY,b2d83222fe4bab87f393b8e93c8a29f87ac2f8279ebd9de6ca63f25604bbf49f
case-00729,297fc20b0cee14be989a4c29af764bb2726b8e48d01e20c4102b0a48af6f53dc,CONTROLLED_TEST_MUTATION,missing_direct_role,False,False,0.0212,False,0.0149,True,0.0166,False,0.0277,True,0.0068,False,3.4598,REQUIRED_ROLE_MISSING,b2d83222fe4bab87f393b8e93c8a29f87ac2f8279ebd9de6ca63f25604bbf49f
case-00730,e213d19498cf731d77be1333a7c68ce083a314a398740cc15e12b0343c6dc353,CONTROLLED_TEST_MUTATION,snapshot_score_conflict,False,True,0.0416,True,0.3535,True,0.0187,True,0.351,True,0.0111,False,3.9271,EVIDENCE_SNAPSHOT_CONFLICT,b2d83222fe4bab87f393b8e93c8a29f87ac2f8279ebd9de6ca63f25604bbf49f
case-00731,933a2cb6483c08a62f66b0cf150cc9a9ca1cbb58f049d3a2cc6c0ee7fe0abc6e,CONTROLLED_TEST_MUTATION,role_conflict,False,True,0.0419,True,0.3701,True,0.0191,False,0.367,True,0.0082,False,4.91,EVIDENCE_ROLE_CONFLICT,b2d83222fe4bab87f393b8e93c8a29f87ac2f8279ebd9de6ca63f25604bbf49f
case-00732,c13d4bc961940f3f924f1b853f6c4a6a891a7f11fe13c90a272c66d24b38a901,CONTROLLED_TEST_MUTATION,unknown_source,False,True,0.0397,True,0.3513,True,0.0183,True,0.3477,True,0.0098,False,3.9155,EVIDENCE_ROLE_SOURCE_NOT_ALLOWED|EVIDENCE_SOURCE_ID_UNKNOWN|EVIDENCE_SOURCE_POLICY_MISSING,b2d83222fe4bab87f393b8e93c8a29f87ac2f8279ebd9de6ca63f25604bbf49f
case-00733,ecc9d6e0cdab1d2565efb4f67381342200ac93f29531a9bfbcb58f4ca2ad62c0,CONTROLLED_TEST_MUTATION,empty_payload,False,False,0.0413,False,0.0317,True,0.0146,False,0.0448,True,0.0068,False,5.8732,EVIDENCE_PAYLOAD_EMPTY|EVIDENCE_PAYLOAD_SCHEMA_INVALID|EVIDENCE_SNAPSHOT_CONFLICT,b2d83222fe4bab87f393b8e93c8a29f87ac2f8279ebd9de6ca63f25604bbf49f
case-00734,3809a4e2a35a29261ce2fb35d171c14d65822b2aa9690edebd396e5aae6ecbb7,CONTROLLED_TEST_MUTATION,payload_tamper_after_seal,False,True,0.0393,False,0.088,True,0.0178,False,0.0892,True,0.0091,False,3.906,CHECKSUM_INVALID|EVIDENCE_ROOT_INVALID|EVIDENCE_SNAPSHOT_CONFLICT|RECORD_ENVELOPE_INVALID,b2d83222fe4bab87f393b8e93c8a29f87ac2f8279ebd9de6ca63f25604bbf49f
case-00735,960df2d624639e0a17c1f92abcc9b70d140a2c7065df2b2c608fa1c12303196c,CLEAN_TEST_FIXTURE,none,True,True,0.0425,True,0.3649,True,0.0192,True,0.349,True,0.0111,True,3.9449,ALL_REQUIRED_EVIDENCE_TRUSTWORTHY,b2d83222fe4bab87f393b8e93c8a29f87ac2f8279ebd9de6ca63f25604bbf49f
case-00736,d208f179236b5710bffcb09943de8d7bdeeea91d69c7b31e790c1e554865f6a8,CONTROLLED_TEST_MUTATION,stale_live_observation,False,True,0.0385,False,0.3246,True,0.0183,False,0.3124,True,0.0102,False,3.9196,EVIDENCE_STALE,b2d83222fe4bab87f393b8e93c8a29f87ac2f8279ebd9de6ca63f25604bbf49f
case-00737,71674fcda3848f89adea225e3668182234b94362e758b3f855a2bd2cc7778cca,CONTROLLED_TEST_MUTATION,lineage_cycle,False,True,0.0402,True,0.3413,True,0.0181,True,0.3378,True,0.0104,False,3.8095,EVIDENCE_LINEAGE_INVALID,b2d83222fe4bab87f393b8e93c8a29f87ac2f8279ebd9de6ca63f25604bbf49f
case-00738,8972c420fd11a9a8aeed54bded8f9cfa26dbc4d7fe622358fd9251ccd7e930e3,CONTROLLED_TEST_MUTATION,missing_direct_role,False,False,0.0201,False,0.0145,True,0.0157,False,0.0266,True,0.0061,False,3.9286,REQUIRED_ROLE_MISSING,b2d83222fe4bab87f393b8e93c8a29f87ac2f8279ebd9de6ca63f25604bbf49f
case-00739,03c2c65241f99b315e0ec2b9dd94a073a220af8d726a7e30a9ffc87de43a920a,CONTROLLED_TEST_MUTATION,missing_direct_role,False,False,0.0213,False,0.0148,True,0.0164,False,0.0273,True,0.0065,False,3.4449,REQUIRED_ROLE_MISSING,b2d83222fe4bab87f393b8e93c8a29f87ac2f8279ebd9de6ca63f25604bbf49f
case-00740,3d6627e1087c5fbb9b00681139bd89046fa78b3cdfec4f9de97a56f87cc35733,CLEAN_TEST_FIXTURE,none,True,True,0.0403,True,0.356,True,0.0183,True,0.3509,True,0.0099,True,4.7082,ALL_REQUIRED_EVIDENCE_TRUSTWORTHY,b2d83222fe4bab87f393b8e93c8a29f87ac2f8279ebd9de6ca63f25604bbf49f
case-00741,6c32c16757d688ed778497821092cf0ec51d50f687e9c08d88c99df0ad145325,CONTROLLED_TEST_MUTATION,future_timestamp,False,True,0.0393,False,0.3175,True,0.0187,False,0.3061,True,0.0096,False,3.9116,EVIDENCE_FRESHNESS_UNKNOWN|EVIDENCE_TIMESTAMP_IN_FUTURE,b2d83222fe4bab87f393b8e93c8a29f87ac2f8279ebd9de6ca63f25604bbf49f
case-00742,0c699ea48ac063a9286830d15f7e2101c9cb77262ef16716ad440d981076112c,CONTROLLED_TEST_MUTATION,broken_lineage,False,True,0.0381,True,0.3384,True,0.0175,True,0.3363,True,0.0094,False,4.692,EVIDENCE_LINEAGE_INVALID,b2d83222fe4bab87f393b8e93c8a29f87ac2f8279ebd9de6ca63f25604bbf49f
case-00743,44ba371502fca683676f8320745b6e6725039217deb4d58a59d467ca324feebe,CONTROLLED_TEST_MUTATION,incomplete_payload,False,True,0.0392,False,0.1697,True,0.0177,False,0.1686,True,0.0094,False,3.8501,EVIDENCE_PAYLOAD_INCOMPLETE,b2d83222fe4bab87f393b8e93c8a29f87ac2f8279ebd9de6ca63f25604bbf49f
case-00744,bb5b97a29987b5ab7e8c049313ecf858e259bed9d79a52d147b83ffc53e6bebb,CONTROLLED_TEST_MUTATION,missing_lineage,False,True,0.0426,True,0.3555,True,0.0183,True,0.3407,True,0.0116,False,3.7373,EVIDENCE_LINEAGE_INCOMPLETE,b2d83222fe4bab87f393b8e93c8a29f87ac2f8279ebd9de6ca63f25604bbf49f
case-00745,f49001f9355c683d141bbb201873675a6ade24d4ed90759121b6d46f465677ae,CLEAN_TEST_FIXTURE,none,True,True,0.041,True,0.3532,True,0.0185,True,0.346,True,0.0111,True,3.9283,ALL_REQUIRED_EVIDENCE_TRUSTWORTHY,b2d83222fe4bab87f393b8e93c8a29f87ac2f8279ebd9de6ca63f25604bbf49f
case-00746,6bc39e4a239b997c13bac64413ff4aa3890148c5a60992b394e8645ca6f25cb1,CONTROLLED_TEST_MUTATION,lineage_cycle,False,True,0.0407,True,0.3467,True,0.0183,True,0.3427,True,0.0103,False,3.8286,EVIDENCE_LINEAGE_INVALID,b2d83222fe4bab87f393b8e93c8a29f87ac2f8279ebd9de6ca63f25604bbf49f
case-00747,a8cc3a7a46b8c3963775ff9e491360963397d227a95ca5225b72078aed48cd71,CLEAN_TEST_FIXTURE,none,True,True,0.039,True,0.3552,True,0.0188,True,0.3501,True,0.0123,True,5.0393,ALL_REQUIRED_EVIDENCE_TRUSTWORTHY,b2d83222fe4bab87f393b8e93c8a29f87ac2f8279ebd9de6ca63f25604bbf49f
case-00748,16f4547ecc89b243727b92e13b4f0373b3bfa7f7e4a351461cb8a5173ef61b90,CONTROLLED_TEST_MUTATION,broken_lineage,False,True,0.0434,True,0.3657,True,0.0193,True,0.3493,True,0.0122,False,4.0424,EVIDENCE_LINEAGE_INVALID,b2d83222fe4bab87f393b8e93c8a29f87ac2f8279ebd9de6ca63f25604bbf49f
case-00749,29f622f3236e491ce53a35f755f1647b5054c3f866a8e1df42120e91263d86af,CLEAN_TEST_FIXTURE,none,True,True,0.0411,True,0.3442,True,0.0183,True,0.3369,True,0.0121,True,4.618,ALL_REQUIRED_EVIDENCE_TRUSTWORTHY,b2d83222fe4bab87f393b8e93c8a29f87ac2f8279ebd9de6ca63f25604bbf49f
case-00750,f1707124770fa6418d244bf13f8d84144246880cb3a51e9c13f717798b5c8273,CONTROLLED_TEST_MUTATION,snapshot_score_conflict,False,True,0.0464,True,0.3697,True,0.0201,True,0.3475,True,0.0158,False,4.0965,EVIDENCE_SNAPSHOT_CONFLICT,b2d83222fe4bab87f393b8e93c8a29f87ac2f8279ebd9de6ca63f25604bbf49f
case-00751,4b5a5d6de125914666567a2fbaf3af378086aa5e134a27cae4243eb0a3893755,CONTROLLED_TEST_MUTATION,snapshot_score_conflict,False,True,0.0427,True,0.3631,True,0.0191,True,0.3521,True,0.0125,False,3.9478,EVIDENCE_SNAPSHOT_CONFLICT,b2d83222fe4bab87f393b8e93c8a29f87ac2f8279ebd9de6ca63f25604bbf49f
case-00752,58275d3bacf21416992481b6b5582a739ecbc934a266705c3f8a1db3454fa094,CONTROLLED_TEST_MUTATION,payload_tamper_after_seal,False,True,0.0415,False,0.0912,True,0.0181,False,0.0953,True,0.009,False,4.371,CHECKSUM_INVALID|EVIDENCE_ROOT_INVALID|EVIDENCE_SNAPSHOT_CONFLICT|RECORD_ENVELOPE_INVALID,b2d83222fe4bab87f393b8e93c8a29f87ac2f8279ebd9de6ca63f25604bbf49f
case-00753,d4ccb0bc09a6d02721212d11a32107e04ada315f21756ce2bef0cd0574a1808f,CONTROLLED_TEST_MUTATION,empty_payload,False,False,0.0549,False,0.0318,True,0.0163,False,0.0454,True,0.0086,False,4.0337,EVIDENCE_PAYLOAD_EMPTY|EVIDENCE_PAYLOAD_SCHEMA_INVALID|EVIDENCE_SNAPSHOT_CONFLICT,b2d83222fe4bab87f393b8e93c8a29f87ac2f8279ebd9de6ca63f25604bbf49f
case-00754,6083202f13fe1ea4e059ec703e37f3e0342ab1496bb107ecf8b612f0a03792c2,CLEAN_TEST_FIXTURE,none,True,True,0.0406,True,0.3488,True,0.0183,True,0.3465,True,0.0109,True,5.0398,ALL_REQUIRED_EVIDENCE_TRUSTWORTHY,b2d83222fe4bab87f393b8e93c8a29f87ac2f8279ebd9de6ca63f25604bbf49f
case-00755,46ee64ee335fa35a241c6059ac0b541666d06e99247b6ccbeee58733282a7f15,CONTROLLED_TEST_MUTATION,missing_lineage,False,True,0.041,True,0.3513,True,0.0185,True,0.3453,True,0.0101,False,3.8643,EVIDENCE_LINEAGE_INCOMPLETE,b2d83222fe4bab87f393b8e93c8a29f87ac2f8279ebd9de6ca63f25604bbf49f
case-00756,d524118bede587d41924d3a89803f36ad2194f4071ec1379a9193e8a2ff3e6cf,CLEAN_TEST_FIXTURE,none,True,True,0.0402,True,1.1357,True,0.0291,True,0.4012,True,0.0129,True,3.9719,ALL_REQUIRED_EVIDENCE_TRUSTWORTHY,b2d83222fe4bab87f393b8e93c8a29f87ac2f8279ebd9de6ca63f25604bbf49f
case-00757,a669b93f78bc80432ea222534ed69fc1cb0fb4bdbcc9fb2f6e3f58b536c56114,CLEAN_TEST_FIXTURE,none,True,True,0.0399,True,0.3436,True,0.0181,True,0.3403,True,0.0111,True,3.8255,ALL_REQUIRED_EVIDENCE_TRUSTWORTHY,b2d83222fe4bab87f393b8e93c8a29f87ac2f8279ebd9de6ca63f25604bbf49f
case-00758,7c5f4a84f4b2564f67b537a0852da76e1be9852ca07883250669d261c7b27dce,CONTROLLED_TEST_MUTATION,stale_live_observation,False,True,0.0414,False,0.3276,True,0.0192,False,0.3129,True,0.0118,False,3.9593,EVIDENCE_STALE,b2d83222fe4bab87f393b8e93c8a29f87ac2f8279ebd9de6ca63f25604bbf49f
case-00759,0379918e912fdd5ee291cce99a405155ccaa4922e0f70fe621a910f6e2dc9d1d,CONTROLLED_TEST_MUTATION,excluded_ancestor,False,True,0.039,True,0.3493,True,0.0181,False,0.3484,True,0.0074,False,4.1981,REQUIRED_INPUT_EXCLUDED,b2d83222fe4bab87f393b8e93c8a29f87ac2f8279ebd9de6ca63f25604bbf49f
case-00760,9704656f6a6dd4a1d8fc5d69d8bf610771eab70fe0979742d6be2867fd6fae5f,CONTROLLED_TEST_MUTATION,stale_live_observation,False,True,0.0409,False,0.3215,True,0.0187,False,0.3175,True,0.0107,False,3.9106,EVIDENCE_STALE,b2d83222fe4bab87f393b8e93c8a29f87ac2f8279ebd9de6ca63f25604bbf49f
case-00761,5f037f466dc00b40f229f50a2592de6045426a1759e598df171cd968e189dd8d,CONTROLLED_TEST_MUTATION,missing_direct_role,False,False,0.0209,False,0.0154,True,0.0164,False,0.0277,True,0.0065,False,4.1164,REQUIRED_ROLE_MISSING,b2d83222fe4bab87f393b8e93c8a29f87ac2f8279ebd9de6ca63f25604bbf49f
case-00762,503b643297bf4c34a58d32b5a858a93e91cd29c36ed9f1aae6f35f50a3ff1f12,CONTROLLED_TEST_MUTATION,role_conflict,False,True,0.044,True,0.377,True,0.0199,False,0.3714,True,0.0081,False,4.2915,EVIDENCE_ROLE_CONFLICT,b2d83222fe4bab87f393b8e93c8a29f87ac2f8279ebd9de6ca63f25604bbf49f
case-00763,e9b99049862710baff76097ca222ffb8e22a9c54ec6dc737c3ba9b906d0968b7,CONTROLLED_TEST_MUTATION,stale_live_observation,False,True,0.0405,False,0.3251,True,0.0192,False,0.3114,True,0.0099,False,4.8019,EVIDENCE_STALE,b2d83222fe4bab87f393b8e93c8a29f87ac2f8279ebd9de6ca63f25604bbf49f
case-00764,99774423199da8b842b6d72ebb7dada1a584b944899ede4ebe790acbcdf28d52,CONTROLLED_TEST_MUTATION,malformed_payload,False,True,0.04,True,0.3407,True,0.0186,True,0.3397,True,0.0096,False,3.8709,EVIDENCE_PAYLOAD_SCHEMA_INVALID|EVIDENCE_SNAPSHOT_CONFLICT,b2d83222fe4bab87f393b8e93c8a29f87ac2f8279ebd9de6ca63f25604bbf49f
case-00765,c3c24f7e2c2bf59c957dc1853131f844b31c2666ba36d3037c3f06f6aaa46295,CONTROLLED_TEST_MUTATION,snapshot_score_conflict,False,True,0.0423,True,0.3601,True,0.0188,True,0.3514,True,0.0114,False,3.9341,EVIDENCE_SNAPSHOT_CONFLICT,b2d83222fe4bab87f393b8e93c8a29f87ac2f8279ebd9de6ca63f25604bbf49f
case-00766,5bead60063df54bec918aa0b760bb09a9d1cb06a94131078be9b334249e732dc,CONTROLLED_TEST_MUTATION,missing_direct_role,False,False,0.0202,False,0.0149,True,0.0162,False,0.0273,True,0.0067,False,3.4098,REQUIRED_ROLE_MISSING,b2d83222fe4bab87f393b8e93c8a29f87ac2f8279ebd9de6ca63f25604bbf49f
case-00767,25edf7d2a09c2b701efc8301e1578615e888f461dcdffa8e6d4219c91ca79548,CONTROLLED_TEST_MUTATION,broken_lineage,False,True,0.0418,True,0.3523,True,0.0186,True,0.3471,True,0.0131,False,3.8987,EVIDENCE_LINEAGE_INVALID,b2d83222fe4bab87f393b8e93c8a29f87ac2f8279ebd9de6ca63f25604bbf49f
case-00768,3c9f2b9f244c321446822308413b3553699f441733ac261e9cee65f69482f8a8,CONTROLLED_TEST_MUTATION,expired_import,False,True,0.0391,False,0.2955,True,0.0183,False,0.2873,True,0.0092,False,4.5718,EVIDENCE_STALE,b2d83222fe4bab87f393b8e93c8a29f87ac2f8279ebd9de6ca63f25604bbf49f
case-00769,bb06ed5cf80b41ba14854dc09895961316cdbe47e0d2720ed553a8a6c442f6e1,CONTROLLED_TEST_MUTATION,excluded_ancestor,False,True,0.041,True,0.3534,True,0.019,False,0.3491,True,0.0077,False,3.9161,REQUIRED_INPUT_EXCLUDED,b2d83222fe4bab87f393b8e93c8a29f87ac2f8279ebd9de6ca63f25604bbf49f
case-00770,1d51cf88aef86d0857437b5b31197ae08bcd3ea8141b5e86372f465612430f76,CONTROLLED_TEST_MUTATION,excluded_ancestor,False,True,0.039,True,0.3469,True,0.0182,False,0.3439,True,0.0074,False,4.8735,REQUIRED_INPUT_EXCLUDED,b2d83222fe4bab87f393b8e93c8a29f87ac2f8279ebd9de6ca63f25604bbf49f
case-00771,50a3bbcae9016c8435fb7b7f1344b3974af76af267a37ead6f8d28f21204e3e9,CONTROLLED_TEST_MUTATION,source_type_impersonation,False,True,0.0396,True,0.3489,True,0.018,True,0.3477,True,0.0092,False,3.8976,EVIDENCE_ROLE_SOURCE_NOT_ALLOWED|OPERATOR_EVIDENCE_UNVERIFIED,b2d83222fe4bab87f393b8e93c8a29f87ac2f8279ebd9de6ca63f25604bbf49f
case-00772,1cd66ef1547ceac5f572597b54dbe6138dad60bd58cae576568cdc228ee54a4b,CLEAN_TEST_FIXTURE,none,True,True,0.0526,True,0.3883,True,0.0203,True,0.3629,True,0.0141,True,4.2787,ALL_REQUIRED_EVIDENCE_TRUSTWORTHY,b2d83222fe4bab87f393b8e93c8a29f87ac2f8279ebd9de6ca63f25604bbf49f
case-00773,68c002a144f4714db69930af9a6baa803b6edc300b600ca7822bdcee36cbfa93,CONTROLLED_TEST_MUTATION,broken_lineage,False,True,0.041,True,0.3711,True,0.0187,True,0.376,True,0.0093,False,4.2573,EVIDENCE_LINEAGE_INVALID,b2d83222fe4bab87f393b8e93c8a29f87ac2f8279ebd9de6ca63f25604bbf49f
case-00774,4cb66f7fe3516c43c231282560a5fa2499c249f3442bfed05084dbbfa742449c,CONTROLLED_TEST_MUTATION,excluded_ancestor,False,True,0.0412,True,0.3815,True,0.0192,False,0.3824,True,0.0078,False,4.2821,REQUIRED_INPUT_EXCLUDED,b2d83222fe4bab87f393b8e93c8a29f87ac2f8279ebd9de6ca63f25604bbf49f
case-00775,1284af59f100b08e01b237b9aa3d6363a870302a7df67b871bcc8699398c695f,CONTROLLED_TEST_MUTATION,empty_payload,False,False,0.041,False,0.0318,True,0.0145,False,0.0446,True,0.0069,False,4.8056,EVIDENCE_PAYLOAD_EMPTY|EVIDENCE_PAYLOAD_SCHEMA_INVALID|EVIDENCE_SNAPSHOT_CONFLICT,b2d83222fe4bab87f393b8e93c8a29f87ac2f8279ebd9de6ca63f25604bbf49f
case-00776,c888ce8a4f4dc406f82a6a9cc0b6640f76d83282548874077f9dd4a31c197f24,CONTROLLED_TEST_MUTATION,snapshot_score_conflict,False,True,0.0449,True,0.3562,True,0.0188,True,0.3481,True,0.0128,False,3.9903,EVIDENCE_SNAPSHOT_CONFLICT,b2d83222fe4bab87f393b8e93c8a29f87ac2f8279ebd9de6ca63f25604bbf49f
case-00777,424aed7c1f1c48f32a4171141530992600f264bddd685b9154d8b13c6a73a563,CONTROLLED_TEST_MUTATION,payload_tamper_after_seal,False,True,0.0531,False,0.1193,True,0.0195,False,0.0935,True,0.0145,False,4.1781,CHECKSUM_INVALID|EVIDENCE_ROOT_INVALID|EVIDENCE_SNAPSHOT_CONFLICT|RECORD_ENVELOPE_INVALID,b2d83222fe4bab87f393b8e93c8a29f87ac2f8279ebd9de6ca63f25604bbf49f
case-00778,0e0b92afe6b14d6aa1fc075a07c0d917685a6a6823c8dd3a7c4f35ca9a9f7939,CONTROLLED_TEST_MUTATION,future_timestamp,False,True,0.0483,False,0.3417,True,0.0216,False,0.3152,True,0.014,False,3.9921,EVIDENCE_FRESHNESS_UNKNOWN|EVIDENCE_TIMESTAMP_IN_FUTURE,b2d83222fe4bab87f393b8e93c8a29f87ac2f8279ebd9de6ca63f25604bbf49f
case-00779,7ef2c158e5823cd92f89b1149be2bb1ebd7f9f7d86ea6a34a062f1adbfa13e59,CLEAN_TEST_FIXTURE,none,True,True,0.0423,True,0.3595,True,0.019,True,0.3503,True,0.0114,True,3.9084,ALL_REQUIRED_EVIDENCE_TRUSTWORTHY,b2d83222fe4bab87f393b8e93c8a29f87ac2f8279ebd9de6ca63f25604bbf49f
case-00780,ec0ae9bac84d821c387a3d17f1334b76fb361e28fec7582c105a0d2044fb8381,CONTROLLED_TEST_MUTATION,broken_lineage,False,True,0.0397,True,0.3436,True,0.0179,True,0.3449,True,0.0091,False,4.7202,EVIDENCE_LINEAGE_INVALID,b2d83222fe4bab87f393b8e93c8a29f87ac2f8279ebd9de6ca63f25604bbf49f
case-00781,89a5fffcd6cecb138f397fbaa687407e50da0d6287812134320eccb693c6c09e,CONTROLLED_TEST_MUTATION,unavailable_record,False,True,0.0401,False,0.3244,True,0.0187,False,0.315,True,0.0103,False,3.907,EVIDENCE_LINEAGE_INCOMPLETE|EVIDENCE_UNAVAILABLE,b2d83222fe4bab87f393b8e93c8a29f87ac2f8279ebd9de6ca63f25604bbf49f
case-00782,7beeca8d7f596cb711cf7e89a7a15dd349d995b30fd7c0c2fd76ac9dd100b25e,CLEAN_TEST_FIXTURE,none,True,True,0.0393,True,0.3429,True,0.0183,True,0.342,True,0.0101,True,4.6964,ALL_REQUIRED_EVIDENCE_TRUSTWORTHY,b2d83222fe4bab87f393b8e93c8a29f87ac2f8279ebd9de6ca63f25604bbf49f
case-00783,71c6c453e6fac184d63a149ff4afb7443069aa93387a90a89e4621d426c02c5c,CLEAN_TEST_FIXTURE,none,True,True,0.0396,True,0.3488,True,0.0186,True,0.3486,True,0.0107,True,3.9,ALL_REQUIRED_EVIDENCE_TRUSTWORTHY,b2d83222fe4bab87f393b8e93c8a29f87ac2f8279ebd9de6ca63f25604bbf49f
case-00784,47032402a8ddd2620ed662d8d20241fe0c538dd4831292925dba0d96cb87050e,CONTROLLED_TEST_MUTATION,payload_tamper_after_seal,False,True,0.0492,False,0.1056,True,0.018,False,0.0915,True,0.0113,False,3.9531,CHECKSUM_INVALID|EVIDENCE_ROOT_INVALID|EVIDENCE_SNAPSHOT_CONFLICT|RECORD_ENVELOPE_INVALID,b2d83222fe4bab87f393b8e93c8a29f87ac2f8279ebd9de6ca63f25604bbf49f
case-00785,0151d7a98561c38b85af0d317cd72bbe82d0bbe25651484d0c97db37b7b710a9,CONTROLLED_TEST_MUTATION,expired_import,False,True,0.0392,False,0.289,True,0.0179,False,0.2812,True,0.0096,False,3.8947,EVIDENCE_STALE,b2d83222fe4bab87f393b8e93c8a29f87ac2f8279ebd9de6ca63f25604bbf49f
case-00786,7ac42d6253193088697df38d11274a7266d5a06dfc3ec5e8b4cbab16c177a0b8,CONTROLLED_TEST_MUTATION,missing_lineage,False,True,0.0415,True,0.3565,True,0.0193,True,0.3495,True,0.0108,False,3.8367,EVIDENCE_LINEAGE_INCOMPLETE,b2d83222fe4bab87f393b8e93c8a29f87ac2f8279ebd9de6ca63f25604bbf49f
case-00787,8106843599694940e237a65adef470403a86380c4c31add5fddef396c8aeaf1c,CONTROLLED_TEST_MUTATION,excluded_ancestor,False,True,0.0382,True,0.3437,True,0.0181,False,0.3483,True,0.0072,False,4.0177,REQUIRED_INPUT_EXCLUDED,b2d83222fe4bab87f393b8e93c8a29f87ac2f8279ebd9de6ca63f25604bbf49f
case-00788,75321de8b4b65e0706db25d0dbaa11271a153bc945f706c6c0c280b9a2eea76e,CONTROLLED_TEST_MUTATION,root_signature_tamper_after_seal,False,True,0.0401,True,0.3477,True,0.0181,True,0.3457,True,0.0104,False,3.8703,EVIDENCE_ROOT_INVALID,b2d83222fe4bab87f393b8e93c8a29f87ac2f8279ebd9de6ca63f25604bbf49f
case-00789,7dfdd03981cd1ef3ab1a081e691aab34595f69f826452b2e7daea64f195b0b8f,CONTROLLED_TEST_MUTATION,source_type_impersonation,False,True,0.0394,True,0.3358,True,0.0178,True,0.3348,True,0.0092,False,4.6419,EVIDENCE_ROLE_SOURCE_NOT_ALLOWED|OPERATOR_EVIDENCE_UNVERIFIED,b2d83222fe4bab87f393b8e93c8a29f87ac2f8279ebd9de6ca63f25604bbf49f
case-00790,d5a82e9246858e5d7d89a00f03009dbceda39e26bb4872929ca40a1374e16b52,CONTROLLED_TEST_MUTATION,excluded_ancestor,False,True,0.0392,True,0.3531,True,0.0184,False,0.3477,True,0.0071,False,3.9284,REQUIRED_INPUT_EXCLUDED,b2d83222fe4bab87f393b8e93c8a29f87ac2f8279ebd9de6ca63f25604bbf49f
case-00791,3bb513976caca5255b35d22ec869778c1229c2e620defdf9ee8ef7aa815e2430,CONTROLLED_TEST_MUTATION,malformed_payload,False,True,0.0952,True,0.4587,True,0.0188,True,0.6222,True,0.0145,False,4.4181,EVIDENCE_PAYLOAD_SCHEMA_INVALID|EVIDENCE_SNAPSHOT_CONFLICT,b2d83222fe4bab87f393b8e93c8a29f87ac2f8279ebd9de6ca63f25604bbf49f
case-00792,1f9b916e91ac5e3f3f13539a8102e2e4197aa125ac2e5dd619afca4fdaacdb7a,CONTROLLED_TEST_MUTATION,missing_direct_role,False,False,0.0194,False,0.0138,True,0.0151,False,0.0253,True,0.006,False,3.1597,REQUIRED_ROLE_MISSING,b2d83222fe4bab87f393b8e93c8a29f87ac2f8279ebd9de6ca63f25604bbf49f
case-00793,efeed770653e9c3287f39ae00dbd7855be104c42a0debbf275a83d9b27669bd7,CONTROLLED_TEST_MUTATION,lineage_cycle,False,True,0.0352,True,0.4452,True,0.0186,True,0.5716,True,0.0138,False,4.5001,EVIDENCE_LINEAGE_INVALID,b2d83222fe4bab87f393b8e93c8a29f87ac2f8279ebd9de6ca63f25604bbf49f
case-00794,ed3a94ede1c29e6cd60ced8351441b407491b7d669e92391e430b6e27543c131,CONTROLLED_TEST_MUTATION,broken_lineage,False,True,0.0381,True,0.3605,True,0.018,True,0.3344,True,0.0089,False,3.8871,EVIDENCE_LINEAGE_INVALID,b2d83222fe4bab87f393b8e93c8a29f87ac2f8279ebd9de6ca63f25604bbf49f
case-00795,d2520a97d08a2a92190bb52e7052a060278d1e8b63144455288761df88368d20,CONTROLLED_TEST_MUTATION,unavailable_record,False,True,0.0393,False,0.2989,True,0.0175,False,0.2851,True,0.0113,False,3.6894,EVIDENCE_LINEAGE_INCOMPLETE|EVIDENCE_UNAVAILABLE,b2d83222fe4bab87f393b8e93c8a29f87ac2f8279ebd9de6ca63f25604bbf49f
case-00796,c8248ddbbdf966df54584decdfbbf5de33513e2d0743aea858c0d5cc10b22a03,CONTROLLED_TEST_MUTATION,malformed_payload,False,True,0.0366,True,0.3836,True,0.0168,True,0.31,True,0.0084,False,3.6541,EVIDENCE_PAYLOAD_SCHEMA_INVALID|EVIDENCE_SNAPSHOT_CONFLICT,b2d83222fe4bab87f393b8e93c8a29f87ac2f8279ebd9de6ca63f25604bbf49f
case-00797,119cb83f6584a89ecffc05aeeffc6b34d598aec35bd59c4cf5905d742483a3f4,CONTROLLED_TEST_MUTATION,incomplete_payload,False,True,0.0403,False,0.1633,True,0.0179,False,0.1552,True,0.0107,False,3.8226,EVIDENCE_PAYLOAD_INCOMPLETE,b2d83222fe4bab87f393b8e93c8a29f87ac2f8279ebd9de6ca63f25604bbf49f
case-00798,c645b99e93b2df27a01258e0dde5d65a2ecea0b1c0ea097f2df30897f4fbae3e,CONTROLLED_TEST_MUTATION,missing_lineage,False,True,0.0512,True,0.3908,True,0.0206,True,0.3859,True,0.0108,False,3.7231,EVIDENCE_LINEAGE_INCOMPLETE,b2d83222fe4bab87f393b8e93c8a29f87ac2f8279ebd9de6ca63f25604bbf49f
case-00799,b7d4ca9f852e28f2f53dc8410286d51b2955fc1ae0991e24d0cbf04a79a0ff73,CLEAN_TEST_FIXTURE,none,True,True,0.0403,True,0.3513,True,0.0183,True,0.3477,True,0.0107,True,3.8832,ALL_REQUIRED_EVIDENCE_TRUSTWORTHY,b2d83222fe4bab87f393b8e93c8a29f87ac2f8279ebd9de6ca63f25604bbf49f
case-00800,26ba9aedc97ea44b80ed2594bdb54afa8fd106246a22d299575e1fddf6a32b88,CONTROLLED_TEST_MUTATION,role_conflict,False,True,0.0426,True,0.373,True,0.0191,False,0.3686,True,0.0082,False,4.9803,EVIDENCE_ROLE_CONFLICT,b2d83222fe4bab87f393b8e93c8a29f87ac2f8279ebd9de6ca63f25604bbf49f
case-00801,42b5dd3f4e3556a190a8feb7332bb4261a43f5f9c0f6565cc8bd154fb8057c4f,CONTROLLED_TEST_MUTATION,future_timestamp,False,True,0.0364,False,0.2938,True,0.0173,False,0.2844,True,0.0096,False,3.5654,EVIDENCE_FRESHNESS_UNKNOWN|EVIDENCE_TIMESTAMP_IN_FUTURE,b2d83222fe4bab87f393b8e93c8a29f87ac2f8279ebd9de6ca63f25604bbf49f
case-00802,dea0f9839a5c8084f25d8c6c499eb0eb9b50a405609b60c5cf69d031050a45d2,CLEAN_TEST_FIXTURE,none,True,True,0.0346,True,0.4441,True,0.0179,True,0.5939,True,0.0146,True,4.4161,ALL_REQUIRED_EVIDENCE_TRUSTWORTHY,b2d83222fe4bab87f393b8e93c8a29f87ac2f8279ebd9de6ca63f25604bbf49f
case-00803,9a174f641f042eaf23c8ff7490d3842acf9761443b1062d03e8f2d8bb20298e2,CONTROLLED_TEST_MUTATION,expired_import,False,True,0.0392,False,0.2895,True,0.018,False,0.2843,True,0.0097,False,3.8885,EVIDENCE_STALE,b2d83222fe4bab87f393b8e93c8a29f87ac2f8279ebd9de6ca63f25604bbf49f
case-00804,0809747c5f2879a53b29af71c77d2d92f554890cbce60cef3e6f16286f2d03dd,CONTROLLED_TEST_MUTATION,unknown_source,False,True,0.0394,True,0.3289,True,0.0172,True,0.3165,True,0.0106,False,3.5756,EVIDENCE_ROLE_SOURCE_NOT_ALLOWED|EVIDENCE_SOURCE_ID_UNKNOWN|EVIDENCE_SOURCE_POLICY_MISSING,b2d83222fe4bab87f393b8e93c8a29f87ac2f8279ebd9de6ca63f25604bbf49f
case-00805,9a86fcede8bfe139f7bef132b0ec066e7acb8f7d8928110313c2565dca03e358,CONTROLLED_TEST_MUTATION,unavailable_record,False,True,0.0354,False,0.2906,True,0.0168,False,0.2829,True,0.0088,False,3.5363,EVIDENCE_LINEAGE_INCOMPLETE|EVIDENCE_UNAVAILABLE,b2d83222fe4bab87f393b8e93c8a29f87ac2f8279ebd9de6ca63f25604bbf49f
case-00806,3f36f46baebe891ea8ae1625d32e70ea18273a5eda2351ec903e50e8956e49e0,CONTROLLED_TEST_MUTATION,stale_live_observation,False,True,0.04,False,0.3142,True,0.0185,False,0.302,True,0.0112,False,3.7853,EVIDENCE_STALE,b2d83222fe4bab87f393b8e93c8a29f87ac2f8279ebd9de6ca63f25604bbf49f
case-00807,9d8d058000ebd3b2b2e7c8d63a9a699db4d425ffb287f84437f9d43b6758cdfb,CONTROLLED_TEST_MUTATION,empty_payload,False,False,0.0395,False,0.0312,True,0.0143,False,0.0435,True,0.0067,False,3.7263,EVIDENCE_PAYLOAD_EMPTY|EVIDENCE_PAYLOAD_SCHEMA_INVALID|EVIDENCE_SNAPSHOT_CONFLICT,b2d83222fe4bab87f393b8e93c8a29f87ac2f8279ebd9de6ca63f25604bbf49f
case-00808,404c8101633cc74370aab92702b88e5a0ab7ec69cc78e1bca05ab24bd39148b9,CONTROLLED_TEST_MUTATION,future_timestamp,False,True,0.0417,False,0.3195,True,0.0186,False,0.312,True,0.0116,False,3.9174,EVIDENCE_FRESHNESS_UNKNOWN|EVIDENCE_TIMESTAMP_IN_FUTURE,b2d83222fe4bab87f393b8e93c8a29f87ac2f8279ebd9de6ca63f25604bbf49f
case-00809,9c09b2293a49952198cbcf66e10d749060018782a9ec53b70d32610f0964a13d,CONTROLLED_TEST_MUTATION,missing_lineage,False,True,0.0387,True,0.3504,True,0.0186,True,0.3503,True,0.0093,False,4.8228,EVIDENCE_LINEAGE_INCOMPLETE,b2d83222fe4bab87f393b8e93c8a29f87ac2f8279ebd9de6ca63f25604bbf49f
case-00810,201710969e5d891a7500c94cb0ac368776bd68acb24f711fcee05dcbce079235,CONTROLLED_TEST_MUTATION,unknown_source,False,True,0.039,True,0.3387,True,0.0178,True,0.3376,True,0.0093,False,3.7667,EVIDENCE_ROLE_SOURCE_NOT_ALLOWED|EVIDENCE_SOURCE_ID_UNKNOWN|EVIDENCE_SOURCE_POLICY_MISSING,b2d83222fe4bab87f393b8e93c8a29f87ac2f8279ebd9de6ca63f25604bbf49f
case-00811,337d7d8de0a57ce470ad9a19c2e0462d9538cbed0ea6e7ebb1adc6e492626fe1,CONTROLLED_TEST_MUTATION,root_signature_tamper_after_seal,False,True,0.0387,True,0.3406,True,0.0185,True,0.3388,True,0.0104,False,4.6572,EVIDENCE_ROOT_INVALID,b2d83222fe4bab87f393b8e93c8a29f87ac2f8279ebd9de6ca63f25604bbf49f
case-00812,722fd7bd678c30d5be53fc0de48dfa6bc5bb0077c8615a87aa8059a98d9e39dc,CONTROLLED_TEST_MUTATION,unavailable_record,False,True,0.038,False,0.3082,True,0.0182,False,0.2978,True,0.0094,False,3.7536,EVIDENCE_LINEAGE_INCOMPLETE|EVIDENCE_UNAVAILABLE,b2d83222fe4bab87f393b8e93c8a29f87ac2f8279ebd9de6ca63f25604bbf49f
case-00813,5b7d768a87ef1d3b0a4c9c5d574f1fefdf10728d07644b712c4c93dd98fecc40,CONTROLLED_TEST_MUTATION,wrong_context,False,True,0.0447,True,0.3604,True,0.0187,True,0.5884,True,0.0952,False,4.3087,EVIDENCE_CONTEXT_MISMATCH,b2d83222fe4bab87f393b8e93c8a29f87ac2f8279ebd9de6ca63f25604bbf49f
case-00814,0a195108a1de1b0c2fa362060eb6f9fa6d70167fd526e61a11074a1a71bf7e41,CONTROLLED_TEST_MUTATION,stale_live_observation,False,True,0.041,False,0.3296,True,0.0188,False,0.3122,True,0.0121,False,3.997,EVIDENCE_STALE,b2d83222fe4bab87f393b8e93c8a29f87ac2f8279ebd9de6ca63f25604bbf49f
case-00815,67f9fde4ac5a2349819a7a21899de9b074612c3f7853f2723b134cc42d682e6b,CONTROLLED_TEST_MUTATION,unavailable_record,False,True,0.0443,False,0.3509,True,0.0245,False,0.3402,True,0.0138,False,4.3064,EVIDENCE_LINEAGE_INCOMPLETE|EVIDENCE_UNAVAILABLE,b2d83222fe4bab87f393b8e93c8a29f87ac2f8279ebd9de6ca63f25604bbf49f
case-00816,e42c78c78cc909454095eaa99665cd8dc9dbbb6571a4999f23589683a14acf40,CLEAN_TEST_FIXTURE,none,True,True,0.0439,True,0.365,True,0.0212,True,0.3585,True,0.0147,True,4.6044,ALL_REQUIRED_EVIDENCE_TRUSTWORTHY,b2d83222fe4bab87f393b8e93c8a29f87ac2f8279ebd9de6ca63f25604bbf49f
case-00817,672966cec77193c96bb3eb434c7d585dc02c0b1baba083cca448ade0a6981b89,CONTROLLED_TEST_MUTATION,excluded_ancestor,False,True,0.0439,True,0.3593,True,0.0192,False,0.3611,True,0.0088,False,4.1887,REQUIRED_INPUT_EXCLUDED,b2d83222fe4bab87f393b8e93c8a29f87ac2f8279ebd9de6ca63f25604bbf49f
case-00818,f4ab109c1d672ab03dc2fa7dcde34c256bc869c8bf7e8eae29c6d5c7e5d95fb5,CONTROLLED_TEST_MUTATION,lineage_cycle,False,True,0.0422,True,0.3598,True,0.0187,True,0.3459,True,0.011,False,4.6371,EVIDENCE_LINEAGE_INVALID,b2d83222fe4bab87f393b8e93c8a29f87ac2f8279ebd9de6ca63f25604bbf49f
case-00819,a9dd0e8e652271ac9adc8ca43df44d23f3299001831b1e9c768501c338efb482,CONTROLLED_TEST_MUTATION,stale_live_observation,False,True,0.0394,False,0.3216,True,0.0198,False,0.3112,True,0.0101,False,3.9413,EVIDENCE_STALE,b2d83222fe4bab87f393b8e93c8a29f87ac2f8279ebd9de6ca63f25604bbf49f
case-00820,719170db5e91821613e28f88756561fab4927eeec0dd961282645134fa768e10,CONTROLLED_TEST_MUTATION,lineage_cycle,False,True,0.0452,True,0.3758,True,0.019,True,0.3506,True,0.0121,False,5.2305,EVIDENCE_LINEAGE_INVALID,b2d83222fe4bab87f393b8e93c8a29f87ac2f8279ebd9de6ca63f25604bbf49f
case-00821,981bc73278698a2b4237a37377469b4ad890ae1602a7e3abc4a49ac096c6fdd0,CONTROLLED_TEST_MUTATION,unavailable_record,False,True,0.04,False,0.3202,True,0.0192,False,0.3135,True,0.0123,False,4.2799,EVIDENCE_LINEAGE_INCOMPLETE|EVIDENCE_UNAVAILABLE,b2d83222fe4bab87f393b8e93c8a29f87ac2f8279ebd9de6ca63f25604bbf49f
case-00822,405bc5ed1319bea21b620ae97a0cc763cc875faebe21d45341c133032a01c0ba,CONTROLLED_TEST_MUTATION,broken_lineage,False,True,0.0421,True,0.3551,True,0.0187,True,0.3671,True,0.0111,False,3.9418,EVIDENCE_LINEAGE_INVALID,b2d83222fe4bab87f393b8e93c8a29f87ac2f8279ebd9de6ca63f25604bbf49f
case-00823,72d212b179f1ad15ea4dccfbf7d124ec4b6c2fd6d3c9f80fc0e5e1245ba8b0e8,CONTROLLED_TEST_MUTATION,missing_lineage,False,True,0.0395,True,0.3468,True,0.0183,True,0.3473,True,0.0098,False,4.9593,EVIDENCE_LINEAGE_INCOMPLETE,b2d83222fe4bab87f393b8e93c8a29f87ac2f8279ebd9de6ca63f25604bbf49f
case-00824,8f264e84d1fa7200cb0dfc9a83c1a026d07d7374315c00fad3b340570e05c0cd,CONTROLLED_TEST_MUTATION,empty_payload,False,False,0.0432,False,0.032,True,0.0146,False,0.045,True,0.0069,False,4.0805,EVIDENCE_PAYLOAD_EMPTY|EVIDENCE_PAYLOAD_SCHEMA_INVALID|EVIDENCE_SNAPSHOT_CONFLICT,b2d83222fe4bab87f393b8e93c8a29f87ac2f8279ebd9de6ca63f25604bbf49f
case-00825,770898829d3887bec898fa647625ba261c83d6a15d6a377e41a094c6e1137936,CLEAN_TEST_FIXTURE,none,True,True,0.0575,True,0.3903,True,0.0188,True,0.3433,True,0.0121,True,3.8876,ALL_REQUIRED_EVIDENCE_TRUSTWORTHY,b2d83222fe4bab87f393b8e93c8a29f87ac2f8279ebd9de6ca63f25604bbf49f
case-00826,00b2d61c1e6525db3ff18ceadd716bc8a5c61764267cc147c8ac0a0e1544a7b1,CONTROLLED_TEST_MUTATION,broken_lineage,False,True,0.0378,True,0.3337,True,0.0177,True,0.3328,True,0.009,False,3.7655,EVIDENCE_LINEAGE_INVALID,b2d83222fe4bab87f393b8e93c8a29f87ac2f8279ebd9de6ca63f25604bbf49f
case-00827,45325efd128bb82d95627aec1a7c1538a04861e5f40a41ed85213bcb115949d2,CONTROLLED_TEST_MUTATION,stale_live_observation,False,True,0.0407,False,0.3145,True,0.019,False,0.3148,True,0.0119,False,4.0543,EVIDENCE_STALE,b2d83222fe4bab87f393b8e93c8a29f87ac2f8279ebd9de6ca63f25604bbf49f
case-00828,f6413410cc562aaf8472c4731218f832eff731b47e69349e7869ca8dd69d47af,CONTROLLED_TEST_MUTATION,missing_direct_role,False,False,0.0225,False,0.0145,True,0.0169,False,0.0268,True,0.0063,False,3.4952,REQUIRED_ROLE_MISSING,b2d83222fe4bab87f393b8e93c8a29f87ac2f8279ebd9de6ca63f25604bbf49f
case-00829,64982f064d7e77e8b01314925aa3f2674e67091eed9a716edd1e81fb480dcab9,CONTROLLED_TEST_MUTATION,missing_direct_role,False,False,0.0219,False,0.0146,True,0.0171,False,0.0276,True,0.007,False,3.3887,REQUIRED_ROLE_MISSING,b2d83222fe4bab87f393b8e93c8a29f87ac2f8279ebd9de6ca63f25604bbf49f
case-00830,4d009d79b003c43d10f5176c8a600cb624325619758e48b2f47fc06f00e9c865,CONTROLLED_TEST_MUTATION,future_timestamp,False,True,0.0527,False,0.3319,True,0.019,False,0.3071,True,0.0114,False,4.8576,EVIDENCE_FRESHNESS_UNKNOWN|EVIDENCE_TIMESTAMP_IN_FUTURE,b2d83222fe4bab87f393b8e93c8a29f87ac2f8279ebd9de6ca63f25604bbf49f
case-00831,8c8a031a3e742899d4695d0425a5afeb006a35b22b28b035d9f58dafe677cf3c,CONTROLLED_TEST_MUTATION,role_conflict,False,True,0.045,True,0.379,True,0.0202,False,0.3663,True,0.0088,False,4.3359,EVIDENCE_ROLE_CONFLICT,b2d83222fe4bab87f393b8e93c8a29f87ac2f8279ebd9de6ca63f25604bbf49f
case-00832,e64765952832a19d5148e4386b7ab98a53c011ca9e7106918627487cd420bcaa,CONTROLLED_TEST_MUTATION,source_type_impersonation,False,True,0.0434,True,0.714,True,0.028,True,0.6369,True,0.013,False,4.2284,EVIDENCE_ROLE_SOURCE_NOT_ALLOWED|OPERATOR_EVIDENCE_UNVERIFIED,b2d83222fe4bab87f393b8e93c8a29f87ac2f8279ebd9de6ca63f25604bbf49f
case-00833,bb955dd9e3fbe9693d593ce1100da6884f77c7fb58e6550efa83ca500ce90361,CONTROLLED_TEST_MUTATION,wrong_context,False,True,0.0413,True,0.3576,True,0.0191,True,0.3477,True,0.0111,False,3.8995,EVIDENCE_CONTEXT_MISMATCH,b2d83222fe4bab87f393b8e93c8a29f87ac2f8279ebd9de6ca63f25604bbf49f
case-00834,daa0a16af11d97446c8f7e9d1a2ee24d476688af28223472236fae6e7b6fd76e,CONTROLLED_TEST_MUTATION,unavailable_record,False,True,0.0407,False,0.3223,True,0.019,False,0.3102,True,0.0109,False,3.8902,EVIDENCE_LINEAGE_INCOMPLETE|EVIDENCE_UNAVAILABLE,b2d83222fe4bab87f393b8e93c8a29f87ac2f8279ebd9de6ca63f25604bbf49f
case-00835,61605e865f3e2a2886f39925ddde167e02b5a15f5044fd40f8f2c37e606001d7,CONTROLLED_TEST_MUTATION,expired_import,False,True,0.0411,False,0.2952,True,0.0193,False,0.2868,True,0.0112,False,5.0914,EVIDENCE_STALE,b2d83222fe4bab87f393b8e93c8a29f87ac2f8279ebd9de6ca63f25604bbf49f
case-00836,3cae3da800c2b5340b43b5880b666ffde2f52b92c82f8cde1ab3d1496ec1a4f0,CONTROLLED_TEST_MUTATION,payload_tamper_after_seal,False,True,0.0411,False,0.0891,True,0.018,False,0.09,True,0.009,False,3.93,CHECKSUM_INVALID|EVIDENCE_ROOT_INVALID|EVIDENCE_SNAPSHOT_CONFLICT|RECORD_ENVELOPE_INVALID,b2d83222fe4bab87f393b8e93c8a29f87ac2f8279ebd9de6ca63f25604bbf49f
case-00837,5e72a9593073727b83cb9591bcaa26802a6bd48ce617f0c6ccaf71919186e428,CLEAN_TEST_FIXTURE,none,True,True,0.0404,True,0.3531,True,0.0193,True,0.3489,True,0.0115,True,4.7426,ALL_REQUIRED_EVIDENCE_TRUSTWORTHY,b2d83222fe4bab87f393b8e93c8a29f87ac2f8279ebd9de6ca63f25604bbf49f
case-00838,3d2fe7c43776695a6c5b4438e2dfcb9f4901c780805045b1224ad5778dcbdab6,CONTROLLED_TEST_MUTATION,malformed_payload,False,True,0.0434,True,0.3678,True,0.0198,True,0.3657,True,0.0099,False,4.2088,EVIDENCE_PAYLOAD_SCHEMA_INVALID|EVIDENCE_SNAPSHOT_CONFLICT,b2d83222fe4bab87f393b8e93c8a29f87ac2f8279ebd9de6ca63f25604bbf49f
case-00839,a13a8fdb62bc2f7ecb60fec1b4968e5a88f570975bfd5dbc9c17945f754289ac,CONTROLLED_TEST_MUTATION,wrong_context,False,True,0.0428,True,0.3604,True,0.0192,True,0.3533,True,0.0107,False,3.9518,EVIDENCE_CONTEXT_MISMATCH,b2d83222fe4bab87f393b8e93c8a29f87ac2f8279ebd9de6ca63f25604bbf49f
case-00840,cff683d648c191be691e39c3cff16c1176aa448f9137eb9799f85bea28d273c0,CLEAN_TEST_FIXTURE,none,True,True,0.0435,True,0.3831,True,0.0192,True,0.3793,True,0.0116,True,4.2922,ALL_REQUIRED_EVIDENCE_TRUSTWORTHY,b2d83222fe4bab87f393b8e93c8a29f87ac2f8279ebd9de6ca63f25604bbf49f
case-00841,9d442154e9bbd98e6e25d3686b5bdc115bee44abc547c5d5f35d84bcfad70cf3,CLEAN_TEST_FIXTURE,none,True,True,0.0413,True,0.353,True,0.0186,True,0.3472,True,0.0114,True,3.9272,ALL_REQUIRED_EVIDENCE_TRUSTWORTHY,b2d83222fe4bab87f393b8e93c8a29f87ac2f8279ebd9de6ca63f25604bbf49f
case-00842,4868f6169b7d4a0ba9247716afb76d578c4dca9480ee62d67576cc43689fa062,CLEAN_TEST_FIXTURE,none,True,True,0.0413,True,0.3555,True,0.0188,True,0.3454,True,0.0121,True,5.5692,ALL_REQUIRED_EVIDENCE_TRUSTWORTHY,b2d83222fe4bab87f393b8e93c8a29f87ac2f8279ebd9de6ca63f25604bbf49f
case-00843,61c2ea08aeefe3d3adcde755ca023fe53079dc51840fd20dcd6bc3a5222730ce,CONTROLLED_TEST_MUTATION,root_signature_tamper_after_seal,False,True,0.0452,True,0.3653,True,0.0194,True,0.3517,True,0.0142,False,3.8454,EVIDENCE_ROOT_INVALID,b2d83222fe4bab87f393b8e93c8a29f87ac2f8279ebd9de6ca63f25604bbf49f
case-00844,caa851c36bae7d6b280fcca786f6ea565ab92e35ba2d2005201225e21e3cb304,CONTROLLED_TEST_MUTATION,missing_lineage,False,True,0.0419,True,0.3585,True,0.0187,True,0.3474,True,0.01,False,3.8049,EVIDENCE_LINEAGE_INCOMPLETE,b2d83222fe4bab87f393b8e93c8a29f87ac2f8279ebd9de6ca63f25604bbf49f
case-00845,b51b8dc112f46a77bf3aa3f7f11441e4f260df7de5e7687ca271569384b63a2e,CONTROLLED_TEST_MUTATION,root_signature_tamper_after_seal,False,True,0.0375,True,0.3468,True,0.0173,True,0.3412,True,0.0085,False,3.8341,EVIDENCE_ROOT_INVALID,b2d83222fe4bab87f393b8e93c8a29f87ac2f8279ebd9de6ca63f25604bbf49f
case-00846,78ab94fe129cb143d24be0ad21e3d48d6e5ca67def67e0801bf046e568441e8c,CONTROLLED_TEST_MUTATION,role_conflict,False,True,0.0436,True,0.3671,True,0.0189,False,0.3574,True,0.0081,False,4.0998,EVIDENCE_ROLE_CONFLICT,b2d83222fe4bab87f393b8e93c8a29f87ac2f8279ebd9de6ca63f25604bbf49f
case-00847,9dbbf428aec5ae250e24069b0fb81b380a7320048bf09713553aa9466a1e02a9,CONTROLLED_TEST_MUTATION,wrong_context,False,True,0.035,True,0.3175,True,0.0157,True,0.314,True,0.0076,False,4.3325,EVIDENCE_CONTEXT_MISMATCH,b2d83222fe4bab87f393b8e93c8a29f87ac2f8279ebd9de6ca63f25604bbf49f
case-00848,e90ce52749fe4e2995147db99ae49f2a59977b316356080a7b0ae02b8d543a13,CLEAN_TEST_FIXTURE,none,True,True,0.0378,True,0.3322,True,0.0172,True,0.333,True,0.0098,True,3.7505,ALL_REQUIRED_EVIDENCE_TRUSTWORTHY,b2d83222fe4bab87f393b8e93c8a29f87ac2f8279ebd9de6ca63f25604bbf49f
case-00849,0bfd5c7a1645bcba37072e6a61cb53ef49cd0199eeafb21284b473acfbeebf70,CONTROLLED_TEST_MUTATION,empty_payload,False,False,0.0362,False,0.0292,True,0.0129,False,0.0409,True,0.0055,False,4.1575,EVIDENCE_PAYLOAD_EMPTY|EVIDENCE_PAYLOAD_SCHEMA_INVALID|EVIDENCE_SNAPSHOT_CONFLICT,b2d83222fe4bab87f393b8e93c8a29f87ac2f8279ebd9de6ca63f25604bbf49f
case-00850,46b7f20f68fb71e1241c45dd2e526d09a182d24782727e8de0ea4da72dbb20e0,CLEAN_TEST_FIXTURE,none,True,True,0.048,True,0.3765,True,0.0196,True,0.3773,True,0.0105,True,3.6261,ALL_REQUIRED_EVIDENCE_TRUSTWORTHY,b2d83222fe4bab87f393b8e93c8a29f87ac2f8279ebd9de6ca63f25604bbf49f
case-00851,a3247e3dfdda04fce8163d6e17a2651a34571baa1c5b65c5bc61779226ec2def,CONTROLLED_TEST_MUTATION,missing_direct_role,False,False,0.0184,False,0.0133,True,0.014,False,0.0253,True,0.0053,False,4.0052,REQUIRED_ROLE_MISSING,b2d83222fe4bab87f393b8e93c8a29f87ac2f8279ebd9de6ca63f25604bbf49f
case-00852,8124061313f8cba6135d335bdff55db7f5e5dd7aa7358dc2593738c303c9e44f,CONTROLLED_TEST_MUTATION,expired_import,False,True,0.0355,False,0.2551,True,0.0161,False,0.2494,True,0.0084,False,3.4538,EVIDENCE_STALE,b2d83222fe4bab87f393b8e93c8a29f87ac2f8279ebd9de6ca63f25604bbf49f
case-00853,0f862377ad552f1c9e437623ed2e4f7952c82f8b749258461082c3088acb9066,CONTROLLED_TEST_MUTATION,lineage_cycle,False,True,0.0334,True,0.3068,True,0.0155,True,0.3073,True,0.0075,False,4.4465,EVIDENCE_LINEAGE_INVALID,b2d83222fe4bab87f393b8e93c8a29f87ac2f8279ebd9de6ca63f25604bbf49f
case-00854,2da40445594280f887f670055b755dcb03ddc2244e392115d14486ab444dc99f,CLEAN_TEST_FIXTURE,none,True,True,0.036,True,0.3215,True,0.0168,True,0.3197,True,0.0092,True,3.5512,ALL_REQUIRED_EVIDENCE_TRUSTWORTHY,b2d83222fe4bab87f393b8e93c8a29f87ac2f8279ebd9de6ca63f25604bbf49f
case-00855,6f80156889f9634eeaedc25cb998fd7d43977fada9a4e5922bdd19d90acf0555,CONTROLLED_TEST_MUTATION,excluded_ancestor,False,True,0.034,True,0.3131,True,0.0158,False,0.3157,True,0.0063,False,4.6664,REQUIRED_INPUT_EXCLUDED,b2d83222fe4bab87f393b8e93c8a29f87ac2f8279ebd9de6ca63f25604bbf49f
case-00856,c971e06a6338a7c9af307432fb63a28aa2162b945385e27c21915175114bbae9,CONTROLLED_TEST_MUTATION,lineage_cycle,False,True,0.035,True,0.3059,True,0.0156,True,0.3053,True,0.0077,False,3.456,EVIDENCE_LINEAGE_INVALID,b2d83222fe4bab87f393b8e93c8a29f87ac2f8279ebd9de6ca63f25604bbf49f
case-00857,fdc5760c88c5341015f36d15c2ec091c4331ae5fafce158da4c292a32fb85173,CONTROLLED_TEST_MUTATION,expired_import,False,True,0.0329,False,0.2546,True,0.0153,False,0.2526,True,0.0076,False,4.8012,EVIDENCE_STALE,b2d83222fe4bab87f393b8e93c8a29f87ac2f8279ebd9de6ca63f25604bbf49f
case-00858,eb9a55073c59e1885bee8bfe40f3a8a5e3cec2d6dba491d269233f073f85328d,CONTROLLED_TEST_MUTATION,root_signature_tamper_after_seal,False,True,0.035,True,0.3141,True,0.0161,True,0.3166,True,0.0082,False,3.527,EVIDENCE_ROOT_INVALID,b2d83222fe4bab87f393b8e93c8a29f87ac2f8279ebd9de6ca63f25604bbf49f
case-00859,5b9bbd875d8ae067d749d66b10f3acb818f7a7fe6660fad830bc6d193e694f41,CONTROLLED_TEST_MUTATION,lineage_cycle,False,True,0.0343,True,0.3159,True,0.0156,True,0.457,True,0.0085,False,4.7865,EVIDENCE_LINEAGE_INVALID,b2d83222fe4bab87f393b8e93c8a29f87ac2f8279ebd9de6ca63f25604bbf49f
case-00860,1dab85a253fa8586dcf794d886a0d82207e5911be76ecbb7ad43085074da299b,CONTROLLED_TEST_MUTATION,empty_payload,False,False,0.0368,False,0.0281,True,0.013,False,0.04,True,0.0063,False,3.4241,EVIDENCE_PAYLOAD_EMPTY|EVIDENCE_PAYLOAD_SCHEMA_INVALID|EVIDENCE_SNAPSHOT_CONFLICT,b2d83222fe4bab87f393b8e93c8a29f87ac2f8279ebd9de6ca63f25604bbf49f
case-00861,5c8ac2a8fdb9bb2bd5c4dc8a1dcfd63ef18a8a55f4edc78e3256a78d4e3e3581,CONTROLLED_TEST_MUTATION,incomplete_payload,False,True,0.0332,False,0.1431,True,0.0151,False,0.1412,True,0.0075,False,4.9342,EVIDENCE_PAYLOAD_INCOMPLETE,b2d83222fe4bab87f393b8e93c8a29f87ac2f8279ebd9de6ca63f25604bbf49f
case-00862,a4fa1904b8449033d10e76f5832dc3d650a6fef22b794b60f81bade6de20628b,CLEAN_TEST_FIXTURE,none,True,True,0.0345,True,0.3074,True,0.0159,True,0.3054,False,0.0078,True,3.4078,ALL_REQUIRED_EVIDENCE_TRUSTWORTHY,b2d83222fe4bab87f393b8e93c8a29f87ac2f8279ebd9de6ca63f25604bbf49f
case-00863,9016f5785012d593150d613a0405caeca2d4cc7f1ec9f255d70f145d8aed02ed,CONTROLLED_TEST_MUTATION,source_type_impersonation,False,True,0.0342,True,0.3174,True,0.016,True,0.9837,True,0.0142,False,3.8116,EVIDENCE_ROLE_SOURCE_NOT_ALLOWED|OPERATOR_EVIDENCE_UNVERIFIED,b2d83222fe4bab87f393b8e93c8a29f87ac2f8279ebd9de6ca63f25604bbf49f
case-00864,af131b5596ce6b51108ef8e2038ed57ee6ad25497a1715257131f5ffed7e3e1d,CONTROLLED_TEST_MUTATION,root_signature_tamper_after_seal,False,True,0.036,True,0.3191,True,0.0167,True,0.3173,True,0.0079,False,3.5061,EVIDENCE_ROOT_INVALID,b2d83222fe4bab87f393b8e93c8a29f87ac2f8279ebd9de6ca63f25604bbf49f
case-00865,40b75112eabc1ce3d9983bdb5614cc02c6f11cde64d57d20ee9cd61195be4915,CONTROLLED_TEST_MUTATION,source_type_impersonation,False,True,0.0655,True,0.4889,True,0.0218,True,0.4693,True,0.0193,False,3.8008,EVIDENCE_ROLE_SOURCE_NOT_ALLOWED|OPERATOR_EVIDENCE_UNVERIFIED,b2d83222fe4bab87f393b8e93c8a29f87ac2f8279ebd9de6ca63f25604bbf49f
case-00866,be8e6b9aa596bec3edf8f08499d1091155a29b73a3dce3ca67aa36e8f9cab25a,CONTROLLED_TEST_MUTATION,excluded_ancestor,False,True,0.035,True,0.3156,True,0.016,False,0.3156,True,0.0063,False,3.5046,REQUIRED_INPUT_EXCLUDED,b2d83222fe4bab87f393b8e93c8a29f87ac2f8279ebd9de6ca63f25604bbf49f
case-00867,3e8e4176f21345cdb726b893c964e9dc7e6689dfe52c698dc86671352cb82d1e,CONTROLLED_TEST_MUTATION,snapshot_score_conflict,False,True,0.0385,True,0.3301,True,0.0172,True,0.3415,True,0.01,False,3.5983,EVIDENCE_SNAPSHOT_CONFLICT,b2d83222fe4bab87f393b8e93c8a29f87ac2f8279ebd9de6ca63f25604bbf49f
case-00868,eb936d72af9a571ccb987c409a62b6feb24a8f885cd74e54c5edfd7b03efcc76,CONTROLLED_TEST_MUTATION,broken_lineage,False,True,0.0342,True,0.3156,True,0.0162,True,0.3176,True,0.0075,False,3.5234,EVIDENCE_LINEAGE_INVALID,b2d83222fe4bab87f393b8e93c8a29f87ac2f8279ebd9de6ca63f25604bbf49f
case-00869,2f7d3bc35733b529c8fe2eb75e4335fde160385ec6686d0bc8b846bc45c95a96,CLEAN_TEST_FIXTURE,none,True,True,0.0374,True,0.325,True,0.017,True,0.344,True,0.01,True,3.515,ALL_REQUIRED_EVIDENCE_TRUSTWORTHY,b2d83222fe4bab87f393b8e93c8a29f87ac2f8279ebd9de6ca63f25604bbf49f
case-00870,7bdf075c0c23dc6cd387088bf2ac1e71090b2614240927f6958aef543a6ed48c,CONTROLLED_TEST_MUTATION,payload_tamper_after_seal,False,True,0.0353,False,0.0791,True,0.0156,False,0.0812,True,0.0082,False,3.6106,CHECKSUM_INVALID|EVIDENCE_ROOT_INVALID|EVIDENCE_SNAPSHOT_CONFLICT|RECORD_ENVELOPE_INVALID,b2d83222fe4bab87f393b8e93c8a29f87ac2f8279ebd9de6ca63f25604bbf49f
case-00871,69d0bc3fa620b7a459335cb853783baf6168b69fda451651d2b5dc364ac24b7f,CONTROLLED_TEST_MUTATION,root_signature_tamper_after_seal,False,True,0.0389,True,0.3218,True,0.0203,True,0.3208,True,0.0107,False,3.5861,EVIDENCE_ROOT_INVALID,b2d83222fe4bab87f393b8e93c8a29f87ac2f8279ebd9de6ca63f25604bbf49f
case-00872,408856db770e97386988c102d07d620e27beb7a03866fd8f147e3d9a42a14c6f,CLEAN_TEST_FIXTURE,none,True,True,0.0351,True,0.3201,True,0.0165,True,0.3166,True,0.0082,True,3.7774,ALL_REQUIRED_EVIDENCE_TRUSTWORTHY,b2d83222fe4bab87f393b8e93c8a29f87ac2f8279ebd9de6ca63f25604bbf49f
case-00873,6e6eff762668f0a1baf02a592331a0d579af5abe84e1737e52cda2cbbc265eb4,CONTROLLED_TEST_MUTATION,missing_direct_role,False,False,0.0197,False,0.014,True,0.0159,False,0.0254,True,0.0063,False,3.1397,REQUIRED_ROLE_MISSING,b2d83222fe4bab87f393b8e93c8a29f87ac2f8279ebd9de6ca63f25604bbf49f
case-00874,ba400f3fb5954d6a57b9b6b91e4b051381492fbbedd7ffa017ed2e1a6ab6ab78,CONTROLLED_TEST_MUTATION,missing_direct_role,False,False,0.0183,False,0.0136,True,0.0144,False,0.0249,True,0.0054,False,3.1016,REQUIRED_ROLE_MISSING,b2d83222fe4bab87f393b8e93c8a29f87ac2f8279ebd9de6ca63f25604bbf49f
case-00875,23705b7c73bc6e694b50bed00a6dcc06b2fe4a2af5adf937693399d881d2ee4c,CONTROLLED_TEST_MUTATION,malformed_payload,False,True,0.0502,True,0.3486,True,0.0174,True,0.3116,True,0.0096,False,3.5697,EVIDENCE_PAYLOAD_SCHEMA_INVALID|EVIDENCE_SNAPSHOT_CONFLICT,b2d83222fe4bab87f393b8e93c8a29f87ac2f8279ebd9de6ca63f25604bbf49f
case-00876,582415a28028f83e19d28cb65bd43982208e46bde4fce0a3bdda6ee99e307ec0,CONTROLLED_TEST_MUTATION,empty_payload,False,False,0.0363,False,0.0287,True,0.0126,False,0.0401,True,0.0055,False,3.4767,EVIDENCE_PAYLOAD_EMPTY|EVIDENCE_PAYLOAD_SCHEMA_INVALID|EVIDENCE_SNAPSHOT_CONFLICT,b2d83222fe4bab87f393b8e93c8a29f87ac2f8279ebd9de6ca63f25604bbf49f
case-00877,eac45818e127b0d41a9fe980a56253fe73694e7fdafc154497143c6af22d3101,CONTROLLED_TEST_MUTATION,wrong_context,False,True,0.0363,True,0.3146,True,0.0166,True,0.3095,True,0.0095,False,3.488,EVIDENCE_CONTEXT_MISMATCH,b2d83222fe4bab87f393b8e93c8a29f87ac2f8279ebd9de6ca63f25604bbf49f
case-00878,e88e3c171c8c03145fc2d6c14d5ec78760b005e4b402028c517d4d9af409b70e,CLEAN_TEST_FIXTURE,none,True,True,0.0353,True,0.3344,True,0.0158,True,0.3347,True,0.0076,True,3.6987,ALL_REQUIRED_EVIDENCE_TRUSTWORTHY,b2d83222fe4bab87f393b8e93c8a29f87ac2f8279ebd9de6ca63f25604bbf49f
case-00879,236d69061580cbb6cd476ff7186277c6d79ac4f0924c757f84cf83f9ea892841,CONTROLLED_TEST_MUTATION,missing_direct_role,False,False,0.042,False,0.0134,True,0.0153,False,0.0245,True,0.0058,False,3.1247,REQUIRED_ROLE_MISSING,b2d83222fe4bab87f393b8e93c8a29f87ac2f8279ebd9de6ca63f25604bbf49f
case-00880,70206ecb9b76257dba21901d713deb16cd37f79443ed6ed302f8b9a4bae26d76,CONTROLLED_TEST_MUTATION,incomplete_payload,False,True,0.035,False,0.1438,True,0.0152,False,0.1398,True,0.0077,False,3.4258,EVIDENCE_PAYLOAD_INCOMPLETE,b2d83222fe4bab87f393b8e93c8a29f87ac2f8279ebd9de6ca63f25604bbf49f
case-00881,c6e6b6a104db27f03a69c8f711a1caa95a468224fd483362e3825923f6ac1aa6,CONTROLLED_TEST_MUTATION,stale_live_observation,False,True,0.037,False,0.2848,True,0.0171,False,0.2734,True,0.0108,False,3.4635,EVIDENCE_STALE,b2d83222fe4bab87f393b8e93c8a29f87ac2f8279ebd9de6ca63f25604bbf49f
case-00882,9a5c7d30133235c55e4900062e519c4f5b71ee0ebaf425a436212f2f72456974,CONTROLLED_TEST_MUTATION,wrong_context,False,True,0.0334,True,0.304,True,0.0156,True,0.305,True,0.0073,False,3.4108,EVIDENCE_CONTEXT_MISMATCH,b2d83222fe4bab87f393b8e93c8a29f87ac2f8279ebd9de6ca63f25604bbf49f
case-00883,14cc6744e266cccab2c6b2828ca0066b75e263d77adca9263d6f088d688f9f48,CLEAN_TEST_FIXTURE,none,True,True,0.0358,True,0.315,True,0.0163,True,0.3332,True,0.0093,True,3.5981,ALL_REQUIRED_EVIDENCE_TRUSTWORTHY,b2d83222fe4bab87f393b8e93c8a29f87ac2f8279ebd9de6ca63f25604bbf49f
case-00884,1fd473347aa6e608d58033fbce43fb82cd3b1ea95837387318fbed23f685f811,CONTROLLED_TEST_MUTATION,source_type_impersonation,False,True,0.0332,True,0.306,True,0.0153,True,0.3277,True,0.0073,False,3.5472,EVIDENCE_ROLE_SOURCE_NOT_ALLOWED|OPERATOR_EVIDENCE_UNVERIFIED,b2d83222fe4bab87f393b8e93c8a29f87ac2f8279ebd9de6ca63f25604bbf49f
case-00885,a32794bba6deb31ae73b2a7d77f83caa6140cd7e7c9d9f0ee879b4ec90d2a8a8,CONTROLLED_TEST_MUTATION,incomplete_payload,False,True,0.0361,False,0.1463,True,0.0163,False,0.1407,True,0.0099,False,3.5971,EVIDENCE_PAYLOAD_INCOMPLETE,b2d83222fe4bab87f393b8e93c8a29f87ac2f8279ebd9de6ca63f25604bbf49f
case-00886,00b4fc31ead1bf97f4507a165a098e247034a476fcc2d63640885cc563f8b7cb,CONTROLLED_TEST_MUTATION,unavailable_record,False,True,0.034,False,0.2777,True,0.0156,False,0.2715,True,0.0079,False,3.3984,EVIDENCE_LINEAGE_INCOMPLETE|EVIDENCE_UNAVAILABLE,b2d83222fe4bab87f393b8e93c8a29f87ac2f8279ebd9de6ca63f25604bbf49f
case-00887,d8bda10a2196c5b2b7da1562a34a5c82dd169fcedfd5f19f5356596daf3ebee3,CONTROLLED_TEST_MUTATION,unavailable_record,False,True,0.0378,False,0.2984,True,0.0173,False,0.2856,True,0.0107,False,3.5675,EVIDENCE_LINEAGE_INCOMPLETE|EVIDENCE_UNAVAILABLE,b2d83222fe4bab87f393b8e93c8a29f87ac2f8279ebd9de6ca63f25604bbf49f
case-00888,273c002e1027c138db76b3559a93b111957c28a6e6e156351f015f186b32ea1d,CONTROLLED_TEST_MUTATION,source_type_impersonation,False,True,0.0348,True,0.3174,True,0.0159,True,0.3167,True,0.0074,False,3.5136,EVIDENCE_ROLE_SOURCE_NOT_ALLOWED|OPERATOR_EVIDENCE_UNVERIFIED,b2d83222fe4bab87f393b8e93c8a29f87ac2f8279ebd9de6ca63f25604bbf49f
case-00889,3d3a0d741243b89a478ed64e7088d06f1accace294c49ff4845823ad2db77db4,CLEAN_TEST_FIXTURE,none,True,True,0.0374,True,0.3264,True,0.0174,True,0.3198,True,0.0098,True,3.5651,ALL_REQUIRED_EVIDENCE_TRUSTWORTHY,b2d83222fe4bab87f393b8e93c8a29f87ac2f8279ebd9de6ca63f25604bbf49f
case-00890,3c81c0a3643022f6306102ff525681515685e3bbd55fda3671d83e1fe7e83cff,CONTROLLED_TEST_MUTATION,wrong_context,False,True,0.0367,True,0.3419,True,0.0168,True,0.3448,True,0.0077,False,4.7064,EVIDENCE_CONTEXT_MISMATCH,b2d83222fe4bab87f393b8e93c8a29f87ac2f8279ebd9de6ca63f25604bbf49f
case-00891,39c7a3fbadceae2b6fb19a5b98d9298839334ca006e215bc24e7b10c3bffd0d7,CONTROLLED_TEST_MUTATION,future_timestamp,False,True,0.0351,False,0.3067,True,0.0166,False,0.274,True,0.0083,False,3.5211,EVIDENCE_FRESHNESS_UNKNOWN|EVIDENCE_TIMESTAMP_IN_FUTURE,b2d83222fe4bab87f393b8e93c8a29f87ac2f8279ebd9de6ca63f25604bbf49f
case-00892,c1e5835a99ba3981f16c494cf6fd4f6071550981019ec51612a8e62f511109ac,CONTROLLED_TEST_MUTATION,stale_live_observation,False,True,0.0339,False,0.3012,True,0.0157,False,0.2739,True,0.0078,False,4.3957,EVIDENCE_STALE,b2d83222fe4bab87f393b8e93c8a29f87ac2f8279ebd9de6ca63f25604bbf49f
case-00893,ac34723e422ee96d0db8089acae5e94453e8e5812e5b459545f02f50163214d4,CONTROLLED_TEST_MUTATION,expired_import,False,True,0.0351,False,0.2586,True,0.0162,False,0.2533,True,0.0084,False,3.4204,EVIDENCE_STALE,b2d83222fe4bab87f393b8e93c8a29f87ac2f8279ebd9de6ca63f25604bbf49f
case-00894,b2ef9f93704d4010786cc029a0d59a7c4c2f4f1c4961e7e38b234e21f7317541,CONTROLLED_TEST_MUTATION,malformed_payload,False,True,0.0336,True,0.3011,True,0.0154,True,0.3005,True,0.0071,False,4.3195,EVIDENCE_PAYLOAD_SCHEMA_INVALID|EVIDENCE_SNAPSHOT_CONFLICT,b2d83222fe4bab87f393b8e93c8a29f87ac2f8279ebd9de6ca63f25604bbf49f
case-00895,6d0dcea3cf3ba1525d79df56ec69acef60ce6c1fa4a8c3b1ed201b9835542e78,CONTROLLED_TEST_MUTATION,future_timestamp,False,True,0.0358,False,0.2894,True,0.0168,False,0.284,True,0.0091,False,3.5564,EVIDENCE_FRESHNESS_UNKNOWN|EVIDENCE_TIMESTAMP_IN_FUTURE,b2d83222fe4bab87f393b8e93c8a29f87ac2f8279ebd9de6ca63f25604bbf49f
case-00896,946743e909c32e8306b199e2d78a72475cb2c693c88fab8f79613614d2ec61a3,CLEAN_TEST_FIXTURE,none,True,True,0.0347,True,0.3213,True,0.0161,True,0.3225,True,0.0076,True,5.1186,ALL_REQUIRED_EVIDENCE_TRUSTWORTHY,b2d83222fe4bab87f393b8e93c8a29f87ac2f8279ebd9de6ca63f25604bbf49f
case-00897,28ab35a15bba0870c45c61403622537d066eeaa7682fb9367de42ca598bae6cc,CONTROLLED_TEST_MUTATION,wrong_context,False,True,0.0355,True,0.34,True,0.0166,True,0.3158,True,0.0083,False,3.6086,EVIDENCE_CONTEXT_MISMATCH,b2d83222fe4bab87f393b8e93c8a29f87ac2f8279ebd9de6ca63f25604bbf49f
case-00898,e4a05f67fdebc394e43cc8f4cfe338f51d9a74350d6a22b1cd90af1a863d7af4,CONTROLLED_TEST_MUTATION,wrong_context,False,True,0.0342,True,0.3171,True,0.016,True,0.3169,True,0.0075,False,4.332,EVIDENCE_CONTEXT_MISMATCH,b2d83222fe4bab87f393b8e93c8a29f87ac2f8279ebd9de6ca63f25604bbf49f
case-00899,2c8cd1c1a46aea5e4eadc47c9c72de8a786eaf931e2ee291bc8ceaf4dc0b0d18,CONTROLLED_TEST_MUTATION,lineage_cycle,False,True,0.0349,True,0.3136,True,0.016,True,0.3165,True,0.0078,False,3.5319,EVIDENCE_LINEAGE_INVALID,b2d83222fe4bab87f393b8e93c8a29f87ac2f8279ebd9de6ca63f25604bbf49f
case-00900,f6c0053388c9afcd545d1efa968c5cd227f486e6ed4517b2c3189b4a7db11ba6,CONTROLLED_TEST_MUTATION,payload_tamper_after_seal,False,True,0.0361,False,0.0933,True,0.0164,False,0.138,True,0.0272,False,4.194,CHECKSUM_INVALID|EVIDENCE_ROOT_INVALID|EVIDENCE_SNAPSHOT_CONFLICT|RECORD_ENVELOPE_INVALID,b2d83222fe4bab87f393b8e93c8a29f87ac2f8279ebd9de6ca63f25604bbf49f
case-00901,39440127da2dd2cc972677a5f541bff16e90499ccff123a6f180e0f902a9c5fd,CONTROLLED_TEST_MUTATION,missing_direct_role,False,False,0.0184,False,0.014,True,0.0144,False,0.0253,True,0.0056,False,3.1127,REQUIRED_ROLE_MISSING,b2d83222fe4bab87f393b8e93c8a29f87ac2f8279ebd9de6ca63f25604bbf49f
case-00902,f5d8aa9e5afe99f58a9d5f2b136fca7e7a397ad1719fc1981d50afd3679de899,CONTROLLED_TEST_MUTATION,empty_payload,False,False,0.0367,False,0.0288,True,0.0128,False,0.0412,True,0.0057,False,4.339,EVIDENCE_PAYLOAD_EMPTY|EVIDENCE_PAYLOAD_SCHEMA_INVALID|EVIDENCE_SNAPSHOT_CONFLICT,b2d83222fe4bab87f393b8e93c8a29f87ac2f8279ebd9de6ca63f25604bbf49f
case-00903,40430cea0b1c443f4c20abfcd71e1a096f7ab3af325c2c7ad9c077a4753a0950,CLEAN_TEST_FIXTURE,none,True,True,0.0344,True,0.3076,True,0.0158,True,0.305,True,0.0078,True,3.4054,ALL_REQUIRED_EVIDENCE_TRUSTWORTHY,b2d83222fe4bab87f393b8e93c8a29f87ac2f8279ebd9de6ca63f25604bbf49f
case-00904,252ae44885ede18d49275c9e88189b227617f7c49398340881ed1eab9a1002b9,CONTROLLED_TEST_MUTATION,stale_live_observation,False,True,0.0333,False,0.279,True,0.016,False,0.2755,True,0.0074,False,4.7086,EVIDENCE_STALE,b2d83222fe4bab87f393b8e93c8a29f87ac2f8279ebd9de6ca63f25604bbf49f
case-00905,dbebc3f803859956d21468a475e74dcf4499c40e76d559ea6cf1933f2d6ef3db,CONTROLLED_TEST_MUTATION,wrong_context,False,True,0.0356,True,0.3181,True,0.016,True,0.3129,True,0.008,False,3.5409,EVIDENCE_CONTEXT_MISMATCH,b2d83222fe4bab87f393b8e93c8a29f87ac2f8279ebd9de6ca63f25604bbf49f
case-00906,19c8fc0609ec078f74fc64dd88171c6520712c31b0c7f056af8181f5dc68cf72,CONTROLLED_TEST_MUTATION,stale_live_observation,False,True,0.0342,False,0.2864,True,0.0161,False,0.2792,True,0.0081,False,4.3091,EVIDENCE_STALE,b2d83222fe4bab87f393b8e93c8a29f87ac2f8279ebd9de6ca63f25604bbf49f
case-00907,1edacef329aa31973791fba83f3bf69aa22b24e3b9812de178d05e4450370356,CONTROLLED_TEST_MUTATION,payload_tamper_after_seal,False,True,0.0346,False,0.0993,True,0.0152,False,0.0796,True,0.008,False,3.5162,CHECKSUM_INVALID|EVIDENCE_ROOT_INVALID|EVIDENCE_SNAPSHOT_CONFLICT|RECORD_ENVELOPE_INVALID,b2d83222fe4bab87f393b8e93c8a29f87ac2f8279ebd9de6ca63f25604bbf49f
case-00908,74fab69351fc3394c9e92fb89bb9306adeca09b06fa86e7abf8b90c722364eab,CONTROLLED_TEST_MUTATION,expired_import,False,True,0.0336,False,0.2636,True,0.0157,False,0.256,True,0.0079,False,4.3642,EVIDENCE_STALE,b2d83222fe4bab87f393b8e93c8a29f87ac2f8279ebd9de6ca63f25604bbf49f
case-00909,b72f2610f2d5ad56f352d70bf84572ed956c9eb3a4d8c2a7c7831061b5491617,CLEAN_TEST_FIXTURE,none,True,True,0.0341,True,0.3531,True,0.0161,True,0.3083,True,0.0084,True,3.5242,ALL_REQUIRED_EVIDENCE_TRUSTWORTHY,b2d83222fe4bab87f393b8e93c8a29f87ac2f8279ebd9de6ca63f25604bbf49f
case-00910,9ee1e7aa6af9bad59e2d646b2e367875f632751538b645957d45d19d1a677bf2,CLEAN_TEST_FIXTURE,none,True,True,0.0336,True,0.3276,True,0.0153,True,0.3185,True,0.0075,True,4.5089,ALL_REQUIRED_EVIDENCE_TRUSTWORTHY,b2d83222fe4bab87f393b8e93c8a29f87ac2f8279ebd9de6ca63f25604bbf49f
case-00911,9be8409f8f493447532c229483f44de042139937a102a3c27e603182196951f0,CONTROLLED_TEST_MUTATION,unknown_source,False,True,0.0363,True,0.3208,True,0.016,True,0.3128,True,0.008,False,3.4327,EVIDENCE_ROLE_SOURCE_NOT_ALLOWED|EVIDENCE_SOURCE_ID_UNKNOWN|EVIDENCE_SOURCE_POLICY_MISSING,b2d83222fe4bab87f393b8e93c8a29f87ac2f8279ebd9de6ca63f25604bbf49f
case-00912,4b00cd531f49a52b1bd0cf116e3b79ac6ddae0d8ccf8cab1d6129e862c17ff60,CONTROLLED_TEST_MUTATION,root_signature_tamper_after_seal,False,True,0.0331,True,0.4919,True,0.0181,True,0.5712,True,0.0319,False,4.062,EVIDENCE_ROOT_INVALID,b2d83222fe4bab87f393b8e93c8a29f87ac2f8279ebd9de6ca63f25604bbf49f
case-00913,0aac8a1ea46558a0b26342f7a250886978289c18759f7dd039b598a559aa4a47,CONTROLLED_TEST_MUTATION,missing_direct_role,False,False,0.0186,False,0.0135,True,0.0144,False,0.0251,True,0.0057,False,3.1181,REQUIRED_ROLE_MISSING,b2d83222fe4bab87f393b8e93c8a29f87ac2f8279ebd9de6ca63f25604bbf49f
case-00914,cd8bcfbf4116184bb4c165c258905336f7b7321ab2557a53b9e09b66a3e9a343,CONTROLLED_TEST_MUTATION,lineage_cycle,False,True,0.0346,True,0.3198,True,0.0158,True,0.3169,True,0.0075,False,4.3779,EVIDENCE_LINEAGE_INVALID,b2d83222fe4bab87f393b8e93c8a29f87ac2f8279ebd9de6ca63f25604bbf49f
case-00915,6e4b8df5249e4cefda1cc70c9f5f5b0be0aa9d8742a2ef588dc4bb69884e058e,CONTROLLED_TEST_MUTATION,stale_live_observation,False,True,0.0352,False,0.2904,True,0.0164,False,0.2827,True,0.0085,False,3.513,EVIDENCE_STALE,b2d83222fe4bab87f393b8e93c8a29f87ac2f8279ebd9de6ca63f25604bbf49f
case-00916,4cadc2fb011ae5ffe41a5530d9441d4ecb47d89fc3943e223ef9c7a18b014325,CONTROLLED_TEST_MUTATION,unavailable_record,False,True,0.034,False,0.2999,True,0.0168,False,1.2748,True,0.0294,False,4.2827,EVIDENCE_LINEAGE_INCOMPLETE|EVIDENCE_UNAVAILABLE,b2d83222fe4bab87f393b8e93c8a29f87ac2f8279ebd9de6ca63f25604bbf49f
case-00917,86dc0b1e3a7f1afdbeba4eb162a5528fcc0edf1d3c12d328f95eb25ed9759097,CLEAN_TEST_FIXTURE,none,True,True,0.0349,True,0.3157,True,0.0163,True,0.3127,True,0.0079,True,3.5341,ALL_REQUIRED_EVIDENCE_TRUSTWORTHY,b2d83222fe4bab87f393b8e93c8a29f87ac2f8279ebd9de6ca63f25604bbf49f
case-00918,46323a77b889b4854175bb41154a1546313e7200cd07cb85009773b0d2e6ed76,CONTROLLED_TEST_MUTATION,empty_payload,False,False,0.0395,False,0.0285,True,0.0134,False,0.04,True,0.0063,False,3.5496,EVIDENCE_PAYLOAD_EMPTY|EVIDENCE_PAYLOAD_SCHEMA_INVALID|EVIDENCE_SNAPSHOT_CONFLICT,b2d83222fe4bab87f393b8e93c8a29f87ac2f8279ebd9de6ca63f25604bbf49f
case-00919,ef3103380ec165cd055731b288d5adae714de10ed549d7bfacdceea1917e5c76,CONTROLLED_TEST_MUTATION,wrong_context,False,True,0.034,True,0.3104,True,0.0156,True,0.311,True,0.0074,False,3.3897,EVIDENCE_CONTEXT_MISMATCH,b2d83222fe4bab87f393b8e93c8a29f87ac2f8279ebd9de6ca63f25604bbf49f
case-00920,71575ed2db090cbde4bb2ab1d979f318281f8609755c54dd5f55e1512be291e1,CONTROLLED_TEST_MUTATION,snapshot_score_conflict,False,True,0.039,True,0.3318,True,0.0174,True,0.3211,True,0.0099,False,3.5814,EVIDENCE_SNAPSHOT_CONFLICT,b2d83222fe4bab87f393b8e93c8a29f87ac2f8279ebd9de6ca63f25604bbf49f
case-00921,cd760300491038d26014851f7391975ba04576c51e2c0e93bdb4d68219c9485e,CONTROLLED_TEST_MUTATION,broken_lineage,False,True,0.0341,True,0.3137,True,0.016,True,0.3157,True,0.0074,False,3.5824,EVIDENCE_LINEAGE_INVALID,b2d83222fe4bab87f393b8e93c8a29f87ac2f8279ebd9de6ca63f25604bbf49f
case-00922,8aa35b4d12c7ec2c8e7a89d42ced507c55939ab72c5c7f503bf72871eb751ca8,CONTROLLED_TEST_MUTATION,expired_import,False,True,0.0382,False,0.2721,True,0.0172,False,0.2612,True,0.01,False,3.5513,EVIDENCE_STALE,b2d83222fe4bab87f393b8e93c8a29f87ac2f8279ebd9de6ca63f25604bbf49f
case-00923,349e22305c2e50ab686110fcb6d0ce80c765952541b27c19eead690a54ee347f,CONTROLLED_TEST_MUTATION,missing_direct_role,False,False,0.0183,False,0.0134,True,0.014,False,0.0248,True,0.0053,False,3.096,REQUIRED_ROLE_MISSING,b2d83222fe4bab87f393b8e93c8a29f87ac2f8279ebd9de6ca63f25604bbf49f
case-00924,1ba74fc0a80e88e85de7ab3d852492578b842c64b108401bbada1d1a0991280f,CONTROLLED_TEST_MUTATION,expired_import,False,True,0.0403,False,0.2827,True,0.0178,False,0.2628,True,0.0106,False,3.6076,EVIDENCE_STALE,b2d83222fe4bab87f393b8e93c8a29f87ac2f8279ebd9de6ca63f25604bbf49f
case-00925,992ff94e9caa16648d6a25ed404a2b95563a977725e9ca2fabe04204c1a70356,CONTROLLED_TEST_MUTATION,malformed_payload,False,True,0.0346,True,0.3065,True,0.0159,True,0.3064,True,0.0075,False,3.4805,EVIDENCE_PAYLOAD_SCHEMA_INVALID|EVIDENCE_SNAPSHOT_CONFLICT,b2d83222fe4bab87f393b8e93c8a29f87ac2f8279ebd9de6ca63f25604bbf49f
case-00926,a22bbb2741e0e6c2b644e1eb2a8d06bf77a39444941c42c0dd0b33f2057c2c70,CLEAN_TEST_FIXTURE,none,True,True,0.0396,True,0.3285,True,0.0167,True,0.3162,True,0.0098,True,3.4805,ALL_REQUIRED_EVIDENCE_TRUSTWORTHY,b2d83222fe4bab87f393b8e93c8a29f87ac2f8279ebd9de6ca63f25604bbf49f
case-00927,cbd16474e1b9e0803465a58ca9ff7c61b374e5ebe91c421ed0b5513204f631d4,CLEAN_TEST_FIXTURE,none,True,True,0.0331,True,0.3055,True,0.0155,True,0.306,True,0.0075,True,3.4239,ALL_REQUIRED_EVIDENCE_TRUSTWORTHY,b2d83222fe4bab87f393b8e93c8a29f87ac2f8279ebd9de6ca63f25604bbf49f
case-00928,23b42377ed32fdd4e62b7255a94fc9f89e8ca4f4859e4420169c635541873489,CONTROLLED_TEST_MUTATION,broken_lineage,False,True,0.0366,True,0.3186,True,0.0166,True,0.3095,True,0.0093,False,3.4847,EVIDENCE_LINEAGE_INVALID,b2d83222fe4bab87f393b8e93c8a29f87ac2f8279ebd9de6ca63f25604bbf49f
case-00929,c6c426944bbdf0e8279b838821d47ec653165c0c761dce1124ea8b77756c95b9,CONTROLLED_TEST_MUTATION,future_timestamp,False,True,0.034,False,0.2836,True,0.016,False,0.2771,True,0.0077,False,3.4428,EVIDENCE_FRESHNESS_UNKNOWN|EVIDENCE_TIMESTAMP_IN_FUTURE,b2d83222fe4bab87f393b8e93c8a29f87ac2f8279ebd9de6ca63f25604bbf49f
case-00930,66a65c54b145cc7fd0070e584c4b55e5e333641c46c744d1d8f4d160c3146e1f,CONTROLLED_TEST_MUTATION,expired_import,False,True,0.0387,False,0.3712,True,0.0177,False,0.2536,True,0.0107,False,3.5074,EVIDENCE_STALE,b2d83222fe4bab87f393b8e93c8a29f87ac2f8279ebd9de6ca63f25604bbf49f
case-00931,d950925edb300be99f59d107191905843865cd0ccfff6c0e42a309290f538780,CONTROLLED_TEST_MUTATION,root_signature_tamper_after_seal,False,True,0.0337,True,0.3158,True,0.0156,True,0.3108,True,0.0075,False,3.6269,EVIDENCE_ROOT_INVALID,b2d83222fe4bab87f393b8e93c8a29f87ac2f8279ebd9de6ca63f25604bbf49f
case-00932,58e6af71616188bbd3c16fb9c686515a188dcbd1614f8616ebca7f6910f4c11d,CLEAN_TEST_FIXTURE,none,True,True,0.0454,True,0.3936,True,0.0203,True,0.3875,True,0.0101,True,3.5643,ALL_REQUIRED_EVIDENCE_TRUSTWORTHY,b2d83222fe4bab87f393b8e93c8a29f87ac2f8279ebd9de6ca63f25604bbf49f
case-00933,9b4932a1f92ba1f303a7f21bf4b5cf244ea28106f775712fa8032955a4e8caa3,CONTROLLED_TEST_MUTATION,missing_lineage,False,True,0.0343,True,0.3207,True,0.0177,True,0.3212,True,0.0075,False,3.6336,EVIDENCE_LINEAGE_INCOMPLETE,b2d83222fe4bab87f393b8e93c8a29f87ac2f8279ebd9de6ca63f25604bbf49f
case-00934,3ae6bf80bc679d63dc7acb3f9f2ddb9f8e33c65ba937f7470200bd7c690dfab7,CONTROLLED_TEST_MUTATION,incomplete_payload,False,True,0.0398,False,0.1997,True,0.018,False,0.1618,True,0.012,False,4.3481,EVIDENCE_PAYLOAD_INCOMPLETE,b2d83222fe4bab87f393b8e93c8a29f87ac2f8279ebd9de6ca63f25604bbf49f
case-00935,93d253aec42b70c32efd1e7ef32507958aa847779defdc0e41077d4def648eb6,CLEAN_TEST_FIXTURE,none,True,True,0.0364,True,0.3232,True,0.0167,True,0.3205,True,0.0085,True,3.6579,ALL_REQUIRED_EVIDENCE_TRUSTWORTHY,b2d83222fe4bab87f393b8e93c8a29f87ac2f8279ebd9de6ca63f25604bbf49f
case-00936,301256e93eb89fce4e1750b4822c1cbff004b37256c40165a495956da793193a,CONTROLLED_TEST_MUTATION,wrong_context,False,True,0.0366,True,0.3235,True,0.017,True,0.3168,True,0.0079,False,3.561,EVIDENCE_CONTEXT_MISMATCH,b2d83222fe4bab87f393b8e93c8a29f87ac2f8279ebd9de6ca63f25604bbf49f
case-00937,b4188268307e8196d33030d35f638991473f7c963d5a686267b744338b174a27,CLEAN_TEST_FIXTURE,none,True,True,0.0342,True,0.3201,True,0.0163,True,0.3198,True,0.0079,True,4.1624,ALL_REQUIRED_EVIDENCE_TRUSTWORTHY,b2d83222fe4bab87f393b8e93c8a29f87ac2f8279ebd9de6ca63f25604bbf49f
case-00938,a5eee8a38165eb4040295d5d97d036ced2946636932e137026174d79e9cd2bdd,CONTROLLED_TEST_MUTATION,expired_import,False,True,0.0358,False,0.2628,True,0.0163,False,0.2599,True,0.0086,False,3.5509,EVIDENCE_STALE,b2d83222fe4bab87f393b8e93c8a29f87ac2f8279ebd9de6ca63f25604bbf49f
case-00939,77061ccd0f5e1844de2626020cd5ef83df7fbc7c6b7d168a2ad5c641c329c048,CONTROLLED_TEST_MUTATION,role_conflict,False,True,0.0376,True,0.334,True,0.0171,False,0.3305,True,0.0068,False,4.6919,EVIDENCE_ROLE_CONFLICT,b2d83222fe4bab87f393b8e93c8a29f87ac2f8279ebd9de6ca63f25604bbf49f
case-00940,4dc507189412ceff5bcad150355330c8211f630e570ed86254a8d8a2017a7f0d,CLEAN_TEST_FIXTURE,none,True,True,0.036,True,0.3199,True,0.0163,True,0.3188,True,0.0082,True,3.5332,ALL_REQUIRED_EVIDENCE_TRUSTWORTHY,b2d83222fe4bab87f393b8e93c8a29f87ac2f8279ebd9de6ca63f25604bbf49f
case-00941,8aed9e5b94e8c359ecf0024376e6d6be2ce03a778cdbe85f9f009f3483478242,CONTROLLED_TEST_MUTATION,role_conflict,False,True,0.038,True,0.3353,True,0.0168,False,0.4141,True,0.0074,False,4.7136,EVIDENCE_ROLE_CONFLICT,b2d83222fe4bab87f393b8e93c8a29f87ac2f8279ebd9de6ca63f25604bbf49f
case-00942,a8df194245bd6614ff8840f5661a3ba791b13c864dc01469988fa5679b1ccd51,CONTROLLED_TEST_MUTATION,unknown_source,False,True,0.0343,True,0.3071,True,0.016,True,0.3084,True,0.0079,False,3.4206,EVIDENCE_ROLE_SOURCE_NOT_ALLOWED|EVIDENCE_SOURCE_ID_UNKNOWN|EVIDENCE_SOURCE_POLICY_MISSING,b2d83222fe4bab87f393b8e93c8a29f87ac2f8279ebd9de6ca63f25604bbf49f
case-00943,bf1bd8a14f38e56ea4ad8f2e1a401aa5f113393dc335191d79fe03ed4d82e5e1,CONTROLLED_TEST_MUTATION,malformed_payload,False,True,0.0333,True,0.3796,True,0.0155,True,0.2993,True,0.0075,False,4.2119,EVIDENCE_PAYLOAD_SCHEMA_INVALID|EVIDENCE_SNAPSHOT_CONFLICT,b2d83222fe4bab87f393b8e93c8a29f87ac2f8279ebd9de6ca63f25604bbf49f
case-00944,5fba86620823720ffa8c0bc7dc25707145bdc7d0e1e099464b043bdbcee0e543,CONTROLLED_TEST_MUTATION,excluded_ancestor,False,True,0.0354,True,0.3149,True,0.0164,False,0.315,True,0.0068,False,3.425,REQUIRED_INPUT_EXCLUDED,b2d83222fe4bab87f393b8e93c8a29f87ac2f8279ebd9de6ca63f25604bbf49f
case-00945,acde759fd49a2a5dee1a9af510e06839a46bae862c41a9e1707a862371840c62,CONTROLLED_TEST_MUTATION,source_type_impersonation,False,True,0.0333,True,0.3038,True,0.0156,True,0.3885,True,0.0112,False,4.4794,EVIDENCE_ROLE_SOURCE_NOT_ALLOWED|OPERATOR_EVIDENCE_UNVERIFIED,b2d83222fe4bab87f393b8e93c8a29f87ac2f8279ebd9de6ca63f25604bbf49f
case-00946,020c0458ce8cdce2575fbd66d5fae762a31664d528d3d09d8967ded03bcd4718,CONTROLLED_TEST_MUTATION,unknown_source,False,True,0.0352,True,0.3119,True,0.016,True,0.3088,True,0.008,False,3.4109,EVIDENCE_ROLE_SOURCE_NOT_ALLOWED|EVIDENCE_SOURCE_ID_UNKNOWN|EVIDENCE_SOURCE_POLICY_MISSING,b2d83222fe4bab87f393b8e93c8a29f87ac2f8279ebd9de6ca63f25604bbf49f
case-00947,c236e465584e149ecae29b9875fe3393fc54771eee7206e035bad17d6b11d587,CONTROLLED_TEST_MUTATION,lineage_cycle,False,True,0.0358,True,0.3468,True,0.0195,True,0.9675,True,0.0169,False,3.803,EVIDENCE_LINEAGE_INVALID,b2d83222fe4bab87f393b8e93c8a29f87ac2f8279ebd9de6ca63f25604bbf49f
case-00948,b5e2865bea0d9bd258d68c7451aa24d23933089b1c4de3833826abfa8f4fd0a6,CLEAN_TEST_FIXTURE,none,True,True,0.0361,True,0.3169,True,0.0167,True,0.3169,True,0.0092,True,3.6052,ALL_REQUIRED_EVIDENCE_TRUSTWORTHY,b2d83222fe4bab87f393b8e93c8a29f87ac2f8279ebd9de6ca63f25604bbf49f
case-00949,8d76c450ccf69b69fd04b6f0b71bd2c77e6309468e5e12c18e162eccf84100bd,CONTROLLED_TEST_MUTATION,root_signature_tamper_after_seal,False,True,0.0571,True,0.3915,True,0.0182,True,0.3221,True,0.0108,False,3.647,EVIDENCE_ROOT_INVALID,b2d83222fe4bab87f393b8e93c8a29f87ac2f8279ebd9de6ca63f25604bbf49f
case-00950,c0aceec46aac5ef6aca47c5b040d9bac2edd3843924092a4022b189e188fbdef,CONTROLLED_TEST_MUTATION,empty_payload,False,False,0.0429,False,0.0292,True,0.0137,False,0.0415,True,0.0065,False,3.5819,EVIDENCE_PAYLOAD_EMPTY|EVIDENCE_PAYLOAD_SCHEMA_INVALID|EVIDENCE_SNAPSHOT_CONFLICT,b2d83222fe4bab87f393b8e93c8a29f87ac2f8279ebd9de6ca63f25604bbf49f
case-00951,c2775a786efa290075487c9cb1d4c151c18bd5c66595800a8c1799d4a1fbe9dd,CONTROLLED_TEST_MUTATION,malformed_payload,False,True,0.0498,True,0.3293,True,0.0179,True,0.3163,True,0.0107,False,3.6419,EVIDENCE_PAYLOAD_SCHEMA_INVALID|EVIDENCE_SNAPSHOT_CONFLICT,b2d83222fe4bab87f393b8e93c8a29f87ac2f8279ebd9de6ca63f25604bbf49f
case-00952,9ccb69df82e1474538094ad3c2741f1ca3fa21096d9a28fd0a26954de8e2dd0e,CLEAN_TEST_FIXTURE,none,True,True,0.037,True,0.3203,True,0.0169,True,0.3186,True,0.0101,True,3.5531,ALL_REQUIRED_EVIDENCE_TRUSTWORTHY,b2d83222fe4bab87f393b8e93c8a29f87ac2f8279ebd9de6ca63f25604bbf49f
case-00953,d29185c856ca15ddb1130f24a57f5d770b722779f2cd0c5f3df4f445be3dd849,CONTROLLED_TEST_MUTATION,excluded_ancestor,False,True,0.0399,True,0.3665,True,0.0181,False,0.3399,True,0.0073,False,3.9,REQUIRED_INPUT_EXCLUDED,b2d83222fe4bab87f393b8e93c8a29f87ac2f8279ebd9de6ca63f25604bbf49f
case-00954,7501167eb2e25785d2e8e28bb61b42643f9b77ab1ed320226379aad19cdffb59,CONTROLLED_TEST_MUTATION,expired_import,False,True,0.0381,False,0.3042,True,0.0177,False,0.276,True,0.009,False,3.9969,EVIDENCE_STALE,b2d83222fe4bab87f393b8e93c8a29f87ac2f8279ebd9de6ca63f25604bbf49f
case-00955,ebf07042c64f70614f5de3028cd174471269487998ca4980cb6e81bc6c99ed53,CONTROLLED_TEST_MUTATION,lineage_cycle,False,True,0.0406,True,0.3529,True,0.0186,True,0.3448,True,0.0113,False,4.0352,EVIDENCE_LINEAGE_INVALID,b2d83222fe4bab87f393b8e93c8a29f87ac2f8279ebd9de6ca63f25604bbf49f
case-00956,95db22409681fc6907c86485051533d21631fafeb88aa8f8fcb3cb1671e7f661,CONTROLLED_TEST_MUTATION,incomplete_payload,False,True,0.0435,False,0.1644,True,0.0186,False,0.1563,True,0.0133,False,5.0743,EVIDENCE_PAYLOAD_INCOMPLETE,b2d83222fe4bab87f393b8e93c8a29f87ac2f8279ebd9de6ca63f25604bbf49f
case-00957,bd529f4a0cc51204ae1b09d109db61ce6979855dcfdf222936825075d6d3a1c1,CONTROLLED_TEST_MUTATION,missing_direct_role,False,False,0.0244,False,0.0148,True,0.017,False,0.0266,True,0.0067,False,3.4206,REQUIRED_ROLE_MISSING,b2d83222fe4bab87f393b8e93c8a29f87ac2f8279ebd9de6ca63f25604bbf49f
case-00958,dcbeb3b2f0c2055c43f97ea33ae7473d0cf8c5d2ba0fd7d38549f86c73edc377,CONTROLLED_TEST_MUTATION,wrong_context,False,True,0.0415,True,0.3457,True,0.0187,True,0.4865,True,0.0127,False,5.7655,EVIDENCE_CONTEXT_MISMATCH,b2d83222fe4bab87f393b8e93c8a29f87ac2f8279ebd9de6ca63f25604bbf49f
case-00959,f73a0c3b17fdabc2ce079929ced636babbe31742b345adf38112c31a2b18970a,CONTROLLED_TEST_MUTATION,malformed_payload,False,True,0.0417,True,0.3434,True,0.0186,True,0.3364,True,0.0107,False,3.8968,EVIDENCE_PAYLOAD_SCHEMA_INVALID|EVIDENCE_SNAPSHOT_CONFLICT,b2d83222fe4bab87f393b8e93c8a29f87ac2f8279ebd9de6ca63f25604bbf49f
case-00960,ed8a2b41bf23ddd362701c0addbcda8dbfb8b98f6b376fc86a03fb7b9ea8f23f,CONTROLLED_TEST_MUTATION,future_timestamp,False,True,0.0401,False,0.3158,True,0.0183,False,0.3009,True,0.0115,False,3.9039,EVIDENCE_FRESHNESS_UNKNOWN|EVIDENCE_TIMESTAMP_IN_FUTURE,b2d83222fe4bab87f393b8e93c8a29f87ac2f8279ebd9de6ca63f25604bbf49f
case-00961,b8d6d8b60e99f7cf6d6d2ccab0b81345f274df4b10b9ed6074ff92fd9ce3ec1f,CONTROLLED_TEST_MUTATION,missing_direct_role,False,False,0.0233,False,0.0146,True,0.0173,False,0.0268,True,0.0065,False,3.4505,REQUIRED_ROLE_MISSING,b2d83222fe4bab87f393b8e93c8a29f87ac2f8279ebd9de6ca63f25604bbf49f
case-00962,33edb1516f578ee93dad0874770537d666de785fb0844e11f1461984ee68e63e,CONTROLLED_TEST_MUTATION,missing_direct_role,False,False,0.0241,False,0.015,True,0.0171,False,0.0275,True,0.0068,False,3.5253,REQUIRED_ROLE_MISSING,b2d83222fe4bab87f393b8e93c8a29f87ac2f8279ebd9de6ca63f25604bbf49f
case-00963,82bba0cfc4dca171a033fa16c60c7b69cbc09e1c3193ee52fac665313cab06b1,CLEAN_TEST_FIXTURE,none,True,True,0.0419,True,0.3578,True,0.0186,True,0.3583,True,0.012,True,4.0013,ALL_REQUIRED_EVIDENCE_TRUSTWORTHY,b2d83222fe4bab87f393b8e93c8a29f87ac2f8279ebd9de6ca63f25604bbf49f
case-00964,c0b5f655b730827503932e7aa63360cd88d1b7ced810904bcb48bac01a795b3b,CONTROLLED_TEST_MUTATION,malformed_payload,False,True,0.0416,True,0.3446,True,0.0185,True,0.3399,True,0.011,False,3.882,EVIDENCE_PAYLOAD_SCHEMA_INVALID|EVIDENCE_SNAPSHOT_CONFLICT,b2d83222fe4bab87f393b8e93c8a29f87ac2f8279ebd9de6ca63f25604bbf49f
case-00965,d28d0a39712cb322bb8e98ff11aea6d0e5c4d9a4b9becfc540883148592a8224,CLEAN_TEST_FIXTURE,none,True,True,0.0402,True,0.3494,True,0.0183,True,0.3464,True,0.0111,True,4.6787,ALL_REQUIRED_EVIDENCE_TRUSTWORTHY,b2d83222fe4bab87f393b8e93c8a29f87ac2f8279ebd9de6ca63f25604bbf49f
case-00966,dbdd5a010123c6506a1f73fee9b1fc85c1d837000d627808b4c34d1c0f5fba3c,CONTROLLED_TEST_MUTATION,lineage_cycle,False,True,0.0406,True,0.3519,True,0.0185,True,0.3507,True,0.0099,False,3.9607,EVIDENCE_LINEAGE_INVALID,b2d83222fe4bab87f393b8e93c8a29f87ac2f8279ebd9de6ca63f25604bbf49f
case-00967,429f0d3f9e82691bcd22473d14f72f74c00d56b6d7b879a9b6fa4ab4ca81f1c5,CONTROLLED_TEST_MUTATION,unavailable_record,False,True,0.0405,False,0.3164,True,0.0181,False,1.1997,True,0.0174,False,3.9915,EVIDENCE_LINEAGE_INCOMPLETE|EVIDENCE_UNAVAILABLE,b2d83222fe4bab87f393b8e93c8a29f87ac2f8279ebd9de6ca63f25604bbf49f
case-00968,9d8ad58b98a271048c0b46c011f9a91c06f15ca7c0b14dc6c7405632561f6ad6,CONTROLLED_TEST_MUTATION,role_conflict,False,True,0.0437,True,0.3784,True,0.0198,False,0.3672,True,0.0084,False,4.2732,EVIDENCE_ROLE_CONFLICT,b2d83222fe4bab87f393b8e93c8a29f87ac2f8279ebd9de6ca63f25604bbf49f
case-00969,6af814a802da5059d05220860a5a69ddb12cbb5e2e855fbfadf94a54d581b37b,CONTROLLED_TEST_MUTATION,expired_import,False,True,0.0422,False,0.2982,True,0.0189,False,0.2863,True,0.0124,False,3.9652,EVIDENCE_STALE,b2d83222fe4bab87f393b8e93c8a29f87ac2f8279ebd9de6ca63f25604bbf49f
case-00970,17d9338b231385836541c6ef2b3d38f3cdb5312f8480bdddc3ae02075bfdeb53,CONTROLLED_TEST_MUTATION,root_signature_tamper_after_seal,False,True,0.0427,True,0.3599,True,0.0198,True,0.3515,True,0.0121,False,4.1963,EVIDENCE_ROOT_INVALID,b2d83222fe4bab87f393b8e93c8a29f87ac2f8279ebd9de6ca63f25604bbf49f
case-00971,d35be300d8f32dd543e09e6bd9e33e5318d063b88796034a1ed1b24c22c58225,CONTROLLED_TEST_MUTATION,missing_lineage,False,True,0.0404,True,0.3454,True,0.0182,True,0.3384,True,0.0111,False,3.908,EVIDENCE_LINEAGE_INCOMPLETE,b2d83222fe4bab87f393b8e93c8a29f87ac2f8279ebd9de6ca63f25604bbf49f
case-00972,27e493f94dc64add1b57128881cfec5fc0f825d54ff9aa652ceab36af42cbc6d,CONTROLLED_TEST_MUTATION,unavailable_record,False,True,0.0494,False,0.4834,True,0.0228,False,0.6008,True,0.0169,False,4.6677,EVIDENCE_LINEAGE_INCOMPLETE|EVIDENCE_UNAVAILABLE,b2d83222fe4bab87f393b8e93c8a29f87ac2f8279ebd9de6ca63f25604bbf49f
case-00973,b4f8aba6d4d422d71f26e23b47e561612d75d7180e9eea577f4a85d20bcc0073,CONTROLLED_TEST_MUTATION,unavailable_record,False,True,0.0421,False,0.324,True,0.0194,False,0.3452,True,0.0127,False,5.2441,EVIDENCE_LINEAGE_INCOMPLETE|EVIDENCE_UNAVAILABLE,b2d83222fe4bab87f393b8e93c8a29f87ac2f8279ebd9de6ca63f25604bbf49f
case-00974,2f2ffd3ecd4f624a565a1d97a3b3577eb326aeaf5624871e236b977c96e8f906,CONTROLLED_TEST_MUTATION,incomplete_payload,False,True,0.0459,False,0.1784,True,0.0182,False,0.1579,True,0.0116,False,3.8901,EVIDENCE_PAYLOAD_INCOMPLETE,b2d83222fe4bab87f393b8e93c8a29f87ac2f8279ebd9de6ca63f25604bbf49f
case-00975,ac52a957f4ae98b0b7792777735ebef5b6644caa942e69ff3c75fe23c14fb826,CONTROLLED_TEST_MUTATION,root_signature_tamper_after_seal,False,True,0.0426,True,0.364,True,0.019,True,0.3476,True,0.011,False,5.1155,EVIDENCE_ROOT_INVALID,b2d83222fe4bab87f393b8e93c8a29f87ac2f8279ebd9de6ca63f25604bbf49f
case-00976,aac12ea0d2ae0b667e1b282567ce6895f55f8ced21c7cae79323f13363dff612,CONTROLLED_TEST_MUTATION,empty_payload,False,False,0.0444,False,0.0316,True,0.0147,False,0.0449,True,0.0074,False,3.889,EVIDENCE_PAYLOAD_EMPTY|EVIDENCE_PAYLOAD_SCHEMA_INVALID|EVIDENCE_SNAPSHOT_CONFLICT,b2d83222fe4bab87f393b8e93c8a29f87ac2f8279ebd9de6ca63f25604bbf49f
case-00977,f195d140c887b0b353783d3306a382387bd7a7b294a2a06005ccc7e6459fc02c,CONTROLLED_TEST_MUTATION,source_type_impersonation,False,True,0.0383,True,0.8879,True,0.0865,True,0.457,True,0.013,False,4.6121,EVIDENCE_ROLE_SOURCE_NOT_ALLOWED|OPERATOR_EVIDENCE_UNVERIFIED,b2d83222fe4bab87f393b8e93c8a29f87ac2f8279ebd9de6ca63f25604bbf49f
case-00978,8122ceecae0c15a4423b6765a956c75e24413cd2063090bb0e608f96547d2e99,CLEAN_TEST_FIXTURE,none,True,True,0.0402,True,0.3538,True,0.0187,True,0.3506,True,0.0102,True,3.9047,ALL_REQUIRED_EVIDENCE_TRUSTWORTHY,b2d83222fe4bab87f393b8e93c8a29f87ac2f8279ebd9de6ca63f25604bbf49f
case-00979,868fd4052d6230db70469469b8d75e7e0aa5ed9fdef2507cfd661fd7f2899d63,CONTROLLED_TEST_MUTATION,malformed_payload,False,True,0.0435,True,0.353,True,0.0191,True,0.344,True,0.0112,False,3.9066,EVIDENCE_PAYLOAD_SCHEMA_INVALID|EVIDENCE_SNAPSHOT_CONFLICT,b2d83222fe4bab87f393b8e93c8a29f87ac2f8279ebd9de6ca63f25604bbf49f
case-00980,e894e64387c9841864d36b215113d1cb05585f9f83b8d6d4c501862ad1e6f3ff,CONTROLLED_TEST_MUTATION,source_type_impersonation,False,True,0.0393,True,0.353,True,0.0178,True,0.356,True,0.009,False,5.0124,EVIDENCE_ROLE_SOURCE_NOT_ALLOWED|OPERATOR_EVIDENCE_UNVERIFIED,b2d83222fe4bab87f393b8e93c8a29f87ac2f8279ebd9de6ca63f25604bbf49f
case-00981,0f817c4fbc414cad5f3cf308c9cded32ee5ca5136c37af59bfbd4d785554ead7,CONTROLLED_TEST_MUTATION,incomplete_payload,False,True,0.0433,False,0.1708,True,0.0187,False,0.1588,True,0.0118,False,4.0675,EVIDENCE_PAYLOAD_INCOMPLETE,b2d83222fe4bab87f393b8e93c8a29f87ac2f8279ebd9de6ca63f25604bbf49f
case-00982,df836ff3eb63bccf0a451c9444910dd483d9bd2e6b5c81426864b796929130f2,CONTROLLED_TEST_MUTATION,empty_payload,False,False,0.067,False,0.0827,True,0.2468,False,0.0897,True,0.0105,False,4.9518,EVIDENCE_PAYLOAD_EMPTY|EVIDENCE_PAYLOAD_SCHEMA_INVALID|EVIDENCE_SNAPSHOT_CONFLICT,b2d83222fe4bab87f393b8e93c8a29f87ac2f8279ebd9de6ca63f25604bbf49f
case-00983,1d21588502484f6084ecfe785323f9d4108d361ae893d042b6527d1772d7f25c,CONTROLLED_TEST_MUTATION,lineage_cycle,False,True,0.0463,True,0.379,True,0.0207,True,0.3519,True,0.0125,False,4.169,EVIDENCE_LINEAGE_INVALID,b2d83222fe4bab87f393b8e93c8a29f87ac2f8279ebd9de6ca63f25604bbf49f
case-00984,483887a33c0766882170fd620ee5ebfda8d3db6fb5b090449be7c0893148e158,CONTROLLED_TEST_MUTATION,broken_lineage,False,True,0.0412,True,0.3585,True,0.0186,True,0.3481,True,0.012,False,3.9392,EVIDENCE_LINEAGE_INVALID,b2d83222fe4bab87f393b8e93c8a29f87ac2f8279ebd9de6ca63f25604bbf49f
case-00985,5e25d4ad67ef2d89454807b0cb6ed255cbdc4db31662bc2598f3b69ffc204c5e,CONTROLLED_TEST_MUTATION,stale_live_observation,False,True,0.0395,False,0.3248,True,0.0185,False,0.3127,True,0.0096,False,5.2047,EVIDENCE_STALE,b2d83222fe4bab87f393b8e93c8a29f87ac2f8279ebd9de6ca63f25604bbf49f
case-00986,d6b777a39dac22887ca0929da738bc8d4ad394a790f9a32b1632853877aa7cd5,CLEAN_TEST_FIXTURE,none,True,True,0.043,True,0.3551,True,0.0186,True,0.3443,True,0.0112,True,3.9572,ALL_REQUIRED_EVIDENCE_TRUSTWORTHY,b2d83222fe4bab87f393b8e93c8a29f87ac2f8279ebd9de6ca63f25604bbf49f
case-00987,d8a68df0bf317beb84b34cfd7772afada2f7ed71ebd30f1024d903390652726e,CONTROLLED_TEST_MUTATION,broken_lineage,False,True,0.047,True,0.5227,True,0.0219,True,0.434,True,0.0149,False,4.1552,EVIDENCE_LINEAGE_INVALID,b2d83222fe4bab87f393b8e93c8a29f87ac2f8279ebd9de6ca63f25604bbf49f
case-00988,9355fbf035d09421374a58d88b2eb696c41e2cf7b28acb53799374eca3eb16aa,CONTROLLED_TEST_MUTATION,future_timestamp,False,True,0.0405,False,0.3202,True,0.0185,False,0.3111,True,0.0105,False,3.9357,EVIDENCE_FRESHNESS_UNKNOWN|EVIDENCE_TIMESTAMP_IN_FUTURE,b2d83222fe4bab87f393b8e93c8a29f87ac2f8279ebd9de6ca63f25604bbf49f
case-00989,6ceda488241f990e2450ec343bc92e0c9d181c36f77cb774cf6e30f87e7c1e97,CONTROLLED_TEST_MUTATION,snapshot_score_conflict,False,True,0.0418,True,0.3558,True,0.0182,True,0.3462,True,0.0108,False,3.9327,EVIDENCE_SNAPSHOT_CONFLICT,b2d83222fe4bab87f393b8e93c8a29f87ac2f8279ebd9de6ca63f25604bbf49f
case-00990,ac387f39168e3f9e5810adf0f05328518830f39b9542aafbaa84a670eda8145d,CONTROLLED_TEST_MUTATION,lineage_cycle,False,True,0.043,True,0.358,True,0.0188,True,0.3505,True,0.0108,False,6.2302,EVIDENCE_LINEAGE_INVALID,b2d83222fe4bab87f393b8e93c8a29f87ac2f8279ebd9de6ca63f25604bbf49f
case-00991,d99478472567d457680d54467224c8978ab869ebfb31263f4ba06d68d697fd6f,CONTROLLED_TEST_MUTATION,incomplete_payload,False,True,0.055,False,0.2043,True,0.0192,False,0.2017,True,0.0126,False,9.3912,EVIDENCE_PAYLOAD_INCOMPLETE,b2d83222fe4bab87f393b8e93c8a29f87ac2f8279ebd9de6ca63f25604bbf49f
case-00992,4d1dbd8780912f5c4917593c503ff59296a7017809529e5a837bfe0484c64dcb,CONTROLLED_TEST_MUTATION,role_conflict,False,True,0.0467,True,0.381,True,0.0203,False,0.5092,True,0.0102,False,7.5129,EVIDENCE_ROLE_CONFLICT,b2d83222fe4bab87f393b8e93c8a29f87ac2f8279ebd9de6ca63f25604bbf49f
case-00993,fef8e95179df2bdbf4786989c479327be9e2a4f678559d689e6f73dd0621364b,CONTROLLED_TEST_MUTATION,future_timestamp,False,True,0.0823,False,0.4221,True,0.0282,False,0.3627,True,0.0126,False,6.9919,EVIDENCE_FRESHNESS_UNKNOWN|EVIDENCE_TIMESTAMP_IN_FUTURE,b2d83222fe4bab87f393b8e93c8a29f87ac2f8279ebd9de6ca63f25604bbf49f
case-00994,b72da7c3975b87080e9de6d4a0c94e839dcec692d85dfceafd1d85e04d39b14f,CONTROLLED_TEST_MUTATION,unknown_source,False,True,0.0411,True,0.3497,True,0.0189,True,0.4315,True,0.0157,False,4.362,EVIDENCE_ROLE_SOURCE_NOT_ALLOWED|EVIDENCE_SOURCE_ID_UNKNOWN|EVIDENCE_SOURCE_POLICY_MISSING,b2d83222fe4bab87f393b8e93c8a29f87ac2f8279ebd9de6ca63f25604bbf49f
case-00995,0090318f27a83143c66a40b1d6a464d195b99b65285df8a624b8475021379795,CONTROLLED_TEST_MUTATION,excluded_ancestor,False,True,0.0544,True,0.3844,True,0.0197,False,0.352,True,0.0087,False,4.3327,REQUIRED_INPUT_EXCLUDED,b2d83222fe4bab87f393b8e93c8a29f87ac2f8279ebd9de6ca63f25604bbf49f
case-00996,39da3c29d8312defc325ac51217cf41ff6ab90aaee0489753ebba6e836d664a4,CONTROLLED_TEST_MUTATION,snapshot_score_conflict,False,True,0.0438,True,0.3591,True,0.0196,True,0.3709,True,0.0135,False,5.9311,EVIDENCE_SNAPSHOT_CONFLICT,b2d83222fe4bab87f393b8e93c8a29f87ac2f8279ebd9de6ca63f25604bbf49f
case-00997,2a3e015ea486bbc28a7d83ff8a55da20b8e2f1ea98fe92866b42545dc641f5e2,CONTROLLED_TEST_MUTATION,lineage_cycle,False,True,0.0423,True,0.363,True,0.0192,True,0.35,True,0.0114,False,4.0248,EVIDENCE_LINEAGE_INVALID,b2d83222fe4bab87f393b8e93c8a29f87ac2f8279ebd9de6ca63f25604bbf49f
case-00998,ed5d012d24b517f0623a65688dfa03fdd44f87f23302feea20d875424c3c46d3,CONTROLLED_TEST_MUTATION,broken_lineage,False,True,0.0514,True,0.3886,True,0.0194,True,0.3562,True,0.0141,False,4.0125,EVIDENCE_LINEAGE_INVALID,b2d83222fe4bab87f393b8e93c8a29f87ac2f8279ebd9de6ca63f25604bbf49f
case-00999,401e0f132e74dd67b031c025fb697f0e9bbc7dc2359c2d57c4a79e185c40822d,CONTROLLED_TEST_MUTATION,missing_lineage,False,True,0.0449,True,0.3579,True,0.0198,True,0.3537,True,0.0134,False,4.9311,EVIDENCE_LINEAGE_INCOMPLETE,b2d83222fe4bab87f393b8e93c8a29f87ac2f8279ebd9de6ca63f25604bbf49f
case-01000,b6038c27aa4557bf53b858ecba05d27a00ab03f00da285e9321f98b7516d0638,CONTROLLED_TEST_MUTATION,missing_direct_role,False,False,0.0285,False,0.0156,True,0.0185,False,0.0277,True,0.0076,False,3.6854,REQUIRED_ROLE_MISSING,b2d83222fe4bab87f393b8e93c8a29f87ac2f8279ebd9de6ca63f25604bbf49f
case-01001,3f24e2e567d3c4de406a20c60b2bda61696eaa9bfaddb243da999e0097bd7016,CLEAN_TEST_FIXTURE,none,True,True,0.0434,True,0.3689,True,0.0194,True,0.3541,True,0.0125,True,4.0238,ALL_REQUIRED_EVIDENCE_TRUSTWORTHY,b2d83222fe4bab87f393b8e93c8a29f87ac2f8279ebd9de6ca63f25604bbf49f
case-01002,07eda66355d4a1d3c74127aabbe204556d309d4d7d69de64f113caa3f25a8b05,CONTROLLED_TEST_MUTATION,payload_tamper_after_seal,False,True,0.0414,False,0.091,True,0.0179,False,0.0881,True,0.0095,False,3.9904,CHECKSUM_INVALID|EVIDENCE_ROOT_INVALID|EVIDENCE_SNAPSHOT_CONFLICT|RECORD_ENVELOPE_INVALID,b2d83222fe4bab87f393b8e93c8a29f87ac2f8279ebd9de6ca63f25604bbf49f
case-01003,65f92e9ee1ec76f163de9cba3ee77d2036b77384248fe325524356cd6d8fd84e,CONTROLLED_TEST_MUTATION,missing_direct_role,False,False,0.0256,False,0.015,True,0.0179,False,0.0275,True,0.0069,False,3.4673,REQUIRED_ROLE_MISSING,b2d83222fe4bab87f393b8e93c8a29f87ac2f8279ebd9de6ca63f25604bbf49f
case-01004,29cd7a972c27c6fd2f97c2f6d00d6e9a1e0825a20a015b46df60287d64cc9fef,CONTROLLED_TEST_MUTATION,empty_payload,False,False,0.0551,False,0.0326,True,0.0159,False,0.0467,True,0.0098,False,4.0484,EVIDENCE_PAYLOAD_EMPTY|EVIDENCE_PAYLOAD_SCHEMA_INVALID|EVIDENCE_SNAPSHOT_CONFLICT,b2d83222fe4bab87f393b8e93c8a29f87ac2f8279ebd9de6ca63f25604bbf49f
case-01005,c8a86dd1485998c527024aac3dd8627b6c0168b2af7a237572fd80b765cec97a,CONTROLLED_TEST_MUTATION,source_type_impersonation,False,True,0.0424,True,0.3593,True,0.0193,True,0.3506,True,0.0111,False,3.9626,EVIDENCE_ROLE_SOURCE_NOT_ALLOWED|OPERATOR_EVIDENCE_UNVERIFIED,b2d83222fe4bab87f393b8e93c8a29f87ac2f8279ebd9de6ca63f25604bbf49f
case-01006,1a35465d3de24f0c289dbda5f248120f18b889875e9b8ea9a172011648c6bd9c,CONTROLLED_TEST_MUTATION,payload_tamper_after_seal,False,True,0.0403,False,0.0887,True,0.0179,False,0.0892,True,0.0089,False,4.7054,CHECKSUM_INVALID|EVIDENCE_ROOT_INVALID|EVIDENCE_SNAPSHOT_CONFLICT|RECORD_ENVELOPE_INVALID,b2d83222fe4bab87f393b8e93c8a29f87ac2f8279ebd9de6ca63f25604bbf49f
case-01007,519b96cdf8db7348b0cf792d073593aac512026ecddfe9d7b57978daafa8f13e,CONTROLLED_TEST_MUTATION,wrong_context,False,True,0.042,True,0.3571,True,0.0193,True,0.3522,True,0.012,False,3.9597,EVIDENCE_CONTEXT_MISMATCH,b2d83222fe4bab87f393b8e93c8a29f87ac2f8279ebd9de6ca63f25604bbf49f
case-01008,2e7e6879c4c168d47197eed7761c409b20da10ce072150be6b1b19d05c998c1c,CLEAN_TEST_FIXTURE,none,True,True,0.0421,True,0.3534,True,0.0196,True,1.7181,True,0.0171,True,8.5407,ALL_REQUIRED_EVIDENCE_TRUSTWORTHY,b2d83222fe4bab87f393b8e93c8a29f87ac2f8279ebd9de6ca63f25604bbf49f
case-01009,b7929e24b6d89edf4602a00974c09c70a6cf1fdd28ab9fd09c44621419af8a8a,CONTROLLED_TEST_MUTATION,stale_live_observation,False,True,0.2921,False,0.6596,True,0.0546,False,1.1569,True,0.0243,False,10.2742,EVIDENCE_STALE,b2d83222fe4bab87f393b8e93c8a29f87ac2f8279ebd9de6ca63f25604bbf49f
case-01010,4bffa644be5159f75fbc5b81b83141c19eafe0c0827abfbfc5573aab47aea71a,CONTROLLED_TEST_MUTATION,snapshot_score_conflict,False,True,0.0413,True,0.3548,True,0.0189,True,0.437,True,0.0128,False,5.115,EVIDENCE_SNAPSHOT_CONFLICT,b2d83222fe4bab87f393b8e93c8a29f87ac2f8279ebd9de6ca63f25604bbf49f
case-01011,a10fe5fdf427842bdd4505afe86f0b83e48be085138de620d2720cb6faa74eda,CLEAN_TEST_FIXTURE,none,True,True,0.0463,True,0.3788,True,0.0201,True,0.3561,True,0.0141,True,4.4518,ALL_REQUIRED_EVIDENCE_TRUSTWORTHY,b2d83222fe4bab87f393b8e93c8a29f87ac2f8279ebd9de6ca63f25604bbf49f
case-01012,feb3ad0ba42bef275cc6fd0ebd0f9b4878a35fb8262c5f537a602834b67f267d,CONTROLLED_TEST_MUTATION,root_signature_tamper_after_seal,False,True,0.0413,True,2.1167,True,0.0231,True,0.6124,True,0.0131,False,5.6102,EVIDENCE_ROOT_INVALID,b2d83222fe4bab87f393b8e93c8a29f87ac2f8279ebd9de6ca63f25604bbf49f
case-01013,b643c5fb938f0a17cad69a2019573809d28e0ca027d9b07370cb2bce57ab95e9,CONTROLLED_TEST_MUTATION,empty_payload,False,False,0.057,False,0.212,True,0.0809,False,0.3525,True,0.0104,False,9.591,EVIDENCE_PAYLOAD_EMPTY|EVIDENCE_PAYLOAD_SCHEMA_INVALID|EVIDENCE_SNAPSHOT_CONFLICT,b2d83222fe4bab87f393b8e93c8a29f87ac2f8279ebd9de6ca63f25604bbf49f
case-01014,0a3d0b144c4e290df57ea114f81b262fe3758ad7b6e66fad2b0971193d5634cc,CONTROLLED_TEST_MUTATION,wrong_context,False,True,0.045,True,0.3669,True,0.0197,True,0.3538,True,0.0131,False,5.208,EVIDENCE_CONTEXT_MISMATCH,b2d83222fe4bab87f393b8e93c8a29f87ac2f8279ebd9de6ca63f25604bbf49f
case-01015,791bf4dae3c38490b80feddcbf40f0dafbfaa6939d9400ab823d97ea48af88e4,CONTROLLED_TEST_MUTATION,payload_tamper_after_seal,False,True,0.0429,False,0.0928,True,0.018,False,0.0912,True,0.0103,False,4.0069,CHECKSUM_INVALID|EVIDENCE_ROOT_INVALID|EVIDENCE_SNAPSHOT_CONFLICT|RECORD_ENVELOPE_INVALID,b2d83222fe4bab87f393b8e93c8a29f87ac2f8279ebd9de6ca63f25604bbf49f
case-01016,6d340311fffa087e3d3dc68a09ce6782409cc7f568f99c6cc0fae2d004de42e0,CONTROLLED_TEST_MUTATION,root_signature_tamper_after_seal,False,True,0.0462,True,0.3968,True,0.0209,True,0.3853,True,0.0196,False,4.6233,EVIDENCE_ROOT_INVALID,b2d83222fe4bab87f393b8e93c8a29f87ac2f8279ebd9de6ca63f25604bbf49f
case-01017,c86b60e83efd8977666a19d107f3f5b231e9742f96a6501ef7801c54de055c28,CLEAN_TEST_FIXTURE,none,True,True,0.0415,True,0.3562,True,0.0189,True,0.3504,True,0.011,True,3.9462,ALL_REQUIRED_EVIDENCE_TRUSTWORTHY,b2d83222fe4bab87f393b8e93c8a29f87ac2f8279ebd9de6ca63f25604bbf49f
case-01018,222ada6df4228d65cd18fe1a75fdb2d7fea263d816268eb3eb30f34a35823889,CONTROLLED_TEST_MUTATION,missing_lineage,False,True,0.059,True,0.3932,True,0.0194,True,0.3521,True,0.012,False,3.8961,EVIDENCE_LINEAGE_INCOMPLETE,b2d83222fe4bab87f393b8e93c8a29f87ac2f8279ebd9de6ca63f25604bbf49f
case-01019,7add79189c9ccc0b8672f03aec8e3bd04f865f978b3f10c89733df28674a9f6d,CONTROLLED_TEST_MUTATION,empty_payload,False,False,0.0462,False,0.0318,True,0.0156,False,0.0449,True,0.0074,False,3.9305,EVIDENCE_PAYLOAD_EMPTY|EVIDENCE_PAYLOAD_SCHEMA_INVALID|EVIDENCE_SNAPSHOT_CONFLICT,b2d83222fe4bab87f393b8e93c8a29f87ac2f8279ebd9de6ca63f25604bbf49f
case-01020,a6c9fd16efd79d52cbdbf575171bf7a42d6103beae0d2918aabf7e5735023ba5,CONTROLLED_TEST_MUTATION,source_type_impersonation,False,True,0.0419,True,0.3539,True,0.0192,True,0.3467,True,0.0119,False,3.9883,EVIDENCE_ROLE_SOURCE_NOT_ALLOWED|OPERATOR_EVIDENCE_UNVERIFIED,b2d83222fe4bab87f393b8e93c8a29f87ac2f8279ebd9de6ca63f25604bbf49f
case-01021,d3e48c74a2c22385d54f0f9fdb50fc7be96dda677f35720f1366c6314b064faf,CONTROLLED_TEST_MUTATION,role_conflict,False,True,0.0444,True,0.3745,True,0.02,False,0.3679,True,0.0083,False,5.2368,EVIDENCE_ROLE_CONFLICT,b2d83222fe4bab87f393b8e93c8a29f87ac2f8279ebd9de6ca63f25604bbf49f
case-01022,327f6bc9b6fd32195d1e7a230af6cac706b675df1e6dca48f33abedf3d1dafaf,CONTROLLED_TEST_MUTATION,root_signature_tamper_after_seal,False,True,0.0414,True,0.3555,True,0.0192,True,0.348,True,0.0114,False,3.922,EVIDENCE_ROOT_INVALID,b2d83222fe4bab87f393b8e93c8a29f87ac2f8279ebd9de6ca63f25604bbf49f
case-01023,4ecf71c2578eae500f5082d14d9fccdfc8acc4808da3301425feeda29398536e,CONTROLLED_TEST_MUTATION,empty_payload,False,False,0.0473,False,0.0305,True,0.0145,False,0.0439,True,0.0072,False,5.1419,EVIDENCE_PAYLOAD_EMPTY|EVIDENCE_PAYLOAD_SCHEMA_INVALID|EVIDENCE_SNAPSHOT_CONFLICT,b2d83222fe4bab87f393b8e93c8a29f87ac2f8279ebd9de6ca63f25604bbf49f
case-01024,372e259657690cacb14a9bdde87f3771fb41e2be69edcafb0a39beb1b94d79d3,CONTROLLED_TEST_MUTATION,unknown_source,False,True,0.043,True,0.3819,True,0.0192,True,0.3778,True,0.0115,False,4.2988,EVIDENCE_ROLE_SOURCE_NOT_ALLOWED|EVIDENCE_SOURCE_ID_UNKNOWN|EVIDENCE_SOURCE_POLICY_MISSING,b2d83222fe4bab87f393b8e93c8a29f87ac2f8279ebd9de6ca63f25604bbf49f
case-01025,ce8fdf9942c82e9a7989f2fc681b9bddc8640e6356642096025fcfef52ec7f65,CONTROLLED_TEST_MUTATION,expired_import,False,True,0.0399,False,0.3102,True,0.018,False,0.2754,True,0.0113,False,3.9735,EVIDENCE_STALE,b2d83222fe4bab87f393b8e93c8a29f87ac2f8279ebd9de6ca63f25604bbf49f
case-01026,04e570cc6cd613af136b6cd2d230b6c80ac4d94acfe0deab14dd3cf34a137053,CONTROLLED_TEST_MUTATION,source_type_impersonation,False,True,0.0404,True,0.3682,True,0.0188,True,0.3428,True,0.0104,False,4.1375,EVIDENCE_ROLE_SOURCE_NOT_ALLOWED|OPERATOR_EVIDENCE_UNVERIFIED,b2d83222fe4bab87f393b8e93c8a29f87ac2f8279ebd9de6ca63f25604bbf49f
case-01027,ddfb56e104f6c73ffdd68689a24b7514d313efcc9542f47f9171087cf0c7a820,CONTROLLED_TEST_MUTATION,payload_tamper_after_seal,False,True,0.0416,False,0.0903,True,0.0177,False,0.088,True,0.0091,False,3.9107,CHECKSUM_INVALID|EVIDENCE_ROOT_INVALID|EVIDENCE_SNAPSHOT_CONFLICT|RECORD_ENVELOPE_INVALID,b2d83222fe4bab87f393b8e93c8a29f87ac2f8279ebd9de6ca63f25604bbf49f
case-01028,882bc6e2e6cc674f6cfc13cd02ed06653f40e2fb86a98b9b02770c3ee503d45b,CLEAN_TEST_FIXTURE,none,True,True,0.041,True,0.3517,True,0.0187,True,0.3456,True,0.0111,True,4.674,ALL_REQUIRED_EVIDENCE_TRUSTWORTHY,b2d83222fe4bab87f393b8e93c8a29f87ac2f8279ebd9de6ca63f25604bbf49f
case-01029,b1d37e56be9371751f5461cbd9046e47fb0f9b3d59eb61a960564177a33922c8,CONTROLLED_TEST_MUTATION,snapshot_score_conflict,False,True,0.0429,True,0.3709,True,0.0192,True,0.3384,True,0.012,False,3.9581,EVIDENCE_SNAPSHOT_CONFLICT,b2d83222fe4bab87f393b8e93c8a29f87ac2f8279ebd9de6ca63f25604bbf49f
case-01030,0123e6a01faeee0f77c4d05fef2bdd0e3b5e933093a85197e9928a55ba35ece8,CLEAN_TEST_FIXTURE,none,True,True,0.043,True,0.5204,True,0.287,True,0.9284,True,0.0144,True,4.0776,ALL_REQUIRED_EVIDENCE_TRUSTWORTHY,b2d83222fe4bab87f393b8e93c8a29f87ac2f8279ebd9de6ca63f25604bbf49f
case-01031,d03ca61bc3c3a3ed738197a68b7e08e6a1c7230c3f5161d8764f2dbafe55a571,CONTROLLED_TEST_MUTATION,root_signature_tamper_after_seal,False,True,0.0379,True,0.3357,True,0.0175,True,0.3339,True,0.0096,False,3.7481,EVIDENCE_ROOT_INVALID,b2d83222fe4bab87f393b8e93c8a29f87ac2f8279ebd9de6ca63f25604bbf49f
case-01032,dd9ba18657fdf513e65a94764221351411939c2ce93ec1fcf91f4ff3deae0eae,CONTROLLED_TEST_MUTATION,empty_payload,False,False,0.0441,False,0.0304,True,0.0144,False,0.0433,True,0.0069,False,3.7281,EVIDENCE_PAYLOAD_EMPTY|EVIDENCE_PAYLOAD_SCHEMA_INVALID|EVIDENCE_SNAPSHOT_CONFLICT,b2d83222fe4bab87f393b8e93c8a29f87ac2f8279ebd9de6ca63f25604bbf49f
case-01033,796857c3adc71bf150151a8835e21ea8ee7fbc4307a9f9aa7d6c3f2db4c00323,CONTROLLED_TEST_MUTATION,snapshot_score_conflict,False,True,0.0377,True,0.3315,True,0.0173,True,0.3324,True,0.0084,False,3.7502,EVIDENCE_SNAPSHOT_CONFLICT,b2d83222fe4bab87f393b8e93c8a29f87ac2f8279ebd9de6ca63f25604bbf49f
case-01034,0884fc3d28355d15be0cf196772c8c6f6d28d32f291732a8a010a809668065a0,CLEAN_TEST_FIXTURE,none,True,True,0.0411,True,0.3645,True,0.0179,True,0.3354,True,0.0105,True,3.8216,ALL_REQUIRED_EVIDENCE_TRUSTWORTHY,b2d83222fe4bab87f393b8e93c8a29f87ac2f8279ebd9de6ca63f25604bbf49f
case-01035,870a45a22c5c14b23cae2e4233c6398615b28e36edf14d43a13d2cc92acf20bf,CLEAN_TEST_FIXTURE,none,True,True,0.0376,True,0.3388,True,0.0177,True,0.3364,True,0.0088,True,4.5048,ALL_REQUIRED_EVIDENCE_TRUSTWORTHY,b2d83222fe4bab87f393b8e93c8a29f87ac2f8279ebd9de6ca63f25604bbf49f
case-01036,35538ee0a41334bd8523c35b73f22f9e1084cdb8b355646b05248abf9b7caf1b,CONTROLLED_TEST_MUTATION,root_signature_tamper_after_seal,False,True,0.0382,True,0.3364,True,0.0177,True,0.3354,True,0.0103,False,3.805,EVIDENCE_ROOT_INVALID,b2d83222fe4bab87f393b8e93c8a29f87ac2f8279ebd9de6ca63f25604bbf49f
case-01037,c3e114e1139b248ff309900d9a9775ce56d9df4c014a9af4b3878510d446002b,CONTROLLED_TEST_MUTATION,root_signature_tamper_after_seal,False,True,0.0494,True,0.3801,True,0.0201,True,0.3781,True,0.0122,False,4.703,EVIDENCE_ROOT_INVALID,b2d83222fe4bab87f393b8e93c8a29f87ac2f8279ebd9de6ca63f25604bbf49f
case-01038,90d8769d6a9642174b66c1506b04fb2bd50f5259560a0c19b9f06752d30cee0e,CONTROLLED_TEST_MUTATION,source_type_impersonation,False,True,0.0422,True,0.3506,True,0.0187,True,0.382,True,0.0143,False,4.0731,EVIDENCE_ROLE_SOURCE_NOT_ALLOWED|OPERATOR_EVIDENCE_UNVERIFIED,b2d83222fe4bab87f393b8e93c8a29f87ac2f8279ebd9de6ca63f25604bbf49f
case-01039,e9a0e376b77df52aae8a844b83b980eb80c13f9e630ebe1ac2c7aae8222e52ac,CONTROLLED_TEST_MUTATION,root_signature_tamper_after_seal,False,True,0.0481,True,0.3765,True,0.0227,True,0.3613,True,0.0146,False,4.1924,EVIDENCE_ROOT_INVALID,b2d83222fe4bab87f393b8e93c8a29f87ac2f8279ebd9de6ca63f25604bbf49f
case-01040,d18af8df212be47a1a448258fdb1a762f7d22af714305478f44869e34e555551,CONTROLLED_TEST_MUTATION,missing_direct_role,False,False,0.0287,False,0.0165,True,0.022,False,0.028,True,0.0077,False,3.8853,REQUIRED_ROLE_MISSING,b2d83222fe4bab87f393b8e93c8a29f87ac2f8279ebd9de6ca63f25604bbf49f
case-01041,19cc453bebb5f4931a83737bed0b606475c19bbd2344c76aa6930c314d230c6c,CLEAN_TEST_FIXTURE,none,True,True,0.0422,True,0.3943,True,0.0195,True,0.3412,True,0.011,True,3.9009,ALL_REQUIRED_EVIDENCE_TRUSTWORTHY,b2d83222fe4bab87f393b8e93c8a29f87ac2f8279ebd9de6ca63f25604bbf49f
case-01042,3d8a67d82c0cfd26a2a958c1625bc7d5c76cfee854a647e70c2c95a99f0e260a,CONTROLLED_TEST_MUTATION,excluded_ancestor,False,True,0.039,True,0.3365,True,0.0179,False,0.3377,True,0.0074,False,5.4304,REQUIRED_INPUT_EXCLUDED,b2d83222fe4bab87f393b8e93c8a29f87ac2f8279ebd9de6ca63f25604bbf49f
case-01043,9b5b3a92adc5fee48b98864f97144c52e45784cfb28d539e8640661231e7bde2,CONTROLLED_TEST_MUTATION,unavailable_record,False,True,0.0413,False,0.3196,True,0.019,False,0.3082,True,0.0104,False,3.929,EVIDENCE_LINEAGE_INCOMPLETE|EVIDENCE_UNAVAILABLE,b2d83222fe4bab87f393b8e93c8a29f87ac2f8279ebd9de6ca63f25604bbf49f
case-01044,024c852621a64a458941ed62105fffd208c7e96d28d17860af3fc60f8e7c78a4,CONTROLLED_TEST_MUTATION,root_signature_tamper_after_seal,False,True,0.0486,True,0.3729,True,0.0191,True,0.3529,True,0.0117,False,3.9509,EVIDENCE_ROOT_INVALID,b2d83222fe4bab87f393b8e93c8a29f87ac2f8279ebd9de6ca63f25604bbf49f
case-01045,b9e0aca0c67eb10eedcc783d382c571fe89d07f6e7588b2c691a90c574b1a773,CONTROLLED_TEST_MUTATION,future_timestamp,False,True,0.0407,False,0.3192,True,0.0185,False,0.3069,True,0.0103,False,3.9166,EVIDENCE_FRESHNESS_UNKNOWN|EVIDENCE_TIMESTAMP_IN_FUTURE,b2d83222fe4bab87f393b8e93c8a29f87ac2f8279ebd9de6ca63f25604bbf49f
case-01046,fe72046be02b63cd3ffc576de32698855b4ee8f82c0410a564afe69bebb39926,CONTROLLED_TEST_MUTATION,missing_lineage,False,True,0.0415,True,0.3678,True,0.0185,True,0.3393,True,0.0113,False,3.9495,EVIDENCE_LINEAGE_INCOMPLETE,b2d83222fe4bab87f393b8e93c8a29f87ac2f8279ebd9de6ca63f25604bbf49f
case-01047,123f180f165573fb8f6a9fb52df5643944287bf40a3ae1f0c46488feba07b808,CLEAN_TEST_FIXTURE,none,True,True,0.0441,True,0.3527,True,0.0186,True,0.347,True,0.0112,True,4.6737,ALL_REQUIRED_EVIDENCE_TRUSTWORTHY,b2d83222fe4bab87f393b8e93c8a29f87ac2f8279ebd9de6ca63f25604bbf49f
case-01048,16852f3f700b70237092fd60d3563624f175dd7d140cc341121d097452732dda,CONTROLLED_TEST_MUTATION,broken_lineage,False,True,0.0382,True,0.338,True,0.0177,True,0.3572,True,0.0087,False,3.8278,EVIDENCE_LINEAGE_INVALID,b2d83222fe4bab87f393b8e93c8a29f87ac2f8279ebd9de6ca63f25604bbf49f
case-01049,15596b9b18e36e3654f1d2f6107334a638c1d0e29965b6ec5fc98b51fd3d0f7f,CONTROLLED_TEST_MUTATION,expired_import,False,True,0.0365,False,0.278,True,0.0166,False,0.2739,True,0.0082,False,4.4145,EVIDENCE_STALE,b2d83222fe4bab87f393b8e93c8a29f87ac2f8279ebd9de6ca63f25604bbf49f
case-01050,3551e7c1aba581e5ebe826d27ade1c225b51fb9563299571777a33199d588615,CONTROLLED_TEST_MUTATION,lineage_cycle,False,True,0.037,True,0.3365,True,0.0171,True,0.3351,True,0.0086,False,3.7336,EVIDENCE_LINEAGE_INVALID,b2d83222fe4bab87f393b8e93c8a29f87ac2f8279ebd9de6ca63f25604bbf49f
case-01051,57fb0e4c5bed8ba30246979079295c043c84c428f0e80514467d5b4149a23081,CONTROLLED_TEST_MUTATION,role_conflict,False,True,0.0404,True,1.4456,True,0.0521,False,0.7423,True,0.0102,False,4.3502,EVIDENCE_ROLE_CONFLICT,b2d83222fe4bab87f393b8e93c8a29f87ac2f8279ebd9de6ca63f25604bbf49f
case-01052,2b311577c1c79d63795e1a2aed40ec7f2170cbab7f44a9d6441cef1532ca31e2,CONTROLLED_TEST_MUTATION,malformed_payload,False,True,0.035,True,0.3125,True,0.0162,True,0.3121,True,0.0079,False,3.4815,EVIDENCE_PAYLOAD_SCHEMA_INVALID|EVIDENCE_SNAPSHOT_CONFLICT,b2d83222fe4bab87f393b8e93c8a29f87ac2f8279ebd9de6ca63f25604bbf49f
case-01053,9866c57033d91f8141bed24f02c8dc336715f5d43635f4ddb7d975b90c99cbc2,CLEAN_TEST_FIXTURE,none,True,True,0.0373,True,0.3454,True,0.0172,True,0.3167,True,0.0099,True,3.6513,ALL_REQUIRED_EVIDENCE_TRUSTWORTHY,b2d83222fe4bab87f393b8e93c8a29f87ac2f8279ebd9de6ca63f25604bbf49f
case-01054,3c37466f604cdc01731aaba930c6ffdf844b012c3006a62c9a82b982bc2f1152,CLEAN_TEST_FIXTURE,none,True,True,0.0345,True,0.3206,True,0.0163,True,0.3422,True,0.0078,True,3.5882,ALL_REQUIRED_EVIDENCE_TRUSTWORTHY,b2d83222fe4bab87f393b8e93c8a29f87ac2f8279ebd9de6ca63f25604bbf49f
case-01055,e1c02ca8958857cc331671e588f60414e76d2d1325c7c1165cda0a053da2e3c5,CONTROLLED_TEST_MUTATION,payload_tamper_after_seal,False,True,0.0361,False,0.0785,True,0.0156,False,0.0796,True,0.008,False,3.5124,CHECKSUM_INVALID|EVIDENCE_ROOT_INVALID|EVIDENCE_SNAPSHOT_CONFLICT|RECORD_ENVELOPE_INVALID,b2d83222fe4bab87f393b8e93c8a29f87ac2f8279ebd9de6ca63f25604bbf49f
case-01056,57a48e5188f1b757032ca55e1f57a3150f1ea8a3a97693d5ee2e3e782c8665d4,CONTROLLED_TEST_MUTATION,snapshot_score_conflict,False,True,0.0336,True,0.3325,True,0.0155,True,0.3083,True,0.0074,False,3.5844,EVIDENCE_SNAPSHOT_CONFLICT,b2d83222fe4bab87f393b8e93c8a29f87ac2f8279ebd9de6ca63f25604bbf49f
case-01057,0db0c086bed00a67f2cc9aa2065cd1126dece93ff0bc13373344b7157d126e9e,CONTROLLED_TEST_MUTATION,stale_live_observation,False,True,0.036,False,0.283,True,0.0166,False,0.2734,True,0.0092,False,3.4506,EVIDENCE_STALE,b2d83222fe4bab87f393b8e93c8a29f87ac2f8279ebd9de6ca63f25604bbf49f
case-01058,2042085d0550c31e2fc6f10b4fdb391fa4a8166f08e902c6669fc7e58e6dbfd9,CONTROLLED_TEST_MUTATION,unavailable_record,False,True,0.0351,False,0.3072,True,0.0166,False,0.3004,True,0.0078,False,3.807,EVIDENCE_LINEAGE_INCOMPLETE|EVIDENCE_UNAVAILABLE,b2d83222fe4bab87f393b8e93c8a29f87ac2f8279ebd9de6ca63f25604bbf49f
case-01059,a46b8360b3a97de3725d8b30b7f72e2453490a779fc61252c89915a2b24610da,CONTROLLED_TEST_MUTATION,snapshot_score_conflict,False,True,0.0362,True,0.3177,True,0.0168,True,0.315,True,0.0081,False,3.5295,EVIDENCE_SNAPSHOT_CONFLICT,b2d83222fe4bab87f393b8e93c8a29f87ac2f8279ebd9de6ca63f25604bbf49f
case-01060,febb0d4ba1cc8d25e139529c409b806e0a4903beeafa50e35ec8f87dafba546b,CONTROLLED_TEST_MUTATION,wrong_context,False,True,0.036,True,0.3398,True,0.0166,True,0.341,True,0.0075,False,4.0679,EVIDENCE_CONTEXT_MISMATCH,b2d83222fe4bab87f393b8e93c8a29f87ac2f8279ebd9de6ca63f25604bbf49f
case-01061,e7e9bbb722b712e5978c1df201877a83d7201dcd28089f2e3ec46f15df6538d1,CONTROLLED_TEST_MUTATION,stale_live_observation,False,True,0.0349,False,0.2794,True,0.016,False,0.2726,True,0.0081,False,3.4286,EVIDENCE_STALE,b2d83222fe4bab87f393b8e93c8a29f87ac2f8279ebd9de6ca63f25604bbf49f
case-01062,1afe81ffb8a2381dba19229d2ea1abd78eabfbce098655087197cde3f6e0ac71,CONTROLLED_TEST_MUTATION,excluded_ancestor,False,True,0.0349,True,0.3305,True,0.016,False,0.3304,True,0.0063,False,4.2732,REQUIRED_INPUT_EXCLUDED,b2d83222fe4bab87f393b8e93c8a29f87ac2f8279ebd9de6ca63f25604bbf49f
case-01063,304ae6e59b4642dfc2b6904dfbff69f5a305f8beb5f88ef609d57b4f7ce95a3e,CONTROLLED_TEST_MUTATION,root_signature_tamper_after_seal,False,True,0.035,True,0.308,True,0.016,True,0.3052,True,0.0088,False,3.4326,EVIDENCE_ROOT_INVALID,b2d83222fe4bab87f393b8e93c8a29f87ac2f8279ebd9de6ca63f25604bbf49f
case-01064,118f6aecf0bc8d3ab625ae7060072a1d41ced51b7d29cc81f2b55f5fbd8cff5b,CONTROLLED_TEST_MUTATION,broken_lineage,False,True,0.0339,True,0.3051,True,0.0155,True,0.3044,True,0.0073,False,4.2257,EVIDENCE_LINEAGE_INVALID,b2d83222fe4bab87f393b8e93c8a29f87ac2f8279ebd9de6ca63f25604bbf49f
case-01065,8458498b45a8e596ea59019f467e3e9e55b9ddd18260310b4292b4f5fac046e6,CONTROLLED_TEST_MUTATION,unavailable_record,False,True,0.036,False,0.2948,True,0.0171,False,0.2881,True,0.009,False,3.5877,EVIDENCE_LINEAGE_INCOMPLETE|EVIDENCE_UNAVAILABLE,b2d83222fe4bab87f393b8e93c8a29f87ac2f8279ebd9de6ca63f25604bbf49f
case-01066,1d93c9b27e386f901bb32e3313596fd6d1c69d3ddcdbe3fd41c5f954a467e173,CONTROLLED_TEST_MUTATION,missing_direct_role,False,False,0.0181,False,0.0134,True,0.0137,False,0.025,True,0.0053,False,4.6464,REQUIRED_ROLE_MISSING,b2d83222fe4bab87f393b8e93c8a29f87ac2f8279ebd9de6ca63f25604bbf49f
case-01067,552310f44d66c18d018b2a1e793cd7d32632458d5eaa22ea5d106509f371f298,CONTROLLED_TEST_MUTATION,malformed_payload,False,True,0.0597,True,0.3879,True,0.0182,True,0.3408,True,0.0091,False,3.9103,EVIDENCE_PAYLOAD_SCHEMA_INVALID|EVIDENCE_SNAPSHOT_CONFLICT,b2d83222fe4bab87f393b8e93c8a29f87ac2f8279ebd9de6ca63f25604bbf49f
case-01068,176fd1f4656f95bad1ede29f76ba4cf3bc467c6ee509cecab774c6ebf1ff0dce,CONTROLLED_TEST_MUTATION,source_type_impersonation,False,True,0.0363,True,0.321,True,0.0166,True,0.4985,True,0.0113,False,5.4404,EVIDENCE_ROLE_SOURCE_NOT_ALLOWED|OPERATOR_EVIDENCE_UNVERIFIED,b2d83222fe4bab87f393b8e93c8a29f87ac2f8279ebd9de6ca63f25604bbf49f
case-01069,0345c0aded0090a9b980f956bdde66a1fa1ef66b144abf25d1a9e58cbc3d08aa,CLEAN_TEST_FIXTURE,none,True,True,0.0397,True,0.3395,True,0.0184,True,0.3371,True,0.0104,True,8.1894,ALL_REQUIRED_EVIDENCE_TRUSTWORTHY,b2d83222fe4bab87f393b8e93c8a29f87ac2f8279ebd9de6ca63f25604bbf49f
case-01070,fb3ee1fbbf65b95a0bf502027372bc96cb531088d0efe26837e3b6a38c399264,CONTROLLED_TEST_MUTATION,unknown_source,False,True,0.0632,True,0.4255,True,0.0199,True,0.9296,True,0.0136,False,7.5225,EVIDENCE_ROLE_SOURCE_NOT_ALLOWED|EVIDENCE_SOURCE_ID_UNKNOWN|EVIDENCE_SOURCE_POLICY_MISSING,b2d83222fe4bab87f393b8e93c8a29f87ac2f8279ebd9de6ca63f25604bbf49f
case-01071,c02f4dd0287377aee0a67221659afd7828b1b9e88a39bc629362d92a2c6e467c,CONTROLLED_TEST_MUTATION,incomplete_payload,False,True,0.0485,False,0.1993,True,0.021,False,0.1789,True,0.0119,False,6.3347,EVIDENCE_PAYLOAD_INCOMPLETE,b2d83222fe4bab87f393b8e93c8a29f87ac2f8279ebd9de6ca63f25604bbf49f
case-01072,4afecc166207f93d17185e58797586e23e75d8e151e048ba5b5cbb49dca80cbd,CONTROLLED_TEST_MUTATION,missing_direct_role,False,False,0.0235,False,0.015,True,0.017,False,0.0269,True,0.0069,False,3.4692,REQUIRED_ROLE_MISSING,b2d83222fe4bab87f393b8e93c8a29f87ac2f8279ebd9de6ca63f25604bbf49f
case-01073,776ff18395cb9f1aad37e225900bdcba6220acf666885c51aa7aaa84f1d52abc,CONTROLLED_TEST_MUTATION,future_timestamp,False,True,0.0395,False,0.324,True,0.0183,False,0.3111,True,0.0108,False,5.4668,EVIDENCE_FRESHNESS_UNKNOWN|EVIDENCE_TIMESTAMP_IN_FUTURE,b2d83222fe4bab87f393b8e93c8a29f87ac2f8279ebd9de6ca63f25604bbf49f
case-01074,dcf96cc7364f97b5aae4ad22597111586def0da6fec8b93a9db84fe9bf2c60f7,CONTROLLED_TEST_MUTATION,wrong_context,False,True,0.0404,True,0.3499,True,0.0182,True,0.3449,True,0.0095,False,3.8854,EVIDENCE_CONTEXT_MISMATCH,b2d83222fe4bab87f393b8e93c8a29f87ac2f8279ebd9de6ca63f25604bbf49f
case-01075,902fd5b190b933c8efda4fa1c4576be61cf12e91d9349b481888277b54c5ba3a,CONTROLLED_TEST_MUTATION,empty_payload,False,False,0.0463,False,0.0305,True,0.0147,False,0.0438,True,0.0072,False,3.9077,EVIDENCE_PAYLOAD_EMPTY|EVIDENCE_PAYLOAD_SCHEMA_INVALID|EVIDENCE_SNAPSHOT_CONFLICT,b2d83222fe4bab87f393b8e93c8a29f87ac2f8279ebd9de6ca63f25604bbf49f
case-01076,bf19c4ca8083efd00c8feaf18866e94063ea9272ff0e5635d9ddd2872696d11e,CONTROLLED_TEST_MUTATION,empty_payload,False,False,0.0455,False,0.0317,True,0.0151,False,0.0452,True,0.0072,False,3.9245,EVIDENCE_PAYLOAD_EMPTY|EVIDENCE_PAYLOAD_SCHEMA_INVALID|EVIDENCE_SNAPSHOT_CONFLICT,b2d83222fe4bab87f393b8e93c8a29f87ac2f8279ebd9de6ca63f25604bbf49f
case-01077,5661d0d9b413ae5a97fc13e21ea829b25bc8a8125a7afa8ce7b0c61e4ff4621f,CONTROLLED_TEST_MUTATION,broken_lineage,False,True,0.0424,True,0.3534,True,0.0186,True,0.3464,True,0.0126,False,3.9867,EVIDENCE_LINEAGE_INVALID,b2d83222fe4bab87f393b8e93c8a29f87ac2f8279ebd9de6ca63f25604bbf49f
case-01078,7149bd56a35e7ceb82c3aa8ec30131d39a37218cffce8a0275320f3fbdb37a86,CONTROLLED_TEST_MUTATION,role_conflict,False,True,0.0454,True,0.3762,True,0.02,False,0.3727,True,0.0085,False,5.7496,EVIDENCE_ROLE_CONFLICT,b2d83222fe4bab87f393b8e93c8a29f87ac2f8279ebd9de6ca63f25604bbf49f
case-01079,69442b2b37f49fd0c9c29fab05a8c38d9ed5f39f7ce703842699a5eb82a2095c,CONTROLLED_TEST_MUTATION,stale_live_observation,False,True,0.0417,False,0.3223,True,0.0195,False,0.3139,True,0.0111,False,3.9181,EVIDENCE_STALE,b2d83222fe4bab87f393b8e93c8a29f87ac2f8279ebd9de6ca63f25604bbf49f
case-01080,07247b2500afe48de6f0339d96f2f422feaf3111ef47c5664e12769a6dd36c7f,CONTROLLED_TEST_MUTATION,role_conflict,False,True,0.0682,True,0.4228,True,0.0205,False,0.3728,True,0.0097,False,4.3623,EVIDENCE_ROLE_CONFLICT,b2d83222fe4bab87f393b8e93c8a29f87ac2f8279ebd9de6ca63f25604bbf49f
case-01081,fb2eb5051a492893e7f5cbb27a3e0f8781bbc5deda1d9ad9096543badc928402,CONTROLLED_TEST_MUTATION,role_conflict,False,True,0.044,True,0.3712,True,0.0189,False,0.3656,True,0.0083,False,4.2094,EVIDENCE_ROLE_CONFLICT,b2d83222fe4bab87f393b8e93c8a29f87ac2f8279ebd9de6ca63f25604bbf49f
case-01082,adc0d963356d1e15d2057171a684aadce06981862f97c9181022c60cf3feb72c,CONTROLLED_TEST_MUTATION,unknown_source,False,True,0.0405,True,0.3507,True,0.0185,True,0.3456,True,0.0095,False,3.8858,EVIDENCE_ROLE_SOURCE_NOT_ALLOWED|EVIDENCE_SOURCE_ID_UNKNOWN|EVIDENCE_SOURCE_POLICY_MISSING,b2d83222fe4bab87f393b8e93c8a29f87ac2f8279ebd9de6ca63f25604bbf49f
case-01083,c4748801cadfac2d535f862f3b46d342dd395de62ad0e9d5609da0df00c332b5,CONTROLLED_TEST_MUTATION,lineage_cycle,False,True,0.0381,True,0.3459,True,0.0173,True,0.3438,True,0.0087,False,4.9219,EVIDENCE_LINEAGE_INVALID,b2d83222fe4bab87f393b8e93c8a29f87ac2f8279ebd9de6ca63f25604bbf49f
case-01084,c9d6dbb1bd30dbb849fff0ac9b31c1def1ff3e6c9a7c963c89b1e3776b40cada,CLEAN_TEST_FIXTURE,none,True,True,0.0388,True,0.3458,True,0.0182,True,0.3461,True,0.0088,True,3.8289,ALL_REQUIRED_EVIDENCE_TRUSTWORTHY,b2d83222fe4bab87f393b8e93c8a29f87ac2f8279ebd9de6ca63f25604bbf49f
case-01085,02f0569f44e504e10d53c20c4eef85a36a4eb349d59bf6eeed7f5bb7ddcb39e7,CONTROLLED_TEST_MUTATION,empty_payload,False,False,0.0473,False,0.0329,True,0.015,False,0.133,True,0.0094,False,4.2514,EVIDENCE_PAYLOAD_EMPTY|EVIDENCE_PAYLOAD_SCHEMA_INVALID|EVIDENCE_SNAPSHOT_CONFLICT,b2d83222fe4bab87f393b8e93c8a29f87ac2f8279ebd9de6ca63f25604bbf49f
case-01086,7ea7a205a37415dbe7f85fe880c52407e88b833a17640c342fc5f1e37e3189d1,CONTROLLED_TEST_MUTATION,future_timestamp,False,True,0.0387,False,0.313,True,0.0179,False,0.306,True,0.009,False,3.8473,EVIDENCE_FRESHNESS_UNKNOWN|EVIDENCE_TIMESTAMP_IN_FUTURE,b2d83222fe4bab87f393b8e93c8a29f87ac2f8279ebd9de6ca63f25604bbf49f
case-01087,0890752c1cab6a450afe6e0af6d24d6d2ccddd19b2e6bf5209af502098ff8871,CONTROLLED_TEST_MUTATION,snapshot_score_conflict,False,True,0.0418,True,0.3551,True,0.0185,True,0.3492,True,0.0108,False,3.868,EVIDENCE_SNAPSHOT_CONFLICT,b2d83222fe4bab87f393b8e93c8a29f87ac2f8279ebd9de6ca63f25604bbf49f
case-01088,122d988b691759d67cf0e92a4398c44f098ffacc55c0939ccdcda9a0fee267e5,CONTROLLED_TEST_MUTATION,source_type_impersonation,False,True,0.0381,True,0.3525,True,0.0176,True,0.3522,True,0.0084,False,4.0055,EVIDENCE_ROLE_SOURCE_NOT_ALLOWED|OPERATOR_EVIDENCE_UNVERIFIED,b2d83222fe4bab87f393b8e93c8a29f87ac2f8279ebd9de6ca63f25604bbf49f
case-01089,0dfba7bce15e446611f7adefc9b7275673122724419d54d6a7c1904d0415db24,CONTROLLED_TEST_MUTATION,missing_direct_role,False,False,0.0205,False,0.0145,True,0.0158,False,0.0263,True,0.0064,False,3.3056,REQUIRED_ROLE_MISSING,b2d83222fe4bab87f393b8e93c8a29f87ac2f8279ebd9de6ca63f25604bbf49f
case-01090,ac311f2489a0e24b304ddf6eaac3648ffe5be4a57b2dab16a850ab81d07ef8f3,CONTROLLED_TEST_MUTATION,unavailable_record,False,True,0.0374,False,0.3085,True,0.0171,False,0.3011,True,0.0084,False,3.8625,EVIDENCE_LINEAGE_INCOMPLETE|EVIDENCE_UNAVAILABLE,b2d83222fe4bab87f393b8e93c8a29f87ac2f8279ebd9de6ca63f25604bbf49f
case-01091,9f5d7d2096254deb5eff668afbbfe00d99bfdc684a010b9e5581bc3076af3c10,CONTROLLED_TEST_MUTATION,unknown_source,False,True,0.0386,True,0.3356,True,0.0174,True,0.3563,True,0.0087,False,3.8156,EVIDENCE_ROLE_SOURCE_NOT_ALLOWED|EVIDENCE_SOURCE_ID_UNKNOWN|EVIDENCE_SOURCE_POLICY_MISSING,b2d83222fe4bab87f393b8e93c8a29f87ac2f8279ebd9de6ca63f25604bbf49f
case-01092,520cf175d9d495baaf931b0cd8933be5f9ea5611623ef55d6797f42b22d5e103,CONTROLLED_TEST_MUTATION,stale_live_observation,False,True,0.0362,False,0.3029,True,0.017,False,0.3448,True,0.0177,False,4.3258,EVIDENCE_STALE,b2d83222fe4bab87f393b8e93c8a29f87ac2f8279ebd9de6ca63f25604bbf49f
case-01093,0d9ca56c3caf5d17ff06a7e1caebb3250ac30f87dc08a5b907e4bb0b67b3e164,CLEAN_TEST_FIXTURE,none,True,True,0.0351,True,0.317,True,0.0164,True,0.3161,True,0.0093,True,3.5215,ALL_REQUIRED_EVIDENCE_TRUSTWORTHY,b2d83222fe4bab87f393b8e93c8a29f87ac2f8279ebd9de6ca63f25604bbf49f
case-01094,ecf316b39eea70b9db464cee9fc77715845a65a92e744d308b515726c121bf1c,CONTROLLED_TEST_MUTATION,future_timestamp,False,True,0.0342,False,0.2908,True,0.016,False,0.2862,True,0.0077,False,4.4166,EVIDENCE_FRESHNESS_UNKNOWN|EVIDENCE_TIMESTAMP_IN_FUTURE,b2d83222fe4bab87f393b8e93c8a29f87ac2f8279ebd9de6ca63f25604bbf49f
case-01095,e25de1012453b107a1679858377f4ad490a79e43c96e5728aa78b8042ab7acc1,CONTROLLED_TEST_MUTATION,root_signature_tamper_after_seal,False,True,0.0345,True,0.3072,True,0.0158,True,0.3055,True,0.0084,False,3.3983,EVIDENCE_ROOT_INVALID,b2d83222fe4bab87f393b8e93c8a29f87ac2f8279ebd9de6ca63f25604bbf49f
case-01096,24ef32247c90df8458a96dc1bfa7ec0b87ee4afeabfbfd6c22153b257f94f2cb,CONTROLLED_TEST_MUTATION,root_signature_tamper_after_seal,False,True,0.0328,True,0.3021,True,0.0154,True,0.3036,True,0.0075,False,4.4112,EVIDENCE_ROOT_INVALID,b2d83222fe4bab87f393b8e93c8a29f87ac2f8279ebd9de6ca63f25604bbf49f
case-01097,e75d89649f9b69ad23ebfdb294918290ba9f991a04063a48149e140b51f1b5aa,CLEAN_TEST_FIXTURE,none,True,True,0.035,True,0.307,True,0.0157,True,0.3049,True,0.008,True,3.4125,ALL_REQUIRED_EVIDENCE_TRUSTWORTHY,b2d83222fe4bab87f393b8e93c8a29f87ac2f8279ebd9de6ca63f25604bbf49f
case-01098,1cfe66df46c55b16c0d4cbae04a675768bbd2a0a8d315cbb1f0f073ce1d7e3cf,CONTROLLED_TEST_MUTATION,future_timestamp,False,True,0.0331,False,0.2794,True,0.0156,False,0.2721,True,0.0075,False,4.2892,EVIDENCE_FRESHNESS_UNKNOWN|EVIDENCE_TIMESTAMP_IN_FUTURE,b2d83222fe4bab87f393b8e93c8a29f87ac2f8279ebd9de6ca63f25604bbf49f
case-01099,4e6824cc86cc8377102337d328da2d5d652ab101676fe9a44c03b252ed253eba,CLEAN_TEST_FIXTURE,none,True,True,0.0349,True,0.3044,True,0.0156,True,0.3055,True,0.0078,True,3.416,ALL_REQUIRED_EVIDENCE_TRUSTWORTHY,b2d83222fe4bab87f393b8e93c8a29f87ac2f8279ebd9de6ca63f25604bbf49f
case-01100,e0f00a037b24033a7c63fd283be7d5eae4e99d1232d88c3cb1d70b8a6ad8fa21,CONTROLLED_TEST_MUTATION,wrong_context,False,True,0.0334,True,0.3086,True,0.0158,True,0.3071,True,0.0074,False,4.3103,EVIDENCE_CONTEXT_MISMATCH,b2d83222fe4bab87f393b8e93c8a29f87ac2f8279ebd9de6ca63f25604bbf49f
case-01101,1f715472570a97499e978e0cef25f9f6a0bcc5193b05e526e7277115e1ab1807,CONTROLLED_TEST_MUTATION,snapshot_score_conflict,False,True,0.0353,True,0.3143,True,0.0163,True,0.3135,True,0.008,False,3.5189,EVIDENCE_SNAPSHOT_CONFLICT,b2d83222fe4bab87f393b8e93c8a29f87ac2f8279ebd9de6ca63f25604bbf49f
case-01102,6256ccee8c5702660e1cddf9463e1466efc9737aefdde7e7b8970efc07e90a4c,CONTROLLED_TEST_MUTATION,incomplete_payload,False,True,0.0349,False,0.1478,True,0.0158,False,0.1435,True,0.0079,False,4.7404,EVIDENCE_PAYLOAD_INCOMPLETE,b2d83222fe4bab87f393b8e93c8a29f87ac2f8279ebd9de6ca63f25604bbf49f
case-01103,6400acb381edaf0ac70ca2435a561b97ee9a2965284ffdfb732ac1957d6a5853,CONTROLLED_TEST_MUTATION,source_type_impersonation,False,True,0.0344,True,0.3257,True,0.0156,True,0.3064,True,0.0078,False,3.5228,EVIDENCE_ROLE_SOURCE_NOT_ALLOWED|OPERATOR_EVIDENCE_UNVERIFIED,b2d83222fe4bab87f393b8e93c8a29f87ac2f8279ebd9de6ca63f25604bbf49f
case-01104,745947c1faac634c71bc586479295182bf26d67ecde371e52b15eb032170dff5,CONTROLLED_TEST_MUTATION,unknown_source,False,True,0.0429,True,0.3906,True,0.0165,True,0.3202,True,0.0079,False,4.3234,EVIDENCE_ROLE_SOURCE_NOT_ALLOWED|EVIDENCE_SOURCE_ID_UNKNOWN|EVIDENCE_SOURCE_POLICY_MISSING,b2d83222fe4bab87f393b8e93c8a29f87ac2f8279ebd9de6ca63f25604bbf49f
case-01105,c0cc418594b66096a1bd718de841369bc21aa6c31b8458c468b7c1bb0373a78d,CONTROLLED_TEST_MUTATION,malformed_payload,False,True,0.0342,True,0.2993,True,0.0158,True,0.2992,True,0.0081,False,3.5028,EVIDENCE_PAYLOAD_SCHEMA_INVALID|EVIDENCE_SNAPSHOT_CONFLICT,b2d83222fe4bab87f393b8e93c8a29f87ac2f8279ebd9de6ca63f25604bbf49f
case-01106,4b3365ecc3e6f99175dd172de58d4669702bfeb37aeae62938220c807160170c,CONTROLLED_TEST_MUTATION,wrong_context,False,True,0.0335,True,0.308,True,0.0155,True,0.31,True,0.0074,False,4.1604,EVIDENCE_CONTEXT_MISMATCH,b2d83222fe4bab87f393b8e93c8a29f87ac2f8279ebd9de6ca63f25604bbf49f
case-01107,38edc0a2190217ebaccdd158417e0c2110c8a5f0b18d076816cda15bc2121413,CONTROLLED_TEST_MUTATION,future_timestamp,False,True,0.0351,False,0.2856,True,0.0161,False,0.2804,True,0.0085,False,3.5013,EVIDENCE_FRESHNESS_UNKNOWN|EVIDENCE_TIMESTAMP_IN_FUTURE,b2d83222fe4bab87f393b8e93c8a29f87ac2f8279ebd9de6ca63f25604bbf49f
case-01108,71613b46205b9ae798bdd07f8bba330a721047a5bc9a760c51d7bbaffdffdc49,CONTROLLED_TEST_MUTATION,missing_lineage,False,True,0.0342,True,0.3185,True,0.0288,True,0.5643,True,0.0092,False,4.1525,EVIDENCE_LINEAGE_INCOMPLETE,b2d83222fe4bab87f393b8e93c8a29f87ac2f8279ebd9de6ca63f25604bbf49f
case-01109,434641547f6c12e8f442d59deee37db31538e96c3eb2ea7aaad8be422892f7d8,CONTROLLED_TEST_MUTATION,excluded_ancestor,False,True,0.0355,True,0.3173,True,0.0163,False,0.3184,True,0.0068,False,3.5252,REQUIRED_INPUT_EXCLUDED,b2d83222fe4bab87f393b8e93c8a29f87ac2f8279ebd9de6ca63f25604bbf49f
case-01110,8fa4aaef8c7d4c05542e591e8e56ea85afceb6c98220270ee24000adbcf0adff,CONTROLLED_TEST_MUTATION,incomplete_payload,False,True,0.081,False,0.2986,True,0.3828,False,0.3369,True,0.0109,False,3.5322,EVIDENCE_PAYLOAD_INCOMPLETE,b2d83222fe4bab87f393b8e93c8a29f87ac2f8279ebd9de6ca63f25604bbf49f
case-01111,51f99ce93f5562a000ba6dc0e9f76627aca47def947a335985f90f7545de114a,CONTROLLED_TEST_MUTATION,broken_lineage,False,True,0.0332,True,0.3066,True,0.0154,True,0.3121,True,0.0075,False,3.423,EVIDENCE_LINEAGE_INVALID,b2d83222fe4bab87f393b8e93c8a29f87ac2f8279ebd9de6ca63f25604bbf49f
case-01112,5ac8a32fdc4a56531efa15bf4327bab3f10fac4dfc7249e6a6ffc10087266b03,CONTROLLED_TEST_MUTATION,lineage_cycle,False,True,0.0431,True,0.8719,True,0.0222,True,0.3308,True,0.0104,False,3.6226,EVIDENCE_LINEAGE_INVALID,b2d83222fe4bab87f393b8e93c8a29f87ac2f8279ebd9de6ca63f25604bbf49f
case-01113,6ab245f597659fa2e5766859fc6639ccf81d30f6032b75d596f695b6a0886b7a,CONTROLLED_TEST_MUTATION,unavailable_record,False,True,0.0345,False,0.2879,True,0.016,False,0.2809,True,0.008,False,3.4962,EVIDENCE_LINEAGE_INCOMPLETE|EVIDENCE_UNAVAILABLE,b2d83222fe4bab87f393b8e93c8a29f87ac2f8279ebd9de6ca63f25604bbf49f
case-01114,81e4ddccd322269732b49862a565ba27c5453a74edd0d025898986501d43af86,CLEAN_TEST_FIXTURE,none,True,True,0.0448,True,0.3703,True,0.0175,True,0.431,True,0.0112,True,3.7913,ALL_REQUIRED_EVIDENCE_TRUSTWORTHY,b2d83222fe4bab87f393b8e93c8a29f87ac2f8279ebd9de6ca63f25604bbf49f
case-01115,4e3d549438287fc3372e59c2f80b0597a20e14825b2fb77a7ca66b40b5a29dd1,CONTROLLED_TEST_MUTATION,lineage_cycle,False,True,0.0339,True,0.3306,True,0.0193,True,0.3788,True,0.009,False,3.8622,EVIDENCE_LINEAGE_INVALID,b2d83222fe4bab87f393b8e93c8a29f87ac2f8279ebd9de6ca63f25604bbf49f
case-01116,c7260118cab42f953beba798fbb340131d64bd953a8cbb176b07f1036c37b605,CLEAN_TEST_FIXTURE,none,True,True,0.056,True,0.3468,True,0.0173,True,0.3212,True,0.0187,True,3.8075,ALL_REQUIRED_EVIDENCE_TRUSTWORTHY,b2d83222fe4bab87f393b8e93c8a29f87ac2f8279ebd9de6ca63f25604bbf49f
case-01117,76b10fda51910ce11fddaa1f9e1777b2e011e8643d0e7bbc87ed8752949f61f4,CONTROLLED_TEST_MUTATION,unavailable_record,False,True,0.0342,False,0.2859,True,0.0159,False,0.2818,True,0.0079,False,3.5076,EVIDENCE_LINEAGE_INCOMPLETE|EVIDENCE_UNAVAILABLE,b2d83222fe4bab87f393b8e93c8a29f87ac2f8279ebd9de6ca63f25604bbf49f
case-01118,e4d827ec4851b471c477d30650589754b0032088436f908d8e9181722b87f0fa,CONTROLLED_TEST_MUTATION,empty_payload,False,False,0.0419,False,0.0291,True,0.0138,False,0.0409,True,0.0067,False,3.5124,EVIDENCE_PAYLOAD_EMPTY|EVIDENCE_PAYLOAD_SCHEMA_INVALID|EVIDENCE_SNAPSHOT_CONFLICT,b2d83222fe4bab87f393b8e93c8a29f87ac2f8279ebd9de6ca63f25604bbf49f
case-01119,4da54263e63ae7639a02999d2a8457ef794447de594d1c34a56e334a02cd03e1,CONTROLLED_TEST_MUTATION,unavailable_record,False,True,0.034,False,0.2762,True,0.0156,False,0.2728,True,0.0078,False,3.5055,EVIDENCE_LINEAGE_INCOMPLETE|EVIDENCE_UNAVAILABLE,b2d83222fe4bab87f393b8e93c8a29f87ac2f8279ebd9de6ca63f25604bbf49f
case-01120,d9064447bb81285860971611841aa98efb593c02dd9a2766d0542c65ed3b67a1,CONTROLLED_TEST_MUTATION,root_signature_tamper_after_seal,False,True,0.0372,True,0.3233,True,0.0173,True,0.3408,True,0.01,False,3.6106,EVIDENCE_ROOT_INVALID,b2d83222fe4bab87f393b8e93c8a29f87ac2f8279ebd9de6ca63f25604bbf49f
case-01121,cd403fcda0806aae7d5e02e02fa9f06d81ea0d374938f68534b7000f74812292,CONTROLLED_TEST_MUTATION,payload_tamper_after_seal,False,True,0.0337,False,0.0783,True,0.0151,False,0.0811,True,0.0072,False,3.6453,CHECKSUM_INVALID|EVIDENCE_ROOT_INVALID|EVIDENCE_SNAPSHOT_CONFLICT|RECORD_ENVELOPE_INVALID,b2d83222fe4bab87f393b8e93c8a29f87ac2f8279ebd9de6ca63f25604bbf49f
case-01122,d49cf8b74a20516a87755ff233c5fc438a75ae3a9a3ca8b1902e440de675a1d7,CONTROLLED_TEST_MUTATION,unavailable_record,False,True,0.0366,False,0.2918,True,0.0174,False,0.2822,True,0.009,False,3.538,EVIDENCE_LINEAGE_INCOMPLETE|EVIDENCE_UNAVAILABLE,b2d83222fe4bab87f393b8e93c8a29f87ac2f8279ebd9de6ca63f25604bbf49f
case-01123,9873460d84f4ccc61624aec9b0a207a101aa46be838e5585d5d421351fcb6d26,CONTROLLED_TEST_MUTATION,empty_payload,False,False,0.0365,False,0.0286,True,0.0127,False,0.0406,True,0.0056,False,3.4532,EVIDENCE_PAYLOAD_EMPTY|EVIDENCE_PAYLOAD_SCHEMA_INVALID|EVIDENCE_SNAPSHOT_CONFLICT,b2d83222fe4bab87f393b8e93c8a29f87ac2f8279ebd9de6ca63f25604bbf49f
case-01124,eda33eb6cdf9c6efa3a3af78e16de04b5c47dd634210426d0324a85d90507557,CONTROLLED_TEST_MUTATION,source_type_impersonation,False,True,0.0355,True,0.3118,True,0.017,True,0.3077,True,0.009,False,3.4408,EVIDENCE_ROLE_SOURCE_NOT_ALLOWED|OPERATOR_EVIDENCE_UNVERIFIED,b2d83222fe4bab87f393b8e93c8a29f87ac2f8279ebd9de6ca63f25604bbf49f
case-01125,feb78c5ba6aa606f01432ed36ab193d4283e0ef421c9b8ce16bcb3db9a317d95,CONTROLLED_TEST_MUTATION,snapshot_score_conflict,False,True,0.0331,True,0.3028,True,0.0153,True,0.3039,True,0.0072,False,3.3927,EVIDENCE_SNAPSHOT_CONFLICT,b2d83222fe4bab87f393b8e93c8a29f87ac2f8279ebd9de6ca63f25604bbf49f
case-01126,36a744898fcd26d4654b309ce5d6f3ad0646775ba6f8c4e9090f647f0b537354,CONTROLLED_TEST_MUTATION,lineage_cycle,False,True,0.0352,True,0.3092,True,0.0163,True,0.3045,True,0.008,False,3.457,EVIDENCE_LINEAGE_INVALID,b2d83222fe4bab87f393b8e93c8a29f87ac2f8279ebd9de6ca63f25604bbf49f
case-01127,ab30eb4764c3841c65dde9427bccd8057deb14c64004e7258b3a128766cb2680,CONTROLLED_TEST_MUTATION,expired_import,False,True,0.0334,False,0.2546,True,0.0156,False,0.2508,True,0.0079,False,3.4067,EVIDENCE_STALE,b2d83222fe4bab87f393b8e93c8a29f87ac2f8279ebd9de6ca63f25604bbf49f
case-01128,991bdebf408ef14e58ddd65d58d13aa65814cef1f3216b4b2a292c1d96f62c2c,CONTROLLED_TEST_MUTATION,expired_import,False,True,0.0359,False,0.2587,True,0.0163,False,0.2493,True,0.0092,False,3.4537,EVIDENCE_STALE,b2d83222fe4bab87f393b8e93c8a29f87ac2f8279ebd9de6ca63f25604bbf49f
case-01129,69d6e69b8fbeca8fc9920f0bc6def1b81f3293e688a1b75bcd59a7341147e162,CLEAN_TEST_FIXTURE,none,True,True,0.0332,True,0.3085,True,0.0156,True,0.3067,True,0.0074,True,3.415,ALL_REQUIRED_EVIDENCE_TRUSTWORTHY,b2d83222fe4bab87f393b8e93c8a29f87ac2f8279ebd9de6ca63f25604bbf49f
case-01130,61575a7e66e7ffe2115e1bf4d88ae59b553a63ed1d0834498e772d68b8d089e4,CONTROLLED_TEST_MUTATION,stale_live_observation,False,True,0.0354,False,0.2814,True,0.0163,False,0.2708,True,0.0084,False,3.5292,EVIDENCE_STALE,b2d83222fe4bab87f393b8e93c8a29f87ac2f8279ebd9de6ca63f25604bbf49f
case-01131,74f0f5c36b15473eb85c2368f4dd60ef615d29f9a90808d2b63496f6288c7856,CONTROLLED_TEST_MUTATION,empty_payload,False,False,0.0351,False,0.0277,True,0.0125,False,0.0397,True,0.0056,False,3.6742,EVIDENCE_PAYLOAD_EMPTY|EVIDENCE_PAYLOAD_SCHEMA_INVALID|EVIDENCE_SNAPSHOT_CONFLICT,b2d83222fe4bab87f393b8e93c8a29f87ac2f8279ebd9de6ca63f25604bbf49f
case-01132,f68c728951c3c66370e843dad0b03d9e49ca8fe8d148852b1bad75c460425c22,CLEAN_TEST_FIXTURE,none,True,True,0.0365,True,0.3098,True,0.0164,True,0.329,True,0.0091,True,3.5253,ALL_REQUIRED_EVIDENCE_TRUSTWORTHY,b2d83222fe4bab87f393b8e93c8a29f87ac2f8279ebd9de6ca63f25604bbf49f
case-01133,e4023db8d60a255599a058a8d5f0b60dcf96c2daae7573357a861a5f6d0c8dfb,CONTROLLED_TEST_MUTATION,unavailable_record,False,True,0.0332,False,0.298,True,0.0156,False,0.2717,True,0.0076,False,3.6447,EVIDENCE_LINEAGE_INCOMPLETE|EVIDENCE_UNAVAILABLE,b2d83222fe4bab87f393b8e93c8a29f87ac2f8279ebd9de6ca63f25604bbf49f
case-01134,1ef67a4e3494b49157ede577686085ddfb8fbd535359eab50822fd52e038f34f,CONTROLLED_TEST_MUTATION,empty_payload,False,False,0.0378,False,0.0284,True,0.0133,False,0.0405,True,0.0063,False,3.4348,EVIDENCE_PAYLOAD_EMPTY|EVIDENCE_PAYLOAD_SCHEMA_INVALID|EVIDENCE_SNAPSHOT_CONFLICT,b2d83222fe4bab87f393b8e93c8a29f87ac2f8279ebd9de6ca63f25604bbf49f
case-01135,0b5cb345e5aeac30c485ded1d0c004b280d6580bb1007bdb755a3af0cfad1068,CONTROLLED_TEST_MUTATION,lineage_cycle,False,True,0.0333,True,0.306,True,0.0154,True,0.3066,True,0.0075,False,3.7174,EVIDENCE_LINEAGE_INVALID,b2d83222fe4bab87f393b8e93c8a29f87ac2f8279ebd9de6ca63f25604bbf49f
case-01136,fa892935c61c554aafa3266459ba410e005a293abe5cc8fe450f241c3fd0b3fd,CONTROLLED_TEST_MUTATION,stale_live_observation,False,True,0.0355,False,0.2852,True,0.0166,False,0.2809,True,0.0086,False,3.6209,EVIDENCE_STALE,b2d83222fe4bab87f393b8e93c8a29f87ac2f8279ebd9de6ca63f25604bbf49f
case-01137,f008faf11ffadca72d1526f76bc3513ebddbe9f670b5728c714a68500fc6e3e6,CONTROLLED_TEST_MUTATION,malformed_payload,False,True,0.033,True,0.3192,True,0.0154,True,0.2996,True,0.0073,False,4.0798,EVIDENCE_PAYLOAD_SCHEMA_INVALID|EVIDENCE_SNAPSHOT_CONFLICT,b2d83222fe4bab87f393b8e93c8a29f87ac2f8279ebd9de6ca63f25604bbf49f
case-01138,93c6525cbb886496fa0046a57af69fd540548ece80cdf7eafa89a7e040dd4c3e,CLEAN_TEST_FIXTURE,none,True,True,0.0346,True,0.3349,True,0.0163,True,0.309,True,0.0092,True,3.5007,ALL_REQUIRED_EVIDENCE_TRUSTWORTHY,b2d83222fe4bab87f393b8e93c8a29f87ac2f8279ebd9de6ca63f25604bbf49f
case-01139,f85404d70c0a05bef13d02d9cf280a386a3a8d298b8a29252b5825b2423e04e3,CONTROLLED_TEST_MUTATION,source_type_impersonation,False,True,0.0335,True,0.3118,True,0.0157,True,0.3113,True,0.0077,False,4.2528,EVIDENCE_ROLE_SOURCE_NOT_ALLOWED|OPERATOR_EVIDENCE_UNVERIFIED,b2d83222fe4bab87f393b8e93c8a29f87ac2f8279ebd9de6ca63f25604bbf49f
case-01140,6305cae5d204e4a0a152bb6d750b45997e1fcd7a59cc8420c6afaed50c398343,CLEAN_TEST_FIXTURE,none,True,True,0.0351,True,0.3094,True,0.0161,True,0.3094,True,0.0091,True,3.4946,ALL_REQUIRED_EVIDENCE_TRUSTWORTHY,b2d83222fe4bab87f393b8e93c8a29f87ac2f8279ebd9de6ca63f25604bbf49f
case-01141,efd40011bd5fc5eca0ce5bde107e20c897b4e1f0155079b91a4c965df66ae9ce,CONTROLLED_TEST_MUTATION,unavailable_record,False,True,0.0333,False,0.2794,True,0.0153,False,0.2706,True,0.0077,False,4.2929,EVIDENCE_LINEAGE_INCOMPLETE|EVIDENCE_UNAVAILABLE,b2d83222fe4bab87f393b8e93c8a29f87ac2f8279ebd9de6ca63f25604bbf49f
case-01142,9bc2c657c2deef7911a463c587e3008b532473c2a1024cf9b675571c609abcec,CONTROLLED_TEST_MUTATION,missing_lineage,False,True,0.0346,True,0.313,True,0.016,True,0.3107,True,0.008,False,3.364,EVIDENCE_LINEAGE_INCOMPLETE,b2d83222fe4bab87f393b8e93c8a29f87ac2f8279ebd9de6ca63f25604bbf49f
case-01143,f337d8f157492582010199df95be19ac8a43b2824621bd1228e4e3cb88d046d5,CONTROLLED_TEST_MUTATION,lineage_cycle,False,True,0.0332,True,0.3046,True,0.0153,True,0.3048,True,0.0074,False,4.439,EVIDENCE_LINEAGE_INVALID,b2d83222fe4bab87f393b8e93c8a29f87ac2f8279ebd9de6ca63f25604bbf49f
case-01144,2eff51384b585923e4a6858bac49fe92f5d71c2f954e3c85d8d1bd87f6014c86,CONTROLLED_TEST_MUTATION,broken_lineage,False,True,0.0344,True,0.3087,True,0.0164,True,0.3065,True,0.0078,False,3.4269,EVIDENCE_LINEAGE_INVALID,b2d83222fe4bab87f393b8e93c8a29f87ac2f8279ebd9de6ca63f25604bbf49f
case-01145,8c9b7a151311756d86afb6c23f8c8c327fbc2b631795789a622a4435006b8c76,CONTROLLED_TEST_MUTATION,snapshot_score_conflict,False,True,0.0339,True,0.3082,True,0.0153,True,0.3077,True,0.0073,False,4.3805,EVIDENCE_SNAPSHOT_CONFLICT,b2d83222fe4bab87f393b8e93c8a29f87ac2f8279ebd9de6ca63f25604bbf49f
case-01146,f96d47a9d475747ab8145ebcdf26f99ebe89d6d945fe4e0675b376a50290559d,CONTROLLED_TEST_MUTATION,excluded_ancestor,False,True,0.0351,True,0.3072,True,0.0156,False,0.3058,True,0.0066,False,3.444,REQUIRED_INPUT_EXCLUDED,b2d83222fe4bab87f393b8e93c8a29f87ac2f8279ebd9de6ca63f25604bbf49f
case-01147,1c88165a58fd107d0e59370d1ddc2f9808535a2e3844080020a9d6ba4623d97a,CONTROLLED_TEST_MUTATION,empty_payload,False,False,0.0358,False,0.0279,True,0.0126,False,0.04,True,0.0058,False,4.3074,EVIDENCE_PAYLOAD_EMPTY|EVIDENCE_PAYLOAD_SCHEMA_INVALID|EVIDENCE_SNAPSHOT_CONFLICT,b2d83222fe4bab87f393b8e93c8a29f87ac2f8279ebd9de6ca63f25604bbf49f
case-01148,743a6e2a3afe16d30ced9fc35f01e5af189538073cd6ed6fee211b20c566ddf6,CONTROLLED_TEST_MUTATION,missing_direct_role,False,False,0.0182,False,0.0132,True,0.0144,False,0.0244,True,0.0059,False,3.0376,REQUIRED_ROLE_MISSING,b2d83222fe4bab87f393b8e93c8a29f87ac2f8279ebd9de6ca63f25604bbf49f
case-01149,6744f618db01e454c134647c99d2dc68996cea2eef63ddf1634ba0d13a628f6c,CONTROLLED_TEST_MUTATION,snapshot_score_conflict,False,True,0.036,True,0.3313,True,0.0163,True,0.3333,True,0.0075,False,4.2834,EVIDENCE_SNAPSHOT_CONFLICT,b2d83222fe4bab87f393b8e93c8a29f87ac2f8279ebd9de6ca63f25604bbf49f
case-01150,ebda52ab6f27174ce23366052619aa7fd06e5cd01c057ec3fcb0ad1a31d972c3,CLEAN_TEST_FIXTURE,none,True,True,0.035,True,0.3099,True,0.0159,True,0.3106,True,0.0091,True,3.4338,ALL_REQUIRED_EVIDENCE_TRUSTWORTHY,b2d83222fe4bab87f393b8e93c8a29f87ac2f8279ebd9de6ca63f25604bbf49f
case-01151,464d5a0ac527ba08c34ccadadd03885b0ae92b127d4b215983b02fe1e756ef06,CONTROLLED_TEST_MUTATION,malformed_payload,False,True,0.0337,True,0.2973,True,0.0151,True,0.2975,True,0.0071,False,3.6912,EVIDENCE_PAYLOAD_SCHEMA_INVALID|EVIDENCE_SNAPSHOT_CONFLICT,b2d83222fe4bab87f393b8e93c8a29f87ac2f8279ebd9de6ca63f25604bbf49f
case-01152,ff0d57c492124c82d13904c803bb4021f6b1c51b8b413008d38b39b72c53f3c4,CONTROLLED_TEST_MUTATION,future_timestamp,False,True,0.0359,False,0.2847,True,0.0166,False,0.2751,True,0.0082,False,3.4295,EVIDENCE_FRESHNESS_UNKNOWN|EVIDENCE_TIMESTAMP_IN_FUTURE,b2d83222fe4bab87f393b8e93c8a29f87ac2f8279ebd9de6ca63f25604bbf49f
case-01153,461a36a3019e9a15b08b5df11a701eb08fb2f4f778fcd80331821e3c49b2dd1e,CONTROLLED_TEST_MUTATION,stale_live_observation,False,True,0.0332,False,0.2774,True,0.0154,False,0.2707,True,0.0076,False,4.426,EVIDENCE_STALE,b2d83222fe4bab87f393b8e93c8a29f87ac2f8279ebd9de6ca63f25604bbf49f
case-01154,da04fcb5aa89fdafe47ba1ea7da35503b536133e9cd30e92d341b99e7f150e34,CONTROLLED_TEST_MUTATION,stale_live_observation,False,True,0.0349,False,0.2781,True,0.016,False,0.2932,True,0.0086,False,3.4925,EVIDENCE_STALE,b2d83222fe4bab87f393b8e93c8a29f87ac2f8279ebd9de6ca63f25604bbf49f
case-01155,c20a2de1371c7b2ba8a18e15a5e602a6b67b3966dcabee056ed74baf06083c48,CONTROLLED_TEST_MUTATION,excluded_ancestor,False,True,0.0333,True,0.3062,True,0.0154,False,0.3752,True,0.0063,False,4.6589,REQUIRED_INPUT_EXCLUDED,b2d83222fe4bab87f393b8e93c8a29f87ac2f8279ebd9de6ca63f25604bbf49f
case-01156,721a6e25b1356786121495f475f2398e55ed1dfc77143216695e58cb42b5d825,CONTROLLED_TEST_MUTATION,unknown_source,False,True,0.0353,True,0.3146,True,0.0163,True,0.3086,True,0.0081,False,3.4371,EVIDENCE_ROLE_SOURCE_NOT_ALLOWED|EVIDENCE_SOURCE_ID_UNKNOWN|EVIDENCE_SOURCE_POLICY_MISSING,b2d83222fe4bab87f393b8e93c8a29f87ac2f8279ebd9de6ca63f25604bbf49f
case-01157,a0480ccc39382374a8bb71c418cbd707d49c3796bf199b57df698c383bc72915,CONTROLLED_TEST_MUTATION,incomplete_payload,False,True,0.0418,False,0.1802,True,0.0185,False,0.2498,True,0.0106,False,4.6316,EVIDENCE_PAYLOAD_INCOMPLETE,b2d83222fe4bab87f393b8e93c8a29f87ac2f8279ebd9de6ca63f25604bbf49f
case-01158,234ad68fe7a95f67b27a54b37157e4b63752d5b98c71eaec3d654ed06ffc9673,CONTROLLED_TEST_MUTATION,unknown_source,False,True,0.0344,True,0.3294,True,0.0157,True,0.3076,True,0.0077,False,3.4885,EVIDENCE_ROLE_SOURCE_NOT_ALLOWED|EVIDENCE_SOURCE_ID_UNKNOWN|EVIDENCE_SOURCE_POLICY_MISSING,b2d83222fe4bab87f393b8e93c8a29f87ac2f8279ebd9de6ca63f25604bbf49f
case-01159,bb6dd7c11ecf42ce31883f618d63add5e33a00a6364f643a924367db047ccbfb,CLEAN_TEST_FIXTURE,none,True,True,0.0343,True,0.3059,True,0.0156,True,0.3072,True,0.0076,True,5.0437,ALL_REQUIRED_EVIDENCE_TRUSTWORTHY,b2d83222fe4bab87f393b8e93c8a29f87ac2f8279ebd9de6ca63f25604bbf49f
case-01160,ee7f6518008c2f07bda185091951bc1b116df6fca5dae4c36601a42d6f349ae2,CONTROLLED_TEST_MUTATION,root_signature_tamper_after_seal,False,True,0.0389,True,0.3438,True,0.0178,True,0.3433,True,0.0089,False,3.7049,EVIDENCE_ROOT_INVALID,b2d83222fe4bab87f393b8e93c8a29f87ac2f8279ebd9de6ca63f25604bbf49f
case-01161,66b2c336db67f70df87631ff2c96ae86bf4b0cf35a0c79feb4f78dec76262824,CLEAN_TEST_FIXTURE,none,True,True,0.034,True,0.621,True,0.0199,True,0.4366,True,0.0442,True,4.0593,ALL_REQUIRED_EVIDENCE_TRUSTWORTHY,b2d83222fe4bab87f393b8e93c8a29f87ac2f8279ebd9de6ca63f25604bbf49f
case-01162,1d99e1afe665680c346383ba16189edeeca3e0e52309ab046403f82f108b4d9d,CONTROLLED_TEST_MUTATION,stale_live_observation,False,True,0.0341,False,0.2808,True,0.0159,False,0.2726,True,0.0079,False,3.4061,EVIDENCE_STALE,b2d83222fe4bab87f393b8e93c8a29f87ac2f8279ebd9de6ca63f25604bbf49f
case-01163,3157e607605582f4ad1e529622ef54aab5d01b5ed66fd8049d025f930eeb207d,CONTROLLED_TEST_MUTATION,unavailable_record,False,True,0.0431,False,1.207,True,0.0398,False,0.8903,True,0.0136,False,3.8386,EVIDENCE_LINEAGE_INCOMPLETE|EVIDENCE_UNAVAILABLE,b2d83222fe4bab87f393b8e93c8a29f87ac2f8279ebd9de6ca63f25604bbf49f
case-01164,9b2dce61c0cc7f4c120033f15770e460b95e4131f1020bd32788c33a02a2c2aa,CONTROLLED_TEST_MUTATION,broken_lineage,False,True,0.0347,True,0.3042,True,0.0158,True,0.3061,True,0.0077,False,3.4007,EVIDENCE_LINEAGE_INVALID,b2d83222fe4bab87f393b8e93c8a29f87ac2f8279ebd9de6ca63f25604bbf49f
case-01165,26c4002bc72f1e2f17e0ebc12919b82dc84012860b3addf1b23c0b2efb50fbc1,CONTROLLED_TEST_MUTATION,excluded_ancestor,False,True,0.044,True,0.4373,True,0.0173,False,0.4115,True,0.0175,False,3.8384,REQUIRED_INPUT_EXCLUDED,b2d83222fe4bab87f393b8e93c8a29f87ac2f8279ebd9de6ca63f25604bbf49f
case-01166,f2c1a8f68d27ae8f189fccca7030e67f22210c077c2c27e73abb330296206265,CONTROLLED_TEST_MUTATION,unknown_source,False,True,0.0358,True,0.313,True,0.0165,True,0.3142,True,0.008,False,3.9076,EVIDENCE_ROLE_SOURCE_NOT_ALLOWED|EVIDENCE_SOURCE_ID_UNKNOWN|EVIDENCE_SOURCE_POLICY_MISSING,b2d83222fe4bab87f393b8e93c8a29f87ac2f8279ebd9de6ca63f25604bbf49f
case-01167,03cf14a4047de1849079d3b9b7737df8952567bd17fcc196b23bd72a1edfccff,CONTROLLED_TEST_MUTATION,source_type_impersonation,False,True,0.04,True,0.3625,True,0.0178,True,0.3367,True,0.01,False,3.8651,EVIDENCE_ROLE_SOURCE_NOT_ALLOWED|OPERATOR_EVIDENCE_UNVERIFIED,b2d83222fe4bab87f393b8e93c8a29f87ac2f8279ebd9de6ca63f25604bbf49f
case-01168,71f89e3e5483c785728da2b2cf8ea05e5e314014fcdaee3ec9c8438b775bd544,CLEAN_TEST_FIXTURE,none,True,True,0.0368,True,0.3551,True,0.0166,True,0.3332,True,0.008,True,4.0068,ALL_REQUIRED_EVIDENCE_TRUSTWORTHY,b2d83222fe4bab87f393b8e93c8a29f87ac2f8279ebd9de6ca63f25604bbf49f
case-01169,b0e3a875bf642c0b4649bd546ad2528816a0254654f09c6c1152ab4fda8ceabc,CLEAN_TEST_FIXTURE,none,True,True,0.0389,True,0.3388,True,0.0182,True,0.3394,True,0.01,True,3.7542,ALL_REQUIRED_EVIDENCE_TRUSTWORTHY,b2d83222fe4bab87f393b8e93c8a29f87ac2f8279ebd9de6ca63f25604bbf49f
case-01170,5254ea43faf03c27beaeeab2e7ccd881dc87f8d99962f34e4de9d9ba48d584c8,CONTROLLED_TEST_MUTATION,empty_payload,False,False,0.0385,False,0.0302,True,0.0134,False,0.043,True,0.0061,False,4.3913,EVIDENCE_PAYLOAD_EMPTY|EVIDENCE_PAYLOAD_SCHEMA_INVALID|EVIDENCE_SNAPSHOT_CONFLICT,b2d83222fe4bab87f393b8e93c8a29f87ac2f8279ebd9de6ca63f25604bbf49f
case-01171,50c2f168c9942a5f826a2c7f4cc4fa8ce603796ef5f7a976ff2d1ed962d4c8cd,CONTROLLED_TEST_MUTATION,snapshot_score_conflict,False,True,0.0345,True,0.3039,True,0.0159,True,0.3067,True,0.0078,False,3.4333,EVIDENCE_SNAPSHOT_CONFLICT,b2d83222fe4bab87f393b8e93c8a29f87ac2f8279ebd9de6ca63f25604bbf49f
case-01172,a86ad709ce3b46852c5cda188d07c9e023236aff700785cefd1d2967828f26b7,CONTROLLED_TEST_MUTATION,expired_import,False,True,0.0328,False,0.2513,True,0.0152,False,0.2471,True,0.0077,False,4.6231,EVIDENCE_STALE,b2d83222fe4bab87f393b8e93c8a29f87ac2f8279ebd9de6ca63f25604bbf49f
case-01173,49e695f897fc1e82327d44c9d38463c9e208466d342f5421ab0d1816ed7a93de,CONTROLLED_TEST_MUTATION,root_signature_tamper_after_seal,False,True,0.0358,True,0.3123,True,0.0162,True,0.3098,True,0.0092,False,3.4525,EVIDENCE_ROOT_INVALID,b2d83222fe4bab87f393b8e93c8a29f87ac2f8279ebd9de6ca63f25604bbf49f
case-01174,cb11270930b7c470bb9434499fa8607dbbafdff2d9ffdbd7eab6215107916108,CLEAN_TEST_FIXTURE,none,True,True,0.034,True,0.3065,True,0.0155,True,0.3069,True,0.0074,True,4.3049,ALL_REQUIRED_EVIDENCE_TRUSTWORTHY,b2d83222fe4bab87f393b8e93c8a29f87ac2f8279ebd9de6ca63f25604bbf49f
case-01175,388cc94df8ae41188a2ad023ab4df5c07fb8d6a63544c64c0dbccda9fa135648,CONTROLLED_TEST_MUTATION,role_conflict,False,True,0.039,True,0.3358,True,0.0178,False,0.3305,True,0.0074,False,3.7488,EVIDENCE_ROLE_CONFLICT,b2d83222fe4bab87f393b8e93c8a29f87ac2f8279ebd9de6ca63f25604bbf49f
case-01176,20dc6dbb25601eeb60f8b9a32f8353179d2e4667c13eb97474e3968e201a58ed,CONTROLLED_TEST_MUTATION,broken_lineage,False,True,0.0333,True,0.3049,True,0.0153,True,0.3059,True,0.0072,False,4.6489,EVIDENCE_LINEAGE_INVALID,b2d83222fe4bab87f393b8e93c8a29f87ac2f8279ebd9de6ca63f25604bbf49f
case-01177,5b104e04de6be3197d64a321b8d85cd374c6c7a7ccb57979a51864d776f32f32,CONTROLLED_TEST_MUTATION,incomplete_payload,False,True,0.0354,False,0.1485,True,0.0162,False,0.1433,True,0.0082,False,3.5268,EVIDENCE_PAYLOAD_INCOMPLETE,b2d83222fe4bab87f393b8e93c8a29f87ac2f8279ebd9de6ca63f25604bbf49f
case-01178,061e1a071a92bb9a1630c3884000995b332839ac2bbf46769e2fa0673c20d17d,CONTROLLED_TEST_MUTATION,lineage_cycle,False,True,0.0343,True,0.3142,True,0.0161,True,0.3135,True,0.0076,False,4.8634,EVIDENCE_LINEAGE_INVALID,b2d83222fe4bab87f393b8e93c8a29f87ac2f8279ebd9de6ca63f25604bbf49f
case-01179,d0530a511b71d2effa3d75c015f38f74c77e6dc4684bb8e694cca06e65e4e5ef,CONTROLLED_TEST_MUTATION,payload_tamper_after_seal,False,True,0.0363,False,0.0801,True,0.0163,False,0.0815,True,0.0082,False,3.6382,CHECKSUM_INVALID|EVIDENCE_ROOT_INVALID|EVIDENCE_SNAPSHOT_CONFLICT|RECORD_ENVELOPE_INVALID,b2d83222fe4bab87f393b8e93c8a29f87ac2f8279ebd9de6ca63f25604bbf49f
case-01180,a35ca41b4d0220594c38629120afd65397ffc92e4aaef0c5f7991b0306701423,CLEAN_TEST_FIXTURE,none,True,True,0.0342,True,0.4367,True,0.0178,True,1.2279,True,0.013,True,3.8497,ALL_REQUIRED_EVIDENCE_TRUSTWORTHY,b2d83222fe4bab87f393b8e93c8a29f87ac2f8279ebd9de6ca63f25604bbf49f
case-01181,5f25c77b2bd1f45fba43da23af9b8ae0844c3ebcd61a50fc153b73a567262935,CONTROLLED_TEST_MUTATION,missing_lineage,False,True,0.0483,True,0.3797,True,0.0168,True,0.3498,True,0.0089,False,3.489,EVIDENCE_LINEAGE_INCOMPLETE,b2d83222fe4bab87f393b8e93c8a29f87ac2f8279ebd9de6ca63f25604bbf49f
case-01182,07872685017804c8f8417530928fb23a753a70124eb71b5a33a9101cafa88a84,CONTROLLED_TEST_MUTATION,source_type_impersonation,False,True,0.0377,True,0.3493,True,0.0172,True,0.3182,True,0.0099,False,3.6567,EVIDENCE_ROLE_SOURCE_NOT_ALLOWED|OPERATOR_EVIDENCE_UNVERIFIED,b2d83222fe4bab87f393b8e93c8a29f87ac2f8279ebd9de6ca63f25604bbf49f
case-01183,2b53a9e127bfc7c6febd5ce544f14673647f73afa2575c56283c982bccc6d7c5,CONTROLLED_TEST_MUTATION,stale_live_observation,False,True,0.0344,False,0.2882,True,0.016,False,0.2818,True,0.008,False,3.584,EVIDENCE_STALE,b2d83222fe4bab87f393b8e93c8a29f87ac2f8279ebd9de6ca63f25604bbf49f
case-01184,f2f04ebeccfad30c2aedfe3df692072080067b173fcd054900f055153ea2a4d6,CLEAN_TEST_FIXTURE,none,True,True,0.0366,True,0.3175,True,0.0164,True,0.3547,True,0.0098,True,3.467,ALL_REQUIRED_EVIDENCE_TRUSTWORTHY,b2d83222fe4bab87f393b8e93c8a29f87ac2f8279ebd9de6ca63f25604bbf49f
case-01185,8bc16146c4ae9b0c51ef4994f7dd3fcd8c8281c38815fb56ac741bde76d4590e,CONTROLLED_TEST_MUTATION,excluded_ancestor,False,True,0.0331,True,0.3079,True,0.0155,False,0.3068,True,0.0062,False,3.4137,REQUIRED_INPUT_EXCLUDED,b2d83222fe4bab87f393b8e93c8a29f87ac2f8279ebd9de6ca63f25604bbf49f
case-01186,11b508eeb704ddd087ea50950d065426a67a5ab968e0f6772397bc28dcabe6bf,CONTROLLED_TEST_MUTATION,unknown_source,False,True,0.0368,True,0.3214,True,0.0166,True,0.3192,True,0.0094,False,3.5285,EVIDENCE_ROLE_SOURCE_NOT_ALLOWED|EVIDENCE_SOURCE_ID_UNKNOWN|EVIDENCE_SOURCE_POLICY_MISSING,b2d83222fe4bab87f393b8e93c8a29f87ac2f8279ebd9de6ca63f25604bbf49f
case-01187,f172c215776950f5718e39e5347584415f89a676fb9d5a7da34d0f6191e17854,CONTROLLED_TEST_MUTATION,snapshot_score_conflict,False,True,0.0343,True,0.3146,True,0.0157,True,0.3143,True,0.0073,False,3.4977,EVIDENCE_SNAPSHOT_CONFLICT,b2d83222fe4bab87f393b8e93c8a29f87ac2f8279ebd9de6ca63f25604bbf49f
case-01188,5d7c75202e8198c5cf1a3e89da5249cb4936abc51488aea2c6e2d19513fcdbbf,CONTROLLED_TEST_MUTATION,snapshot_score_conflict,False,True,0.0364,True,0.3093,True,0.0166,True,0.3053,True,0.0091,False,3.431,EVIDENCE_SNAPSHOT_CONFLICT,b2d83222fe4bab87f393b8e93c8a29f87ac2f8279ebd9de6ca63f25604bbf49f
case-01189,fa7d7f068929bfc6a988ed85f2c75f4449d57ef1665c19a5660c60f1b3349998,CONTROLLED_TEST_MUTATION,incomplete_payload,False,True,0.0336,False,0.1405,True,0.0153,False,0.1387,True,0.0074,False,3.4316,EVIDENCE_PAYLOAD_INCOMPLETE,b2d83222fe4bab87f393b8e93c8a29f87ac2f8279ebd9de6ca63f25604bbf49f
case-01190,5e41dde39578db5b74315aac8deb927913b63b15fc9ae5278f43f0443122f8e1,CLEAN_TEST_FIXTURE,none,True,True,0.0369,True,0.3116,True,0.0169,True,0.3064,True,0.0093,True,3.4704,ALL_REQUIRED_EVIDENCE_TRUSTWORTHY,b2d83222fe4bab87f393b8e93c8a29f87ac2f8279ebd9de6ca63f25604bbf49f
case-01191,ec6e04198869b7f7a22a887a43a9a477f5f1ae4091a69d2442e3600246a83e27,CONTROLLED_TEST_MUTATION,payload_tamper_after_seal,False,True,0.0335,False,0.0753,True,0.0148,False,0.0786,True,0.0071,False,3.4358,CHECKSUM_INVALID|EVIDENCE_ROOT_INVALID|EVIDENCE_SNAPSHOT_CONFLICT|RECORD_ENVELOPE_INVALID,b2d83222fe4bab87f393b8e93c8a29f87ac2f8279ebd9de6ca63f25604bbf49f
case-01192,c636cea6daaab98ec7f7030fb1b78c2b2373f77204f4809106ea9fd4a735bd32,CONTROLLED_TEST_MUTATION,unknown_source,False,True,0.0368,True,0.3129,True,0.0163,True,0.3067,True,0.0101,False,3.4558,EVIDENCE_ROLE_SOURCE_NOT_ALLOWED|EVIDENCE_SOURCE_ID_UNKNOWN|EVIDENCE_SOURCE_POLICY_MISSING,b2d83222fe4bab87f393b8e93c8a29f87ac2f8279ebd9de6ca63f25604bbf49f
case-01193,6f0852d5ca7b3e14967b4973311ea88543bee666d963275d97eec8579d504854,CONTROLLED_TEST_MUTATION,missing_direct_role,False,False,0.0177,False,0.0131,True,0.0136,False,0.0247,True,0.0053,False,2.9976,REQUIRED_ROLE_MISSING,b2d83222fe4bab87f393b8e93c8a29f87ac2f8279ebd9de6ca63f25604bbf49f
case-01194,d01320825495e64c0e694bc5655b2b29d47fd3f4e6f84a1723c0f7f2a2dff067,CONTROLLED_TEST_MUTATION,incomplete_payload,False,True,0.0362,False,0.1678,True,0.0158,False,0.138,True,0.0097,False,3.536,EVIDENCE_PAYLOAD_INCOMPLETE,b2d83222fe4bab87f393b8e93c8a29f87ac2f8279ebd9de6ca63f25604bbf49f
case-01195,8500a78503d0391df6fa1efe4c284d1757b80e6ba390b1e4a86f200f640a26b0,CLEAN_TEST_FIXTURE,none,True,True,0.0333,True,0.3187,True,0.0247,True,0.3091,True,0.0075,True,3.4809,ALL_REQUIRED_EVIDENCE_TRUSTWORTHY,b2d83222fe4bab87f393b8e93c8a29f87ac2f8279ebd9de6ca63f25604bbf49f
case-01196,2f76291cd9438afc2b10c2262b8d79ab3a91d3391ff2198e2410babbe88b5b12,CONTROLLED_TEST_MUTATION,snapshot_score_conflict,False,True,0.0384,True,0.329,True,0.017,True,0.3237,True,0.01,False,3.7041,EVIDENCE_SNAPSHOT_CONFLICT,b2d83222fe4bab87f393b8e93c8a29f87ac2f8279ebd9de6ca63f25604bbf49f
case-01197,72aa53f04f9759fc84748a5aa8cd138b288f2125f8e56e42c4900ff3843a992a,CONTROLLED_TEST_MUTATION,excluded_ancestor,False,True,0.0342,True,0.3121,True,0.0161,False,0.3162,True,0.0062,False,3.5106,REQUIRED_INPUT_EXCLUDED,b2d83222fe4bab87f393b8e93c8a29f87ac2f8279ebd9de6ca63f25604bbf49f
case-01198,bc04f6cd47934f2a7596801ff325b52ef9c2e87f191007fceb66778b0da08b8c,CLEAN_TEST_FIXTURE,none,True,True,0.0366,True,0.3139,True,0.0168,True,0.3093,True,0.0099,True,3.4399,ALL_REQUIRED_EVIDENCE_TRUSTWORTHY,b2d83222fe4bab87f393b8e93c8a29f87ac2f8279ebd9de6ca63f25604bbf49f
case-01199,65add88d7125ed4c1f5d8dccfbe0bebf7b0be412c3344baa03050afe377deef5,CONTROLLED_TEST_MUTATION,missing_direct_role,False,False,0.0176,False,0.0132,True,0.0134,False,0.0244,True,0.0052,False,3.002,REQUIRED_ROLE_MISSING,b2d83222fe4bab87f393b8e93c8a29f87ac2f8279ebd9de6ca63f25604bbf49f
case-01200,c53c7568eef6eeb0557ff65417729680edb3fd86669c505b04da0536d17d02fb,CONTROLLED_TEST_MUTATION,stale_live_observation,False,True,0.0371,False,0.2958,True,0.0174,False,0.2834,True,0.0099,False,3.5614,EVIDENCE_STALE,b2d83222fe4bab87f393b8e93c8a29f87ac2f8279ebd9de6ca63f25604bbf49f
case-01201,46b05656f05ed0f1b09afbd4786349b244033f11d501bb89a36a890d574f28eb,CONTROLLED_TEST_MUTATION,malformed_payload,False,True,0.0348,True,0.3084,True,0.0158,True,0.3103,True,0.0075,False,3.4749,EVIDENCE_PAYLOAD_SCHEMA_INVALID|EVIDENCE_SNAPSHOT_CONFLICT,b2d83222fe4bab87f393b8e93c8a29f87ac2f8279ebd9de6ca63f25604bbf49f
case-01202,2f5cb35a8bdf70cfa91703cb57363b43df3e042a71a8413933c28d9854f0b352,CONTROLLED_TEST_MUTATION,lineage_cycle,False,True,0.0362,True,0.3119,True,0.0161,True,0.3066,True,0.0093,False,3.482,EVIDENCE_LINEAGE_INVALID,b2d83222fe4bab87f393b8e93c8a29f87ac2f8279ebd9de6ca63f25604bbf49f
case-01203,dbed3f38df84be0da90ba3352fda45b9590881d010db664184add734ff1afd6f,CONTROLLED_TEST_MUTATION,future_timestamp,False,True,0.0337,False,0.2801,True,0.0157,False,0.2745,True,0.0078,False,3.419,EVIDENCE_FRESHNESS_UNKNOWN|EVIDENCE_TIMESTAMP_IN_FUTURE,b2d83222fe4bab87f393b8e93c8a29f87ac2f8279ebd9de6ca63f25604bbf49f
case-01204,a259f56467675b9ccf8344ff072bf52e543844d2d86e62571a5624be8040c0bf,CONTROLLED_TEST_MUTATION,broken_lineage,False,True,0.0372,True,0.323,True,0.0169,True,0.3164,True,0.0099,False,3.5469,EVIDENCE_LINEAGE_INVALID,b2d83222fe4bab87f393b8e93c8a29f87ac2f8279ebd9de6ca63f25604bbf49f
case-01205,85d4e64f1d1b7893f0e6effd94b2697b0781bab00a0618f17bd30a31ad632a48,CONTROLLED_TEST_MUTATION,incomplete_payload,False,True,0.0344,False,0.1541,True,0.0152,False,0.1406,True,0.0077,False,3.4709,EVIDENCE_PAYLOAD_INCOMPLETE,b2d83222fe4bab87f393b8e93c8a29f87ac2f8279ebd9de6ca63f25604bbf49f
case-01206,24828164fc0579089e2ad7304b7d4985a60a15ba48a0758333d71f81c7f902f7,CONTROLLED_TEST_MUTATION,payload_tamper_after_seal,False,True,0.0369,False,0.0813,True,0.0159,False,0.0815,True,0.0082,False,3.54,CHECKSUM_INVALID|EVIDENCE_ROOT_INVALID|EVIDENCE_SNAPSHOT_CONFLICT|RECORD_ENVELOPE_INVALID,b2d83222fe4bab87f393b8e93c8a29f87ac2f8279ebd9de6ca63f25604bbf49f
case-01207,127b2d2e8d9c6a3a9809bcf16e1ce284076b2bdf3fc8ce0c545d3c4e970a08a5,CONTROLLED_TEST_MUTATION,excluded_ancestor,False,True,0.0336,True,0.3066,True,0.0154,False,0.3298,True,0.0062,False,3.4724,REQUIRED_INPUT_EXCLUDED,b2d83222fe4bab87f393b8e93c8a29f87ac2f8279ebd9de6ca63f25604bbf49f
case-01208,0d2d36e73b0bc1d2c5ec6bbb8e5c8f670bccb6c94b98eb41ca2e1b1fc56abdf0,CONTROLLED_TEST_MUTATION,source_type_impersonation,False,True,0.036,True,0.3118,True,0.0163,True,0.3056,True,0.0089,False,3.5558,EVIDENCE_ROLE_SOURCE_NOT_ALLOWED|OPERATOR_EVIDENCE_UNVERIFIED,b2d83222fe4bab87f393b8e93c8a29f87ac2f8279ebd9de6ca63f25604bbf49f
case-01209,f3c7fb26b7fd44bfdb89bcb7912a7405370f7a03444b7ca3a13c2714e421eded,CLEAN_TEST_FIXTURE,none,True,True,0.0335,True,0.3099,True,0.0157,True,0.3298,True,0.0075,True,3.5485,ALL_REQUIRED_EVIDENCE_TRUSTWORTHY,b2d83222fe4bab87f393b8e93c8a29f87ac2f8279ebd9de6ca63f25604bbf49f
case-01210,2686dccefca48bfe0c7c180cbbb73cee61812720a387a9874d41bb9c7a247192,CONTROLLED_TEST_MUTATION,excluded_ancestor,False,True,0.0363,True,0.3106,True,0.016,False,0.3079,True,0.0071,False,3.4728,REQUIRED_INPUT_EXCLUDED,b2d83222fe4bab87f393b8e93c8a29f87ac2f8279ebd9de6ca63f25604bbf49f
case-01211,f2fac04965746d42fcc397242184a1e12cdb027d00616e4b92fbc6fe0809cba8,CONTROLLED_TEST_MUTATION,malformed_payload,False,True,0.0348,True,0.3197,True,0.0156,True,0.3236,True,0.0074,False,3.7415,EVIDENCE_PAYLOAD_SCHEMA_INVALID|EVIDENCE_SNAPSHOT_CONFLICT,b2d83222fe4bab87f393b8e93c8a29f87ac2f8279ebd9de6ca63f25604bbf49f
case-01212,794d01bfbdeea8fa45f9ce21e4fc4ddf05ad459d58f40646077e6f8638a46c08,CLEAN_TEST_FIXTURE,none,True,True,0.0362,True,0.3123,True,0.0163,True,0.3077,True,0.0091,True,3.4411,ALL_REQUIRED_EVIDENCE_TRUSTWORTHY,b2d83222fe4bab87f393b8e93c8a29f87ac2f8279ebd9de6ca63f25604bbf49f
case-01213,26c728d49f159ef568c5474bc20c65d727528717c1e3b28f3d707ed18aff9d05,CONTROLLED_TEST_MUTATION,missing_direct_role,False,False,0.0174,False,0.0131,True,0.0135,False,0.0239,True,0.0054,False,2.9756,REQUIRED_ROLE_MISSING,b2d83222fe4bab87f393b8e93c8a29f87ac2f8279ebd9de6ca63f25604bbf49f
case-01214,c604bdb054cbf8fcef860e495c9bf0d24a881a6b3b6ba97d671217cfac725225,CONTROLLED_TEST_MUTATION,incomplete_payload,False,True,0.0371,False,0.1469,True,0.0164,False,0.1397,True,0.0096,False,3.4411,EVIDENCE_PAYLOAD_INCOMPLETE,b2d83222fe4bab87f393b8e93c8a29f87ac2f8279ebd9de6ca63f25604bbf49f
case-01215,e5ea71f2fafe3f3ea91fbad9a0431eb07e23d8690b6ccf94272bab05131f0e87,CONTROLLED_TEST_MUTATION,future_timestamp,False,True,0.0332,False,0.2805,True,0.0153,False,0.2734,True,0.008,False,3.4033,EVIDENCE_FRESHNESS_UNKNOWN|EVIDENCE_TIMESTAMP_IN_FUTURE,b2d83222fe4bab87f393b8e93c8a29f87ac2f8279ebd9de6ca63f25604bbf49f
case-01216,61f5ab2f15129acb6e191d796b6c4c46dec6f07f8b40bd2495f46113b4ce4e9f,CLEAN_TEST_FIXTURE,none,True,True,0.0381,True,0.3241,True,0.0169,True,0.3187,True,0.009,True,3.4688,ALL_REQUIRED_EVIDENCE_TRUSTWORTHY,b2d83222fe4bab87f393b8e93c8a29f87ac2f8279ebd9de6ca63f25604bbf49f
case-01217,41e684f41cb062ec66e0489f0a260b187bfe5ecb470ebf6db89bb82b435efac0,CONTROLLED_TEST_MUTATION,broken_lineage,False,True,0.0348,True,0.3307,True,0.0161,True,0.3318,True,0.0076,False,3.6997,EVIDENCE_LINEAGE_INVALID,b2d83222fe4bab87f393b8e93c8a29f87ac2f8279ebd9de6ca63f25604bbf49f
case-01218,9f34fea01de2652c499d16c5a2c493279bfe7097b83ebd484f9c87745a1a4ff4,CONTROLLED_TEST_MUTATION,snapshot_score_conflict,False,True,0.0371,True,0.3146,True,0.0166,True,0.3301,True,0.0094,False,3.5271,EVIDENCE_SNAPSHOT_CONFLICT,b2d83222fe4bab87f393b8e93c8a29f87ac2f8279ebd9de6ca63f25604bbf49f
case-01219,7e1b0d9218ae1ae266533c852cf29517323450c88bf645484bd7d6d7ab94bd47,CONTROLLED_TEST_MUTATION,broken_lineage,False,True,0.0331,True,0.3012,True,0.0152,True,0.3033,True,0.0075,False,3.3923,EVIDENCE_LINEAGE_INVALID,b2d83222fe4bab87f393b8e93c8a29f87ac2f8279ebd9de6ca63f25604bbf49f
case-01220,181ee692f4e51fa519de906682bf6a05f5444d765c5a80f5aff785b9f7fdb6e6,CONTROLLED_TEST_MUTATION,missing_lineage,False,True,0.0356,True,0.3169,True,0.0163,True,0.3124,True,0.0083,False,3.3774,EVIDENCE_LINEAGE_INCOMPLETE,b2d83222fe4bab87f393b8e93c8a29f87ac2f8279ebd9de6ca63f25604bbf49f
case-01221,f06d43cfec10804230da80770ebb9301ae21d4d38dd756634e09ed4b17cab63e,CONTROLLED_TEST_MUTATION,empty_payload,False,False,0.0348,False,0.0277,True,0.0123,False,0.0397,True,0.0055,False,3.387,EVIDENCE_PAYLOAD_EMPTY|EVIDENCE_PAYLOAD_SCHEMA_INVALID|EVIDENCE_SNAPSHOT_CONFLICT,b2d83222fe4bab87f393b8e93c8a29f87ac2f8279ebd9de6ca63f25604bbf49f
case-01222,92d6d5132b8630e0a472d0dde104667c3a1ea65d39ed4ec9adff3b1c3a106ce1,CONTROLLED_TEST_MUTATION,snapshot_score_conflict,False,True,0.0376,True,0.3234,True,0.0168,True,0.3153,True,0.0099,False,3.544,EVIDENCE_SNAPSHOT_CONFLICT,b2d83222fe4bab87f393b8e93c8a29f87ac2f8279ebd9de6ca63f25604bbf49f
case-01223,83a6a807b9c5170a292be7360f921cc91c6f64ef04b07722eb1557ca9f764e04,CONTROLLED_TEST_MUTATION,missing_direct_role,False,False,0.0181,False,0.0136,True,0.0138,False,0.025,True,0.0053,False,3.1092,REQUIRED_ROLE_MISSING,b2d83222fe4bab87f393b8e93c8a29f87ac2f8279ebd9de6ca63f25604bbf49f
case-01224,9d85782921be4018ada81a851d8b8534516d01f281698f103a37583277fe66f4,CLEAN_TEST_FIXTURE,none,True,True,0.0381,True,0.3235,True,0.0169,True,0.3162,True,0.0095,True,3.5409,ALL_REQUIRED_EVIDENCE_TRUSTWORTHY,b2d83222fe4bab87f393b8e93c8a29f87ac2f8279ebd9de6ca63f25604bbf49f
case-01225,6f82e49aa8ba13edd7991d5459e81deaa997e168bf27cf2d5129984a78e88a2b,CONTROLLED_TEST_MUTATION,role_conflict,False,True,0.0383,True,0.3344,True,0.0167,False,0.33,True,0.0067,False,3.9215,EVIDENCE_ROLE_CONFLICT,b2d83222fe4bab87f393b8e93c8a29f87ac2f8279ebd9de6ca63f25604bbf49f
case-01226,d2a9e8c10cf900912cea27ddc4a276343e7abaad20f8a9de70ece3e7785e5464,CONTROLLED_TEST_MUTATION,missing_direct_role,False,False,0.0193,False,0.0141,True,0.0151,False,0.0255,True,0.0061,False,3.1366,REQUIRED_ROLE_MISSING,b2d83222fe4bab87f393b8e93c8a29f87ac2f8279ebd9de6ca63f25604bbf49f
case-01227,da9ece21ce69bfec9726a6c3a09c690b8ba26b86e8a3077081a585ae3a02a0a6,CONTROLLED_TEST_MUTATION,root_signature_tamper_after_seal,False,True,0.0347,True,0.3145,True,0.0159,True,0.3132,True,0.0076,False,3.6619,EVIDENCE_ROOT_INVALID,b2d83222fe4bab87f393b8e93c8a29f87ac2f8279ebd9de6ca63f25604bbf49f
case-01228,91183dc5193c147ce0312b5be4c51e358226b43bc8ba6d0456e99c0639248259,CONTROLLED_TEST_MUTATION,root_signature_tamper_after_seal,False,True,0.0378,True,0.3134,True,0.0166,True,0.3081,True,0.0091,False,3.4538,EVIDENCE_ROOT_INVALID,b2d83222fe4bab87f393b8e93c8a29f87ac2f8279ebd9de6ca63f25604bbf49f
case-01229,47c78f84a98ddbbe9bcc059fa836fad6d7df116a365f0998cc2f7e762a55042b,CONTROLLED_TEST_MUTATION,payload_tamper_after_seal,False,True,0.0335,False,0.0761,True,0.0146,False,0.0787,True,0.0072,False,3.4274,CHECKSUM_INVALID|EVIDENCE_ROOT_INVALID|EVIDENCE_SNAPSHOT_CONFLICT|RECORD_ENVELOPE_INVALID,b2d83222fe4bab87f393b8e93c8a29f87ac2f8279ebd9de6ca63f25604bbf49f
case-01230,2bf5a028724299c4a1edb56408b32ab364c7bb5b4f5280e4828dde5bf90c3fe3,CLEAN_TEST_FIXTURE,none,True,True,0.0363,True,0.312,True,0.0162,True,0.3052,True,0.0092,True,3.4529,ALL_REQUIRED_EVIDENCE_TRUSTWORTHY,b2d83222fe4bab87f393b8e93c8a29f87ac2f8279ebd9de6ca63f25604bbf49f
case-01231,b0b2f25c5fae8a4a567f7627f58a4fbafb13bc1edb343a11e8da06d27539380f,CONTROLLED_TEST_MUTATION,malformed_payload,False,True,0.0331,True,0.2979,True,0.0155,True,0.2956,True,0.0076,False,3.3746,EVIDENCE_PAYLOAD_SCHEMA_INVALID|EVIDENCE_SNAPSHOT_CONFLICT,b2d83222fe4bab87f393b8e93c8a29f87ac2f8279ebd9de6ca63f25604bbf49f
case-01232,ad733b52a1fb245b62bf866dd6598c87128145907bddaa9adec27f9f144d51f1,CONTROLLED_TEST_MUTATION,incomplete_payload,False,True,0.0364,False,0.1481,True,0.0161,False,0.1402,True,0.0096,False,3.4602,EVIDENCE_PAYLOAD_INCOMPLETE,b2d83222fe4bab87f393b8e93c8a29f87ac2f8279ebd9de6ca63f25604bbf49f
case-01233,765bf00fc2b886c075c8d18420f8cfe21bcebca226b49822f7f9f7bb4dcec0cd,CONTROLLED_TEST_MUTATION,excluded_ancestor,False,True,0.0328,True,0.3027,True,0.0154,False,0.3049,True,0.0064,False,3.4118,REQUIRED_INPUT_EXCLUDED,b2d83222fe4bab87f393b8e93c8a29f87ac2f8279ebd9de6ca63f25604bbf49f
case-01234,67cc091fd83730a688ab690f74fab302a80c9cafb24be82af3d1006f28d74d79,CONTROLLED_TEST_MUTATION,broken_lineage,False,True,0.0364,True,0.3127,True,0.0165,True,0.3097,True,0.0096,False,3.4991,EVIDENCE_LINEAGE_INVALID,b2d83222fe4bab87f393b8e93c8a29f87ac2f8279ebd9de6ca63f25604bbf49f
case-01235,b60ea9a700c412b72cf8e4ca309fb1f31676fa952bc5cc2b904cae55a528eefb,CONTROLLED_TEST_MUTATION,empty_payload,False,False,0.035,False,0.0278,True,0.0124,False,0.0398,True,0.0055,False,3.3707,EVIDENCE_PAYLOAD_EMPTY|EVIDENCE_PAYLOAD_SCHEMA_INVALID|EVIDENCE_SNAPSHOT_CONFLICT,b2d83222fe4bab87f393b8e93c8a29f87ac2f8279ebd9de6ca63f25604bbf49f
case-01236,3d12b0809e3b5bda460f318c3ce763676b7e6ae0ff31ee558db14a026d0444e3,CONTROLLED_TEST_MUTATION,lineage_cycle,False,True,0.0366,True,0.3082,True,0.0166,True,0.3062,True,0.0096,False,3.4709,EVIDENCE_LINEAGE_INVALID,b2d83222fe4bab87f393b8e93c8a29f87ac2f8279ebd9de6ca63f25604bbf49f
case-01237,c0bbf9df975a4252fbed46f35e16b640dd3e1b0fb5c0ac5540cf14eeb4cd1be5,CONTROLLED_TEST_MUTATION,wrong_context,False,True,0.0406,True,0.4615,True,0.0208,True,0.3882,True,0.0102,False,3.6868,EVIDENCE_CONTEXT_MISMATCH,b2d83222fe4bab87f393b8e93c8a29f87ac2f8279ebd9de6ca63f25604bbf49f
case-01238,b9624cd7e70ba7d64c805e457f3dd3b5105e5a437783a83155f9616d8eae4e90,CONTROLLED_TEST_MUTATION,lineage_cycle,False,True,0.0378,True,0.3206,True,0.017,True,0.3414,True,0.0117,False,3.7012,EVIDENCE_LINEAGE_INVALID,b2d83222fe4bab87f393b8e93c8a29f87ac2f8279ebd9de6ca63f25604bbf49f
case-01239,160ef9794745b6a33d15c76768ae8f0e132daa1d06544c8b86f612c247b885de,CONTROLLED_TEST_MUTATION,snapshot_score_conflict,False,True,0.037,True,0.3267,True,0.0171,True,0.3181,True,0.0093,False,4.8821,EVIDENCE_SNAPSHOT_CONFLICT,b2d83222fe4bab87f393b8e93c8a29f87ac2f8279ebd9de6ca63f25604bbf49f
case-01240,e9af8699b4d048a4471c35dad3aaad23e811c1f7eb4b4961960a3fd50c1c9296,CONTROLLED_TEST_MUTATION,malformed_payload,False,True,0.0379,True,0.3292,True,0.0267,True,0.3107,True,0.0096,False,3.7001,EVIDENCE_PAYLOAD_SCHEMA_INVALID|EVIDENCE_SNAPSHOT_CONFLICT,b2d83222fe4bab87f393b8e93c8a29f87ac2f8279ebd9de6ca63f25604bbf49f
case-01241,b7c8942a30715f89c915b5ab6cc175f9bc3919eb18b4e1b0df199eb92f2b01a3,CONTROLLED_TEST_MUTATION,expired_import,False,True,0.0385,False,0.2666,True,0.0169,False,0.2547,True,0.0105,False,5.0934,EVIDENCE_STALE,b2d83222fe4bab87f393b8e93c8a29f87ac2f8279ebd9de6ca63f25604bbf49f
case-01242,b0112da2708efaf554f3f089eadd8a8524251f19dd6f1e49cb8a9178cdfb601f,CONTROLLED_TEST_MUTATION,excluded_ancestor,False,True,0.0411,True,0.3356,True,0.0173,False,0.3173,True,0.0072,False,3.7453,REQUIRED_INPUT_EXCLUDED,b2d83222fe4bab87f393b8e93c8a29f87ac2f8279ebd9de6ca63f25604bbf49f
case-01243,63cb9aef4c60866c5c0afdedc9110fcb299f262d11d16989219f238b59f1656f,CLEAN_TEST_FIXTURE,none,True,True,0.0387,True,0.3244,True,0.0174,True,0.3274,True,0.02,True,3.6078,ALL_REQUIRED_EVIDENCE_TRUSTWORTHY,b2d83222fe4bab87f393b8e93c8a29f87ac2f8279ebd9de6ca63f25604bbf49f
case-01244,47fdbaa319e695834f9719ee3f90b0295e68a2da7a40c4849303b451be50c5ab,CONTROLLED_TEST_MUTATION,excluded_ancestor,False,True,0.0353,True,0.3171,True,0.0161,False,0.3161,True,0.0064,False,3.5084,REQUIRED_INPUT_EXCLUDED,b2d83222fe4bab87f393b8e93c8a29f87ac2f8279ebd9de6ca63f25604bbf49f
case-01245,f2fe9b656358bbcebb3854aa71c8b1de46645da9657091782cee533abf73204e,CONTROLLED_TEST_MUTATION,excluded_ancestor,False,True,0.0355,True,0.3098,True,0.0164,False,0.308,True,0.0068,False,3.4594,REQUIRED_INPUT_EXCLUDED,b2d83222fe4bab87f393b8e93c8a29f87ac2f8279ebd9de6ca63f25604bbf49f
case-01246,67c22562405797fbea7d9e296131e05d338df74aeb15cf6d0bd17624519df756,CONTROLLED_TEST_MUTATION,source_type_impersonation,False,True,0.0332,True,0.3023,True,0.0153,True,0.3029,True,0.0072,False,3.8027,EVIDENCE_ROLE_SOURCE_NOT_ALLOWED|OPERATOR_EVIDENCE_UNVERIFIED,b2d83222fe4bab87f393b8e93c8a29f87ac2f8279ebd9de6ca63f25604bbf49f
case-01247,1f0d7529c458c3e09207d139ba6ca7260870b0adb0b284f5d3b036d853adfb40,CLEAN_TEST_FIXTURE,none,True,True,0.0369,True,0.3186,True,0.0168,True,0.3163,True,0.0094,True,3.532,ALL_REQUIRED_EVIDENCE_TRUSTWORTHY,b2d83222fe4bab87f393b8e93c8a29f87ac2f8279ebd9de6ca63f25604bbf49f
case-01248,e04fd068bee5bfabaa9661e64b94baf980c2fa6c0d5aacf720f723aae424e44f,CONTROLLED_TEST_MUTATION,root_signature_tamper_after_seal,False,True,0.0345,True,0.3115,True,0.016,True,0.3135,True,0.0076,False,4.2572,EVIDENCE_ROOT_INVALID,b2d83222fe4bab87f393b8e93c8a29f87ac2f8279ebd9de6ca63f25604bbf49f
case-01249,4d9a8253550b01c7446eb4191c957f2bead8c5c843281e2681476ff9124e4ff9,CONTROLLED_TEST_MUTATION,future_timestamp,False,True,0.0351,False,0.2855,True,0.0164,False,0.2783,True,0.0084,False,3.521,EVIDENCE_FRESHNESS_UNKNOWN|EVIDENCE_TIMESTAMP_IN_FUTURE,b2d83222fe4bab87f393b8e93c8a29f87ac2f8279ebd9de6ca63f25604bbf49f
case-01250,bc863b0ee9b54bbace51cfd088047aeebbaf65802f14dd4617b7f7430ed348bd,CLEAN_TEST_FIXTURE,none,True,True,0.0348,True,0.3132,True,0.016,True,0.3138,True,0.0077,True,4.4503,ALL_REQUIRED_EVIDENCE_TRUSTWORTHY,b2d83222fe4bab87f393b8e93c8a29f87ac2f8279ebd9de6ca63f25604bbf49f
case-01251,4ed23b8c7ee1074956b864afae1709b1de199c0f4d0b697af7a9a750e99186b0,CONTROLLED_TEST_MUTATION,payload_tamper_after_seal,False,True,0.0354,False,0.078,True,0.0151,False,0.079,True,0.0078,False,3.4471,CHECKSUM_INVALID|EVIDENCE_ROOT_INVALID|EVIDENCE_SNAPSHOT_CONFLICT|RECORD_ENVELOPE_INVALID,b2d83222fe4bab87f393b8e93c8a29f87ac2f8279ebd9de6ca63f25604bbf49f
case-01252,b454110b4ae5c30cd905231824900f43f917485146d0b91a5373fec0e4ef5e26,CONTROLLED_TEST_MUTATION,unknown_source,False,True,0.0331,True,0.3012,True,0.0153,True,0.3062,True,0.0073,False,4.3295,EVIDENCE_ROLE_SOURCE_NOT_ALLOWED|EVIDENCE_SOURCE_ID_UNKNOWN|EVIDENCE_SOURCE_POLICY_MISSING,b2d83222fe4bab87f393b8e93c8a29f87ac2f8279ebd9de6ca63f25604bbf49f
case-01253,72cc9e292af1f0e90a4baf84718b00f77a2c68bd7aed6356c720135ebe1c3568,CONTROLLED_TEST_MUTATION,unavailable_record,False,True,0.0473,False,0.358,True,0.0197,False,0.3354,True,0.013,False,3.5945,EVIDENCE_LINEAGE_INCOMPLETE|EVIDENCE_UNAVAILABLE,b2d83222fe4bab87f393b8e93c8a29f87ac2f8279ebd9de6ca63f25604bbf49f
case-01254,030006602f19705088388a85b97c069a3d5ef3c8f631b86272ece0355dda7e71,CLEAN_TEST_FIXTURE,none,True,True,0.0352,True,0.3135,True,0.0161,True,0.3138,True,0.0077,True,5.3526,ALL_REQUIRED_EVIDENCE_TRUSTWORTHY,b2d83222fe4bab87f393b8e93c8a29f87ac2f8279ebd9de6ca63f25604bbf49f
case-01255,02541e49a02e3bc01ec337d9fe4c05ad07e34237f0123758f24c41de6b674008,CONTROLLED_TEST_MUTATION,wrong_context,False,True,0.0358,True,0.3163,True,0.0161,True,0.3118,True,0.0081,False,3.5082,EVIDENCE_CONTEXT_MISMATCH,b2d83222fe4bab87f393b8e93c8a29f87ac2f8279ebd9de6ca63f25604bbf49f
case-01256,49d0b63bb4a6efc6b8caab3b76e22385b983d00d9d23ed3e8739288b60cf300a,CLEAN_TEST_FIXTURE,none,True,True,0.1522,True,0.8844,True,0.0214,True,0.3337,True,0.0116,True,4.0901,ALL_REQUIRED_EVIDENCE_TRUSTWORTHY,b2d83222fe4bab87f393b8e93c8a29f87ac2f8279ebd9de6ca63f25604bbf49f
case-01257,d2070256db09895c49fe590221f0a558a06a1b2ce143ce1905630bb109ac9eae,CONTROLLED_TEST_MUTATION,unknown_source,False,True,0.0345,True,0.3086,True,0.0155,True,0.3063,True,0.0076,False,3.4063,EVIDENCE_ROLE_SOURCE_NOT_ALLOWED|EVIDENCE_SOURCE_ID_UNKNOWN|EVIDENCE_SOURCE_POLICY_MISSING,b2d83222fe4bab87f393b8e93c8a29f87ac2f8279ebd9de6ca63f25604bbf49f
case-01258,90c022c2fa66b00eca3b3c2d2ee8a226a240681623693809c7e74b50e0ca591c,CONTROLLED_TEST_MUTATION,role_conflict,False,True,0.0425,True,0.3425,True,0.018,False,0.3331,True,0.0075,False,3.7959,EVIDENCE_ROLE_CONFLICT,b2d83222fe4bab87f393b8e93c8a29f87ac2f8279ebd9de6ca63f25604bbf49f
case-01259,ceaa5d0433c9402d6dbc497060b0d9c88338481a53e44525ebfcc4f31275ba2b,CONTROLLED_TEST_MUTATION,stale_live_observation,False,True,0.0338,False,0.2784,True,0.0158,False,0.2744,True,0.0078,False,3.4116,EVIDENCE_STALE,b2d83222fe4bab87f393b8e93c8a29f87ac2f8279ebd9de6ca63f25604bbf49f
case-01260,15901c604043d4f2207d9759cf890393592597d3d407409804c2eb00fb437864,CLEAN_TEST_FIXTURE,none,True,True,0.0372,True,0.3124,True,0.017,True,0.3119,True,0.0095,True,3.4596,ALL_REQUIRED_EVIDENCE_TRUSTWORTHY,b2d83222fe4bab87f393b8e93c8a29f87ac2f8279ebd9de6ca63f25604bbf49f
case-01261,cbf5793d8d59d60256dffce3832bee55403ac78a3039502536fb13146c89c389,CONTROLLED_TEST_MUTATION,lineage_cycle,False,True,0.0334,True,0.3068,True,0.0152,True,0.3066,True,0.0072,False,3.4305,EVIDENCE_LINEAGE_INVALID,b2d83222fe4bab87f393b8e93c8a29f87ac2f8279ebd9de6ca63f25604bbf49f
case-01262,f032211ff23012deadcc90a25f92456191d7c832f7215c8131be2c805daf79ab,CONTROLLED_TEST_MUTATION,missing_direct_role,False,False,0.0209,False,0.0134,True,0.0156,False,0.0248,True,0.0059,False,3.0574,REQUIRED_ROLE_MISSING,b2d83222fe4bab87f393b8e93c8a29f87ac2f8279ebd9de6ca63f25604bbf49f
case-01263,4115e36f5be9e0d31e53b37648872ffd92a2d6cbc8141cd5408bb66953264606,CONTROLLED_TEST_MUTATION,stale_live_observation,False,True,0.0346,False,0.2792,True,0.0156,False,0.2719,True,0.0077,False,4.1318,EVIDENCE_STALE,b2d83222fe4bab87f393b8e93c8a29f87ac2f8279ebd9de6ca63f25604bbf49f
case-01264,044a82cb41263320101f3742b6f7f220ea6382769c21668613d469b08f04633c,CONTROLLED_TEST_MUTATION,role_conflict,False,True,0.0416,True,0.3455,True,0.0185,False,0.3386,True,0.0078,False,5.8145,EVIDENCE_ROLE_CONFLICT,b2d83222fe4bab87f393b8e93c8a29f87ac2f8279ebd9de6ca63f25604bbf49f
case-01265,71c251c2d7691c5ee4ccad34fcd33479366c768b304006b35ee2977f8189e5c4,CONTROLLED_TEST_MUTATION,snapshot_score_conflict,False,True,0.0405,True,0.3458,True,0.0183,True,0.3375,True,0.0112,False,6.2787,EVIDENCE_SNAPSHOT_CONFLICT,b2d83222fe4bab87f393b8e93c8a29f87ac2f8279ebd9de6ca63f25604bbf49f
case-01266,0b8e8630ce2ac28e8fb7c665c6afe2a15a4f9cb5c187df89624879b14d4c21a0,CONTROLLED_TEST_MUTATION,malformed_payload,False,True,0.0377,True,0.3218,True,0.0296,True,0.3089,True,0.01,False,3.6155,EVIDENCE_PAYLOAD_SCHEMA_INVALID|EVIDENCE_SNAPSHOT_CONFLICT,b2d83222fe4bab87f393b8e93c8a29f87ac2f8279ebd9de6ca63f25604bbf49f
case-01267,de59e72319bc49339ebdca81c52e8d0ac0045ebaa75aef9beee68619a3a86e36,CONTROLLED_TEST_MUTATION,wrong_context,False,True,0.038,True,0.3269,True,0.0175,True,0.3187,True,0.0102,False,3.562,EVIDENCE_CONTEXT_MISMATCH,b2d83222fe4bab87f393b8e93c8a29f87ac2f8279ebd9de6ca63f25604bbf49f
case-01268,cc54df35c58bf81b4fbfc64d491261bfb74657a9ae27ca6033a55c48af127dd8,CONTROLLED_TEST_MUTATION,expired_import,False,True,0.0347,False,0.2617,True,0.0156,False,0.2564,True,0.0078,False,3.7744,EVIDENCE_STALE,b2d83222fe4bab87f393b8e93c8a29f87ac2f8279ebd9de6ca63f25604bbf49f
case-01269,ca9192cc9a41fc722935cf04d3f30dc070fbcdf5142b76f28f3c52b9be1e728c,CONTROLLED_TEST_MUTATION,excluded_ancestor,False,True,0.0379,True,0.3244,True,0.0171,False,0.3224,True,0.0071,False,3.5604,REQUIRED_INPUT_EXCLUDED,b2d83222fe4bab87f393b8e93c8a29f87ac2f8279ebd9de6ca63f25604bbf49f
case-01270,d41513fde12a40f3bed31e741b2d7c9b5ba008b84e777a43ef88aa672c837f96,CLEAN_TEST_FIXTURE,none,True,True,0.0343,True,0.313,True,0.0157,True,0.3133,True,0.0077,True,3.5111,ALL_REQUIRED_EVIDENCE_TRUSTWORTHY,b2d83222fe4bab87f393b8e93c8a29f87ac2f8279ebd9de6ca63f25604bbf49f
case-01271,cc0da281e3001095e1974ce33b2c471f0ce1d213d0ebc614728c0fe62f736c2a,CONTROLLED_TEST_MUTATION,future_timestamp,False,True,0.037,False,0.2933,True,0.0173,False,0.2819,True,0.0099,False,3.566,EVIDENCE_FRESHNESS_UNKNOWN|EVIDENCE_TIMESTAMP_IN_FUTURE,b2d83222fe4bab87f393b8e93c8a29f87ac2f8279ebd9de6ca63f25604bbf49f
case-01272,4ba362e74ae7aa9f987ed117577bfdce23ea26bddd482500199397e3851c3778,CLEAN_TEST_FIXTURE,none,True,True,0.0344,True,0.3116,True,0.0156,True,0.3115,True,0.0077,True,3.638,ALL_REQUIRED_EVIDENCE_TRUSTWORTHY,b2d83222fe4bab87f393b8e93c8a29f87ac2f8279ebd9de6ca63f25604bbf49f
case-01273,bb8ce6c52db6321a07b6113742754b8a6f83813033eee9a6d56b5d5985fcdced,CONTROLLED_TEST_MUTATION,empty_payload,False,False,0.0377,False,0.0282,True,0.0133,False,0.0399,True,0.0064,False,3.4297,EVIDENCE_PAYLOAD_EMPTY|EVIDENCE_PAYLOAD_SCHEMA_INVALID|EVIDENCE_SNAPSHOT_CONFLICT,b2d83222fe4bab87f393b8e93c8a29f87ac2f8279ebd9de6ca63f25604bbf49f
case-01274,f0a4690ca99ff6081c88ffe30a8e19504e918a67647691f28fc196f05f191996,CONTROLLED_TEST_MUTATION,empty_payload,False,False,0.0364,False,0.0293,True,0.0126,False,0.0413,True,0.0057,False,3.7849,EVIDENCE_PAYLOAD_EMPTY|EVIDENCE_PAYLOAD_SCHEMA_INVALID|EVIDENCE_SNAPSHOT_CONFLICT,b2d83222fe4bab87f393b8e93c8a29f87ac2f8279ebd9de6ca63f25604bbf49f
case-01275,ba96e0707dfafe84d640dabda70ee19429ce16a49cd06156c0bbb4e58aad0d4b,CLEAN_TEST_FIXTURE,none,True,True,0.0363,True,0.3095,True,0.0163,True,0.3077,True,0.009,True,3.4673,ALL_REQUIRED_EVIDENCE_TRUSTWORTHY,b2d83222fe4bab87f393b8e93c8a29f87ac2f8279ebd9de6ca63f25604bbf49f
case-01276,6fdc377fe9974c36b14559ba60af3f6d05763e54fac36d4d93344305d1abcad1,CONTROLLED_TEST_MUTATION,missing_direct_role,False,False,0.0176,False,0.0131,True,0.0136,False,0.0242,True,0.0052,False,3.0056,REQUIRED_ROLE_MISSING,b2d83222fe4bab87f393b8e93c8a29f87ac2f8279ebd9de6ca63f25604bbf49f
case-01277,4809c59c2ec7f3916ca550d55f19efb3c9e3ae33f03d0668c9c1ca8193c49e11,CONTROLLED_TEST_MUTATION,snapshot_score_conflict,False,True,0.0375,True,0.355,True,0.0263,True,0.3169,True,0.0096,False,3.5571,EVIDENCE_SNAPSHOT_CONFLICT,b2d83222fe4bab87f393b8e93c8a29f87ac2f8279ebd9de6ca63f25604bbf49f
case-01278,0ecf568d3daa6a0103c206a9ef7fd87e64773da333f043a899e09eb9bd4e26c8,CONTROLLED_TEST_MUTATION,lineage_cycle,False,True,0.0343,True,0.3117,True,0.0156,True,0.3108,True,0.0073,False,3.5143,EVIDENCE_LINEAGE_INVALID,b2d83222fe4bab87f393b8e93c8a29f87ac2f8279ebd9de6ca63f25604bbf49f
case-01279,1a621902f22af6cfe883f649da3f39d07689d2e019b3c590d33b76675486ed41,CLEAN_TEST_FIXTURE,none,True,True,0.0371,True,0.3233,True,0.0167,True,0.3169,True,0.0096,True,3.5505,ALL_REQUIRED_EVIDENCE_TRUSTWORTHY,b2d83222fe4bab87f393b8e93c8a29f87ac2f8279ebd9de6ca63f25604bbf49f
case-01280,8ddb9b3c5aae68aefbd9518d1dec2f54bd32ceab857611e5b0488186df4dabf0,CONTROLLED_TEST_MUTATION,expired_import,False,True,0.0338,False,0.2579,True,0.0153,False,0.2527,True,0.0076,False,3.5002,EVIDENCE_STALE,b2d83222fe4bab87f393b8e93c8a29f87ac2f8279ebd9de6ca63f25604bbf49f
case-01281,f6e8daf1ff5f1b8ff5e0f01eb3eeda0034575889388c83b9a7ca91b8927d10dc,CONTROLLED_TEST_MUTATION,malformed_payload,False,True,0.0372,True,0.3165,True,0.017,True,0.3143,True,0.0081,False,3.6152,EVIDENCE_PAYLOAD_SCHEMA_INVALID|EVIDENCE_SNAPSHOT_CONFLICT,b2d83222fe4bab87f393b8e93c8a29f87ac2f8279ebd9de6ca63f25604bbf49f
case-01282,ad1e9a586cea1533034bac3807dd1f09c36ac2bc998142764602e7c21e154f0b,CONTROLLED_TEST_MUTATION,wrong_context,False,True,0.0339,True,0.3105,True,0.0157,True,0.3348,True,0.0074,False,4.3211,EVIDENCE_CONTEXT_MISMATCH,b2d83222fe4bab87f393b8e93c8a29f87ac2f8279ebd9de6ca63f25604bbf49f
case-01283,10d411897d21a88b2d45819492dc3c759119672a85463e868d66c1abbbe6a767,CONTROLLED_TEST_MUTATION,excluded_ancestor,False,True,0.0358,True,0.3145,True,0.0161,False,0.3149,True,0.0068,False,3.5508,REQUIRED_INPUT_EXCLUDED,b2d83222fe4bab87f393b8e93c8a29f87ac2f8279ebd9de6ca63f25604bbf49f
case-01284,03221f87bd9b697f856289ed7dbb908bff8392d5701681a2414b9d4f0d4c8d14,CONTROLLED_TEST_MUTATION,stale_live_observation,False,True,0.0336,False,0.2761,True,0.0151,False,0.2705,True,0.0075,False,4.3285,EVIDENCE_STALE,b2d83222fe4bab87f393b8e93c8a29f87ac2f8279ebd9de6ca63f25604bbf49f
case-01285,23746131fae8488ec2154b36997e62148046663dea20c226b39d5bf2429f2063,CONTROLLED_TEST_MUTATION,role_conflict,False,True,0.0377,True,0.3329,True,0.0167,False,0.3251,True,0.0071,False,3.7544,EVIDENCE_ROLE_CONFLICT,b2d83222fe4bab87f393b8e93c8a29f87ac2f8279ebd9de6ca63f25604bbf49f
case-01286,eb6267fdebbd4152e04c6c1f61f380d2f428575e348b2b6ed6de75ce667ee85e,CONTROLLED_TEST_MUTATION,role_conflict,False,True,0.0366,True,0.3272,True,0.0163,False,0.4317,True,0.0073,False,4.6394,EVIDENCE_ROLE_CONFLICT,b2d83222fe4bab87f393b8e93c8a29f87ac2f8279ebd9de6ca63f25604bbf49f
case-01287,881610e606c89700d9844fdcc091eef60cb6704bb9459d209b1cc3acfb6e39ab,CONTROLLED_TEST_MUTATION,malformed_payload,False,True,0.0351,True,0.3033,True,0.0162,True,0.3019,True,0.0078,False,3.4138,EVIDENCE_PAYLOAD_SCHEMA_INVALID|EVIDENCE_SNAPSHOT_CONFLICT,b2d83222fe4bab87f393b8e93c8a29f87ac2f8279ebd9de6ca63f25604bbf49f
case-01288,f1a550003bc5574169d8cf02461cb718f4574cb49e92b336abb143edd8b57856,CLEAN_TEST_FIXTURE,none,True,True,0.0328,True,0.4767,True,0.0179,True,0.492,True,0.0096,True,4.4482,ALL_REQUIRED_EVIDENCE_TRUSTWORTHY,b2d83222fe4bab87f393b8e93c8a29f87ac2f8279ebd9de6ca63f25604bbf49f
case-01289,07d44d414fbfa1ea839d187ea2f147457aeca5a4c5b56ef716e65a10045dafb6,CLEAN_TEST_FIXTURE,none,True,True,0.0353,True,0.3176,True,0.0164,True,0.3155,True,0.0081,True,3.5097,ALL_REQUIRED_EVIDENCE_TRUSTWORTHY,b2d83222fe4bab87f393b8e93c8a29f87ac2f8279ebd9de6ca63f25604bbf49f
case-01290,ed2e9053175c93fca22d0cd5bbc2ae038d044922cb151de58cfa7f9797113503,CONTROLLED_TEST_MUTATION,root_signature_tamper_after_seal,False,True,0.0628,True,0.4708,True,0.027,True,0.3866,True,0.0185,False,3.6297,EVIDENCE_ROOT_INVALID,b2d83222fe4bab87f393b8e93c8a29f87ac2f8279ebd9de6ca63f25604bbf49f
case-01291,9c39ae397c9bbbbeec2427d2f39ecde7e2a846fa827685de513ac4463ad25de0,CLEAN_TEST_FIXTURE,none,True,True,0.0334,True,0.3072,True,0.0153,True,0.306,True,0.0074,True,3.5056,ALL_REQUIRED_EVIDENCE_TRUSTWORTHY,b2d83222fe4bab87f393b8e93c8a29f87ac2f8279ebd9de6ca63f25604bbf49f
case-01292,29502dfe12f937f78a438e28b0345cef74abfc34ba31fdd43f9e6ad751df68c0,CONTROLLED_TEST_MUTATION,role_conflict,False,True,0.0421,True,0.3492,True,0.0181,False,0.3377,True,0.0078,False,3.9002,EVIDENCE_ROLE_CONFLICT,b2d83222fe4bab87f393b8e93c8a29f87ac2f8279ebd9de6ca63f25604bbf49f
case-01293,4e22690c37b7b291b2d122caa201cd8afbc5a7278aa63f5ea3df68730477c77e,CLEAN_TEST_FIXTURE,none,True,True,0.0342,True,0.3153,True,0.0157,True,0.3199,True,0.0078,True,3.9254,ALL_REQUIRED_EVIDENCE_TRUSTWORTHY,b2d83222fe4bab87f393b8e93c8a29f87ac2f8279ebd9de6ca63f25604bbf49f
case-01294,539ad1f1f0dc769b894bbe1ed03094e2604cc1b5641705f862cdbf96158ab269,CONTROLLED_TEST_MUTATION,broken_lineage,False,True,0.0604,True,0.3247,True,0.0177,True,0.3156,True,0.0106,False,3.7493,EVIDENCE_LINEAGE_INVALID,b2d83222fe4bab87f393b8e93c8a29f87ac2f8279ebd9de6ca63f25604bbf49f
case-01295,7514da6a31547d3eb04ef743e349fabb434d1a1ccd059d53b8122c223df42a7f,CONTROLLED_TEST_MUTATION,malformed_payload,False,True,0.0339,True,0.2986,True,0.0157,True,0.3587,True,0.0077,False,3.518,EVIDENCE_PAYLOAD_SCHEMA_INVALID|EVIDENCE_SNAPSHOT_CONFLICT,b2d83222fe4bab87f393b8e93c8a29f87ac2f8279ebd9de6ca63f25604bbf49f
case-01296,6ea29a390131887b98b166e710651e53d9b3d7db2c602e918123fd99bebcd1c1,CONTROLLED_TEST_MUTATION,excluded_ancestor,False,True,0.036,True,0.3164,True,0.0165,False,0.3219,True,0.0069,False,3.5812,REQUIRED_INPUT_EXCLUDED,b2d83222fe4bab87f393b8e93c8a29f87ac2f8279ebd9de6ca63f25604bbf49f
case-01297,9ba28c6089086e6cb54dbcc7c3c48cdbc64ff07087ee05937d0d39724637a7ec,CLEAN_TEST_FIXTURE,none,True,True,0.0343,True,0.4536,True,0.0197,True,0.3698,True,0.0087,True,4.574,ALL_REQUIRED_EVIDENCE_TRUSTWORTHY,b2d83222fe4bab87f393b8e93c8a29f87ac2f8279ebd9de6ca63f25604bbf49f
case-01298,5440331c63bc048fb77992f731d6d59be8ecdce2458d32e198842ba6f4b6d8ed,CLEAN_TEST_FIXTURE,none,True,True,0.0361,True,0.3165,True,0.0165,True,0.3152,True,0.0092,True,3.5542,ALL_REQUIRED_EVIDENCE_TRUSTWORTHY,b2d83222fe4bab87f393b8e93c8a29f87ac2f8279ebd9de6ca63f25604bbf49f
case-01299,86e7f4b3e087f08f8c581bbdc02e7fdb7910b127c43bd70f08da95a6dbd6b467,CONTROLLED_TEST_MUTATION,root_signature_tamper_after_seal,False,True,0.0342,True,0.3139,True,0.0164,True,0.3148,True,0.0077,False,4.614,EVIDENCE_ROOT_INVALID,b2d83222fe4bab87f393b8e93c8a29f87ac2f8279ebd9de6ca63f25604bbf49f
case-01300,dc148a15313995fb9b8f7424aa0a806a21566ea8e220d600bb7631b1105c3735,CONTROLLED_TEST_MUTATION,broken_lineage,False,True,0.0362,True,0.3201,True,0.0162,True,0.3179,True,0.0078,False,3.5343,EVIDENCE_LINEAGE_INVALID,b2d83222fe4bab87f393b8e93c8a29f87ac2f8279ebd9de6ca63f25604bbf49f
case-01301,f16a0697dcc578a5af7d4b6b68e7010c550f0e4e925a097170f7bc91098ba06a,CLEAN_TEST_FIXTURE,none,True,True,0.0348,True,0.3153,True,0.0158,True,0.3174,True,0.0077,True,4.4654,ALL_REQUIRED_EVIDENCE_TRUSTWORTHY,b2d83222fe4bab87f393b8e93c8a29f87ac2f8279ebd9de6ca63f25604bbf49f
case-01302,5dc8f4de35d2b3a6f2f603b18abf5ecb36047c3d0f4fb56bf73da3bdbdeb642e,CONTROLLED_TEST_MUTATION,snapshot_score_conflict,False,True,0.0348,True,0.315,True,0.0162,True,0.3135,True,0.0083,False,3.5458,EVIDENCE_SNAPSHOT_CONFLICT,b2d83222fe4bab87f393b8e93c8a29f87ac2f8279ebd9de6ca63f25604bbf49f
case-01303,34480375d9ccea2e90035803af9e23652fdf2ad63faf57cec8abfe00f89dcff9,CONTROLLED_TEST_MUTATION,unavailable_record,False,True,0.0341,False,0.4485,True,0.0285,False,0.2973,True,0.009,False,4.3733,EVIDENCE_LINEAGE_INCOMPLETE|EVIDENCE_UNAVAILABLE,b2d83222fe4bab87f393b8e93c8a29f87ac2f8279ebd9de6ca63f25604bbf49f
case-01304,1c4356addf6d5a732b17535e7f7434549867a040698a8644ef161c60e2369ca2,CONTROLLED_TEST_MUTATION,missing_lineage,False,True,0.0341,True,0.3078,True,0.0159,True,0.3051,True,0.008,False,3.7244,EVIDENCE_LINEAGE_INCOMPLETE,b2d83222fe4bab87f393b8e93c8a29f87ac2f8279ebd9de6ca63f25604bbf49f
case-01305,5fa391f8746518c8f31b3a03ee703414b34e803f58e0cf14bf000eff76a15c3a,CONTROLLED_TEST_MUTATION,role_conflict,False,True,0.0612,True,0.4586,True,0.0197,False,0.3619,True,0.019,False,4.0658,EVIDENCE_ROLE_CONFLICT,b2d83222fe4bab87f393b8e93c8a29f87ac2f8279ebd9de6ca63f25604bbf49f
case-01306,73c8f5e06be5ecbb062052492d2bce251a158fd25cdde36a5efcfcbbe95f727f,CONTROLLED_TEST_MUTATION,lineage_cycle,False,True,0.0344,True,0.3129,True,0.0159,True,0.3125,True,0.0077,False,3.5322,EVIDENCE_LINEAGE_INVALID,b2d83222fe4bab87f393b8e93c8a29f87ac2f8279ebd9de6ca63f25604bbf49f
case-01307,b3691ec0f3644e2e4b56c0f0201d881bfc6aa5e4cf71b86b9198ce5a3a061c07,CONTROLLED_TEST_MUTATION,expired_import,False,True,0.0381,False,0.2723,True,0.0173,False,0.2596,True,0.0105,False,3.5832,EVIDENCE_STALE,b2d83222fe4bab87f393b8e93c8a29f87ac2f8279ebd9de6ca63f25604bbf49f
case-01308,8a1e1b0d8d5700bb830e2eeccfb49b58eb13103a026c1fdfeb9c8b0d4288260a,CONTROLLED_TEST_MUTATION,root_signature_tamper_after_seal,False,True,0.0344,True,0.3158,True,0.0159,True,0.3148,True,0.0074,False,3.5155,EVIDENCE_ROOT_INVALID,b2d83222fe4bab87f393b8e93c8a29f87ac2f8279ebd9de6ca63f25604bbf49f
case-01309,a26e88cda320084ad04dcb8ab0397eb30299d41d90753138888dc75a5782ea47,CONTROLLED_TEST_MUTATION,empty_payload,False,False,0.0399,False,0.0293,True,0.0133,False,0.0402,True,0.0063,False,3.4445,EVIDENCE_PAYLOAD_EMPTY|EVIDENCE_PAYLOAD_SCHEMA_INVALID|EVIDENCE_SNAPSHOT_CONFLICT,b2d83222fe4bab87f393b8e93c8a29f87ac2f8279ebd9de6ca63f25604bbf49f
case-01310,07878f7e18d0aa0ed8f7ee63234e1da343c2322074de98e4b426744714cdd1f3,CONTROLLED_TEST_MUTATION,excluded_ancestor,False,True,0.0339,True,0.3072,True,0.0154,False,0.3077,True,0.0063,False,3.4179,REQUIRED_INPUT_EXCLUDED,b2d83222fe4bab87f393b8e93c8a29f87ac2f8279ebd9de6ca63f25604bbf49f
case-01311,a358e48313ecf61bf7fe8656d07f6e89ebf64f2055fcc2ba2bd03ef81faaf99d,CONTROLLED_TEST_MUTATION,future_timestamp,False,True,0.0371,False,0.285,True,0.0167,False,0.2736,True,0.0098,False,3.4536,EVIDENCE_FRESHNESS_UNKNOWN|EVIDENCE_TIMESTAMP_IN_FUTURE,b2d83222fe4bab87f393b8e93c8a29f87ac2f8279ebd9de6ca63f25604bbf49f
case-01312,c0e0028285464229a3269032dcfd37447e15678790ac2266ea901d0e40c5196c,CONTROLLED_TEST_MUTATION,payload_tamper_after_seal,False,True,0.0331,False,0.0752,True,0.0145,False,0.0785,True,0.0073,False,3.418,CHECKSUM_INVALID|EVIDENCE_ROOT_INVALID|EVIDENCE_SNAPSHOT_CONFLICT|RECORD_ENVELOPE_INVALID,b2d83222fe4bab87f393b8e93c8a29f87ac2f8279ebd9de6ca63f25604bbf49f
case-01313,6945edf7f10f9f7b670233303afc1c7df47ff783b0bf8ed53cc0b24e10c6dd70,CONTROLLED_TEST_MUTATION,broken_lineage,False,True,0.037,True,0.3092,True,0.0164,True,0.3044,True,0.0092,False,3.5232,EVIDENCE_LINEAGE_INVALID,b2d83222fe4bab87f393b8e93c8a29f87ac2f8279ebd9de6ca63f25604bbf49f
case-01314,f40ec5f70d26f61a97e238cdf5c7ff73f84bcd5258719470fe2799c5d2ee22a4,CONTROLLED_TEST_MUTATION,source_type_impersonation,False,True,0.0334,True,0.3058,True,0.0153,True,0.305,True,0.0073,False,3.4984,EVIDENCE_ROLE_SOURCE_NOT_ALLOWED|OPERATOR_EVIDENCE_UNVERIFIED,b2d83222fe4bab87f393b8e93c8a29f87ac2f8279ebd9de6ca63f25604bbf49f
case-01315,cf716b101dbb2b316270216edec23cd5cc0ae6344cd60aa7b62441a8e0622c57,CLEAN_TEST_FIXTURE,none,True,True,0.0371,True,0.3127,True,0.0167,True,0.306,True,0.0209,True,3.5409,ALL_REQUIRED_EVIDENCE_TRUSTWORTHY,b2d83222fe4bab87f393b8e93c8a29f87ac2f8279ebd9de6ca63f25604bbf49f
case-01316,6f96bddb8cd7a1d28ecdfeab75038df86d05b22965ac4d8e7d2dd72bdfc84b6e,CONTROLLED_TEST_MUTATION,expired_import,False,True,0.0335,False,0.2559,True,0.0157,False,0.2745,True,0.008,False,3.5687,EVIDENCE_STALE,b2d83222fe4bab87f393b8e93c8a29f87ac2f8279ebd9de6ca63f25604bbf49f
case-01317,5336e69758a883a4a77c84bec0df8ae512a3e2623ab20a62f1abc6b10ff1f2d8,CONTROLLED_TEST_MUTATION,source_type_impersonation,False,True,0.0359,True,0.3098,True,0.0166,True,0.311,True,0.0082,False,3.4808,EVIDENCE_ROLE_SOURCE_NOT_ALLOWED|OPERATOR_EVIDENCE_UNVERIFIED,b2d83222fe4bab87f393b8e93c8a29f87ac2f8279ebd9de6ca63f25604bbf49f
case-01318,a4f1da16dcca19d6c4876a7d8ec2f92ce30a37f04c133b8c5d67ef071c6a976e,CONTROLLED_TEST_MUTATION,unknown_source,False,True,0.0333,True,0.3083,True,0.0156,True,0.3119,True,0.0075,False,3.5306,EVIDENCE_ROLE_SOURCE_NOT_ALLOWED|EVIDENCE_SOURCE_ID_UNKNOWN|EVIDENCE_SOURCE_POLICY_MISSING,b2d83222fe4bab87f393b8e93c8a29f87ac2f8279ebd9de6ca63f25604bbf49f
case-01319,06d8b50652fb624ee243e119929d287d1bdbffc7ebc16939e6656fad92a7294a,CONTROLLED_TEST_MUTATION,malformed_payload,False,True,0.035,True,0.3054,True,0.0164,True,0.3011,True,0.0079,False,3.4348,EVIDENCE_PAYLOAD_SCHEMA_INVALID|EVIDENCE_SNAPSHOT_CONFLICT,b2d83222fe4bab87f393b8e93c8a29f87ac2f8279ebd9de6ca63f25604bbf49f
case-01320,33fc247b97f2591e1de5c33381e563c61be2493ae8bc2fc9ecbb0d9137a7e2a4,CONTROLLED_TEST_MUTATION,malformed_payload,False,True,0.0337,True,0.3002,True,0.0155,True,0.3008,True,0.0072,False,3.5872,EVIDENCE_PAYLOAD_SCHEMA_INVALID|EVIDENCE_SNAPSHOT_CONFLICT,b2d83222fe4bab87f393b8e93c8a29f87ac2f8279ebd9de6ca63f25604bbf49f
case-01321,901866905ded3dc57c65f5eebe1991d329dd5607749bc5323c2df6b20b948eb4,CONTROLLED_TEST_MUTATION,wrong_context,False,True,0.0354,True,0.3105,True,0.0162,True,0.3098,True,0.0082,False,3.456,EVIDENCE_CONTEXT_MISMATCH,b2d83222fe4bab87f393b8e93c8a29f87ac2f8279ebd9de6ca63f25604bbf49f
case-01322,f67919e4b61c816097872ddca2741075ad5044ce89e0bba3509b2439fe306a85,CONTROLLED_TEST_MUTATION,wrong_context,False,True,0.0335,True,0.3087,True,0.0154,True,0.3092,True,0.0073,False,4.2186,EVIDENCE_CONTEXT_MISMATCH,b2d83222fe4bab87f393b8e93c8a29f87ac2f8279ebd9de6ca63f25604bbf49f
case-01323,806e770a5bb1dbfa4bb200f49cfbfc1466726a6409972e807f77fbbbe1c49e7f,CONTROLLED_TEST_MUTATION,expired_import,False,True,0.0358,False,0.2566,True,0.0162,False,0.2505,True,0.0083,False,3.4483,EVIDENCE_STALE,b2d83222fe4bab87f393b8e93c8a29f87ac2f8279ebd9de6ca63f25604bbf49f
case-01324,6c45ffd919589599485407ed94c0ac02831642e51e9e696ce90bc07ffdb41c10,CONTROLLED_TEST_MUTATION,unknown_source,False,True,0.0342,True,0.3096,True,0.0156,True,0.3083,True,0.0073,False,3.7961,EVIDENCE_ROLE_SOURCE_NOT_ALLOWED|EVIDENCE_SOURCE_ID_UNKNOWN|EVIDENCE_SOURCE_POLICY_MISSING,b2d83222fe4bab87f393b8e93c8a29f87ac2f8279ebd9de6ca63f25604bbf49f
case-01325,d66d2a8a0878849499ddd2d486a7c3647c93f9a24177fd4c051f9d31487a3fd9,CONTROLLED_TEST_MUTATION,unavailable_record,False,True,0.0354,False,0.2835,True,0.0165,False,0.2746,True,0.0084,False,3.4538,EVIDENCE_LINEAGE_INCOMPLETE|EVIDENCE_UNAVAILABLE,b2d83222fe4bab87f393b8e93c8a29f87ac2f8279ebd9de6ca63f25604bbf49f
case-01326,0451f8140a9a476033e150df3584a94b854a7c25fc693a6979289d43857513f5,CONTROLLED_TEST_MUTATION,expired_import,False,True,0.0338,False,0.2582,True,0.0155,False,0.2529,True,0.0074,False,4.5224,EVIDENCE_STALE,b2d83222fe4bab87f393b8e93c8a29f87ac2f8279ebd9de6ca63f25604bbf49f
case-01327,7f7aff9472a853de6059e399d4e9fb3ebaeae3bb08960295c46c033f873725fd,CONTROLLED_TEST_MUTATION,source_type_impersonation,False,True,0.0354,True,0.3115,True,0.0164,True,0.3104,True,0.008,False,3.4582,EVIDENCE_ROLE_SOURCE_NOT_ALLOWED|OPERATOR_EVIDENCE_UNVERIFIED,b2d83222fe4bab87f393b8e93c8a29f87ac2f8279ebd9de6ca63f25604bbf49f
case-01328,adc53c01b46dc22b0c084eb371b1dbbb3b6aa10dc2aefbc7ad14d2cb3009c197,CONTROLLED_TEST_MUTATION,empty_payload,False,False,0.0356,False,0.0278,True,0.0126,False,0.0399,True,0.0054,False,3.9289,EVIDENCE_PAYLOAD_EMPTY|EVIDENCE_PAYLOAD_SCHEMA_INVALID|EVIDENCE_SNAPSHOT_CONFLICT,b2d83222fe4bab87f393b8e93c8a29f87ac2f8279ebd9de6ca63f25604bbf49f
case-01329,b5a79d5dd626f217961be2ae8e91786bbb23f932eef69d46d56fa7660897286c,CLEAN_TEST_FIXTURE,none,True,True,0.0352,True,0.3328,True,0.0168,True,0.3111,True,0.0095,True,3.5176,ALL_REQUIRED_EVIDENCE_TRUSTWORTHY,b2d83222fe4bab87f393b8e93c8a29f87ac2f8279ebd9de6ca63f25604bbf49f
case-01330,b356472f3bc297aea20ad5be3617f4427f5dd629b464adf1b82676532eb220b9,CLEAN_TEST_FIXTURE,none,True,True,0.0339,True,0.3404,True,0.0159,True,0.3074,True,0.0074,True,4.4161,ALL_REQUIRED_EVIDENCE_TRUSTWORTHY,b2d83222fe4bab87f393b8e93c8a29f87ac2f8279ebd9de6ca63f25604bbf49f
case-01331,d0884b3f89376b3eccf836f6bc6d395396d5b34fa57863dfe655b33d9819992c,CLEAN_TEST_FIXTURE,none,True,True,0.0349,True,0.3309,True,0.0162,True,0.3091,True,0.009,True,3.5938,ALL_REQUIRED_EVIDENCE_TRUSTWORTHY,b2d83222fe4bab87f393b8e93c8a29f87ac2f8279ebd9de6ca63f25604bbf49f
case-01332,c39e39603490ccdf10b4e1817b95f70663986f120ff79ebff0c5485561211db7,CONTROLLED_TEST_MUTATION,payload_tamper_after_seal,False,True,0.0331,False,0.0756,True,0.0147,False,0.0797,True,0.0073,False,4.1088,CHECKSUM_INVALID|EVIDENCE_ROOT_INVALID|EVIDENCE_SNAPSHOT_CONFLICT|RECORD_ENVELOPE_INVALID,b2d83222fe4bab87f393b8e93c8a29f87ac2f8279ebd9de6ca63f25604bbf49f
case-01333,e9ab3b6e7e818d60b83989fdc374c5201497edec5e21be082e754c151140ec5c,CONTROLLED_TEST_MUTATION,payload_tamper_after_seal,False,True,0.0353,False,0.0783,True,0.0156,False,0.0793,True,0.0079,False,3.4578,CHECKSUM_INVALID|EVIDENCE_ROOT_INVALID|EVIDENCE_SNAPSHOT_CONFLICT|RECORD_ENVELOPE_INVALID,b2d83222fe4bab87f393b8e93c8a29f87ac2f8279ebd9de6ca63f25604bbf49f
case-01334,b21c87408b377aaec2f882631fbbe4cd4dbcbd82a9b6ed4f3cdd369cb7f26516,CONTROLLED_TEST_MUTATION,snapshot_score_conflict,False,True,0.0335,True,0.3086,True,0.0159,True,0.3073,True,0.0073,False,4.3168,EVIDENCE_SNAPSHOT_CONFLICT,b2d83222fe4bab87f393b8e93c8a29f87ac2f8279ebd9de6ca63f25604bbf49f
case-01335,838c24c86e90169cbb847312eced16c04751d1b7921eb2bbd14c940224126d0e,CONTROLLED_TEST_MUTATION,empty_payload,False,False,0.0364,False,0.0287,True,0.0133,False,0.0395,True,0.0061,False,3.4105,EVIDENCE_PAYLOAD_EMPTY|EVIDENCE_PAYLOAD_SCHEMA_INVALID|EVIDENCE_SNAPSHOT_CONFLICT,b2d83222fe4bab87f393b8e93c8a29f87ac2f8279ebd9de6ca63f25604bbf49f
case-01336,5e994dfd90588c11dc5e6c4dafe487768a9bddcb8862ab270117f2cb1265e77b,CLEAN_TEST_FIXTURE,none,True,True,0.0337,True,0.3078,True,0.0156,True,0.3063,True,0.0075,True,3.4126,ALL_REQUIRED_EVIDENCE_TRUSTWORTHY,b2d83222fe4bab87f393b8e93c8a29f87ac2f8279ebd9de6ca63f25604bbf49f
case-01337,e44423aff83d4b7dd824e8b1afcdc115748ef6c7d6d2f4a1d4bc8023919997f8,CLEAN_TEST_FIXTURE,none,True,True,0.0372,True,0.3369,True,0.0165,True,0.3344,True,0.0092,True,3.7616,ALL_REQUIRED_EVIDENCE_TRUSTWORTHY,b2d83222fe4bab87f393b8e93c8a29f87ac2f8279ebd9de6ca63f25604bbf49f
case-01338,69d977516744d5e073d8df9c3f0081f24fcb674e17294b12af13e25ab7c6e188,CONTROLLED_TEST_MUTATION,wrong_context,False,True,0.0351,True,0.3383,True,0.0157,True,0.3362,True,0.0074,False,4.6442,EVIDENCE_CONTEXT_MISMATCH,b2d83222fe4bab87f393b8e93c8a29f87ac2f8279ebd9de6ca63f25604bbf49f
case-01339,46571e27b988120c8af0855567690c3c959632ec3533e612c77f763067d3caa3,CONTROLLED_TEST_MUTATION,stale_live_observation,False,True,0.0357,False,0.2825,True,0.0161,False,0.2733,True,0.0083,False,3.4463,EVIDENCE_STALE,b2d83222fe4bab87f393b8e93c8a29f87ac2f8279ebd9de6ca63f25604bbf49f
case-01340,3a672d80bbe7515a2b70d1340c4a8bcb5c88e7d366c94252f6ec65f8dd8717c1,CLEAN_TEST_FIXTURE,none,True,True,0.0341,True,0.3107,True,0.0154,True,0.3108,True,0.0075,True,4.4816,ALL_REQUIRED_EVIDENCE_TRUSTWORTHY,b2d83222fe4bab87f393b8e93c8a29f87ac2f8279ebd9de6ca63f25604bbf49f
case-01341,ed0c298f5df103738dd7af9b515806a991c27ec80471753f606a0344c13cc60d,CONTROLLED_TEST_MUTATION,root_signature_tamper_after_seal,False,True,0.0352,True,0.3097,True,0.0161,True,0.3075,True,0.0077,False,3.418,EVIDENCE_ROOT_INVALID,b2d83222fe4bab87f393b8e93c8a29f87ac2f8279ebd9de6ca63f25604bbf49f
case-01342,1c2c9ef29cb12e5036b9d1f6d8543833c178843c77dda8ee2f8023d03283b0b2,CLEAN_TEST_FIXTURE,none,True,True,0.0334,True,0.3067,True,0.0151,True,0.4204,True,0.0075,True,4.1299,ALL_REQUIRED_EVIDENCE_TRUSTWORTHY,b2d83222fe4bab87f393b8e93c8a29f87ac2f8279ebd9de6ca63f25604bbf49f
case-01343,e750d644bd60ca427befe17a5f912b995c23f1e8d0f7504c7b48fe8f339d13b3,CONTROLLED_TEST_MUTATION,lineage_cycle,False,True,0.0348,True,0.3062,True,0.0159,True,0.3068,True,0.0079,False,3.4437,EVIDENCE_LINEAGE_INVALID,b2d83222fe4bab87f393b8e93c8a29f87ac2f8279ebd9de6ca63f25604bbf49f
case-01344,051044dd75a4698c82656dafd1d58c3633ef5147f4744f2593951bb8a665ad03,CONTROLLED_TEST_MUTATION,wrong_context,False,True,0.0337,True,0.3056,True,0.0154,True,0.3079,True,0.0073,False,4.6059,EVIDENCE_CONTEXT_MISMATCH,b2d83222fe4bab87f393b8e93c8a29f87ac2f8279ebd9de6ca63f25604bbf49f
case-01345,f335b124e85656e1e27cc4f076fa488cc78c97d8b253ee282a3c5ff10403251a,CONTROLLED_TEST_MUTATION,incomplete_payload,False,True,0.0347,False,0.1438,True,0.0157,False,0.1411,True,0.008,False,3.4359,EVIDENCE_PAYLOAD_INCOMPLETE,b2d83222fe4bab87f393b8e93c8a29f87ac2f8279ebd9de6ca63f25604bbf49f
case-01346,e0e99be347726763e526bf86a97ba68f483b0ec1c6462ddcb0dcf4d1dc3d18ab,CONTROLLED_TEST_MUTATION,role_conflict,False,True,0.0365,True,0.3278,True,0.0162,False,0.3239,True,0.0064,False,4.5925,EVIDENCE_ROLE_CONFLICT,b2d83222fe4bab87f393b8e93c8a29f87ac2f8279ebd9de6ca63f25604bbf49f
case-01347,027e8020ddd55871fdf40435f3dae1ef37c0908f9efd04e96ea3e7c6ab1364e9,CLEAN_TEST_FIXTURE,none,True,True,0.036,True,0.3149,True,0.0165,True,0.3153,True,0.0084,True,3.5343,ALL_REQUIRED_EVIDENCE_TRUSTWORTHY,b2d83222fe4bab87f393b8e93c8a29f87ac2f8279ebd9de6ca63f25604bbf49f
case-01348,8b4bc318edfc190b0f4c13dd1764a05e740fc724d72fb8935cfe5a94c9c15447,CONTROLLED_TEST_MUTATION,unavailable_record,False,True,0.0343,False,0.2877,True,0.0158,False,0.2809,True,0.0075,False,4.5193,EVIDENCE_LINEAGE_INCOMPLETE|EVIDENCE_UNAVAILABLE,b2d83222fe4bab87f393b8e93c8a29f87ac2f8279ebd9de6ca63f25604bbf49f
case-01349,bd244c7140f96c121c0127f6c9454d36620bdae4677bbbfd4c849eb578b9c3bc,CONTROLLED_TEST_MUTATION,broken_lineage,False,True,0.0357,True,0.3177,True,0.0162,True,0.3165,True,0.0079,False,3.5413,EVIDENCE_LINEAGE_INVALID,b2d83222fe4bab87f393b8e93c8a29f87ac2f8279ebd9de6ca63f25604bbf49f
case-01350,615795d8b02af2036a4781d8f0ceb7c4f54628f7891c4a6272f8f154dd67cbde,CONTROLLED_TEST_MUTATION,snapshot_score_conflict,False,True,0.0341,True,0.316,True,0.016,True,0.7652,True,0.0136,False,4.3352,EVIDENCE_SNAPSHOT_CONFLICT,b2d83222fe4bab87f393b8e93c8a29f87ac2f8279ebd9de6ca63f25604bbf49f
case-01351,6655846cd4230c56459ee9352d2d34cc5db7bc17097caa02809b2dfd18625405,CONTROLLED_TEST_MUTATION,wrong_context,False,True,0.0351,True,0.3154,True,0.0163,True,0.3157,True,0.0079,False,3.5074,EVIDENCE_CONTEXT_MISMATCH,b2d83222fe4bab87f393b8e93c8a29f87ac2f8279ebd9de6ca63f25604bbf49f
case-01352,76cefd64d658909d6fc279d56b7f4a345dff06af4a41d1e6bfd210ad2ea47821,CONTROLLED_TEST_MUTATION,missing_direct_role,False,False,0.0559,False,0.0153,True,0.0196,False,0.0729,True,0.0075,False,3.9942,REQUIRED_ROLE_MISSING,b2d83222fe4bab87f393b8e93c8a29f87ac2f8279ebd9de6ca63f25604bbf49f
case-01353,58b501a549e21402eae35b8501807766d75acfc0841ac5d18166fe1aca8731ff,CONTROLLED_TEST_MUTATION,stale_live_observation,False,True,0.035,False,0.2828,True,0.0162,False,0.2761,True,0.0081,False,3.4308,EVIDENCE_STALE,b2d83222fe4bab87f393b8e93c8a29f87ac2f8279ebd9de6ca63f25604bbf49f
case-01354,aae14b49bd1c07c34c984a7c904a5ce47114aa8b76d2001d099d0639ebc5e296,CONTROLLED_TEST_MUTATION,future_timestamp,False,True,0.0332,False,0.2766,True,0.0152,False,0.2717,True,0.0076,False,4.5703,EVIDENCE_FRESHNESS_UNKNOWN|EVIDENCE_TIMESTAMP_IN_FUTURE,b2d83222fe4bab87f393b8e93c8a29f87ac2f8279ebd9de6ca63f25604bbf49f
case-01355,9ff4b2f56378189482c73f1a093347094a687f1b7784de9886cc8405087d4567,CONTROLLED_TEST_MUTATION,unavailable_record,False,True,0.0355,False,0.3124,True,0.0164,False,0.2815,True,0.0086,False,3.647,EVIDENCE_LINEAGE_INCOMPLETE|EVIDENCE_UNAVAILABLE,b2d83222fe4bab87f393b8e93c8a29f87ac2f8279ebd9de6ca63f25604bbf49f
case-01356,9da5b7c8260410d74135d47eb401d5e6df52d377dfbb320f0ec836f66e9f91f5,CLEAN_TEST_FIXTURE,none,True,True,0.0783,True,0.3915,True,0.0176,True,0.3193,True,0.011,True,3.6014,ALL_REQUIRED_EVIDENCE_TRUSTWORTHY,b2d83222fe4bab87f393b8e93c8a29f87ac2f8279ebd9de6ca63f25604bbf49f
case-01357,d833a7b619031efcb17eb6a53c0962172cf6eec0bf2677f61b05c0154032a5d5,CONTROLLED_TEST_MUTATION,expired_import,False,True,0.0335,False,0.256,True,0.0156,False,0.2515,True,0.0079,False,3.5499,EVIDENCE_STALE,b2d83222fe4bab87f393b8e93c8a29f87ac2f8279ebd9de6ca63f25604bbf49f
case-01358,3b7f37ae8f54133647a6374b642ca142ae29dfa809a8087955f5a4f11826b860,CONTROLLED_TEST_MUTATION,missing_direct_role,False,False,0.0255,False,0.0137,True,0.0166,False,0.0259,True,0.0068,False,3.2354,REQUIRED_ROLE_MISSING,b2d83222fe4bab87f393b8e93c8a29f87ac2f8279ebd9de6ca63f25604bbf49f
case-01359,9414cee7d490c7ed6337bebb0b09cd1d0580a1a06b657787d4233d72ad867b32,CLEAN_TEST_FIXTURE,none,True,True,0.0346,True,0.3167,True,0.0159,True,0.3157,True,0.0076,True,3.5218,ALL_REQUIRED_EVIDENCE_TRUSTWORTHY,b2d83222fe4bab87f393b8e93c8a29f87ac2f8279ebd9de6ca63f25604bbf49f
case-01360,cb19c5cbe6acbebf2c14441a179e6e492b204b6358f1e72b23fd9ca1a9f7bb04,CLEAN_TEST_FIXTURE,none,True,True,0.1025,True,0.8156,True,0.0226,True,0.331,True,0.0107,True,3.5919,ALL_REQUIRED_EVIDENCE_TRUSTWORTHY,b2d83222fe4bab87f393b8e93c8a29f87ac2f8279ebd9de6ca63f25604bbf49f
case-01361,dc9f01eb56d1d49b015a1c3498d7bc313535d28675163c494201ebd5a8420fc7,CONTROLLED_TEST_MUTATION,malformed_payload,False,True,0.0342,True,0.3076,True,0.0158,True,0.3088,True,0.0074,False,3.4906,EVIDENCE_PAYLOAD_SCHEMA_INVALID|EVIDENCE_SNAPSHOT_CONFLICT,b2d83222fe4bab87f393b8e93c8a29f87ac2f8279ebd9de6ca63f25604bbf49f
case-01362,574e7855429e4f6d51239f8a3ad05ec71a8ee5337e257501302554c3d3fb2d49,CONTROLLED_TEST_MUTATION,empty_payload,False,False,0.1067,False,0.042,True,0.0148,False,0.0547,True,0.0074,False,3.6861,EVIDENCE_PAYLOAD_EMPTY|EVIDENCE_PAYLOAD_SCHEMA_INVALID|EVIDENCE_SNAPSHOT_CONFLICT,b2d83222fe4bab87f393b8e93c8a29f87ac2f8279ebd9de6ca63f25604bbf49f
case-01363,62b52b85cca2f21749d482337bc23cef3c5efb79cd91b68515ff4564f64267e8,CONTROLLED_TEST_MUTATION,root_signature_tamper_after_seal,False,True,0.0341,True,0.3102,True,0.0157,True,0.3084,True,0.0076,False,3.4264,EVIDENCE_ROOT_INVALID,b2d83222fe4bab87f393b8e93c8a29f87ac2f8279ebd9de6ca63f25604bbf49f
case-01364,e322105055d9702eab0ab0293512b96d6c3338331d35dd2076aa506a5f8214c0,CONTROLLED_TEST_MUTATION,source_type_impersonation,False,True,0.0639,True,0.7836,True,0.0292,True,0.7193,True,0.0135,False,3.7781,EVIDENCE_ROLE_SOURCE_NOT_ALLOWED|OPERATOR_EVIDENCE_UNVERIFIED,b2d83222fe4bab87f393b8e93c8a29f87ac2f8279ebd9de6ca63f25604bbf49f
case-01365,9f7348254314f395089d13269d8f3e28fd829e696c725b51d1e2b1eca10780f0,CLEAN_TEST_FIXTURE,none,True,True,0.0345,True,0.3094,True,0.0163,True,0.3066,True,0.0077,True,3.4093,ALL_REQUIRED_EVIDENCE_TRUSTWORTHY,b2d83222fe4bab87f393b8e93c8a29f87ac2f8279ebd9de6ca63f25604bbf49f
case-01366,9f6543705c1d3dcfeda635a2c551f66784c6a8685311b09953b5ab5d5a05978a,CONTROLLED_TEST_MUTATION,source_type_impersonation,False,True,0.0527,True,0.6525,True,0.0201,True,0.3537,True,0.0112,False,3.6897,EVIDENCE_ROLE_SOURCE_NOT_ALLOWED|OPERATOR_EVIDENCE_UNVERIFIED,b2d83222fe4bab87f393b8e93c8a29f87ac2f8279ebd9de6ca63f25604bbf49f
case-01367,caf689d42d29889b52638baaac5d3e0915167422ea3167e2c5d71554c3f16451,CLEAN_TEST_FIXTURE,none,True,True,0.0344,True,0.3069,True,0.0156,True,0.3092,True,0.0077,True,3.4073,ALL_REQUIRED_EVIDENCE_TRUSTWORTHY,b2d83222fe4bab87f393b8e93c8a29f87ac2f8279ebd9de6ca63f25604bbf49f
case-01368,3d6d396b5a7e15847b48898ef085f4d610de080184ef29eb47366356bb958ddd,CONTROLLED_TEST_MUTATION,unavailable_record,False,True,0.0392,False,0.2996,True,0.0174,False,0.2867,True,0.0105,False,4.2652,EVIDENCE_LINEAGE_INCOMPLETE|EVIDENCE_UNAVAILABLE,b2d83222fe4bab87f393b8e93c8a29f87ac2f8279ebd9de6ca63f25604bbf49f
case-01369,57c51490932a7cdafec8eb3a353397f05ec1925b85d8a1df2fbdb223ab4c5b71,CONTROLLED_TEST_MUTATION,empty_payload,False,False,0.0372,False,0.0282,True,0.0134,False,0.0404,True,0.0063,False,3.4774,EVIDENCE_PAYLOAD_EMPTY|EVIDENCE_PAYLOAD_SCHEMA_INVALID|EVIDENCE_SNAPSHOT_CONFLICT,b2d83222fe4bab87f393b8e93c8a29f87ac2f8279ebd9de6ca63f25604bbf49f
case-01370,2ed036eb7cf552b2cfd332527e4ba3688bc1d5cd43c6c89db7b8da3a78e034ba,CLEAN_TEST_FIXTURE,none,True,True,0.0676,True,0.3349,True,0.0173,True,0.319,True,0.0099,True,3.6784,ALL_REQUIRED_EVIDENCE_TRUSTWORTHY,b2d83222fe4bab87f393b8e93c8a29f87ac2f8279ebd9de6ca63f25604bbf49f
case-01371,a95f28e4653db79dd68fd2ad6d7fe134c97725ce51c15b080b9b4e3d32627429,CONTROLLED_TEST_MUTATION,root_signature_tamper_after_seal,False,True,0.0345,True,0.3188,True,0.0162,True,0.342,True,0.0076,False,3.7546,EVIDENCE_ROOT_INVALID,b2d83222fe4bab87f393b8e93c8a29f87ac2f8279ebd9de6ca63f25604bbf49f
case-01372,d94f2e6ebc11c16be27a23fa8eceb2dfe48b6dafbfe0c2e18752c1b6b8df9092,CONTROLLED_TEST_MUTATION,missing_lineage,False,True,0.0383,True,0.3256,True,0.0172,True,0.3198,True,0.0097,False,3.4888,EVIDENCE_LINEAGE_INCOMPLETE,b2d83222fe4bab87f393b8e93c8a29f87ac2f8279ebd9de6ca63f25604bbf49f
case-01373,7a3670c1737949c5cc2d6dd11a4fdbb40a377ee18087de72b55ce7fc9191eb3d,CONTROLLED_TEST_MUTATION,unknown_source,False,True,0.035,True,0.3159,True,0.0161,True,0.3187,True,0.0076,False,3.5179,EVIDENCE_ROLE_SOURCE_NOT_ALLOWED|EVIDENCE_SOURCE_ID_UNKNOWN|EVIDENCE_SOURCE_POLICY_MISSING,b2d83222fe4bab87f393b8e93c8a29f87ac2f8279ebd9de6ca63f25604bbf49f
case-01374,ffe2fe20fb6a60b04e0b35eac6955e0a3e303e8a9bd454fa774697fc0c418491,CONTROLLED_TEST_MUTATION,excluded_ancestor,False,True,0.036,True,0.317,True,0.0168,False,0.3183,True,0.0069,False,3.5434,REQUIRED_INPUT_EXCLUDED,b2d83222fe4bab87f393b8e93c8a29f87ac2f8279ebd9de6ca63f25604bbf49f
case-01375,f2f7fe586465a9444ad0fd62e6d321190a8280621d27b0c1b5722a6ad9126c01,CONTROLLED_TEST_MUTATION,lineage_cycle,False,True,0.034,True,0.3141,True,0.0158,True,0.3142,True,0.0074,False,3.8753,EVIDENCE_LINEAGE_INVALID,b2d83222fe4bab87f393b8e93c8a29f87ac2f8279ebd9de6ca63f25604bbf49f
case-01376,7e913611472ee83baaac17d408882a07432a684bf47e048d6528a42a5e9ef663,CONTROLLED_TEST_MUTATION,empty_payload,False,False,0.0375,False,0.0282,True,0.013,False,0.0398,True,0.0062,False,3.4109,EVIDENCE_PAYLOAD_EMPTY|EVIDENCE_PAYLOAD_SCHEMA_INVALID|EVIDENCE_SNAPSHOT_CONFLICT,b2d83222fe4bab87f393b8e93c8a29f87ac2f8279ebd9de6ca63f25604bbf49f
case-01377,ff20cc55eedda748a2d222c88fe721a574cf47f8719b585b8e3708ef851f39ac,CONTROLLED_TEST_MUTATION,missing_direct_role,False,False,0.0177,False,0.0133,True,0.0134,False,0.0245,True,0.0051,False,3.0149,REQUIRED_ROLE_MISSING,b2d83222fe4bab87f393b8e93c8a29f87ac2f8279ebd9de6ca63f25604bbf49f
case-01378,a07c88bab76d910ed6d7f675042ae3fa21baa764c42478efa988f7f6393a7527,CLEAN_TEST_FIXTURE,none,True,True,0.0364,True,0.3138,True,0.0165,True,0.3099,True,0.0096,True,3.4723,ALL_REQUIRED_EVIDENCE_TRUSTWORTHY,b2d83222fe4bab87f393b8e93c8a29f87ac2f8279ebd9de6ca63f25604bbf49f
case-01379,f1abcbbb1328b3c35940f66617ccb0f96c654c15b760b6b186798bfe68ca7450,CONTROLLED_TEST_MUTATION,source_type_impersonation,False,True,0.0334,True,0.3033,True,0.0154,True,0.303,True,0.0075,False,3.4065,EVIDENCE_ROLE_SOURCE_NOT_ALLOWED|OPERATOR_EVIDENCE_UNVERIFIED,b2d83222fe4bab87f393b8e93c8a29f87ac2f8279ebd9de6ca63f25604bbf49f
case-01380,01230290aea9f286b6634bcd7730d4c05d3cdb2ce05a917aac1b7301b9b1af1e,CONTROLLED_TEST_MUTATION,expired_import,False,True,0.0369,False,0.2601,True,0.0166,False,0.2538,True,0.0099,False,3.4603,EVIDENCE_STALE,b2d83222fe4bab87f393b8e93c8a29f87ac2f8279ebd9de6ca63f25604bbf49f
case-01381,f0756dfd8ff23609d99bf15ea1fd476001f07f711c1a88b5b47c88488ee38ab3,CONTROLLED_TEST_MUTATION,malformed_payload,False,True,0.0329,True,0.3001,True,0.0154,True,0.3014,True,0.0072,False,3.4027,EVIDENCE_PAYLOAD_SCHEMA_INVALID|EVIDENCE_SNAPSHOT_CONFLICT,b2d83222fe4bab87f393b8e93c8a29f87ac2f8279ebd9de6ca63f25604bbf49f
case-01382,baba22ff8e7cbc1a5310fdf596720f5ccecdc88155b32eaaff08fc3090b23b9f,CONTROLLED_TEST_MUTATION,empty_payload,False,False,0.0395,False,0.0283,True,0.0233,False,0.051,True,0.0064,False,3.515,EVIDENCE_PAYLOAD_EMPTY|EVIDENCE_PAYLOAD_SCHEMA_INVALID|EVIDENCE_SNAPSHOT_CONFLICT,b2d83222fe4bab87f393b8e93c8a29f87ac2f8279ebd9de6ca63f25604bbf49f
case-01383,47d29abe2eb5830dd2d275bd6820a681c5923c844c4b0e569d53197e42ab9fe1,CLEAN_TEST_FIXTURE,none,True,True,0.033,True,0.3057,True,0.0154,True,0.3752,True,0.0074,True,3.4251,ALL_REQUIRED_EVIDENCE_TRUSTWORTHY,b2d83222fe4bab87f393b8e93c8a29f87ac2f8279ebd9de6ca63f25604bbf49f
case-01384,2167f1b4d4cba4d0c63f3c4294cab04d4a6db1b4f1dfa0af38c03152f8cbba93,CONTROLLED_TEST_MUTATION,payload_tamper_after_seal,False,True,0.0358,False,0.0789,True,0.0159,False,0.0798,True,0.0082,False,3.4922,CHECKSUM_INVALID|EVIDENCE_ROOT_INVALID|EVIDENCE_SNAPSHOT_CONFLICT|RECORD_ENVELOPE_INVALID,b2d83222fe4bab87f393b8e93c8a29f87ac2f8279ebd9de6ca63f25604bbf49f
case-01385,4cf69bf02be974b20554884c8273c54874b29a216961d163e23a76489141cdd6,CONTROLLED_TEST_MUTATION,source_type_impersonation,False,True,0.0333,True,0.3074,True,0.0153,True,0.3055,True,0.0073,False,3.4209,EVIDENCE_ROLE_SOURCE_NOT_ALLOWED|OPERATOR_EVIDENCE_UNVERIFIED,b2d83222fe4bab87f393b8e93c8a29f87ac2f8279ebd9de6ca63f25604bbf49f
case-01386,17dda30f8d120ed8641e981335f350c81dec881e63dc78ced8f8f88348042455,CONTROLLED_TEST_MUTATION,missing_direct_role,False,False,0.0211,False,0.0138,True,0.016,False,0.0254,True,0.0063,False,3.0742,REQUIRED_ROLE_MISSING,b2d83222fe4bab87f393b8e93c8a29f87ac2f8279ebd9de6ca63f25604bbf49f
case-01387,61e6a26a5e5068041b0f17df86c69911a4c3d64e720b3fd86d9e35ba4cc32976,CONTROLLED_TEST_MUTATION,excluded_ancestor,False,True,0.0343,True,0.3058,True,0.0153,False,0.3064,True,0.0061,False,3.4363,REQUIRED_INPUT_EXCLUDED,b2d83222fe4bab87f393b8e93c8a29f87ac2f8279ebd9de6ca63f25604bbf49f
case-01388,f764feb2ded425976b4fc49f52c67440cc45ffa76ee77b09231924e23192cdf6,CONTROLLED_TEST_MUTATION,broken_lineage,False,True,0.0398,True,0.3313,True,0.0173,True,0.321,True,0.0099,False,3.4984,EVIDENCE_LINEAGE_INVALID,b2d83222fe4bab87f393b8e93c8a29f87ac2f8279ebd9de6ca63f25604bbf49f
case-01389,65184a599d0837d323f1ae397f39316ca0c254fa6195a72e7965afba67876e06,CONTROLLED_TEST_MUTATION,lineage_cycle,False,True,0.0332,True,0.3099,True,0.0155,True,0.3078,True,0.0074,False,3.4584,EVIDENCE_LINEAGE_INVALID,b2d83222fe4bab87f393b8e93c8a29f87ac2f8279ebd9de6ca63f25604bbf49f
case-01390,d303e4346ee48d6db0ce59bc45c6b743e5d054e5435055ea5ae1c6ee9a351866,CONTROLLED_TEST_MUTATION,incomplete_payload,False,True,0.0419,False,0.1778,True,0.0191,False,0.1672,True,0.0111,False,3.6848,EVIDENCE_PAYLOAD_INCOMPLETE,b2d83222fe4bab87f393b8e93c8a29f87ac2f8279ebd9de6ca63f25604bbf49f
case-01391,1bff0f3ea93a0589c5dcfd38d4051484204e247a3f09cccfefffcd4998da4175,CONTROLLED_TEST_MUTATION,unknown_source,False,True,0.0339,True,0.315,True,0.016,True,0.3169,True,0.0074,False,3.5172,EVIDENCE_ROLE_SOURCE_NOT_ALLOWED|EVIDENCE_SOURCE_ID_UNKNOWN|EVIDENCE_SOURCE_POLICY_MISSING,b2d83222fe4bab87f393b8e93c8a29f87ac2f8279ebd9de6ca63f25604bbf49f
case-01392,305b75c4114c990c7aebfbf86b19ae6116c7f0534ab8ede7495793a54beb3bad,CONTROLLED_TEST_MUTATION,unknown_source,False,True,0.058,True,0.4573,True,0.019,True,0.4248,True,0.0109,False,4.262,EVIDENCE_ROLE_SOURCE_NOT_ALLOWED|EVIDENCE_SOURCE_ID_UNKNOWN|EVIDENCE_SOURCE_POLICY_MISSING,b2d83222fe4bab87f393b8e93c8a29f87ac2f8279ebd9de6ca63f25604bbf49f
case-01393,60f6de2f4d0773adf1f32f0471a424e062960e56230a079c1426a4aeb36a81fe,CONTROLLED_TEST_MUTATION,incomplete_payload,False,True,0.0345,False,0.149,True,0.0155,False,0.1461,True,0.0077,False,3.6495,EVIDENCE_PAYLOAD_INCOMPLETE,b2d83222fe4bab87f393b8e93c8a29f87ac2f8279ebd9de6ca63f25604bbf49f
case-01394,92cfdb25dd9cbb52dd9561463f6fe17c3243ede991b17c6cbff47414ed3c039e,CLEAN_TEST_FIXTURE,none,True,True,0.036,True,0.31,True,0.0163,True,0.3803,True,0.0098,True,3.5299,ALL_REQUIRED_EVIDENCE_TRUSTWORTHY,b2d83222fe4bab87f393b8e93c8a29f87ac2f8279ebd9de6ca63f25604bbf49f
case-01395,103117708cbb7b37fccb210b77601d416cad595c574d88b975b0763264334433,CONTROLLED_TEST_MUTATION,missing_lineage,False,True,0.0337,True,0.3086,True,0.0151,True,0.3277,True,0.0072,False,4.5393,EVIDENCE_LINEAGE_INCOMPLETE,b2d83222fe4bab87f393b8e93c8a29f87ac2f8279ebd9de6ca63f25604bbf49f
case-01396,09435793d97f5beadcac155a613976c460d384cb447be72fec5592e017345d05,CONTROLLED_TEST_MUTATION,incomplete_payload,False,True,0.0362,False,0.1715,True,0.0163,False,0.1465,True,0.0084,False,3.6219,EVIDENCE_PAYLOAD_INCOMPLETE,b2d83222fe4bab87f393b8e93c8a29f87ac2f8279ebd9de6ca63f25604bbf49f
case-01397,292bf53e268b8ce4bd76c88752fca270210ae456d8f009fb64b021676babc307,CLEAN_TEST_FIXTURE,none,True,True,0.0446,True,0.436,True,0.0164,True,0.318,True,0.0079,True,4.4135,ALL_REQUIRED_EVIDENCE_TRUSTWORTHY,b2d83222fe4bab87f393b8e93c8a29f87ac2f8279ebd9de6ca63f25604bbf49f
case-01398,5662bf5f09f046b6991071ac302c42c2cbfb95e92b1aa819d4b36bdc09a622f9,CONTROLLED_TEST_MUTATION,missing_direct_role,False,False,0.0183,False,0.0135,True,0.0146,False,0.0245,True,0.0058,False,3.0474,REQUIRED_ROLE_MISSING,b2d83222fe4bab87f393b8e93c8a29f87ac2f8279ebd9de6ca63f25604bbf49f
case-01399,21f1e61c438aec895580699db2ac9a50ed62283e5b1ace630d4d4edc9a719eea,CONTROLLED_TEST_MUTATION,stale_live_observation,False,True,0.0341,False,0.2822,True,0.0156,False,0.2735,True,0.0076,False,4.5155,EVIDENCE_STALE,b2d83222fe4bab87f393b8e93c8a29f87ac2f8279ebd9de6ca63f25604bbf49f
case-01400,d360ef78490d774e9fd70d62cc8fbd07cf84bebcc180df8991dedafa3078faef,CONTROLLED_TEST_MUTATION,malformed_payload,False,True,0.0375,True,0.3361,True,0.0166,True,0.3355,True,0.0083,False,3.7462,EVIDENCE_PAYLOAD_SCHEMA_INVALID|EVIDENCE_SNAPSHOT_CONFLICT,b2d83222fe4bab87f393b8e93c8a29f87ac2f8279ebd9de6ca63f25604bbf49f
case-01401,5ee9abc17a830def4d8244f0ca3010a35cd86d966a15cad53102b320c92f21e2,CLEAN_TEST_FIXTURE,none,True,True,0.0344,True,0.3154,True,0.0157,True,0.3149,True,0.0076,True,4.4802,ALL_REQUIRED_EVIDENCE_TRUSTWORTHY,b2d83222fe4bab87f393b8e93c8a29f87ac2f8279ebd9de6ca63f25604bbf49f
case-01402,f19b23a11c47147003d3a8b5b9a562007842bbb7d15c433a7833fa7076f2cb5a,CONTROLLED_TEST_MUTATION,incomplete_payload,False,True,0.0344,False,0.1442,True,0.0154,False,0.1408,True,0.0079,False,3.4193,EVIDENCE_PAYLOAD_INCOMPLETE,b2d83222fe4bab87f393b8e93c8a29f87ac2f8279ebd9de6ca63f25604bbf49f
case-01403,d761441f653b8b52faa9c9bfdf7d4e516dab60fc897ea0b8a283f769ba313bdb,CONTROLLED_TEST_MUTATION,unknown_source,False,True,0.0333,True,0.3049,True,0.0158,True,0.3078,True,0.0073,False,4.3463,EVIDENCE_ROLE_SOURCE_NOT_ALLOWED|EVIDENCE_SOURCE_ID_UNKNOWN|EVIDENCE_SOURCE_POLICY_MISSING,b2d83222fe4bab87f393b8e93c8a29f87ac2f8279ebd9de6ca63f25604bbf49f
case-01404,ce02bb71540c81010ca854e1ed6afa9bfbd7cd028a7a76778e9d1ffcabcc928e,CONTROLLED_TEST_MUTATION,malformed_payload,False,True,0.0349,True,0.3015,True,0.0161,True,0.3015,True,0.0077,False,3.4,EVIDENCE_PAYLOAD_SCHEMA_INVALID|EVIDENCE_SNAPSHOT_CONFLICT,b2d83222fe4bab87f393b8e93c8a29f87ac2f8279ebd9de6ca63f25604bbf49f
case-01405,5bf29afbf8757c28fe8df83c7f5f1cb486b87b320722bdce149cd75a26809f8a,CONTROLLED_TEST_MUTATION,unknown_source,False,True,0.0331,True,0.3112,True,0.0154,True,0.3092,True,0.0072,False,4.5543,EVIDENCE_ROLE_SOURCE_NOT_ALLOWED|EVIDENCE_SOURCE_ID_UNKNOWN|EVIDENCE_SOURCE_POLICY_MISSING,b2d83222fe4bab87f393b8e93c8a29f87ac2f8279ebd9de6ca63f25604bbf49f
case-01406,8996eba6ab929d789018180e158461351382ce7ce655a0f69dc37be7a5346112,CONTROLLED_TEST_MUTATION,unknown_source,False,True,0.036,True,0.3208,True,0.0162,True,0.3163,True,0.0082,False,3.5266,EVIDENCE_ROLE_SOURCE_NOT_ALLOWED|EVIDENCE_SOURCE_ID_UNKNOWN|EVIDENCE_SOURCE_POLICY_MISSING,b2d83222fe4bab87f393b8e93c8a29f87ac2f8279ebd9de6ca63f25604bbf49f
case-01407,fd1b869460d12743b5bb7a5f6c657a3b6efbc765d3fc556af1a28f25bb859426,CONTROLLED_TEST_MUTATION,broken_lineage,False,True,0.0337,True,0.3138,True,0.0158,True,0.3127,True,0.0076,False,4.3835,EVIDENCE_LINEAGE_INVALID,b2d83222fe4bab87f393b8e93c8a29f87ac2f8279ebd9de6ca63f25604bbf49f
case-01408,ef15feb8e616d5ea2835109653d71fe61a552d5753cd1fc51b1a943894fbdaaf,CONTROLLED_TEST_MUTATION,wrong_context,False,True,0.0359,True,0.3166,True,0.0163,True,0.3159,True,0.008,False,3.605,EVIDENCE_CONTEXT_MISMATCH,b2d83222fe4bab87f393b8e93c8a29f87ac2f8279ebd9de6ca63f25604bbf49f
case-01409,c5efbb75b044ce0b91a146d79a53cbd7bc1f8d190c57df31a476eb3e7587e9d8,CLEAN_TEST_FIXTURE,none,True,True,0.0367,True,0.324,True,0.0161,True,0.3574,True,0.0089,True,4.3371,ALL_REQUIRED_EVIDENCE_TRUSTWORTHY,b2d83222fe4bab87f393b8e93c8a29f87ac2f8279ebd9de6ca63f25604bbf49f
case-01410,c247e173a9d885c5f97d2ccdf6b38ab63f542d2e15ebbf3d9ae2f1e2ee84373a,CONTROLLED_TEST_MUTATION,empty_payload,False,False,0.036,False,0.0282,True,0.013,False,0.04,True,0.006,False,3.4313,EVIDENCE_PAYLOAD_EMPTY|EVIDENCE_PAYLOAD_SCHEMA_INVALID|EVIDENCE_SNAPSHOT_CONFLICT,b2d83222fe4bab87f393b8e93c8a29f87ac2f8279ebd9de6ca63f25604bbf49f
case-01411,46721f4984037e9c9b4fa6bc7e8e4993d0df3236c364888d99efb5bb9530c01d,CONTROLLED_TEST_MUTATION,payload_tamper_after_seal,False,True,0.0349,False,0.0809,True,0.0153,False,0.0818,True,0.0078,False,4.4775,CHECKSUM_INVALID|EVIDENCE_ROOT_INVALID|EVIDENCE_SNAPSHOT_CONFLICT|RECORD_ENVELOPE_INVALID,b2d83222fe4bab87f393b8e93c8a29f87ac2f8279ebd9de6ca63f25604bbf49f
case-01412,b629e7ff66286a7f07d072b665e9fda7f3545f5e0802f1f8dc78107224929888,CONTROLLED_TEST_MUTATION,excluded_ancestor,False,True,0.0356,True,0.3088,True,0.0164,False,0.3097,True,0.0068,False,3.585,REQUIRED_INPUT_EXCLUDED,b2d83222fe4bab87f393b8e93c8a29f87ac2f8279ebd9de6ca63f25604bbf49f
case-01413,7f940247a15776b676881500f9ee01de9abc08d7b878b80b82f70c398eae8374,CLEAN_TEST_FIXTURE,none,True,True,0.0338,True,0.3088,True,0.0156,True,0.5208,True,0.0095,True,4.3053,ALL_REQUIRED_EVIDENCE_TRUSTWORTHY,b2d83222fe4bab87f393b8e93c8a29f87ac2f8279ebd9de6ca63f25604bbf49f
case-01414,d5cfc2a2f26b75a3cfda3994153180f34d86d5ef8a307084fce923bd04b57c3f,CONTROLLED_TEST_MUTATION,future_timestamp,False,True,0.0345,False,0.2837,True,0.0162,False,0.275,True,0.0082,False,3.5214,EVIDENCE_FRESHNESS_UNKNOWN|EVIDENCE_TIMESTAMP_IN_FUTURE,b2d83222fe4bab87f393b8e93c8a29f87ac2f8279ebd9de6ca63f25604bbf49f
case-01415,5242cb5ea99fc4b05c9d70e7ce3349527c4e1df75899c407eee49d5762e8566b,CLEAN_TEST_FIXTURE,none,True,True,0.2397,True,0.6087,True,0.0184,True,0.3393,True,0.0104,True,3.5908,ALL_REQUIRED_EVIDENCE_TRUSTWORTHY,b2d83222fe4bab87f393b8e93c8a29f87ac2f8279ebd9de6ca63f25604bbf49f
case-01416,eb948d7cf405f95ee3c82b9ed56717ea67111b61161a96b87ca0045f574bca5b,CONTROLLED_TEST_MUTATION,missing_lineage,False,True,0.0332,True,0.31,True,0.0155,True,0.3324,True,0.0072,False,3.498,EVIDENCE_LINEAGE_INCOMPLETE,b2d83222fe4bab87f393b8e93c8a29f87ac2f8279ebd9de6ca63f25604bbf49f
case-01417,f0c1cc0412e8447c34de186112d95965176ce64a46b26213d59847bbb1bb4508,CONTROLLED_TEST_MUTATION,empty_payload,False,False,0.0402,False,0.0282,True,0.0134,False,0.0401,True,0.0064,False,3.5088,EVIDENCE_PAYLOAD_EMPTY|EVIDENCE_PAYLOAD_SCHEMA_INVALID|EVIDENCE_SNAPSHOT_CONFLICT,b2d83222fe4bab87f393b8e93c8a29f87ac2f8279ebd9de6ca63f25604bbf49f
case-01418,7012414ef90a90dd4c1aa5a9e6363aa2dacddaacb438e4a13d0e8ee8d9d29cd2,CONTROLLED_TEST_MUTATION,empty_payload,False,False,0.0447,False,0.0281,True,0.0127,False,0.0398,True,0.0056,False,3.4865,EVIDENCE_PAYLOAD_EMPTY|EVIDENCE_PAYLOAD_SCHEMA_INVALID|EVIDENCE_SNAPSHOT_CONFLICT,b2d83222fe4bab87f393b8e93c8a29f87ac2f8279ebd9de6ca63f25604bbf49f
case-01419,ad62c7c6b0980536b289ed776424452aca8a459b991b28d4e7200a4fd7f61e8c,CONTROLLED_TEST_MUTATION,source_type_impersonation,False,True,0.0435,True,0.998,True,0.0233,True,0.36,True,0.0102,False,3.5241,EVIDENCE_ROLE_SOURCE_NOT_ALLOWED|OPERATOR_EVIDENCE_UNVERIFIED,b2d83222fe4bab87f393b8e93c8a29f87ac2f8279ebd9de6ca63f25604bbf49f
case-01420,58d3759a4451734b4827dabeb33f8e6196caeb31092956c969b89323869db3f2,CONTROLLED_TEST_MUTATION,malformed_payload,False,True,0.0339,True,0.3074,True,0.0154,True,0.3255,True,0.0077,False,3.5427,EVIDENCE_PAYLOAD_SCHEMA_INVALID|EVIDENCE_SNAPSHOT_CONFLICT,b2d83222fe4bab87f393b8e93c8a29f87ac2f8279ebd9de6ca63f25604bbf49f
case-01421,6672fb9349e4b8b4364f3147e8f2f926e69ab02008d7d8b2d490644cb91c2afd,CONTROLLED_TEST_MUTATION,stale_live_observation,False,True,0.0702,False,0.3654,True,0.0179,False,0.287,True,0.0108,False,3.5844,EVIDENCE_STALE,b2d83222fe4bab87f393b8e93c8a29f87ac2f8279ebd9de6ca63f25604bbf49f
case-01422,c634ce5949f3b854ea191a1a8e517feb5a9e9b05001941ff0d4179d255b7b707,CONTROLLED_TEST_MUTATION,empty_payload,False,False,0.0355,False,0.0279,True,0.0125,False,0.04,True,0.0055,False,3.3805,EVIDENCE_PAYLOAD_EMPTY|EVIDENCE_PAYLOAD_SCHEMA_INVALID|EVIDENCE_SNAPSHOT_CONFLICT,b2d83222fe4bab87f393b8e93c8a29f87ac2f8279ebd9de6ca63f25604bbf49f
case-01423,e729f72eaababd411271339d6b88ded663c535345f638383258f64b7f0415bfd,CONTROLLED_TEST_MUTATION,future_timestamp,False,True,0.0334,False,1.3825,True,0.0272,False,0.3208,True,0.0121,False,3.6431,EVIDENCE_FRESHNESS_UNKNOWN|EVIDENCE_TIMESTAMP_IN_FUTURE,b2d83222fe4bab87f393b8e93c8a29f87ac2f8279ebd9de6ca63f25604bbf49f
case-01424,354ea0557640e5e20378c818678dd64f5838e5df058d8cea64c49a8b4702cc66,CLEAN_TEST_FIXTURE,none,True,True,0.0342,True,0.3072,True,0.0157,True,0.3062,True,0.0074,True,3.4279,ALL_REQUIRED_EVIDENCE_TRUSTWORTHY,b2d83222fe4bab87f393b8e93c8a29f87ac2f8279ebd9de6ca63f25604bbf49f
case-01425,eb8e5e111e4ab39afe98d265ef975b01e15dce764d4f4e336b6d849f60ea1eee,CLEAN_TEST_FIXTURE,none,True,True,0.0867,True,0.3703,True,0.0172,True,0.3173,True,0.0107,True,3.5117,ALL_REQUIRED_EVIDENCE_TRUSTWORTHY,b2d83222fe4bab87f393b8e93c8a29f87ac2f8279ebd9de6ca63f25604bbf49f
case-01426,d33e41c50eae630a4adc3d0597bceace9eb823c52865d2865a6b764e987dcb26,CONTROLLED_TEST_MUTATION,future_timestamp,False,True,0.0339,False,0.282,True,0.0159,False,0.2765,True,0.0075,False,3.4322,EVIDENCE_FRESHNESS_UNKNOWN|EVIDENCE_TIMESTAMP_IN_FUTURE,b2d83222fe4bab87f393b8e93c8a29f87ac2f8279ebd9de6ca63f25604bbf49f
case-01427,6d5c80ad982dbd51ee8576c6744c46130600dde9216695e2e5eb0c499b6a9ad4,CONTROLLED_TEST_MUTATION,snapshot_score_conflict,False,True,0.0406,True,0.3273,True,0.0169,True,0.3144,True,0.0094,False,3.4906,EVIDENCE_SNAPSHOT_CONFLICT,b2d83222fe4bab87f393b8e93c8a29f87ac2f8279ebd9de6ca63f25604bbf49f
case-01428,6920c1d336415c858677355e1f696375fe0fac5a0970a4e09fd72f5354a8b187,CONTROLLED_TEST_MUTATION,broken_lineage,False,True,0.0332,True,0.3065,True,0.0154,True,0.3045,True,0.0072,False,3.4235,EVIDENCE_LINEAGE_INVALID,b2d83222fe4bab87f393b8e93c8a29f87ac2f8279ebd9de6ca63f25604bbf49f
case-01429,4b45440074db41740bb6d76001e935bb9a96e6f88624fbe50a08110bbb406d33,CLEAN_TEST_FIXTURE,none,True,True,0.0389,True,0.3749,True,0.0177,True,0.3234,True,0.0099,True,3.5975,ALL_REQUIRED_EVIDENCE_TRUSTWORTHY,b2d83222fe4bab87f393b8e93c8a29f87ac2f8279ebd9de6ca63f25604bbf49f
case-01430,06a769b4f76de5ff5050b6bb18d399b53426fab3a3916bc3518e3ecdecaf6bf6,CLEAN_TEST_FIXTURE,none,True,True,0.034,True,0.3128,True,0.0157,True,0.3148,True,0.0076,True,3.5343,ALL_REQUIRED_EVIDENCE_TRUSTWORTHY,b2d83222fe4bab87f393b8e93c8a29f87ac2f8279ebd9de6ca63f25604bbf49f
case-01431,edbbd6d69376bddddda68f637ac3c1ba0184057e7ee224bf54e1661509b970a0,CONTROLLED_TEST_MUTATION,wrong_context,False,True,0.0376,True,0.3258,True,0.017,True,0.318,True,0.0094,False,3.5718,EVIDENCE_CONTEXT_MISMATCH,b2d83222fe4bab87f393b8e93c8a29f87ac2f8279ebd9de6ca63f25604bbf49f
case-01432,ffad7c2eae67a2fb496688511a30a778ec46027dac47d1d4f5cf13fff204fa9d,CLEAN_TEST_FIXTURE,none,True,True,0.0365,True,0.3422,True,0.0189,True,0.3453,True,0.0078,True,3.8748,ALL_REQUIRED_EVIDENCE_TRUSTWORTHY,b2d83222fe4bab87f393b8e93c8a29f87ac2f8279ebd9de6ca63f25604bbf49f
case-01433,fa612a2b95a3b267223576ebf58940f76276349f98416477a503ac1e7973839a,CONTROLLED_TEST_MUTATION,unavailable_record,False,True,0.0372,False,0.2955,True,0.0172,False,0.2852,True,0.01,False,3.581,EVIDENCE_LINEAGE_INCOMPLETE|EVIDENCE_UNAVAILABLE,b2d83222fe4bab87f393b8e93c8a29f87ac2f8279ebd9de6ca63f25604bbf49f
case-01434,5e9ede80ae487b8bec3fb7071c41474d6b1e3536b8ab5f2852418eab434794a8,CONTROLLED_TEST_MUTATION,snapshot_score_conflict,False,True,0.0344,True,0.3148,True,0.0162,True,0.3169,True,0.0076,False,3.5094,EVIDENCE_SNAPSHOT_CONFLICT,b2d83222fe4bab87f393b8e93c8a29f87ac2f8279ebd9de6ca63f25604bbf49f
case-01435,890cf8c6e0ce247975e8b292eb5bdbf8bed783b44cb483a55bccc6be20626875,CONTROLLED_TEST_MUTATION,unavailable_record,False,True,0.0367,False,0.2944,True,0.0174,False,0.2844,True,0.0088,False,3.5419,EVIDENCE_LINEAGE_INCOMPLETE|EVIDENCE_UNAVAILABLE,b2d83222fe4bab87f393b8e93c8a29f87ac2f8279ebd9de6ca63f25604bbf49f
case-01436,981e73729a1f4a8db6c6f10c37532f182fa9753e1cfcf5f580894cb2627644e2,CONTROLLED_TEST_MUTATION,broken_lineage,False,True,0.034,True,0.313,True,0.0156,True,0.3157,True,0.0075,False,3.7664,EVIDENCE_LINEAGE_INVALID,b2d83222fe4bab87f393b8e93c8a29f87ac2f8279ebd9de6ca63f25604bbf49f
case-01437,00fa956fadeed23a9e220378ed58850bcad90983592605cb8c5d31aa0249970d,CONTROLLED_TEST_MUTATION,missing_direct_role,False,False,0.0194,False,0.0139,True,0.0151,False,0.0251,True,0.0062,False,3.1828,REQUIRED_ROLE_MISSING,b2d83222fe4bab87f393b8e93c8a29f87ac2f8279ebd9de6ca63f25604bbf49f
case-01438,00ad74a325a2ff6e6e63255740e68d0c668239d69d69ec3c9fe50be22c6bdd21,CONTROLLED_TEST_MUTATION,empty_payload,False,False,0.0368,False,0.0285,True,0.0128,False,0.0405,True,0.0057,False,3.4564,EVIDENCE_PAYLOAD_EMPTY|EVIDENCE_PAYLOAD_SCHEMA_INVALID|EVIDENCE_SNAPSHOT_CONFLICT,b2d83222fe4bab87f393b8e93c8a29f87ac2f8279ebd9de6ca63f25604bbf49f
case-01439,e1df46d297b291a8946419e6b145e6d9395fd002b17978bf291e1753aed3a697,CLEAN_TEST_FIXTURE,none,True,True,0.0371,True,0.3149,True,0.0165,True,0.3335,True,0.0096,True,3.572,ALL_REQUIRED_EVIDENCE_TRUSTWORTHY,b2d83222fe4bab87f393b8e93c8a29f87ac2f8279ebd9de6ca63f25604bbf49f
case-01440,c49bbd9d7a6a88dc619245a3c01b7b5fc9ba98155c9f0d6c134c66d6fc73b3c6,CONTROLLED_TEST_MUTATION,snapshot_score_conflict,False,True,0.0337,True,0.3034,True,0.0156,True,0.3272,True,0.0074,False,3.4845,EVIDENCE_SNAPSHOT_CONFLICT,b2d83222fe4bab87f393b8e93c8a29f87ac2f8279ebd9de6ca63f25604bbf49f
case-01441,19fdd037f84a4b8712425c9b8d7c079c3dedcaec18f8445d323771bdfb6871c5,CLEAN_TEST_FIXTURE,none,True,True,0.0371,True,0.3194,True,0.0167,True,0.309,True,0.0098,True,3.4579,ALL_REQUIRED_EVIDENCE_TRUSTWORTHY,b2d83222fe4bab87f393b8e93c8a29f87ac2f8279ebd9de6ca63f25604bbf49f
case-01442,afa5aaf2d8d25a33c29aced2c771634b0d9bfe348321355cb121eefe23f33f29,CONTROLLED_TEST_MUTATION,excluded_ancestor,False,True,0.0339,True,0.4125,True,0.017,False,0.3248,True,0.0064,False,4.0713,REQUIRED_INPUT_EXCLUDED,b2d83222fe4bab87f393b8e93c8a29f87ac2f8279ebd9de6ca63f25604bbf49f
case-01443,88d046ccb2c3e4a8ddb9812d84ce2952a0e05954d79da35e7a4a67868f301581,CONTROLLED_TEST_MUTATION,role_conflict,False,True,0.0382,True,0.3324,True,0.0275,False,0.3552,True,0.0075,False,3.892,EVIDENCE_ROLE_CONFLICT,b2d83222fe4bab87f393b8e93c8a29f87ac2f8279ebd9de6ca63f25604bbf49f
case-01444,cbdf7c152f183084d804d793012e2aa8b5abe58dfda1d14089b051d1dcdb5f52,CONTROLLED_TEST_MUTATION,role_conflict,False,True,0.0373,True,0.3311,True,0.0167,False,0.3258,True,0.0068,False,4.643,EVIDENCE_ROLE_CONFLICT,b2d83222fe4bab87f393b8e93c8a29f87ac2f8279ebd9de6ca63f25604bbf49f
case-01445,085fb3d89342d16304290ef1fdb1ba58a09dc9123c833673c5334b30cc16062d,CLEAN_TEST_FIXTURE,none,True,True,0.0348,True,0.3149,True,0.0161,True,0.3104,True,0.0091,True,3.6235,ALL_REQUIRED_EVIDENCE_TRUSTWORTHY,b2d83222fe4bab87f393b8e93c8a29f87ac2f8279ebd9de6ca63f25604bbf49f
case-01446,f6b281cdfcffdf7e6281df697375db188ca004e5189a17ed56d024ccc17bd3ae,CONTROLLED_TEST_MUTATION,stale_live_observation,False,True,0.0334,False,0.3018,True,0.0155,False,0.2716,True,0.0075,False,4.488,EVIDENCE_STALE,b2d83222fe4bab87f393b8e93c8a29f87ac2f8279ebd9de6ca63f25604bbf49f
case-01447,ffc3aed4ba19b77959a4365c00b8343ae31835040de3a0de441cdc3abfb3e9ae,CLEAN_TEST_FIXTURE,none,True,True,0.034,True,0.3749,True,0.0162,True,0.3074,True,0.008,True,3.4291,ALL_REQUIRED_EVIDENCE_TRUSTWORTHY,b2d83222fe4bab87f393b8e93c8a29f87ac2f8279ebd9de6ca63f25604bbf49f
case-01448,99a764abd44dc7b7e30536aac153f7d5ec2fb029c48998c08ad26e90ade5e433,CONTROLLED_TEST_MUTATION,unavailable_record,False,True,0.0431,False,0.3569,True,0.0199,False,0.3423,True,0.0099,False,4.5181,EVIDENCE_LINEAGE_INCOMPLETE|EVIDENCE_UNAVAILABLE,b2d83222fe4bab87f393b8e93c8a29f87ac2f8279ebd9de6ca63f25604bbf49f
case-01449,c27898483a99c156e957f8e65be8303b54c1dc0f021cc751371d1dece38aa922,CONTROLLED_TEST_MUTATION,incomplete_payload,False,True,0.0353,False,0.1491,True,0.0162,False,0.1459,True,0.0083,False,3.68,EVIDENCE_PAYLOAD_INCOMPLETE,b2d83222fe4bab87f393b8e93c8a29f87ac2f8279ebd9de6ca63f25604bbf49f
case-01450,38d7250f7e3893cdee3ab3b0979e2eb7dc4c45b1551d19d8013b01d4f050de1c,CONTROLLED_TEST_MUTATION,source_type_impersonation,False,True,0.0332,True,0.3063,True,0.0151,True,0.7252,True,0.0102,False,4.2041,EVIDENCE_ROLE_SOURCE_NOT_ALLOWED|OPERATOR_EVIDENCE_UNVERIFIED,b2d83222fe4bab87f393b8e93c8a29f87ac2f8279ebd9de6ca63f25604bbf49f
case-01451,ac0278a622264b538b37d655be2a3852b9da0f732f8b4deb424e81e5cc29b2ab,CONTROLLED_TEST_MUTATION,unavailable_record,False,True,0.0346,False,0.2836,True,0.0158,False,0.2767,True,0.0081,False,3.5715,EVIDENCE_LINEAGE_INCOMPLETE|EVIDENCE_UNAVAILABLE,b2d83222fe4bab87f393b8e93c8a29f87ac2f8279ebd9de6ca63f25604bbf49f
case-01452,892c6e536648b3ee12fee390bd81a63b1071a17ee7ee1544ad8983728087259c,CONTROLLED_TEST_MUTATION,snapshot_score_conflict,False,True,0.1002,True,1.0763,True,0.0224,True,0.32,True,0.0104,False,3.564,EVIDENCE_SNAPSHOT_CONFLICT,b2d83222fe4bab87f393b8e93c8a29f87ac2f8279ebd9de6ca63f25604bbf49f
case-01453,cb28f4810b74f016647a390a3dcf5b779c812f3539236d92e35e5670e42a54b6,CONTROLLED_TEST_MUTATION,wrong_context,False,True,0.034,True,0.3109,True,0.0154,True,0.3098,True,0.0073,False,3.4174,EVIDENCE_CONTEXT_MISMATCH,b2d83222fe4bab87f393b8e93c8a29f87ac2f8279ebd9de6ca63f25604bbf49f
case-01454,2de478898a74e3242b76f0a0addd2839709c5c538f5db532e2d63a6a6a22e0be,CONTROLLED_TEST_MUTATION,lineage_cycle,False,True,0.068,True,0.3684,True,0.0176,True,0.322,True,0.0103,False,3.5304,EVIDENCE_LINEAGE_INVALID,b2d83222fe4bab87f393b8e93c8a29f87ac2f8279ebd9de6ca63f25604bbf49f
case-01455,fab54fdb68a68a29215cd2974310731538efdd11c8f62857e26cbe2ef1d90471,CLEAN_TEST_FIXTURE,none,True,True,0.0345,True,0.3145,True,0.016,True,0.3219,True,0.0075,True,3.4186,ALL_REQUIRED_EVIDENCE_TRUSTWORTHY,b2d83222fe4bab87f393b8e93c8a29f87ac2f8279ebd9de6ca63f25604bbf49f
case-01456,a95105e36f5d7cae72490b2663236cc34c12148d7f2e7faa38b17df8dbe227a8,CONTROLLED_TEST_MUTATION,source_type_impersonation,False,True,0.0424,True,0.3285,True,0.017,True,0.3123,True,0.0098,False,3.4876,EVIDENCE_ROLE_SOURCE_NOT_ALLOWED|OPERATOR_EVIDENCE_UNVERIFIED,b2d83222fe4bab87f393b8e93c8a29f87ac2f8279ebd9de6ca63f25604bbf49f
case-01457,1845760184a1c8eb4a2dccc6f2ff180ed31d3af1ada3f48536fb2dd3042277c3,CONTROLLED_TEST_MUTATION,unknown_source,False,True,0.0347,True,0.3189,True,0.0165,True,0.317,True,0.0076,False,3.4159,EVIDENCE_ROLE_SOURCE_NOT_ALLOWED|EVIDENCE_SOURCE_ID_UNKNOWN|EVIDENCE_SOURCE_POLICY_MISSING,b2d83222fe4bab87f393b8e93c8a29f87ac2f8279ebd9de6ca63f25604bbf49f
case-01458,20e5589f692695f37c52b28d64e1c5e6b6941e7f02f050394549a6d36c58084b,CONTROLLED_TEST_MUTATION,stale_live_observation,False,True,0.0387,False,0.298,True,0.0171,False,0.2841,True,0.0103,False,3.5854,EVIDENCE_STALE,b2d83222fe4bab87f393b8e93c8a29f87ac2f8279ebd9de6ca63f25604bbf49f
case-01459,7d028bc9558a62b75bb0d8eaa440e39815ed1a56865cbb65c12f8ce5458f1d7e,CONTROLLED_TEST_MUTATION,unavailable_record,False,True,0.0342,False,0.2916,True,0.0162,False,0.2835,True,0.0078,False,3.504,EVIDENCE_LINEAGE_INCOMPLETE|EVIDENCE_UNAVAILABLE,b2d83222fe4bab87f393b8e93c8a29f87ac2f8279ebd9de6ca63f25604bbf49f
case-01460,fcbb194d827cedc89d0ab1ed72d3bedb093b7d7b40ee6594e288e95b547cb885,CONTROLLED_TEST_MUTATION,incomplete_payload,False,True,0.0378,False,0.1546,True,0.0166,False,0.1461,True,0.0099,False,3.5766,EVIDENCE_PAYLOAD_INCOMPLETE,b2d83222fe4bab87f393b8e93c8a29f87ac2f8279ebd9de6ca63f25604bbf49f
case-01461,512649f1591f6c21a56992e6b12ee23f20c59874978845b82f39f074de397873,CONTROLLED_TEST_MUTATION,source_type_impersonation,False,True,0.035,True,0.3195,True,0.0161,True,0.3211,True,0.0076,False,3.5202,EVIDENCE_ROLE_SOURCE_NOT_ALLOWED|OPERATOR_EVIDENCE_UNVERIFIED,b2d83222fe4bab87f393b8e93c8a29f87ac2f8279ebd9de6ca63f25604bbf49f
case-01462,db2f1b43d0973a3129bbf840c5a71f8198216c4b663a7ffb4aad361a1a8c3fa9,CONTROLLED_TEST_MUTATION,future_timestamp,False,True,0.0393,False,0.312,True,0.0181,False,0.34,True,0.0109,False,3.7738,EVIDENCE_FRESHNESS_UNKNOWN|EVIDENCE_TIMESTAMP_IN_FUTURE,b2d83222fe4bab87f393b8e93c8a29f87ac2f8279ebd9de6ca63f25604bbf49f
case-01463,aca4976956a284d007923a451beb3dc54d31afcbe1b2c3f5c9d80113db3dfcd3,CONTROLLED_TEST_MUTATION,unavailable_record,False,True,0.037,False,0.3056,True,0.0173,False,0.2982,True,0.0085,False,4.3855,EVIDENCE_LINEAGE_INCOMPLETE|EVIDENCE_UNAVAILABLE,b2d83222fe4bab87f393b8e93c8a29f87ac2f8279ebd9de6ca63f25604bbf49f
case-01464,fec434f7063b3530ae7ed990d40cc93e45e814065f6bcd55dc60be474276f5dd,CONTROLLED_TEST_MUTATION,empty_payload,False,False,0.0377,False,0.029,True,0.0134,False,0.0416,True,0.0064,False,3.5387,EVIDENCE_PAYLOAD_EMPTY|EVIDENCE_PAYLOAD_SCHEMA_INVALID|EVIDENCE_SNAPSHOT_CONFLICT,b2d83222fe4bab87f393b8e93c8a29f87ac2f8279ebd9de6ca63f25604bbf49f
case-01465,8d0e6667dcaa9188e5f345f69d47640f295fc13c5831a7c84cd3508f816cad4e,CONTROLLED_TEST_MUTATION,root_signature_tamper_after_seal,False,True,0.0345,True,0.316,True,0.016,True,0.3141,True,0.0077,False,3.5626,EVIDENCE_ROOT_INVALID,b2d83222fe4bab87f393b8e93c8a29f87ac2f8279ebd9de6ca63f25604bbf49f
case-01466,0eff28c39a5955b211dca0ba178d0488f7c39cf2a8ea0c9219d260e3f576634c,CONTROLLED_TEST_MUTATION,malformed_payload,False,True,0.0359,True,0.3105,True,0.0164,True,0.313,True,0.0084,False,3.5493,EVIDENCE_PAYLOAD_SCHEMA_INVALID|EVIDENCE_SNAPSHOT_CONFLICT,b2d83222fe4bab87f393b8e93c8a29f87ac2f8279ebd9de6ca63f25604bbf49f
case-01467,4e4ffe632a0b7a2cb210dedff1189c466631e0337534b89356de98b5006e18f5,CONTROLLED_TEST_MUTATION,root_signature_tamper_after_seal,False,True,0.0352,True,0.3157,True,0.016,True,0.4388,True,0.0083,False,4.4907,EVIDENCE_ROOT_INVALID,b2d83222fe4bab87f393b8e93c8a29f87ac2f8279ebd9de6ca63f25604bbf49f
case-01468,7dffd5210f8977042554209c8b88130f3675d02f89a6ed90d063d597e39a9ba8,CONTROLLED_TEST_MUTATION,broken_lineage,False,True,0.0353,True,0.3295,True,0.0162,True,0.3052,True,0.0081,False,3.539,EVIDENCE_LINEAGE_INVALID,b2d83222fe4bab87f393b8e93c8a29f87ac2f8279ebd9de6ca63f25604bbf49f
case-01469,eb6c64339c81caa4031fa6489f40ec86e87d88f99109b4c3ac7f87bcf8ecbc29,CONTROLLED_TEST_MUTATION,excluded_ancestor,False,True,0.034,True,0.3079,True,0.0158,False,0.307,True,0.006,False,4.2446,REQUIRED_INPUT_EXCLUDED,b2d83222fe4bab87f393b8e93c8a29f87ac2f8279ebd9de6ca63f25604bbf49f
case-01470,8ab92e66a75095a6768af6832ba8281eb1e54d624361f23368b23a3cad5de612,CONTROLLED_TEST_MUTATION,missing_direct_role,False,False,0.0206,False,0.0152,True,0.0164,False,0.0371,True,0.0064,False,3.2298,REQUIRED_ROLE_MISSING,b2d83222fe4bab87f393b8e93c8a29f87ac2f8279ebd9de6ca63f25604bbf49f
case-01471,765ec0df69b5907cdb592239c5d0a37749e9487eb3ab778b58c0d499a7767970,CONTROLLED_TEST_MUTATION,source_type_impersonation,False,True,0.035,True,0.3138,True,0.016,True,0.3124,True,0.0075,False,3.9842,EVIDENCE_ROLE_SOURCE_NOT_ALLOWED|OPERATOR_EVIDENCE_UNVERIFIED,b2d83222fe4bab87f393b8e93c8a29f87ac2f8279ebd9de6ca63f25604bbf49f
case-01472,2f0561d40ac39a9e5aaa206720f1b782b9410f195029eb114e60ec7653570719,CONTROLLED_TEST_MUTATION,stale_live_observation,False,True,0.0364,False,0.2897,True,0.0169,False,0.2828,True,0.0087,False,3.5542,EVIDENCE_STALE,b2d83222fe4bab87f393b8e93c8a29f87ac2f8279ebd9de6ca63f25604bbf49f
case-01473,e40f7f26a6e9a717d00db294a63763963bd3674f8c1e98d1f9f19e8fafd33f75,CONTROLLED_TEST_MUTATION,role_conflict,False,True,0.0367,True,0.3295,True,0.0164,False,0.3274,True,0.0067,False,4.7664,EVIDENCE_ROLE_CONFLICT,b2d83222fe4bab87f393b8e93c8a29f87ac2f8279ebd9de6ca63f25604bbf49f
case-01474,fcf6f85bd71370297fdffdb603b4936560fb2a63c90f168139d3ad9b3e7ad59d,CONTROLLED_TEST_MUTATION,incomplete_payload,False,True,0.0363,False,0.1504,True,0.0168,False,0.1494,True,0.0084,False,3.6119,EVIDENCE_PAYLOAD_INCOMPLETE,b2d83222fe4bab87f393b8e93c8a29f87ac2f8279ebd9de6ca63f25604bbf49f
case-01475,0137d783383ab1ce46d61e3e337f3ba769be696bd7772a7c2bbb0aad9b3cf7f5,CONTROLLED_TEST_MUTATION,missing_direct_role,False,False,0.0181,False,0.0136,True,0.0138,False,0.025,True,0.0053,False,3.8913,REQUIRED_ROLE_MISSING,b2d83222fe4bab87f393b8e93c8a29f87ac2f8279ebd9de6ca63f25604bbf49f
case-01476,29fabb7673562900fa8d7e418f4507a1a5f3122c2cc4f0e45a0d4d03de216281,CONTROLLED_TEST_MUTATION,excluded_ancestor,False,True,0.0345,True,0.3096,True,0.0161,False,0.308,True,0.0067,False,3.484,REQUIRED_INPUT_EXCLUDED,b2d83222fe4bab87f393b8e93c8a29f87ac2f8279ebd9de6ca63f25604bbf49f
case-01477,083940fb5b25e1c53e6a89e3022b951a1190f6d03a82d1879a7b5191ecc71df4,CONTROLLED_TEST_MUTATION,source_type_impersonation,False,True,0.0345,True,0.3341,True,0.0159,True,0.3337,True,0.0078,False,4.4718,EVIDENCE_ROLE_SOURCE_NOT_ALLOWED|OPERATOR_EVIDENCE_UNVERIFIED,b2d83222fe4bab87f393b8e93c8a29f87ac2f8279ebd9de6ca63f25604bbf49f
case-01478,ad0916e2f99093e16756280a9d79733c438a084dda02a292caaa42574043506b,CONTROLLED_TEST_MUTATION,wrong_context,False,True,0.0351,True,0.3182,True,0.0161,True,0.3148,True,0.0082,False,3.5363,EVIDENCE_CONTEXT_MISMATCH,b2d83222fe4bab87f393b8e93c8a29f87ac2f8279ebd9de6ca63f25604bbf49f
case-01479,7d1c2b1a17025730bb30d06a26c44f5974369b1fd7439e512d6990a267c440a9,CONTROLLED_TEST_MUTATION,source_type_impersonation,False,True,0.0352,True,0.3143,True,0.0156,True,0.3158,True,0.0075,False,4.2028,EVIDENCE_ROLE_SOURCE_NOT_ALLOWED|OPERATOR_EVIDENCE_UNVERIFIED,b2d83222fe4bab87f393b8e93c8a29f87ac2f8279ebd9de6ca63f25604bbf49f
case-01480,c3b68696e4b894d666c7ef3c423b349649554f7e4907b3adbec61c6298dba0de,CONTROLLED_TEST_MUTATION,wrong_context,False,True,0.0354,True,0.3194,True,0.0162,True,0.3172,True,0.0083,False,3.534,EVIDENCE_CONTEXT_MISMATCH,b2d83222fe4bab87f393b8e93c8a29f87ac2f8279ebd9de6ca63f25604bbf49f
case-01481,630b9e5aaa2bf8a2221438b224a6d2854680039e577bc7c716c56406dafdc709,CONTROLLED_TEST_MUTATION,root_signature_tamper_after_seal,False,True,0.0342,True,0.3175,True,0.0156,True,0.3174,True,0.0077,False,4.3275,EVIDENCE_ROOT_INVALID,b2d83222fe4bab87f393b8e93c8a29f87ac2f8279ebd9de6ca63f25604bbf49f
case-01482,e6f7653b56c03d80edf0d1ec151e7a5308956d28e780b1e3df43649dae8e0891,CONTROLLED_TEST_MUTATION,snapshot_score_conflict,False,True,0.0364,True,0.3231,True,0.0165,True,0.3199,True,0.008,False,3.5413,EVIDENCE_SNAPSHOT_CONFLICT,b2d83222fe4bab87f393b8e93c8a29f87ac2f8279ebd9de6ca63f25604bbf49f
case-01483,68698913de5aa205aeba743827dcfdac41f5cb4c0228198b1126db4b0bbd782f,CONTROLLED_TEST_MUTATION,incomplete_payload,False,True,0.0359,False,0.1579,True,0.016,False,0.1584,True,0.008,False,4.4989,EVIDENCE_PAYLOAD_INCOMPLETE,b2d83222fe4bab87f393b8e93c8a29f87ac2f8279ebd9de6ca63f25604bbf49f
case-01484,4b29cded4dd3c9ebf27ea951a73825cc2026e10670173d1b801f7b27672c2fa9,CLEAN_TEST_FIXTURE,none,True,True,0.036,True,0.321,True,0.0164,True,0.3201,True,0.0085,True,3.5068,ALL_REQUIRED_EVIDENCE_TRUSTWORTHY,b2d83222fe4bab87f393b8e93c8a29f87ac2f8279ebd9de6ca63f25604bbf49f
case-01485,17b1bf4249c41735e1740fc0e418d531999e213aea92118c947b93da6a75e3a2,CONTROLLED_TEST_MUTATION,source_type_impersonation,False,True,0.0331,True,0.308,True,0.0155,True,0.7236,True,0.0103,False,4.061,EVIDENCE_ROLE_SOURCE_NOT_ALLOWED|OPERATOR_EVIDENCE_UNVERIFIED,b2d83222fe4bab87f393b8e93c8a29f87ac2f8279ebd9de6ca63f25604bbf49f
case-01486,7830b8ae2f0b1f2c25157be56636e5b27c59cd70a3e233bbe8e50b47d908e9d5,CONTROLLED_TEST_MUTATION,incomplete_payload,False,True,0.0346,False,0.1454,True,0.0159,False,0.1413,True,0.0081,False,3.413,EVIDENCE_PAYLOAD_INCOMPLETE,b2d83222fe4bab87f393b8e93c8a29f87ac2f8279ebd9de6ca63f25604bbf49f
case-01487,f3665a33eee71795b2acb233b7fc90b322c357015f99bb5091e80c3a83cf82be,CLEAN_TEST_FIXTURE,none,True,True,0.0337,True,0.3086,True,0.0157,True,0.8147,True,0.0176,True,4.1562,ALL_REQUIRED_EVIDENCE_TRUSTWORTHY,b2d83222fe4bab87f393b8e93c8a29f87ac2f8279ebd9de6ca63f25604bbf49f
case-01488,0eaebd10c049a07e50ea5aefff2e780da6847acb6e097c3aa11cdd56c7dba834,CONTROLLED_TEST_MUTATION,snapshot_score_conflict,False,True,0.0365,True,0.3215,True,0.0164,True,0.3189,True,0.0079,False,3.5183,EVIDENCE_SNAPSHOT_CONFLICT,b2d83222fe4bab87f393b8e93c8a29f87ac2f8279ebd9de6ca63f25604bbf49f
case-01489,ad6a4fd64b510c20077234865c25ebfe803a2a906409bfc006591441d92356f8,CONTROLLED_TEST_MUTATION,role_conflict,False,True,0.0509,True,0.3651,True,0.0175,False,0.3505,True,0.0077,False,3.8618,EVIDENCE_ROLE_CONFLICT,b2d83222fe4bab87f393b8e93c8a29f87ac2f8279ebd9de6ca63f25604bbf49f
case-01490,7a815335ecb895c1fe8b8853d21f88a9d967c02666071692a3c7eceb2429ea72,CONTROLLED_TEST_MUTATION,root_signature_tamper_after_seal,False,True,0.0336,True,0.3105,True,0.0154,True,0.3092,True,0.0074,False,3.5072,EVIDENCE_ROOT_INVALID,b2d83222fe4bab87f393b8e93c8a29f87ac2f8279ebd9de6ca63f25604bbf49f
case-01491,7855c31324b97d4d7f56bfa8ac4f0635eee69150bdf6929a7ccf7604053ee461,CONTROLLED_TEST_MUTATION,payload_tamper_after_seal,False,True,0.0367,False,0.0823,True,0.019,False,0.0829,True,0.0086,False,3.563,CHECKSUM_INVALID|EVIDENCE_ROOT_INVALID|EVIDENCE_SNAPSHOT_CONFLICT|RECORD_ENVELOPE_INVALID,b2d83222fe4bab87f393b8e93c8a29f87ac2f8279ebd9de6ca63f25604bbf49f
case-01492,87906424f8ce632b2d1a70bf4484a6f95a05a6c8a01f64ae33440c9239ade64b,CONTROLLED_TEST_MUTATION,payload_tamper_after_seal,False,True,0.0345,False,0.0784,True,0.0152,False,0.0812,True,0.0074,False,3.5534,CHECKSUM_INVALID|EVIDENCE_ROOT_INVALID|EVIDENCE_SNAPSHOT_CONFLICT|RECORD_ENVELOPE_INVALID,b2d83222fe4bab87f393b8e93c8a29f87ac2f8279ebd9de6ca63f25604bbf49f
case-01493,6691e3e036ad80398f40d7de1df02a8e5da603d413be258c8f2ddf940e42cd6d,CONTROLLED_TEST_MUTATION,source_type_impersonation,False,True,0.0461,True,0.3238,True,0.0168,True,0.3213,True,0.0095,False,3.5616,EVIDENCE_ROLE_SOURCE_NOT_ALLOWED|OPERATOR_EVIDENCE_UNVERIFIED,b2d83222fe4bab87f393b8e93c8a29f87ac2f8279ebd9de6ca63f25604bbf49f
case-01494,3b9794b63e5228de0015e0a698f118942c5594ca41fdd04a0b6512effcee1f42,CONTROLLED_TEST_MUTATION,unknown_source,False,True,0.045,True,0.3941,True,0.0206,True,0.3857,True,0.01,False,3.5947,EVIDENCE_ROLE_SOURCE_NOT_ALLOWED|EVIDENCE_SOURCE_ID_UNKNOWN|EVIDENCE_SOURCE_POLICY_MISSING,b2d83222fe4bab87f393b8e93c8a29f87ac2f8279ebd9de6ca63f25604bbf49f
case-01495,b574e1a9dd51964e2d3865f1b1f9880a8f646d7ef7b5159ca4d6d3d6a0ceb605,CONTROLLED_TEST_MUTATION,empty_payload,False,False,0.0406,False,0.0291,True,0.0138,False,0.041,True,0.0067,False,3.5582,EVIDENCE_PAYLOAD_EMPTY|EVIDENCE_PAYLOAD_SCHEMA_INVALID|EVIDENCE_SNAPSHOT_CONFLICT,b2d83222fe4bab87f393b8e93c8a29f87ac2f8279ebd9de6ca63f25604bbf49f
case-01496,09a3656df043e65659f97308298fe5d02b71a3f3e7a2076c6ac37615f2d1f507,CLEAN_TEST_FIXTURE,none,True,True,0.0342,True,0.3168,True,0.0159,True,0.3157,True,0.0077,True,3.5556,ALL_REQUIRED_EVIDENCE_TRUSTWORTHY,b2d83222fe4bab87f393b8e93c8a29f87ac2f8279ebd9de6ca63f25604bbf49f
case-01497,3e5d07aed7236abbe6108911e2bbdab615eac764b7a34904fef0b103e7964b0a,CONTROLLED_TEST_MUTATION,unavailable_record,False,True,0.0378,False,0.2964,True,0.0175,False,0.2851,True,0.0096,False,3.5647,EVIDENCE_LINEAGE_INCOMPLETE|EVIDENCE_UNAVAILABLE,b2d83222fe4bab87f393b8e93c8a29f87ac2f8279ebd9de6ca63f25604bbf49f
case-01498,9e0ddc600181c56bd70f0842f6919f35becf63789ca86cad708dc4c5ca725a25,CONTROLLED_TEST_MUTATION,payload_tamper_after_seal,False,True,0.0342,False,0.0784,True,0.0152,False,0.0817,True,0.0074,False,3.5475,CHECKSUM_INVALID|EVIDENCE_ROOT_INVALID|EVIDENCE_SNAPSHOT_CONFLICT|RECORD_ENVELOPE_INVALID,b2d83222fe4bab87f393b8e93c8a29f87ac2f8279ebd9de6ca63f25604bbf49f
case-01499,79b66766f5fccf983959b5c68baacd7087788b8a8acf81e307abf0a3877644f1,CONTROLLED_TEST_MUTATION,root_signature_tamper_after_seal,False,True,0.0371,True,0.3234,True,0.0166,True,0.3181,True,0.0095,False,3.5574,EVIDENCE_ROOT_INVALID,b2d83222fe4bab87f393b8e93c8a29f87ac2f8279ebd9de6ca63f25604bbf49f
case-01500,dc2d606cab3ebf6b52634737ce34f3177590c8143adc78a4e06603b69cdd8e80,CONTROLLED_TEST_MUTATION,empty_payload,False,False,0.038,False,0.0304,True,0.0133,False,0.0429,True,0.0059,False,3.8582,EVIDENCE_PAYLOAD_EMPTY|EVIDENCE_PAYLOAD_SCHEMA_INVALID|EVIDENCE_SNAPSHOT_CONFLICT,b2d83222fe4bab87f393b8e93c8a29f87ac2f8279ebd9de6ca63f25604bbf49f
case-01501,b9e5623ae53bb9e9e32be8406ac47c2350d0cb883da8e2822be49284ffb5a1f5,CONTROLLED_TEST_MUTATION,role_conflict,False,True,0.0395,True,0.3485,True,0.0205,False,0.3434,True,0.0076,False,4.0147,EVIDENCE_ROLE_CONFLICT,b2d83222fe4bab87f393b8e93c8a29f87ac2f8279ebd9de6ca63f25604bbf49f
case-01502,b482252dc613413a6fa5c92812118ce3eda5e6cc2f0a84b022c058c30a41def8,CONTROLLED_TEST_MUTATION,malformed_payload,False,True,0.0345,True,0.3163,True,0.0161,True,0.511,True,0.0086,False,4.318,EVIDENCE_PAYLOAD_SCHEMA_INVALID|EVIDENCE_SNAPSHOT_CONFLICT,b2d83222fe4bab87f393b8e93c8a29f87ac2f8279ebd9de6ca63f25604bbf49f
case-01503,049315be26b76975a1d1e04d8842f69b807fac3d33d352b31c1d1d0ae12769ed,CONTROLLED_TEST_MUTATION,payload_tamper_after_seal,False,True,0.0355,False,0.079,True,0.0157,False,0.081,True,0.008,False,3.5701,CHECKSUM_INVALID|EVIDENCE_ROOT_INVALID|EVIDENCE_SNAPSHOT_CONFLICT|RECORD_ENVELOPE_INVALID,b2d83222fe4bab87f393b8e93c8a29f87ac2f8279ebd9de6ca63f25604bbf49f
case-01504,455d4115bab17168ba0be208bc333ce912e1649257a3d90d08b17528adeb2288,CLEAN_TEST_FIXTURE,none,True,True,0.035,True,0.3188,True,0.0159,True,0.3205,True,0.0077,True,4.2879,ALL_REQUIRED_EVIDENCE_TRUSTWORTHY,b2d83222fe4bab87f393b8e93c8a29f87ac2f8279ebd9de6ca63f25604bbf49f
case-01505,3997ba47ac4d6c5d2e1b8774d87588c0871bdc7e718b5e0bbf84d8827cfa6117,CONTROLLED_TEST_MUTATION,missing_lineage,False,True,0.035,True,0.3069,True,0.0164,True,0.305,True,0.0078,False,3.3643,EVIDENCE_LINEAGE_INCOMPLETE,b2d83222fe4bab87f393b8e93c8a29f87ac2f8279ebd9de6ca63f25604bbf49f
case-01506,186ee6a18c4c7fc69e5b97bb74f4da0da3e6e2e51d43f30d7dc1456a96be9c00,CONTROLLED_TEST_MUTATION,unknown_source,False,True,0.033,True,0.308,True,0.0154,True,0.3066,True,0.0074,False,4.6217,EVIDENCE_ROLE_SOURCE_NOT_ALLOWED|EVIDENCE_SOURCE_ID_UNKNOWN|EVIDENCE_SOURCE_POLICY_MISSING,b2d83222fe4bab87f393b8e93c8a29f87ac2f8279ebd9de6ca63f25604bbf49f
case-01507,6bb37c252ff25962bbe164b65f6b9b62478dad7c7d2ff357ec5dcd837802e8b0,CONTROLLED_TEST_MUTATION,missing_lineage,False,True,0.0345,True,0.307,True,0.0157,True,0.3061,True,0.0078,False,3.3785,EVIDENCE_LINEAGE_INCOMPLETE,b2d83222fe4bab87f393b8e93c8a29f87ac2f8279ebd9de6ca63f25604bbf49f
case-01508,a705dfcebe1fc0fd8e9a7c50ca5587d5a71d0c3bc3eeb6629c55912b1355ab34,CONTROLLED_TEST_MUTATION,payload_tamper_after_seal,False,True,0.0339,False,0.0768,True,0.015,False,0.0802,True,0.0075,False,5.1569,CHECKSUM_INVALID|EVIDENCE_ROOT_INVALID|EVIDENCE_SNAPSHOT_CONFLICT|RECORD_ENVELOPE_INVALID,b2d83222fe4bab87f393b8e93c8a29f87ac2f8279ebd9de6ca63f25604bbf49f
case-01509,232c8afeaabca72a256b250295c4070dead806c45ffa1f7721e6848b65f43838,CONTROLLED_TEST_MUTATION,unavailable_record,False,True,0.0349,False,0.2805,True,0.0164,False,0.2735,True,0.0085,False,3.4868,EVIDENCE_LINEAGE_INCOMPLETE|EVIDENCE_UNAVAILABLE,b2d83222fe4bab87f393b8e93c8a29f87ac2f8279ebd9de6ca63f25604bbf49f
case-01510,9abff2bf59d2241e6faabcb084ebe4aa867be334c1eaf3de42a84b62261a77c1,CONTROLLED_TEST_MUTATION,malformed_payload,False,True,0.0343,True,0.3035,True,0.0157,True,0.3053,True,0.0077,False,4.41,EVIDENCE_PAYLOAD_SCHEMA_INVALID|EVIDENCE_SNAPSHOT_CONFLICT,b2d83222fe4bab87f393b8e93c8a29f87ac2f8279ebd9de6ca63f25604bbf49f
case-01511,9190aa7beaeca5ab0d2a1c65cb05d04be158da8b9d84ca2f92bd77416200e423,CONTROLLED_TEST_MUTATION,incomplete_payload,False,True,0.036,False,0.1474,True,0.0158,False,0.1429,True,0.0082,False,3.869,EVIDENCE_PAYLOAD_INCOMPLETE,b2d83222fe4bab87f393b8e93c8a29f87ac2f8279ebd9de6ca63f25604bbf49f
case-01512,5ec5f8e7ccd3f957489b43c59528b51e4dcc229b579284a8e8a0b6af4ca82d05,CONTROLLED_TEST_MUTATION,broken_lineage,False,True,0.0593,True,0.4678,True,0.0181,True,0.5384,True,0.0112,False,3.9557,EVIDENCE_LINEAGE_INVALID,b2d83222fe4bab87f393b8e93c8a29f87ac2f8279ebd9de6ca63f25604bbf49f
case-01513,ee84af1625d8a7e49723ee0c4fe04aed7d7152ff5400093deaf623cb3f3c4096,CONTROLLED_TEST_MUTATION,broken_lineage,False,True,0.0432,True,0.3161,True,0.0162,True,0.3199,True,0.0081,False,3.5453,EVIDENCE_LINEAGE_INVALID,b2d83222fe4bab87f393b8e93c8a29f87ac2f8279ebd9de6ca63f25604bbf49f
case-01514,264fda6276e0cc5562a263e5e7364f4c0cf9993882e5e02661e833845f330ff0,CONTROLLED_TEST_MUTATION,root_signature_tamper_after_seal,False,True,0.0506,True,0.6343,True,0.0203,True,0.3427,True,0.0114,False,3.6663,EVIDENCE_ROOT_INVALID,b2d83222fe4bab87f393b8e93c8a29f87ac2f8279ebd9de6ca63f25604bbf49f
case-01515,28bb8dbb3418dd5d251280770d0a1b6566eee96d97820cbff7ccf84fe3b34bd4,CONTROLLED_TEST_MUTATION,broken_lineage,False,True,0.0344,True,0.3155,True,0.0157,True,0.3128,True,0.0077,False,3.5471,EVIDENCE_LINEAGE_INVALID,b2d83222fe4bab87f393b8e93c8a29f87ac2f8279ebd9de6ca63f25604bbf49f
case-01516,4b1a52fddbdb52c77456cc173218c4269879640fe7803391e3a554a8972beb0d,CONTROLLED_TEST_MUTATION,expired_import,False,True,0.0412,False,0.278,True,0.0171,False,0.256,True,0.01,False,3.5072,EVIDENCE_STALE,b2d83222fe4bab87f393b8e93c8a29f87ac2f8279ebd9de6ca63f25604bbf49f
case-01517,1e8bddd10ec1162bf87f4eaf82a2df09cc6c0f277de7c46b9dbb870b6f72c7d4,CLEAN_TEST_FIXTURE,none,True,True,0.0332,True,0.3066,True,0.0153,True,0.3077,True,0.0074,True,3.4245,ALL_REQUIRED_EVIDENCE_TRUSTWORTHY,b2d83222fe4bab87f393b8e93c8a29f87ac2f8279ebd9de6ca63f25604bbf49f
case-01518,3cba5fb128d35ddb02f3c3c087aafc5de44e4caa4395fcb59d74eff9879ecaf7,CONTROLLED_TEST_MUTATION,role_conflict,False,True,0.0414,True,0.3491,True,0.0181,False,0.3394,True,0.0078,False,3.9068,EVIDENCE_ROLE_CONFLICT,b2d83222fe4bab87f393b8e93c8a29f87ac2f8279ebd9de6ca63f25604bbf49f
case-01519,d405b852b95215925fe60492f146de604f7496ee8187228935f656929beb8043,CONTROLLED_TEST_MUTATION,payload_tamper_after_seal,False,True,0.0362,False,0.0838,True,0.0156,False,0.0882,True,0.0077,False,3.8652,CHECKSUM_INVALID|EVIDENCE_ROOT_INVALID|EVIDENCE_SNAPSHOT_CONFLICT|RECORD_ENVELOPE_INVALID,b2d83222fe4bab87f393b8e93c8a29f87ac2f8279ebd9de6ca63f25604bbf49f
case-01520,1290516e65d6d2130c7cd48744b689fdd161cd6576366d439140b78bf0f72b3c,CLEAN_TEST_FIXTURE,none,True,True,0.0368,True,0.32,True,0.0163,True,0.314,True,0.0095,True,3.5768,ALL_REQUIRED_EVIDENCE_TRUSTWORTHY,b2d83222fe4bab87f393b8e93c8a29f87ac2f8279ebd9de6ca63f25604bbf49f
case-01521,0c9c8c238f408e198df563a3e5828e39ed6a2cc9ad76000e87494136c6e10f31,CLEAN_TEST_FIXTURE,none,True,True,0.0345,True,0.3166,True,0.016,True,0.3166,True,0.0076,True,3.6152,ALL_REQUIRED_EVIDENCE_TRUSTWORTHY,b2d83222fe4bab87f393b8e93c8a29f87ac2f8279ebd9de6ca63f25604bbf49f
case-01522,072b137d0fda8e650dbbd79f51f48d0c1a7605bb11d77abc33aa290ef4958548,CONTROLLED_TEST_MUTATION,source_type_impersonation,False,True,0.035,True,0.3112,True,0.0163,True,0.31,True,0.008,False,3.4685,EVIDENCE_ROLE_SOURCE_NOT_ALLOWED|OPERATOR_EVIDENCE_UNVERIFIED,b2d83222fe4bab87f393b8e93c8a29f87ac2f8279ebd9de6ca63f25604bbf49f
case-01523,500c46f0dee9f99deae266753869c9c69966e3ae8d81070ce1ce1c80e369d1b4,CONTROLLED_TEST_MUTATION,broken_lineage,False,True,0.0338,True,0.3078,True,0.0157,True,0.3084,True,0.0073,False,3.6504,EVIDENCE_LINEAGE_INVALID,b2d83222fe4bab87f393b8e93c8a29f87ac2f8279ebd9de6ca63f25604bbf49f
case-01524,db3fc1ce08277c95255dc091af089e38300e434fb2b2f79c3fc9e70e46c97758,CONTROLLED_TEST_MUTATION,unknown_source,False,True,0.0507,True,0.3858,True,0.0176,True,0.3131,True,0.01,False,3.5258,EVIDENCE_ROLE_SOURCE_NOT_ALLOWED|EVIDENCE_SOURCE_ID_UNKNOWN|EVIDENCE_SOURCE_POLICY_MISSING,b2d83222fe4bab87f393b8e93c8a29f87ac2f8279ebd9de6ca63f25604bbf49f
case-01525,3fbea3ded7782a30c3337dc86f7c077108ae7fcea09b65c75e4d80e972f597de,CLEAN_TEST_FIXTURE,none,True,True,0.0344,True,0.3312,True,0.0161,True,0.3321,True,0.0079,True,4.6061,ALL_REQUIRED_EVIDENCE_TRUSTWORTHY,b2d83222fe4bab87f393b8e93c8a29f87ac2f8279ebd9de6ca63f25604bbf49f
case-01526,93131132d188e60e054bcad7c8167b49906c2090bca72d29aa763456686a46b0,CONTROLLED_TEST_MUTATION,payload_tamper_after_seal,False,True,0.0353,False,0.0778,True,0.0154,False,0.08,True,0.0078,False,3.5786,CHECKSUM_INVALID|EVIDENCE_ROOT_INVALID|EVIDENCE_SNAPSHOT_CONFLICT|RECORD_ENVELOPE_INVALID,b2d83222fe4bab87f393b8e93c8a29f87ac2f8279ebd9de6ca63f25604bbf49f
case-01527,c9cd5012a510a5ab1404b8773b4111e3b893b769aaaf0d0c9b8ad80cabda6645,CONTROLLED_TEST_MUTATION,source_type_impersonation,False,True,0.0328,True,0.3277,True,0.0155,True,0.3078,True,0.0072,False,4.7699,EVIDENCE_ROLE_SOURCE_NOT_ALLOWED|OPERATOR_EVIDENCE_UNVERIFIED,b2d83222fe4bab87f393b8e93c8a29f87ac2f8279ebd9de6ca63f25604bbf49f
case-01528,0b8aefa373da5be11f49169ac60586b6c45217c0f0077fe586c66e133d189cb3,CONTROLLED_TEST_MUTATION,lineage_cycle,False,True,0.0356,True,0.32,True,0.0164,True,0.3202,True,0.0082,False,3.7027,EVIDENCE_LINEAGE_INVALID,b2d83222fe4bab87f393b8e93c8a29f87ac2f8279ebd9de6ca63f25604bbf49f
case-01529,e71bcda7615454eae2bad670e762e4583c61bcd28a63ec6c0dcff54126730372,CONTROLLED_TEST_MUTATION,stale_live_observation,False,True,0.0331,False,0.2826,True,0.0155,False,0.3985,True,0.0096,False,4.3845,EVIDENCE_STALE,b2d83222fe4bab87f393b8e93c8a29f87ac2f8279ebd9de6ca63f25604bbf49f
case-01530,729fd690a7ac3c3eb476d276b7b2f37bc57129ad10ad5f2a75270473409e9a55,CONTROLLED_TEST_MUTATION,expired_import,False,True,0.0335,False,0.2526,True,0.0158,False,0.2472,True,0.0083,False,3.4289,EVIDENCE_STALE,b2d83222fe4bab87f393b8e93c8a29f87ac2f8279ebd9de6ca63f25604bbf49f
case-01531,84b184eb2bc0777d9e7533683eba9248f690e0516fd769ffae9004aab8a7c487,CONTROLLED_TEST_MUTATION,role_conflict,False,True,0.0369,True,0.3287,True,0.0164,False,0.3281,True,0.0065,False,4.5157,EVIDENCE_ROLE_CONFLICT,b2d83222fe4bab87f393b8e93c8a29f87ac2f8279ebd9de6ca63f25604bbf49f
case-01532,b4f5f0a057abd2b90866438c6916decd22ec1c735ebb96c28d46c1d440aff039,CLEAN_TEST_FIXTURE,none,True,True,0.0347,True,0.3123,True,0.0161,True,0.3083,True,0.008,True,3.4503,ALL_REQUIRED_EVIDENCE_TRUSTWORTHY,b2d83222fe4bab87f393b8e93c8a29f87ac2f8279ebd9de6ca63f25604bbf49f
case-01533,d5582abca5a53b7afd62c2d7af81219171c04d6c199e65457a8c2a9efd84f736,CONTROLLED_TEST_MUTATION,source_type_impersonation,False,True,0.033,True,0.3078,True,0.0154,True,0.394,True,0.017,False,4.2652,EVIDENCE_ROLE_SOURCE_NOT_ALLOWED|OPERATOR_EVIDENCE_UNVERIFIED,b2d83222fe4bab87f393b8e93c8a29f87ac2f8279ebd9de6ca63f25604bbf49f
case-01534,703da8134c3188d8890ca1baddadf3400ffdd7da27494679dbeb6fc25653c3c2,CLEAN_TEST_FIXTURE,none,True,True,0.0344,True,0.3108,True,0.0158,True,0.3093,True,0.0081,True,3.4456,ALL_REQUIRED_EVIDENCE_TRUSTWORTHY,b2d83222fe4bab87f393b8e93c8a29f87ac2f8279ebd9de6ca63f25604bbf49f
case-01535,009c1322167fa0d4668e719884464660034316ef471e26a453a64d28151a266e,CONTROLLED_TEST_MUTATION,missing_direct_role,False,False,0.0177,False,0.0132,True,0.0134,False,0.0243,True,0.0051,False,4.3248,REQUIRED_ROLE_MISSING,b2d83222fe4bab87f393b8e93c8a29f87ac2f8279ebd9de6ca63f25604bbf49f
case-01536,5d37ad046fd9e71f7b1e655524db629bff4eb7f758472520b51d11d33bdef7d0,CONTROLLED_TEST_MUTATION,lineage_cycle,False,True,0.0361,True,0.3208,True,0.0165,True,0.3248,True,0.0082,False,3.5587,EVIDENCE_LINEAGE_INVALID,b2d83222fe4bab87f393b8e93c8a29f87ac2f8279ebd9de6ca63f25604bbf49f
case-01537,c2f37b5e808bea29e510d80df0b46956440b941fdcb3edf3dd779db17126463c,CONTROLLED_TEST_MUTATION,stale_live_observation,False,True,0.0345,False,0.2902,True,0.0161,False,0.283,True,0.0079,False,4.6278,EVIDENCE_STALE,b2d83222fe4bab87f393b8e93c8a29f87ac2f8279ebd9de6ca63f25604bbf49f
case-01538,ccc8fa1af16f051ce61925f366a669f9455831ce9fb596d26e5f54edd6965ee0,CLEAN_TEST_FIXTURE,none,True,True,0.0369,True,0.3435,True,0.0167,True,0.3469,True,0.0086,True,3.8239,ALL_REQUIRED_EVIDENCE_TRUSTWORTHY,b2d83222fe4bab87f393b8e93c8a29f87ac2f8279ebd9de6ca63f25604bbf49f
case-01539,88026ff96d181da28f06e00c7ae0618b0570057c802a391fc28af22e465cd19e,CONTROLLED_TEST_MUTATION,unavailable_record,False,True,0.0427,False,0.3126,True,0.0176,False,0.2873,True,0.0192,False,3.4898,EVIDENCE_LINEAGE_INCOMPLETE|EVIDENCE_UNAVAILABLE,b2d83222fe4bab87f393b8e93c8a29f87ac2f8279ebd9de6ca63f25604bbf49f
case-01540,13c20c85a95f411744b768b7753527edd50a3b56f3e068a517ad126bf3cd7164,CLEAN_TEST_FIXTURE,none,True,True,0.0348,True,0.3362,True,0.0158,True,0.3383,True,0.0076,True,3.7159,ALL_REQUIRED_EVIDENCE_TRUSTWORTHY,b2d83222fe4bab87f393b8e93c8a29f87ac2f8279ebd9de6ca63f25604bbf49f
case-01541,708d6ad27ee5210b3ed9546211b2d14ba13976e3ea0e0c306d50c8fb2ea33651,CONTROLLED_TEST_MUTATION,lineage_cycle,False,True,0.0381,True,0.3254,True,0.0168,True,0.3203,True,0.0103,False,3.6334,EVIDENCE_LINEAGE_INVALID,b2d83222fe4bab87f393b8e93c8a29f87ac2f8279ebd9de6ca63f25604bbf49f
case-01542,1dea91473632276071c18580258924699143adec6e0c5dbbf6006a4a01329e10,CONTROLLED_TEST_MUTATION,lineage_cycle,False,True,0.0347,True,0.3143,True,0.0159,True,0.3191,True,0.0074,False,3.6848,EVIDENCE_LINEAGE_INVALID,b2d83222fe4bab87f393b8e93c8a29f87ac2f8279ebd9de6ca63f25604bbf49f
case-01543,f887e37e3355ad8ed8b6c7d6bdd6f996d62c7b6d41f11d259eba03c272843eb5,CLEAN_TEST_FIXTURE,none,True,True,0.0367,True,0.314,True,0.0492,True,0.3138,True,0.0098,True,3.5318,ALL_REQUIRED_EVIDENCE_TRUSTWORTHY,b2d83222fe4bab87f393b8e93c8a29f87ac2f8279ebd9de6ca63f25604bbf49f
case-01544,48010ca6a3b59f86fa54d571fdc71dcaf3ebdddcef7073d3e2cf52b63c1aa1d9,CONTROLLED_TEST_MUTATION,future_timestamp,False,True,0.0336,False,0.3008,True,0.0154,False,0.2747,True,0.0077,False,3.9302,EVIDENCE_FRESHNESS_UNKNOWN|EVIDENCE_TIMESTAMP_IN_FUTURE,b2d83222fe4bab87f393b8e93c8a29f87ac2f8279ebd9de6ca63f25604bbf49f
case-01545,d388550fcf611d43b0c15a80971a45285ec7510cb404470dfd7c453585ed702e,CLEAN_TEST_FIXTURE,none,True,True,0.0367,True,0.315,True,0.0165,True,0.3096,True,0.0093,True,3.5439,ALL_REQUIRED_EVIDENCE_TRUSTWORTHY,b2d83222fe4bab87f393b8e93c8a29f87ac2f8279ebd9de6ca63f25604bbf49f
case-01546,abdabbe802af98ebeddf01d74ef839ab68652b47835b00a704db1348c52dd4db,CLEAN_TEST_FIXTURE,none,True,True,0.0329,True,0.3034,True,0.0153,True,0.3036,True,0.0074,True,3.5363,ALL_REQUIRED_EVIDENCE_TRUSTWORTHY,b2d83222fe4bab87f393b8e93c8a29f87ac2f8279ebd9de6ca63f25604bbf49f
case-01547,3165f101046b81a388eac5d629a24c562cc652bddf84f3700001ded46c1ead23,CLEAN_TEST_FIXTURE,none,True,True,0.0363,True,0.3136,True,0.0163,True,0.3107,True,0.0093,True,3.5512,ALL_REQUIRED_EVIDENCE_TRUSTWORTHY,b2d83222fe4bab87f393b8e93c8a29f87ac2f8279ebd9de6ca63f25604bbf49f
case-01548,2350606ae08093ee7010793b9a3b293709922783a5146ee17eed19e51b642634,CONTROLLED_TEST_MUTATION,role_conflict,False,True,0.0385,True,0.3463,True,0.0168,False,0.357,True,0.0069,False,4.6648,EVIDENCE_ROLE_CONFLICT,b2d83222fe4bab87f393b8e93c8a29f87ac2f8279ebd9de6ca63f25604bbf49f
case-01549,bd04688e73bef78f8f97889c45957e02fbc74cae0d02c304fe95cb6f055f6825,CONTROLLED_TEST_MUTATION,missing_direct_role,False,False,0.0184,False,0.0134,True,0.0145,False,0.0248,True,0.006,False,3.1444,REQUIRED_ROLE_MISSING,b2d83222fe4bab87f393b8e93c8a29f87ac2f8279ebd9de6ca63f25604bbf49f
case-01550,0fbe397e9d2dc29ee36b1e089a81f9b363e848f2faa064922765567c6b8de195,CONTROLLED_TEST_MUTATION,lineage_cycle,False,True,0.0345,True,0.3129,True,0.0157,True,0.3093,True,0.0074,False,4.3919,EVIDENCE_LINEAGE_INVALID,b2d83222fe4bab87f393b8e93c8a29f87ac2f8279ebd9de6ca63f25604bbf49f
case-01551,eca4fee4640756a6b443bd5fa56f59201e575d53526add74579d31f593460b40,CONTROLLED_TEST_MUTATION,excluded_ancestor,False,True,0.0362,True,0.3232,True,0.0168,False,0.3479,True,0.0071,False,3.6961,REQUIRED_INPUT_EXCLUDED,b2d83222fe4bab87f393b8e93c8a29f87ac2f8279ebd9de6ca63f25604bbf49f
case-01552,a71cdd27483d1582b1ffe8a327df828c62a14743930408ac4d6d1c98bbc24515,CONTROLLED_TEST_MUTATION,snapshot_score_conflict,False,True,0.0357,True,0.339,True,0.0159,True,0.316,True,0.0079,False,4.4742,EVIDENCE_SNAPSHOT_CONFLICT,b2d83222fe4bab87f393b8e93c8a29f87ac2f8279ebd9de6ca63f25604bbf49f
case-01553,634066d843e88e1d507ef73ac76952d78bc945c175eb14940619cca2d35c39d4,CLEAN_TEST_FIXTURE,none,True,True,0.0358,True,0.3291,True,0.0168,True,0.3248,True,0.0082,True,3.894,ALL_REQUIRED_EVIDENCE_TRUSTWORTHY,b2d83222fe4bab87f393b8e93c8a29f87ac2f8279ebd9de6ca63f25604bbf49f
case-01554,ebc48d5ac1112fb7e37fc4fc75c1a3c5eae6cc53ec52ccd34ee043ebbca663ed,CONTROLLED_TEST_MUTATION,snapshot_score_conflict,False,True,0.0332,True,0.3083,True,0.0154,True,0.3292,True,0.0075,False,4.3686,EVIDENCE_SNAPSHOT_CONFLICT,b2d83222fe4bab87f393b8e93c8a29f87ac2f8279ebd9de6ca63f25604bbf49f
case-01555,62ddb271a9837e5483c115abe5b40c31044ca4781bb14783f0da7d0382554fd7,CONTROLLED_TEST_MUTATION,payload_tamper_after_seal,False,True,0.0353,False,0.0807,True,0.0158,False,0.0838,True,0.0083,False,3.7845,CHECKSUM_INVALID|EVIDENCE_ROOT_INVALID|EVIDENCE_SNAPSHOT_CONFLICT|RECORD_ENVELOPE_INVALID,b2d83222fe4bab87f393b8e93c8a29f87ac2f8279ebd9de6ca63f25604bbf49f
case-01556,bc5045ad46145ecd8abe19f7814b5ae755e28b6f426d293fdf944ab1c0cd8bd7,CONTROLLED_TEST_MUTATION,malformed_payload,False,True,0.0332,True,0.298,True,0.0155,True,0.2992,True,0.0073,False,4.6176,EVIDENCE_PAYLOAD_SCHEMA_INVALID|EVIDENCE_SNAPSHOT_CONFLICT,b2d83222fe4bab87f393b8e93c8a29f87ac2f8279ebd9de6ca63f25604bbf49f
case-01557,0a260882b8c3c6d1c42f5551fda1df526f02b878064ebf442e15e7e08aa3c4c4,CONTROLLED_TEST_MUTATION,source_type_impersonation,False,True,0.0362,True,0.3234,True,0.0164,True,0.3217,True,0.0082,False,3.5432,EVIDENCE_ROLE_SOURCE_NOT_ALLOWED|OPERATOR_EVIDENCE_UNVERIFIED,b2d83222fe4bab87f393b8e93c8a29f87ac2f8279ebd9de6ca63f25604bbf49f
case-01558,f45c8a8ace4e320acb7e583df0a61b2f77fea414fa169e0bc9797418514eb523,CONTROLLED_TEST_MUTATION,incomplete_payload,False,True,0.0416,False,0.2498,True,0.0379,False,0.6111,True,0.0262,False,3.8429,EVIDENCE_PAYLOAD_INCOMPLETE,b2d83222fe4bab87f393b8e93c8a29f87ac2f8279ebd9de6ca63f25604bbf49f
case-01559,560eb52563d1bc7d495a8cd88df6c40f43f79463314db574a419f5d6c3c5bbaf,CONTROLLED_TEST_MUTATION,missing_direct_role,False,False,0.0186,False,0.0139,True,0.0146,False,0.0258,True,0.0055,False,3.1364,REQUIRED_ROLE_MISSING,b2d83222fe4bab87f393b8e93c8a29f87ac2f8279ebd9de6ca63f25604bbf49f
case-01560,c510e4b768b538db4ac4cbcdfcbb586c8097490aaeebfb220c3cd329f27cbc6c,CONTROLLED_TEST_MUTATION,unavailable_record,False,True,0.0347,False,0.3456,True,0.0162,False,0.2808,True,0.008,False,4.3712,EVIDENCE_LINEAGE_INCOMPLETE|EVIDENCE_UNAVAILABLE,b2d83222fe4bab87f393b8e93c8a29f87ac2f8279ebd9de6ca63f25604bbf49f
case-01561,7ac5e4b362085425cfc2632201aad11d00e1f51faea98e9e96f859e02c1d1edf,CONTROLLED_TEST_MUTATION,unavailable_record,False,True,0.0343,False,0.2836,True,0.0159,False,0.2754,True,0.0081,False,3.4514,EVIDENCE_LINEAGE_INCOMPLETE|EVIDENCE_UNAVAILABLE,b2d83222fe4bab87f393b8e93c8a29f87ac2f8279ebd9de6ca63f25604bbf49f
case-01562,4cab14d2963f7ec95231e8ced0682f7a1bef2d62e79bf7faed9ec12fc6329a97,CLEAN_TEST_FIXTURE,none,True,True,0.0332,True,0.6204,True,0.017,True,0.5373,True,0.0111,True,4.2548,ALL_REQUIRED_EVIDENCE_TRUSTWORTHY,b2d83222fe4bab87f393b8e93c8a29f87ac2f8279ebd9de6ca63f25604bbf49f
case-01563,f422dfa15025629cb8685d9bb4b6364b58fe40cedc18121c303997ee81b54c6a,CONTROLLED_TEST_MUTATION,role_conflict,False,True,0.0385,True,0.3366,True,0.0174,False,0.3295,True,0.0071,False,3.7255,EVIDENCE_ROLE_CONFLICT,b2d83222fe4bab87f393b8e93c8a29f87ac2f8279ebd9de6ca63f25604bbf49f
case-01564,8a3fc3ad7ebb782d306edcab4ffaeaad324ab37aabdc44c477ca55a1322802eb,CONTROLLED_TEST_MUTATION,malformed_payload,False,True,0.0534,True,0.4569,True,0.0192,True,0.3307,True,0.0107,False,3.5753,EVIDENCE_PAYLOAD_SCHEMA_INVALID|EVIDENCE_SNAPSHOT_CONFLICT,b2d83222fe4bab87f393b8e93c8a29f87ac2f8279ebd9de6ca63f25604bbf49f
case-01565,6b8b508c73a6523727161e300a3aeb696b60713296fe8c837645555cf2e4a871,CLEAN_TEST_FIXTURE,none,True,True,0.0344,True,0.3145,True,0.0155,True,0.3137,True,0.0076,True,3.4532,ALL_REQUIRED_EVIDENCE_TRUSTWORTHY,b2d83222fe4bab87f393b8e93c8a29f87ac2f8279ebd9de6ca63f25604bbf49f
case-01566,5bc579a25196a67f37abc9c9f005695817e62b5b9847d586194be058524d7968,CONTROLLED_TEST_MUTATION,expired_import,False,True,0.0412,False,0.2758,True,0.0166,False,0.3269,True,0.0103,False,3.5651,EVIDENCE_STALE,b2d83222fe4bab87f393b8e93c8a29f87ac2f8279ebd9de6ca63f25604bbf49f
case-01567,8cc72516ecb0211ba339493445de0067837e25ac67076fb4523995e60bcc1a30,CLEAN_TEST_FIXTURE,none,True,True,0.0336,True,0.3117,True,0.0159,True,0.3323,True,0.0076,True,3.5214,ALL_REQUIRED_EVIDENCE_TRUSTWORTHY,b2d83222fe4bab87f393b8e93c8a29f87ac2f8279ebd9de6ca63f25604bbf49f
case-01568,69a507defaf8a9311cdfecb461aa88fb973e36f93f14d7479ba68d822475f0de,CONTROLLED_TEST_MUTATION,role_conflict,False,True,0.0414,True,0.3482,True,0.018,False,0.339,True,0.0077,False,3.8911,EVIDENCE_ROLE_CONFLICT,b2d83222fe4bab87f393b8e93c8a29f87ac2f8279ebd9de6ca63f25604bbf49f
case-01569,ffe38d942c2ef8becb0a8ebcc312088741abb9505b4b294b8509ddafca756925,CONTROLLED_TEST_MUTATION,incomplete_payload,False,True,0.0345,False,0.1488,True,0.0153,False,0.1439,True,0.0075,False,3.5208,EVIDENCE_PAYLOAD_INCOMPLETE,b2d83222fe4bab87f393b8e93c8a29f87ac2f8279ebd9de6ca63f25604bbf49f
case-01570,d5be9b46dbafcc39233f41d18b4db24fc1a8b10e007634027b96cf287cb5a38c,CONTROLLED_TEST_MUTATION,lineage_cycle,False,True,0.0372,True,0.3207,True,0.0166,True,0.3177,True,0.0096,False,3.5855,EVIDENCE_LINEAGE_INVALID,b2d83222fe4bab87f393b8e93c8a29f87ac2f8279ebd9de6ca63f25604bbf49f
case-01571,460c7628a32948da9fcf0980dbf0ee3621ff4f14bebff1f8cb4d7ccfa6373b80,CONTROLLED_TEST_MUTATION,wrong_context,False,True,0.0348,True,0.3193,True,0.016,True,0.3193,True,0.0077,False,3.5285,EVIDENCE_CONTEXT_MISMATCH,b2d83222fe4bab87f393b8e93c8a29f87ac2f8279ebd9de6ca63f25604bbf49f
case-01572,2ca7a7b1563ae809118bd80a198d604876aaa5b9e9b87466a18086013794015c,CONTROLLED_TEST_MUTATION,snapshot_score_conflict,False,True,0.036,True,0.313,True,0.0165,True,0.3093,True,0.0082,False,3.4774,EVIDENCE_SNAPSHOT_CONFLICT,b2d83222fe4bab87f393b8e93c8a29f87ac2f8279ebd9de6ca63f25604bbf49f
case-01573,48c63bbb79ddf6ed482f95dfef1e76c629cbfb0bdaa008fb9e6d40ba6ce957bb,CONTROLLED_TEST_MUTATION,broken_lineage,False,True,0.0329,True,0.3064,True,0.0154,True,0.3026,True,0.0073,False,3.7874,EVIDENCE_LINEAGE_INVALID,b2d83222fe4bab87f393b8e93c8a29f87ac2f8279ebd9de6ca63f25604bbf49f
case-01574,367c0ccdfa878df6bd5fc5227c1750e21506a9a527b8f6abe35eb97785dbc1e2,CONTROLLED_TEST_MUTATION,empty_payload,False,False,0.0382,False,0.0292,True,0.0133,False,0.0413,True,0.0065,False,3.5345,EVIDENCE_PAYLOAD_EMPTY|EVIDENCE_PAYLOAD_SCHEMA_INVALID|EVIDENCE_SNAPSHOT_CONFLICT,b2d83222fe4bab87f393b8e93c8a29f87ac2f8279ebd9de6ca63f25604bbf49f
case-01575,34a54580e6147d88c3a68919065355953033af4b92df5995f71eca7c3f3f5e0c,CONTROLLED_TEST_MUTATION,missing_direct_role,False,False,0.0181,False,0.0135,True,0.014,False,0.0248,True,0.0053,False,3.088,REQUIRED_ROLE_MISSING,b2d83222fe4bab87f393b8e93c8a29f87ac2f8279ebd9de6ca63f25604bbf49f
case-01576,9bac07121023c8de20b45cacb02e58dcd4b2c423e6fa36fac21aff3cee85d1d5,CONTROLLED_TEST_MUTATION,payload_tamper_after_seal,False,True,0.0389,False,0.0837,True,0.0164,False,0.0834,True,0.0082,False,3.5763,CHECKSUM_INVALID|EVIDENCE_ROOT_INVALID|EVIDENCE_SNAPSHOT_CONFLICT|RECORD_ENVELOPE_INVALID,b2d83222fe4bab87f393b8e93c8a29f87ac2f8279ebd9de6ca63f25604bbf49f
case-01577,02da78a3d855b10f75561eed08abc51622f8616e3f399bcb43ead74a5d2364f8,CONTROLLED_TEST_MUTATION,future_timestamp,False,True,0.0344,False,0.2858,True,0.0158,False,0.2777,True,0.0077,False,3.5086,EVIDENCE_FRESHNESS_UNKNOWN|EVIDENCE_TIMESTAMP_IN_FUTURE,b2d83222fe4bab87f393b8e93c8a29f87ac2f8279ebd9de6ca63f25604bbf49f
case-01578,ad20f8a5231f00d3d7165471151dc02cce1403fe9b2289a6644e350731966269,CLEAN_TEST_FIXTURE,none,True,True,0.037,True,0.317,True,0.0167,True,0.309,True,0.0093,True,3.4626,ALL_REQUIRED_EVIDENCE_TRUSTWORTHY,b2d83222fe4bab87f393b8e93c8a29f87ac2f8279ebd9de6ca63f25604bbf49f
case-01579,707453bfbcf45e0660975b3975db9411d2b72e2fba1cb076d5188538308c5f32,CONTROLLED_TEST_MUTATION,missing_lineage,False,True,0.035,True,0.3375,True,0.0159,True,0.3373,True,0.0075,False,3.858,EVIDENCE_LINEAGE_INCOMPLETE,b2d83222fe4bab87f393b8e93c8a29f87ac2f8279ebd9de6ca63f25604bbf49f
case-01580,73d1fa34fb52ed275e27169fe101a3b2b634815a2b2e5bc7c2a4bd9772188714,CONTROLLED_TEST_MUTATION,unavailable_record,False,True,0.0375,False,0.2934,True,0.0169,False,0.306,True,0.0086,False,3.6182,EVIDENCE_LINEAGE_INCOMPLETE|EVIDENCE_UNAVAILABLE,b2d83222fe4bab87f393b8e93c8a29f87ac2f8279ebd9de6ca63f25604bbf49f
case-01581,1745c5c9f7ba895bef37e57fa3e86dd18235ca745eb8bb9661c2f332c56ed22a,CLEAN_TEST_FIXTURE,none,True,True,0.0345,True,0.3197,True,0.0161,True,0.3196,True,0.0078,True,5.097,ALL_REQUIRED_EVIDENCE_TRUSTWORTHY,b2d83222fe4bab87f393b8e93c8a29f87ac2f8279ebd9de6ca63f25604bbf49f
case-01582,2f8c8cbe1f1d083512acd9a13ec0b9b092df47a71705ac4297aa4176f64e41d5,CLEAN_TEST_FIXTURE,none,True,True,0.0367,True,0.3189,True,0.017,True,0.3181,True,0.0096,True,3.5487,ALL_REQUIRED_EVIDENCE_TRUSTWORTHY,b2d83222fe4bab87f393b8e93c8a29f87ac2f8279ebd9de6ca63f25604bbf49f
case-01583,056d0d69a76862243554a6227f152f14599a9d68de8352f2d833e272037fcf51,CLEAN_TEST_FIXTURE,none,True,True,0.0347,True,0.3201,True,0.0161,True,0.3205,True,0.0076,True,5.1428,ALL_REQUIRED_EVIDENCE_TRUSTWORTHY,b2d83222fe4bab87f393b8e93c8a29f87ac2f8279ebd9de6ca63f25604bbf49f
case-01584,7bdfb12eeee92dca4f0f94a24424092331d63c7448f1481539b23fad8cd51fb8,CLEAN_TEST_FIXTURE,none,True,True,0.0399,True,0.6173,True,0.0294,True,0.3817,True,0.011,True,3.8671,ALL_REQUIRED_EVIDENCE_TRUSTWORTHY,b2d83222fe4bab87f393b8e93c8a29f87ac2f8279ebd9de6ca63f25604bbf49f
case-01585,73e5de2d9bf7614aa9839cc7f7d347b3514d481439d2bc761954a7591cefa41b,CONTROLLED_TEST_MUTATION,root_signature_tamper_after_seal,False,True,0.0398,True,0.3234,True,0.0168,True,0.3195,True,0.01,False,3.8483,EVIDENCE_ROOT_INVALID,b2d83222fe4bab87f393b8e93c8a29f87ac2f8279ebd9de6ca63f25604bbf49f
case-01586,7a7559a339c18b286b4d67af194c2796d0bd1e1fd4d5f981905d52ec2c28f3d9,CONTROLLED_TEST_MUTATION,future_timestamp,False,True,0.0341,False,0.2875,True,0.0162,False,0.2809,True,0.008,False,3.7344,EVIDENCE_FRESHNESS_UNKNOWN|EVIDENCE_TIMESTAMP_IN_FUTURE,b2d83222fe4bab87f393b8e93c8a29f87ac2f8279ebd9de6ca63f25604bbf49f
case-01587,39a66f56318009ab12262cb5863561b78ceff22dac10f9e578e276a55830e095,CONTROLLED_TEST_MUTATION,missing_lineage,False,True,0.0375,True,0.3469,True,0.0168,True,0.3185,True,0.0096,False,3.6159,EVIDENCE_LINEAGE_INCOMPLETE,b2d83222fe4bab87f393b8e93c8a29f87ac2f8279ebd9de6ca63f25604bbf49f
case-01588,b49b21f707257ec6736cd46b5ea4861a7d2a47be52fa1523e17f9315602487d8,CONTROLLED_TEST_MUTATION,payload_tamper_after_seal,False,True,0.0346,False,0.0797,True,0.0154,False,0.0815,True,0.0077,False,3.6845,CHECKSUM_INVALID|EVIDENCE_ROOT_INVALID|EVIDENCE_SNAPSHOT_CONFLICT|RECORD_ENVELOPE_INVALID,b2d83222fe4bab87f393b8e93c8a29f87ac2f8279ebd9de6ca63f25604bbf49f
case-01589,f92b9e03c7eb3329bc0b40cf481c7e8a713dc218025389a1e2ed8acb1fa4c48b,CONTROLLED_TEST_MUTATION,excluded_ancestor,False,True,0.0676,True,0.3231,True,0.0162,False,0.3084,True,0.0066,False,3.5819,REQUIRED_INPUT_EXCLUDED,b2d83222fe4bab87f393b8e93c8a29f87ac2f8279ebd9de6ca63f25604bbf49f
case-01590,02204ac98d768b4ff0bb384e81079f933527671503c6da41a593a73abf4c3d50,CONTROLLED_TEST_MUTATION,lineage_cycle,False,True,0.0331,True,0.3056,True,0.0151,True,0.3035,True,0.0073,False,3.7379,EVIDENCE_LINEAGE_INVALID,b2d83222fe4bab87f393b8e93c8a29f87ac2f8279ebd9de6ca63f25604bbf49f
case-01591,7fb3fae3b715e2d00831829d70809f0947235ed46a1a2aa8f6534ce2c18cbcc7,CONTROLLED_TEST_MUTATION,unknown_source,False,True,0.0366,True,0.359,True,0.0161,True,0.31,True,0.0081,False,3.5759,EVIDENCE_ROLE_SOURCE_NOT_ALLOWED|EVIDENCE_SOURCE_ID_UNKNOWN|EVIDENCE_SOURCE_POLICY_MISSING,b2d83222fe4bab87f393b8e93c8a29f87ac2f8279ebd9de6ca63f25604bbf49f
case-01592,de9ce6e1446e13aaf8c504a60dbf46ee5928da18c74f66e18f2a2e7ff3f086a7,CLEAN_TEST_FIXTURE,none,True,True,0.0331,True,0.3065,True,0.0151,True,0.3289,True,0.0076,True,4.2678,ALL_REQUIRED_EVIDENCE_TRUSTWORTHY,b2d83222fe4bab87f393b8e93c8a29f87ac2f8279ebd9de6ca63f25604bbf49f
case-01593,46bde3b9699fcd920d1fd73fde0aaa17a17e3b1ccb2c342ae9fdfc6d66ddbc07,CLEAN_TEST_FIXTURE,none,True,True,0.0348,True,0.3113,True,0.0161,True,0.3083,True,0.0089,True,3.4794,ALL_REQUIRED_EVIDENCE_TRUSTWORTHY,b2d83222fe4bab87f393b8e93c8a29f87ac2f8279ebd9de6ca63f25604bbf49f
case-01594,a7be10fb1eee3f66510cf3fe43c64185fbaf0cd3ed6d9ebba01d0416f3cb7631,CLEAN_TEST_FIXTURE,none,True,True,0.0333,True,0.3151,True,0.0154,True,0.3075,True,0.0073,True,4.1923,ALL_REQUIRED_EVIDENCE_TRUSTWORTHY,b2d83222fe4bab87f393b8e93c8a29f87ac2f8279ebd9de6ca63f25604bbf49f
case-01595,c1b6b4b063c864227da54531a50abd6512d4dd2e992e9d599e21c9f21939ae28,CONTROLLED_TEST_MUTATION,missing_direct_role,False,False,0.019,False,0.0143,True,0.0152,False,0.0251,True,0.0061,False,3.1488,REQUIRED_ROLE_MISSING,b2d83222fe4bab87f393b8e93c8a29f87ac2f8279ebd9de6ca63f25604bbf49f
case-01596,af6b7a3b7b68c752c7b3f1fb4d694b7fef422dbf1f25bc5069b44a7dbcf3cb18,CONTROLLED_TEST_MUTATION,excluded_ancestor,False,True,0.035,True,0.364,True,0.0159,False,0.3192,True,0.0065,False,3.8739,REQUIRED_INPUT_EXCLUDED,b2d83222fe4bab87f393b8e93c8a29f87ac2f8279ebd9de6ca63f25604bbf49f
case-01597,b64fea3d8b2e2911f3c02dd1613cb9e2dfd9c0397a9c49e75c04ab6ded9aa561,CONTROLLED_TEST_MUTATION,snapshot_score_conflict,False,True,0.0365,True,0.3227,True,0.017,True,0.321,True,0.0082,False,3.5634,EVIDENCE_SNAPSHOT_CONFLICT,b2d83222fe4bab87f393b8e93c8a29f87ac2f8279ebd9de6ca63f25604bbf49f
case-01598,f920a0262db52f6e0982b561910c217c7f449981d6b976a82fa09a6e0aebeb02,CLEAN_TEST_FIXTURE,none,True,True,0.0343,True,0.3158,True,0.0156,True,0.3159,True,0.0075,True,4.3204,ALL_REQUIRED_EVIDENCE_TRUSTWORTHY,b2d83222fe4bab87f393b8e93c8a29f87ac2f8279ebd9de6ca63f25604bbf49f
case-01599,5db8ab2f85ad8d57e0734f9e2b31febdabceb0d5ae8bf065ed8c27f8c36f31ce,CONTROLLED_TEST_MUTATION,stale_live_observation,False,True,0.0347,False,0.2881,True,0.0166,False,0.2779,True,0.0084,False,3.4551,EVIDENCE_STALE,b2d83222fe4bab87f393b8e93c8a29f87ac2f8279ebd9de6ca63f25604bbf49f
case-01600,58216e45f2030449f8aa28d0eadedd7529b5bdbe4163fb50baf80edf132ffda4,CONTROLLED_TEST_MUTATION,unavailable_record,False,True,0.0331,False,0.285,True,0.0158,False,0.2781,True,0.0079,False,4.2724,EVIDENCE_LINEAGE_INCOMPLETE|EVIDENCE_UNAVAILABLE,b2d83222fe4bab87f393b8e93c8a29f87ac2f8279ebd9de6ca63f25604bbf49f
case-01601,4651cef7d677200246a645c617301808f2c2698a8c7f12d2fb801059fbae3c2f,CONTROLLED_TEST_MUTATION,payload_tamper_after_seal,False,True,0.0363,False,0.0804,True,0.016,False,0.0826,True,0.0081,False,3.577,CHECKSUM_INVALID|EVIDENCE_ROOT_INVALID|EVIDENCE_SNAPSHOT_CONFLICT|RECORD_ENVELOPE_INVALID,b2d83222fe4bab87f393b8e93c8a29f87ac2f8279ebd9de6ca63f25604bbf49f
case-01602,087b5b606e2c11cd331e7c673505c3cf2eed64f38ee6a2cd820b22871e279a95,CONTROLLED_TEST_MUTATION,unavailable_record,False,True,0.0335,False,0.2843,True,0.0153,False,0.2744,True,0.0076,False,4.303,EVIDENCE_LINEAGE_INCOMPLETE|EVIDENCE_UNAVAILABLE,b2d83222fe4bab87f393b8e93c8a29f87ac2f8279ebd9de6ca63f25604bbf49f
case-01603,7a90449cb9921a35fe41eed8e914bcfe1a5ecc25eeb7c5b083ecdcc6fdf0cf3f,CONTROLLED_TEST_MUTATION,incomplete_payload,False,True,0.0361,False,0.1507,True,0.0163,False,0.1453,True,0.0085,False,3.5715,EVIDENCE_PAYLOAD_INCOMPLETE,b2d83222fe4bab87f393b8e93c8a29f87ac2f8279ebd9de6ca63f25604bbf49f
case-01604,1d904816eb41a0e3c8c3bab06f6c214fbd3d95d74d4532bf76ba375dff0c06ca,CONTROLLED_TEST_MUTATION,empty_payload,False,False,0.063,False,0.0386,True,0.0128,False,0.0403,True,0.0058,False,4.4875,EVIDENCE_PAYLOAD_EMPTY|EVIDENCE_PAYLOAD_SCHEMA_INVALID|EVIDENCE_SNAPSHOT_CONFLICT,b2d83222fe4bab87f393b8e93c8a29f87ac2f8279ebd9de6ca63f25604bbf49f
case-01605,969c098dab7712c39862f21f561a0ca8b835172e9a1548dfd584c8e1abeb4f56,CONTROLLED_TEST_MUTATION,stale_live_observation,False,True,0.0347,False,0.2815,True,0.016,False,0.2943,True,0.0081,False,3.524,EVIDENCE_STALE,b2d83222fe4bab87f393b8e93c8a29f87ac2f8279ebd9de6ca63f25604bbf49f
case-01606,ef3e97d9b526192ee8722237e880fc7ea4b8f4dd05725fd68edbe266a4e29d0e,CONTROLLED_TEST_MUTATION,role_conflict,False,True,0.0371,True,0.3267,True,0.0166,False,0.3259,True,0.0069,False,4.942,EVIDENCE_ROLE_CONFLICT,b2d83222fe4bab87f393b8e93c8a29f87ac2f8279ebd9de6ca63f25604bbf49f
case-01607,a9bed9e5e851b419f750bf2ef71a4fedd2bcd1932b1a7433a6dcba1396307f39,CONTROLLED_TEST_MUTATION,excluded_ancestor,False,True,0.0362,True,0.3437,True,0.0164,False,0.3198,True,0.0067,False,3.6689,REQUIRED_INPUT_EXCLUDED,b2d83222fe4bab87f393b8e93c8a29f87ac2f8279ebd9de6ca63f25604bbf49f
case-01608,aa459d2a29bdcc06f1aa86e113b2d9488828848dc0bde78c020242dfb4c32e4a,CLEAN_TEST_FIXTURE,none,True,True,0.0376,True,0.3451,True,0.0274,True,0.6375,True,0.2571,True,4.3296,ALL_REQUIRED_EVIDENCE_TRUSTWORTHY,b2d83222fe4bab87f393b8e93c8a29f87ac2f8279ebd9de6ca63f25604bbf49f
case-01609,02dd25e2f02f134a16d8ca3c5721289d70969aec64228b1c43e3d40fc0718c57,CONTROLLED_TEST_MUTATION,payload_tamper_after_seal,False,True,0.0362,False,0.0815,True,0.0161,False,0.0834,True,0.0082,False,3.8547,CHECKSUM_INVALID|EVIDENCE_ROOT_INVALID|EVIDENCE_SNAPSHOT_CONFLICT|RECORD_ENVELOPE_INVALID,b2d83222fe4bab87f393b8e93c8a29f87ac2f8279ebd9de6ca63f25604bbf49f
case-01610,61a3cc4762ad8c90d79779965dde1ecb5ea1b45913ba3ad5d71e6db7951fd5f3,CONTROLLED_TEST_MUTATION,missing_direct_role,False,False,0.0255,False,0.0137,True,0.0165,False,0.0251,True,0.007,False,3.2586,REQUIRED_ROLE_MISSING,b2d83222fe4bab87f393b8e93c8a29f87ac2f8279ebd9de6ca63f25604bbf49f
case-01611,2700e774e3347d27053b1d434fac6bdf7361979a7ef313f754ecd035be62caaa,CONTROLLED_TEST_MUTATION,wrong_context,False,True,0.0341,True,0.3307,True,0.0155,True,0.3076,True,0.0075,False,3.5438,EVIDENCE_CONTEXT_MISMATCH,b2d83222fe4bab87f393b8e93c8a29f87ac2f8279ebd9de6ca63f25604bbf49f
case-01612,66c676a47ad8c90405638f157514713e0d798adc53d3c2e61979449b75ebb1f8,CONTROLLED_TEST_MUTATION,root_signature_tamper_after_seal,False,True,0.0434,True,0.9198,True,0.0222,True,0.3552,True,0.0104,False,3.7465,EVIDENCE_ROOT_INVALID,b2d83222fe4bab87f393b8e93c8a29f87ac2f8279ebd9de6ca63f25604bbf49f
case-01613,383bccd583633f7f61c0a4e798e4afd9ad7a0258ba4764daea9d343052fac0bc,CONTROLLED_TEST_MUTATION,broken_lineage,False,True,0.0341,True,0.3159,True,0.0158,True,0.3189,True,0.0076,False,3.6471,EVIDENCE_LINEAGE_INVALID,b2d83222fe4bab87f393b8e93c8a29f87ac2f8279ebd9de6ca63f25604bbf49f
case-01614,4b387d8bddaeaf0eaeffc69df10c14716ab2eecd8fb06e945db3e26ac00945cb,CONTROLLED_TEST_MUTATION,empty_payload,False,False,0.041,False,0.0299,True,0.0139,False,0.0417,True,0.0068,False,3.6971,EVIDENCE_PAYLOAD_EMPTY|EVIDENCE_PAYLOAD_SCHEMA_INVALID|EVIDENCE_SNAPSHOT_CONFLICT,b2d83222fe4bab87f393b8e93c8a29f87ac2f8279ebd9de6ca63f25604bbf49f
case-01615,8494d9baaf5df38fe9c217a83277b3a019a586f33cf95853cd067ab3185ac044,CLEAN_TEST_FIXTURE,none,True,True,0.0337,True,0.3163,True,0.0157,True,0.3127,True,0.0077,True,3.5186,ALL_REQUIRED_EVIDENCE_TRUSTWORTHY,b2d83222fe4bab87f393b8e93c8a29f87ac2f8279ebd9de6ca63f25604bbf49f
case-01616,ccb0d5b340178d7fb27c1e1b46395a617295d82b597c3e1f12717c089a5804f1,CONTROLLED_TEST_MUTATION,unavailable_record,False,True,0.0402,False,0.3172,True,0.0182,False,0.3024,True,0.0108,False,3.9891,EVIDENCE_LINEAGE_INCOMPLETE|EVIDENCE_UNAVAILABLE,b2d83222fe4bab87f393b8e93c8a29f87ac2f8279ebd9de6ca63f25604bbf49f
case-01617,93e1617210aa7390aaa41523c0a1fea03a7f89e4c3e978f7a706ee3af98cdf61,CONTROLLED_TEST_MUTATION,future_timestamp,False,True,0.0348,False,0.2875,True,0.0158,False,0.2799,True,0.0079,False,3.5268,EVIDENCE_FRESHNESS_UNKNOWN|EVIDENCE_TIMESTAMP_IN_FUTURE,b2d83222fe4bab87f393b8e93c8a29f87ac2f8279ebd9de6ca63f25604bbf49f
case-01618,0aa4a9b2c18fb3a2a0774a8094fe3144e88e9063bd1e6f907e2ce2efb2c9a912,CONTROLLED_TEST_MUTATION,excluded_ancestor,False,True,0.0397,True,0.3428,True,0.0184,False,0.3438,True,0.0075,False,3.8002,REQUIRED_INPUT_EXCLUDED,b2d83222fe4bab87f393b8e93c8a29f87ac2f8279ebd9de6ca63f25604bbf49f
case-01619,310b51ee28ecb91b9a6ad1338e1c9cd200824dcc7922b2ac85f720c4f74605bc,CONTROLLED_TEST_MUTATION,incomplete_payload,False,True,0.0362,False,0.1524,True,0.0163,False,0.1504,True,0.0082,False,3.7187,EVIDENCE_PAYLOAD_INCOMPLETE,b2d83222fe4bab87f393b8e93c8a29f87ac2f8279ebd9de6ca63f25604bbf49f
case-01620,65c22e1f7d2cfe4ea12137668fb9a88f4387b938a3869620158049cba71c652c,CONTROLLED_TEST_MUTATION,unknown_source,False,True,0.0453,True,0.4031,True,0.0184,True,0.3467,True,0.0087,False,3.7682,EVIDENCE_ROLE_SOURCE_NOT_ALLOWED|EVIDENCE_SOURCE_ID_UNKNOWN|EVIDENCE_SOURCE_POLICY_MISSING,b2d83222fe4bab87f393b8e93c8a29f87ac2f8279ebd9de6ca63f25604bbf49f
case-01621,b267643291d2bf68c7e52a85b5d2e417a8af36e0b9889361dff50ba5a53bade9,CONTROLLED_TEST_MUTATION,expired_import,False,True,0.0334,False,0.2554,True,0.0152,False,0.2508,True,0.0077,False,4.2897,EVIDENCE_STALE,b2d83222fe4bab87f393b8e93c8a29f87ac2f8279ebd9de6ca63f25604bbf49f
case-01622,937b03e355b1701cbbf8abed395cf74c207aaa4d6d1086adfb44004ac770d5cd,CLEAN_TEST_FIXTURE,none,True,True,0.0353,True,0.3076,True,0.016,True,0.3124,True,0.0083,True,3.4479,ALL_REQUIRED_EVIDENCE_TRUSTWORTHY,b2d83222fe4bab87f393b8e93c8a29f87ac2f8279ebd9de6ca63f25604bbf49f
case-01623,7081218ff509ab4ef4d53b62b4b1a9a051c9b8e73564eff73b50457285b16aae,CONTROLLED_TEST_MUTATION,incomplete_payload,False,True,0.0331,False,0.1426,True,0.015,False,0.1403,True,0.0077,False,5.3489,EVIDENCE_PAYLOAD_INCOMPLETE,b2d83222fe4bab87f393b8e93c8a29f87ac2f8279ebd9de6ca63f25604bbf49f
case-01624,233808e92823fa24d1e2fb8105c37ad19ba4ef259435426170924f53a1d5f0f3,CONTROLLED_TEST_MUTATION,incomplete_payload,False,True,0.0361,False,0.1512,True,0.0163,False,0.1462,True,0.0083,False,3.6859,EVIDENCE_PAYLOAD_INCOMPLETE,b2d83222fe4bab87f393b8e93c8a29f87ac2f8279ebd9de6ca63f25604bbf49f
case-01625,85df6ab3a320ffce21590de0a5dbffdb11a9e2a268bc41a3a8b87a482b2bc46b,CONTROLLED_TEST_MUTATION,source_type_impersonation,False,True,0.0343,True,0.3166,True,0.0159,True,0.3183,True,0.0077,False,4.7132,EVIDENCE_ROLE_SOURCE_NOT_ALLOWED|OPERATOR_EVIDENCE_UNVERIFIED,b2d83222fe4bab87f393b8e93c8a29f87ac2f8279ebd9de6ca63f25604bbf49f
case-01626,e579a1f6691f642e38380a8bb63b400a37c215c3b9d8d4c7dda480cd018a9bf7,CONTROLLED_TEST_MUTATION,excluded_ancestor,False,True,0.0431,True,0.3378,True,0.0163,False,0.3192,True,0.0069,False,3.6233,REQUIRED_INPUT_EXCLUDED,b2d83222fe4bab87f393b8e93c8a29f87ac2f8279ebd9de6ca63f25604bbf49f
case-01627,902035a24db6d798dd5df86e79c2d1eae3cef039bad66d335259f553714788b4,CONTROLLED_TEST_MUTATION,incomplete_payload,False,True,0.0381,False,0.1578,True,0.0167,False,0.1468,True,0.0102,False,3.6003,EVIDENCE_PAYLOAD_INCOMPLETE,b2d83222fe4bab87f393b8e93c8a29f87ac2f8279ebd9de6ca63f25604bbf49f
case-01628,a3455fa20e41dba7eddadd2e2e4e94f602dde25a6418e0fd827db525ce42e121,CONTROLLED_TEST_MUTATION,empty_payload,False,False,0.0362,False,0.0287,True,0.0129,False,0.0408,True,0.0056,False,3.5001,EVIDENCE_PAYLOAD_EMPTY|EVIDENCE_PAYLOAD_SCHEMA_INVALID|EVIDENCE_SNAPSHOT_CONFLICT,b2d83222fe4bab87f393b8e93c8a29f87ac2f8279ebd9de6ca63f25604bbf49f
case-01629,5e7c61e4ebeb55766467e67030d58f3164b433a98979f658c64d2bed3b4b9037,CONTROLLED_TEST_MUTATION,snapshot_score_conflict,False,True,0.0567,True,0.3723,True,0.0174,True,0.3236,True,0.011,False,3.8399,EVIDENCE_SNAPSHOT_CONFLICT,b2d83222fe4bab87f393b8e93c8a29f87ac2f8279ebd9de6ca63f25604bbf49f
case-01630,88c0d074f1933895a29734e69035110fe63f2183cf3c62fd131f92644137acdf,CLEAN_TEST_FIXTURE,none,True,True,0.0362,True,0.3393,True,0.0169,True,0.3364,True,0.0079,True,3.8355,ALL_REQUIRED_EVIDENCE_TRUSTWORTHY,b2d83222fe4bab87f393b8e93c8a29f87ac2f8279ebd9de6ca63f25604bbf49f
case-01631,657b6c31f4d3ba4271a492651cd6ce98fc3d6d606fbc04d7d514f9bc73e49372,CLEAN_TEST_FIXTURE,none,True,True,0.0404,True,0.3445,True,0.0178,True,0.3368,True,0.0109,True,3.773,ALL_REQUIRED_EVIDENCE_TRUSTWORTHY,b2d83222fe4bab87f393b8e93c8a29f87ac2f8279ebd9de6ca63f25604bbf49f
case-01632,524aa0fb19aa16491f13b169ad1c37c2229bffad4917ff80154ef0a524aa6293,CONTROLLED_TEST_MUTATION,source_type_impersonation,False,True,0.0368,True,0.3397,True,0.0168,True,0.3376,True,0.0079,False,3.7222,EVIDENCE_ROLE_SOURCE_NOT_ALLOWED|OPERATOR_EVIDENCE_UNVERIFIED,b2d83222fe4bab87f393b8e93c8a29f87ac2f8279ebd9de6ca63f25604bbf49f
case-01633,4d1c65f6c6cd2d8662b1b4020f27b16766fd18ef9e5a68d14b03ca398819f179,CONTROLLED_TEST_MUTATION,missing_lineage,False,True,0.0373,True,0.3243,True,0.017,True,0.3184,True,0.0083,False,3.5331,EVIDENCE_LINEAGE_INCOMPLETE,b2d83222fe4bab87f393b8e93c8a29f87ac2f8279ebd9de6ca63f25604bbf49f
case-01634,549c8ef599354fa4a92d34e55d1e4f2d74673562e2b2ea539187d00d2d442fbf,CONTROLLED_TEST_MUTATION,unavailable_record,False,True,0.0353,False,0.2902,True,0.016,False,0.2837,True,0.008,False,3.52,EVIDENCE_LINEAGE_INCOMPLETE|EVIDENCE_UNAVAILABLE,b2d83222fe4bab87f393b8e93c8a29f87ac2f8279ebd9de6ca63f25604bbf49f
case-01635,9e4560fbb1a36f82c01fb79fa9a93abd428ecaf598562a43cbed5d0ee033ce6e,CONTROLLED_TEST_MUTATION,expired_import,False,True,0.0369,False,0.2632,True,0.0163,False,0.2564,True,0.0085,False,3.569,EVIDENCE_STALE,b2d83222fe4bab87f393b8e93c8a29f87ac2f8279ebd9de6ca63f25604bbf49f
case-01636,9d125580425865d5e875e76df3b62139f169a5d38e21f6593ed24f2457870ca6,CONTROLLED_TEST_MUTATION,payload_tamper_after_seal,False,True,0.0344,False,0.0782,True,0.0153,False,0.0806,True,0.0075,False,3.5823,CHECKSUM_INVALID|EVIDENCE_ROOT_INVALID|EVIDENCE_SNAPSHOT_CONFLICT|RECORD_ENVELOPE_INVALID,b2d83222fe4bab87f393b8e93c8a29f87ac2f8279ebd9de6ca63f25604bbf49f
case-01637,9005c32113447e306b3b694e69b8e136ce1c85bba522a47e11a9bb6ba3b03262,CONTROLLED_TEST_MUTATION,incomplete_payload,False,True,0.0356,False,0.1446,True,0.0162,False,0.1405,True,0.0081,False,3.4505,EVIDENCE_PAYLOAD_INCOMPLETE,b2d83222fe4bab87f393b8e93c8a29f87ac2f8279ebd9de6ca63f25604bbf49f
case-01638,64fa7ecf99b902ca95a728f8dfd7f17c5280e186e2399a1c41f5cc0a1cb29e92,CLEAN_TEST_FIXTURE,none,True,True,0.0334,True,0.3072,True,0.0157,True,0.3084,True,0.0074,True,3.6896,ALL_REQUIRED_EVIDENCE_TRUSTWORTHY,b2d83222fe4bab87f393b8e93c8a29f87ac2f8279ebd9de6ca63f25604bbf49f
case-01639,e6ca5873e35f59ce66dc53c8e4028856b2e32ede86bf2875e9bbf0dd468e4dad,CONTROLLED_TEST_MUTATION,excluded_ancestor,False,True,0.0431,True,0.3957,True,0.0171,False,0.3093,True,0.0071,False,3.5207,REQUIRED_INPUT_EXCLUDED,b2d83222fe4bab87f393b8e93c8a29f87ac2f8279ebd9de6ca63f25604bbf49f
case-01640,e47b637d88a64bf7a6d6e0ffa24259ec1528281b950052d6c1b95916bbb125d6,CONTROLLED_TEST_MUTATION,payload_tamper_after_seal,False,True,0.0332,False,0.0764,True,0.015,False,0.0796,True,0.0073,False,3.734,CHECKSUM_INVALID|EVIDENCE_ROOT_INVALID|EVIDENCE_SNAPSHOT_CONFLICT|RECORD_ENVELOPE_INVALID,b2d83222fe4bab87f393b8e93c8a29f87ac2f8279ebd9de6ca63f25604bbf49f
case-01641,dafe4c39e54d04e7b7fa9e869251b07ff1977aa98a5ceb403f1009748144bab1,CONTROLLED_TEST_MUTATION,broken_lineage,False,True,0.0345,True,0.3073,True,0.016,True,0.3077,True,0.0077,False,3.47,EVIDENCE_LINEAGE_INVALID,b2d83222fe4bab87f393b8e93c8a29f87ac2f8279ebd9de6ca63f25604bbf49f
case-01642,57d56ffe094cc9966f07b49d459c059147960f12204e76855f2e3bb06e50e5b6,CONTROLLED_TEST_MUTATION,wrong_context,False,True,0.0353,True,0.3376,True,0.0161,True,0.338,True,0.0077,False,4.7822,EVIDENCE_CONTEXT_MISMATCH,b2d83222fe4bab87f393b8e93c8a29f87ac2f8279ebd9de6ca63f25604bbf49f
case-01643,23bacda1ad7831810fa5a35beee6bd89f8a817bcf46fa21d9a5491368abd3b5c,CONTROLLED_TEST_MUTATION,unavailable_record,False,True,0.0352,False,0.3187,True,0.0162,False,0.2787,True,0.0084,False,3.5299,EVIDENCE_LINEAGE_INCOMPLETE|EVIDENCE_UNAVAILABLE,b2d83222fe4bab87f393b8e93c8a29f87ac2f8279ebd9de6ca63f25604bbf49f
case-01644,f177e6105cd513f77476278db7a9ae26c92f92b7f945e9d637b4144e8b99b211,CONTROLLED_TEST_MUTATION,stale_live_observation,False,True,0.0333,False,0.5329,True,0.0363,False,0.3194,True,0.0086,False,4.3196,EVIDENCE_STALE,b2d83222fe4bab87f393b8e93c8a29f87ac2f8279ebd9de6ca63f25604bbf49f
case-01645,00c9e705c7ec637674ad6cd4517f9915185908a4177207c63c965319556da813,CONTROLLED_TEST_MUTATION,missing_lineage,False,True,0.0422,True,0.3887,True,0.0198,True,0.3228,True,0.0081,False,3.3494,EVIDENCE_LINEAGE_INCOMPLETE,b2d83222fe4bab87f393b8e93c8a29f87ac2f8279ebd9de6ca63f25604bbf49f
case-01646,96c3ce523186a9f76ebe8d3c09a3a13105c9dba8f6c39b91207a7f722e06f315,CONTROLLED_TEST_MUTATION,excluded_ancestor,False,True,0.0332,True,0.3072,True,0.0155,False,0.3088,True,0.0063,False,4.3144,REQUIRED_INPUT_EXCLUDED,b2d83222fe4bab87f393b8e93c8a29f87ac2f8279ebd9de6ca63f25604bbf49f
case-01647,1334bd59cc33833caed4d5e4c7efd5c8e7cb6fd3bd3c49e83d6bcda439e36123,CONTROLLED_TEST_MUTATION,expired_import,False,True,0.0346,False,0.2553,True,0.016,False,0.2498,True,0.0083,False,3.4339,EVIDENCE_STALE,b2d83222fe4bab87f393b8e93c8a29f87ac2f8279ebd9de6ca63f25604bbf49f
case-01648,01980223af9b8d06ffcdcd68288bb0891d7d05fa08165c987e8e0b9861433ca3,CONTROLLED_TEST_MUTATION,incomplete_payload,False,True,0.0343,False,0.1483,True,0.0152,False,0.1441,True,0.0078,False,4.4625,EVIDENCE_PAYLOAD_INCOMPLETE,b2d83222fe4bab87f393b8e93c8a29f87ac2f8279ebd9de6ca63f25604bbf49f
case-01649,3d570139bae280339c703e69435606ff1da9eeba2d59a34600661b41a3e7b891,CONTROLLED_TEST_MUTATION,excluded_ancestor,False,True,0.0342,True,0.3096,True,0.0156,False,0.3068,True,0.0068,False,3.4672,REQUIRED_INPUT_EXCLUDED,b2d83222fe4bab87f393b8e93c8a29f87ac2f8279ebd9de6ca63f25604bbf49f
case-01650,8121a9e080c61a90572303c50d87a0bd7c9536a0dec558fe2f99f63632ad2d78,CONTROLLED_TEST_MUTATION,role_conflict,False,True,0.037,True,0.3313,True,0.0163,False,0.324,True,0.0068,False,4.9905,EVIDENCE_ROLE_CONFLICT,b2d83222fe4bab87f393b8e93c8a29f87ac2f8279ebd9de6ca63f25604bbf49f
case-01651,7268a17f3e395205a1a16d6cad3012a5a5ef2e156d83f153ccb4da641a85218e,CONTROLLED_TEST_MUTATION,future_timestamp,False,True,0.0357,False,0.2837,True,0.0165,False,0.2736,True,0.0084,False,3.4395,EVIDENCE_FRESHNESS_UNKNOWN|EVIDENCE_TIMESTAMP_IN_FUTURE,b2d83222fe4bab87f393b8e93c8a29f87ac2f8279ebd9de6ca63f25604bbf49f
case-01652,397e25cb04c6e445c1607587e28853047af6b43e00dbfd5637915c9f674a1fa9,CONTROLLED_TEST_MUTATION,stale_live_observation,False,True,0.0335,False,0.4821,True,0.0201,False,0.3815,True,0.0108,False,4.0012,EVIDENCE_STALE,b2d83222fe4bab87f393b8e93c8a29f87ac2f8279ebd9de6ca63f25604bbf49f
case-01653,c74ca72a0e27ed247ad0bac7472fb9e78f1024cab9a2e848b0cbfc39c767b84d,CONTROLLED_TEST_MUTATION,payload_tamper_after_seal,False,True,0.0349,False,0.0769,True,0.0156,False,0.0803,True,0.0081,False,3.4365,CHECKSUM_INVALID|EVIDENCE_ROOT_INVALID|EVIDENCE_SNAPSHOT_CONFLICT|RECORD_ENVELOPE_INVALID,b2d83222fe4bab87f393b8e93c8a29f87ac2f8279ebd9de6ca63f25604bbf49f
case-01654,157a2658d31e04ba86a63d408b4b28ee2c90e5e9e812cf3bf844d8f0de8eff34,CLEAN_TEST_FIXTURE,none,True,True,0.0346,True,0.4571,True,0.0277,True,1.0504,True,0.0121,True,3.584,ALL_REQUIRED_EVIDENCE_TRUSTWORTHY,b2d83222fe4bab87f393b8e93c8a29f87ac2f8279ebd9de6ca63f25604bbf49f
case-01655,06947061a80ade095b54e5fb18276f2673ac8bdabfa543b230b291f6498431ab,CONTROLLED_TEST_MUTATION,missing_lineage,False,True,0.0346,True,0.3075,True,0.0157,True,0.3075,True,0.0072,False,3.3582,EVIDENCE_LINEAGE_INCOMPLETE,b2d83222fe4bab87f393b8e93c8a29f87ac2f8279ebd9de6ca63f25604bbf49f
case-01656,41e91ee165159af5a71408cefd1ad6226391622b66dfde74fe59bbed1c9e147a,CONTROLLED_TEST_MUTATION,unavailable_record,False,True,0.067,False,0.6379,True,0.0221,False,0.3684,True,0.0146,False,3.827,EVIDENCE_LINEAGE_INCOMPLETE|EVIDENCE_UNAVAILABLE,b2d83222fe4bab87f393b8e93c8a29f87ac2f8279ebd9de6ca63f25604bbf49f
case-01657,a5f121129de11033e4eb1f969f45bebf41c766f57ab4792075bc2d6d7850bc82,CONTROLLED_TEST_MUTATION,unknown_source,False,True,0.0342,True,0.3119,True,0.016,True,0.31,True,0.0077,False,3.5179,EVIDENCE_ROLE_SOURCE_NOT_ALLOWED|EVIDENCE_SOURCE_ID_UNKNOWN|EVIDENCE_SOURCE_POLICY_MISSING,b2d83222fe4bab87f393b8e93c8a29f87ac2f8279ebd9de6ca63f25604bbf49f
case-01658,f42e670ca121befd48ccc8eb90f10d1a2335310638eafb46af284a50bfa66452,CLEAN_TEST_FIXTURE,none,True,True,0.0364,True,0.3133,True,0.0164,True,0.3104,True,0.0096,True,3.4738,ALL_REQUIRED_EVIDENCE_TRUSTWORTHY,b2d83222fe4bab87f393b8e93c8a29f87ac2f8279ebd9de6ca63f25604bbf49f
case-01659,834b100f4b0203e65ae9e2b9eadbbce0ef114d19bea942107079616de17a48c3,CONTROLLED_TEST_MUTATION,unavailable_record,False,True,0.0336,False,0.2833,True,0.0156,False,0.2752,True,0.0077,False,3.4212,EVIDENCE_LINEAGE_INCOMPLETE|EVIDENCE_UNAVAILABLE,b2d83222fe4bab87f393b8e93c8a29f87ac2f8279ebd9de6ca63f25604bbf49f
case-01660,7cb397ae04fa426371cec9fdfae27f7fd771485d310a22f39dc8ed171a63329a,CONTROLLED_TEST_MUTATION,missing_direct_role,False,False,0.0299,False,0.0137,True,0.0151,False,0.0248,True,0.0063,False,3.0757,REQUIRED_ROLE_MISSING,b2d83222fe4bab87f393b8e93c8a29f87ac2f8279ebd9de6ca63f25604bbf49f
case-01661,449726e60bb59dd19e4f0e9fc7886bd5af7a213ac796e555afbde977dc437406,CONTROLLED_TEST_MUTATION,stale_live_observation,False,True,0.0341,False,0.2853,True,0.0158,False,0.2754,True,0.0077,False,3.4231,EVIDENCE_STALE,b2d83222fe4bab87f393b8e93c8a29f87ac2f8279ebd9de6ca63f25604bbf49f
case-01662,a1d4c56524fde89e7b84e083836752afb427330ed8cc1fc72d8233fe6a4cfc04,CLEAN_TEST_FIXTURE,none,True,True,0.0508,True,0.8029,True,0.0209,True,0.3351,True,0.0111,True,3.6673,ALL_REQUIRED_EVIDENCE_TRUSTWORTHY,b2d83222fe4bab87f393b8e93c8a29f87ac2f8279ebd9de6ca63f25604bbf49f
case-01663,adcb9fa95bd3054e6f7fd554eb7e81c7d3956033a1809469cbbd871e5db5375c,CLEAN_TEST_FIXTURE,none,True,True,0.0337,True,0.3079,True,0.0157,True,0.3772,True,0.0076,True,3.4813,ALL_REQUIRED_EVIDENCE_TRUSTWORTHY,b2d83222fe4bab87f393b8e93c8a29f87ac2f8279ebd9de6ca63f25604bbf49f
case-01664,a7c65348feb0e16862a96014abc275f90ecf4e827692758c120de0a0e837d140,CONTROLLED_TEST_MUTATION,unknown_source,False,True,0.0379,True,0.325,True,0.0167,True,0.317,True,0.0093,False,3.4858,EVIDENCE_ROLE_SOURCE_NOT_ALLOWED|EVIDENCE_SOURCE_ID_UNKNOWN|EVIDENCE_SOURCE_POLICY_MISSING,b2d83222fe4bab87f393b8e93c8a29f87ac2f8279ebd9de6ca63f25604bbf49f
case-01665,2d79febc746d7e8d9475152e4b9a55dd8c1eb722184bb1b6736036024cbbe380,CONTROLLED_TEST_MUTATION,expired_import,False,True,0.0343,False,0.2575,True,0.0154,False,0.2681,True,0.0515,False,3.5994,EVIDENCE_STALE,b2d83222fe4bab87f393b8e93c8a29f87ac2f8279ebd9de6ca63f25604bbf49f
case-01666,a2e066d2ada9b4a799546de7170ada9b53047de90e323bdf1a16ef098e9219b4,CONTROLLED_TEST_MUTATION,missing_lineage,False,True,0.0365,True,0.3154,True,0.0164,True,0.3339,True,0.0092,False,3.4736,EVIDENCE_LINEAGE_INCOMPLETE,b2d83222fe4bab87f393b8e93c8a29f87ac2f8279ebd9de6ca63f25604bbf49f
case-01667,3ffce06677d54e66af225b9d91ce3ef9814bbd11ea96a4cf435692bb832c38d2,CONTROLLED_TEST_MUTATION,missing_direct_role,False,False,0.0177,False,0.0133,True,0.0138,False,0.0247,True,0.0059,False,3.032,REQUIRED_ROLE_MISSING,b2d83222fe4bab87f393b8e93c8a29f87ac2f8279ebd9de6ca63f25604bbf49f
case-01668,52940863edd796f5c8d40bfb22f6d2f9487e2ea5c8aa8789b22f74adcbcb2dac,CONTROLLED_TEST_MUTATION,unavailable_record,False,True,0.0512,False,1.1265,True,0.0354,False,0.5081,True,0.0217,False,4.007,EVIDENCE_LINEAGE_INCOMPLETE|EVIDENCE_UNAVAILABLE,b2d83222fe4bab87f393b8e93c8a29f87ac2f8279ebd9de6ca63f25604bbf49f
case-01669,0907c28c44a87ba747da4b6df18726c3a274b643b450f143e02e4737fc6c39a7,CONTROLLED_TEST_MUTATION,unknown_source,False,True,0.0345,True,0.3187,True,0.016,True,0.3194,True,0.0077,False,3.5243,EVIDENCE_ROLE_SOURCE_NOT_ALLOWED|EVIDENCE_SOURCE_ID_UNKNOWN|EVIDENCE_SOURCE_POLICY_MISSING,b2d83222fe4bab87f393b8e93c8a29f87ac2f8279ebd9de6ca63f25604bbf49f
case-01670,fc7c10b892cf441c9544895ca5b5b87501cd1bb123a15a4d6f33a4dfc85ab49e,CLEAN_TEST_FIXTURE,none,True,True,0.0366,True,0.3168,True,0.0166,True,0.314,True,0.0097,True,3.4984,ALL_REQUIRED_EVIDENCE_TRUSTWORTHY,b2d83222fe4bab87f393b8e93c8a29f87ac2f8279ebd9de6ca63f25604bbf49f
case-01671,7a4d71ff207b03e9487c6cd21a29daa5d995ccd878703240767b3ffedbec9be2,CONTROLLED_TEST_MUTATION,missing_direct_role,False,False,0.0182,False,0.0141,True,0.0138,False,0.0252,True,0.0053,False,3.2958,REQUIRED_ROLE_MISSING,b2d83222fe4bab87f393b8e93c8a29f87ac2f8279ebd9de6ca63f25604bbf49f
case-01672,987dd0c8599c0b22bffec3596e62468ac1fafa7b504bee109dcd2d4e1d0e951b,CONTROLLED_TEST_MUTATION,stale_live_observation,False,True,0.0364,False,0.29,True,0.0167,False,0.2767,True,0.0098,False,3.4954,EVIDENCE_STALE,b2d83222fe4bab87f393b8e93c8a29f87ac2f8279ebd9de6ca63f25604bbf49f
case-01673,b4ff11c1a775bb44370613ddd185cebe33516003778e73006f144fd8ac5a339b,CONTROLLED_TEST_MUTATION,role_conflict,False,True,0.0373,True,0.3342,True,0.0165,False,0.3308,True,0.0068,False,3.728,EVIDENCE_ROLE_CONFLICT,b2d83222fe4bab87f393b8e93c8a29f87ac2f8279ebd9de6ca63f25604bbf49f
case-01674,08eb6c8a336f89ba8dfffaa3846ca9d6eeee05cb9c5998f4a07bcb0a5d1f8424,CLEAN_TEST_FIXTURE,none,True,True,0.0363,True,0.3182,True,0.0166,True,0.3112,True,0.0092,True,3.4814,ALL_REQUIRED_EVIDENCE_TRUSTWORTHY,b2d83222fe4bab87f393b8e93c8a29f87ac2f8279ebd9de6ca63f25604bbf49f
case-01675,1001150ae12f5e01be8e76e7f3d31bd1f72517be2c76b3f3a86558eb2f75832a,CONTROLLED_TEST_MUTATION,empty_payload,False,False,0.0359,False,0.0282,True,0.0122,False,0.0398,True,0.0056,False,3.3885,EVIDENCE_PAYLOAD_EMPTY|EVIDENCE_PAYLOAD_SCHEMA_INVALID|EVIDENCE_SNAPSHOT_CONFLICT,b2d83222fe4bab87f393b8e93c8a29f87ac2f8279ebd9de6ca63f25604bbf49f
case-01676,c8adc7d7b25a30bed4738a6538a46a223112f7d0865e658509b090b29addb783,CONTROLLED_TEST_MUTATION,malformed_payload,False,True,0.037,True,0.3121,True,0.0171,True,0.3078,True,0.0096,False,3.4443,EVIDENCE_PAYLOAD_SCHEMA_INVALID|EVIDENCE_SNAPSHOT_CONFLICT,b2d83222fe4bab87f393b8e93c8a29f87ac2f8279ebd9de6ca63f25604bbf49f
case-01677,004e7cac695350218cc0a2a695ac213ecec30d86e2098697cee054c74a508a93,CLEAN_TEST_FIXTURE,none,True,True,0.0335,True,0.3048,True,0.0151,True,0.3037,True,0.0073,True,3.4045,ALL_REQUIRED_EVIDENCE_TRUSTWORTHY,b2d83222fe4bab87f393b8e93c8a29f87ac2f8279ebd9de6ca63f25604bbf49f
case-01678,720a3522ae42620f665271d4a5333f08204810eb9064014b80a3a8b4627f2213,CONTROLLED_TEST_MUTATION,lineage_cycle,False,True,0.0372,True,0.3152,True,0.0167,True,0.3061,True,0.0101,False,3.4805,EVIDENCE_LINEAGE_INVALID,b2d83222fe4bab87f393b8e93c8a29f87ac2f8279ebd9de6ca63f25604bbf49f
case-01679,1bebcefc148f987dc376b0ec3d04be8ae03a25d2886b63e8776b28c71b9d1b0f,CLEAN_TEST_FIXTURE,none,True,True,0.0342,True,0.3171,True,0.0161,True,0.3169,True,0.0077,True,3.7636,ALL_REQUIRED_EVIDENCE_TRUSTWORTHY,b2d83222fe4bab87f393b8e93c8a29f87ac2f8279ebd9de6ca63f25604bbf49f
case-01680,52b1faa618b12b6340d9929813db90e394a31b808c97bf029ce927786b21c3f3,CONTROLLED_TEST_MUTATION,excluded_ancestor,False,True,0.0356,True,0.3103,True,0.0167,False,0.3088,True,0.0069,False,3.4911,REQUIRED_INPUT_EXCLUDED,b2d83222fe4bab87f393b8e93c8a29f87ac2f8279ebd9de6ca63f25604bbf49f
case-01681,36fd236ee8eb9a458d697ad8603e7d62c4822ecb860efbac4ab67824158e44db,CONTROLLED_TEST_MUTATION,excluded_ancestor,False,True,0.0335,True,0.3073,True,0.0155,False,0.3098,True,0.006,False,4.4051,REQUIRED_INPUT_EXCLUDED,b2d83222fe4bab87f393b8e93c8a29f87ac2f8279ebd9de6ca63f25604bbf49f
case-01682,9acbf3d499cbded70940fb756798aff6348ecac10a87caccaffbe013e35b5bdc,CLEAN_TEST_FIXTURE,none,True,True,0.0353,True,0.3185,True,0.0163,True,0.3173,True,0.0096,True,3.5591,ALL_REQUIRED_EVIDENCE_TRUSTWORTHY,b2d83222fe4bab87f393b8e93c8a29f87ac2f8279ebd9de6ca63f25604bbf49f
case-01683,f05a2c9b67a33b55977dfee76afedb9e2c1c0812f2cb204d6f789c788d7b1a04,CONTROLLED_TEST_MUTATION,wrong_context,False,True,0.034,True,0.3158,True,0.0158,True,0.3175,True,0.0076,False,4.3688,EVIDENCE_CONTEXT_MISMATCH,b2d83222fe4bab87f393b8e93c8a29f87ac2f8279ebd9de6ca63f25604bbf49f
case-01684,dd2eabd38fb392067d589d7e5389f175fac8c83e4ca664e21a8749630a56d1e3,CONTROLLED_TEST_MUTATION,malformed_payload,False,True,0.0352,True,0.3027,True,0.0158,True,0.3016,True,0.0078,False,3.4181,EVIDENCE_PAYLOAD_SCHEMA_INVALID|EVIDENCE_SNAPSHOT_CONFLICT,b2d83222fe4bab87f393b8e93c8a29f87ac2f8279ebd9de6ca63f25604bbf49f
case-01685,c39f21de9d726ff8ceb705a87e1714cfd5c4270a9b36480196fa2d8cc9bbdbd7,CONTROLLED_TEST_MUTATION,snapshot_score_conflict,False,True,0.0333,True,0.3081,True,0.0153,True,0.3092,True,0.0073,False,4.3929,EVIDENCE_SNAPSHOT_CONFLICT,b2d83222fe4bab87f393b8e93c8a29f87ac2f8279ebd9de6ca63f25604bbf49f
case-01686,fb3eda5e94d19ebd488b518416b0296e25f50b9dc73930e9cddbabfaab1b1808,CONTROLLED_TEST_MUTATION,unavailable_record,False,True,0.0346,False,0.3065,True,0.016,False,0.2761,True,0.0084,False,3.5267,EVIDENCE_LINEAGE_INCOMPLETE|EVIDENCE_UNAVAILABLE,b2d83222fe4bab87f393b8e93c8a29f87ac2f8279ebd9de6ca63f25604bbf49f
case-01687,01a37880c2d2f40ebb3322cab0c56e5a973aa424363022884820d8194f6545a9,CONTROLLED_TEST_MUTATION,future_timestamp,False,True,0.0345,False,0.3427,True,0.0157,False,0.2757,True,0.0077,False,4.2805,EVIDENCE_FRESHNESS_UNKNOWN|EVIDENCE_TIMESTAMP_IN_FUTURE,b2d83222fe4bab87f393b8e93c8a29f87ac2f8279ebd9de6ca63f25604bbf49f
case-01688,1b57988e906edb17aae74f3613ea3c1bcf63c680cc83a06419ab5c37b74b0bdf,CONTROLLED_TEST_MUTATION,empty_payload,False,False,0.0374,False,0.029,True,0.0135,False,0.044,True,0.0064,False,3.5219,EVIDENCE_PAYLOAD_EMPTY|EVIDENCE_PAYLOAD_SCHEMA_INVALID|EVIDENCE_SNAPSHOT_CONFLICT,b2d83222fe4bab87f393b8e93c8a29f87ac2f8279ebd9de6ca63f25604bbf49f
case-01689,692a4dc967bc715e56afe4137a0d327a4cc9400099d9148a094659161c47492a,CLEAN_TEST_FIXTURE,none,True,True,0.0349,True,0.3224,True,0.0162,True,0.3181,True,0.0079,True,4.3531,ALL_REQUIRED_EVIDENCE_TRUSTWORTHY,b2d83222fe4bab87f393b8e93c8a29f87ac2f8279ebd9de6ca63f25604bbf49f
case-01690,d78fe1d80579e3866edf50d34b2430acaa33cc1b9a27bbe7d686e2990fcd0689,CONTROLLED_TEST_MUTATION,root_signature_tamper_after_seal,False,True,0.0358,True,0.3305,True,0.0165,True,0.3168,True,0.0081,False,3.6778,EVIDENCE_ROOT_INVALID,b2d83222fe4bab87f393b8e93c8a29f87ac2f8279ebd9de6ca63f25604bbf49f
case-01691,a25e6f72726c2d31e434ee7ed258a8deb275a02ac7a408d81082b8414d34301a,CONTROLLED_TEST_MUTATION,payload_tamper_after_seal,False,True,0.0346,False,0.078,True,0.0155,False,0.0805,True,0.0076,False,4.6877,CHECKSUM_INVALID|EVIDENCE_ROOT_INVALID|EVIDENCE_SNAPSHOT_CONFLICT|RECORD_ENVELOPE_INVALID,b2d83222fe4bab87f393b8e93c8a29f87ac2f8279ebd9de6ca63f25604bbf49f
case-01692,d0f6a644820d071ea9ad82a4c1621f05ff1a3db7be11edb36615ca64d3809e64,CONTROLLED_TEST_MUTATION,missing_lineage,False,True,0.0366,True,0.3216,True,0.0168,True,0.3206,True,0.0082,False,3.5769,EVIDENCE_LINEAGE_INCOMPLETE,b2d83222fe4bab87f393b8e93c8a29f87ac2f8279ebd9de6ca63f25604bbf49f
case-01693,5872a86d5627e605fdc8e0d11dbe3b0e657a06209fd3853a1b621c58284a59a2,CONTROLLED_TEST_MUTATION,missing_direct_role,False,False,0.0186,False,0.0135,True,0.0142,False,0.0256,True,0.0055,False,3.9631,REQUIRED_ROLE_MISSING,b2d83222fe4bab87f393b8e93c8a29f87ac2f8279ebd9de6ca63f25604bbf49f
case-01694,bcb2150b6efb4a5fab600853d007647776c8ea078024ea80292a381ddc247e4e,CONTROLLED_TEST_MUTATION,missing_direct_role,False,False,0.0183,False,0.0136,True,0.0144,False,0.0247,True,0.0059,False,3.0061,REQUIRED_ROLE_MISSING,b2d83222fe4bab87f393b8e93c8a29f87ac2f8279ebd9de6ca63f25604bbf49f
case-01695,47a38a408632be19e1da651a27b199231b8ce01217b92a8bc8c389eb1ccc13b2,CONTROLLED_TEST_MUTATION,future_timestamp,False,True,0.0336,False,0.2783,True,0.0154,False,0.2711,True,0.0075,False,4.5174,EVIDENCE_FRESHNESS_UNKNOWN|EVIDENCE_TIMESTAMP_IN_FUTURE,b2d83222fe4bab87f393b8e93c8a29f87ac2f8279ebd9de6ca63f25604bbf49f
case-01696,43256b53c8645fe17c8a2d357b8ef10d4b4e4fad9d97eceda48e1d401b49d0e9,CONTROLLED_TEST_MUTATION,stale_live_observation,False,True,0.0345,False,0.2826,True,0.0162,False,0.2766,True,0.0084,False,3.4499,EVIDENCE_STALE,b2d83222fe4bab87f393b8e93c8a29f87ac2f8279ebd9de6ca63f25604bbf49f
case-01697,a3a500cb53e21ca5ccec2f25f7cfccf2a7e6cc0c16e6d394269a5398bf758529,CONTROLLED_TEST_MUTATION,snapshot_score_conflict,False,True,0.0336,True,0.3053,True,0.0158,True,0.308,True,0.0075,False,4.3612,EVIDENCE_SNAPSHOT_CONFLICT,b2d83222fe4bab87f393b8e93c8a29f87ac2f8279ebd9de6ca63f25604bbf49f
case-01698,7b7c58948d7e554b521182c478379c596ef6c09842e84f94895452c655dbe7b6,CONTROLLED_TEST_MUTATION,incomplete_payload,False,True,0.0352,False,0.1453,True,0.0161,False,0.1404,True,0.0082,False,3.4526,EVIDENCE_PAYLOAD_INCOMPLETE,b2d83222fe4bab87f393b8e93c8a29f87ac2f8279ebd9de6ca63f25604bbf49f
case-01699,c60ea8725efac3eca13d78f30896f860d7b16c200288f3ccf3f8c5714fa8b434,CONTROLLED_TEST_MUTATION,malformed_payload,False,True,0.0334,True,0.3003,True,0.0155,True,0.3012,True,0.0072,False,4.3348,EVIDENCE_PAYLOAD_SCHEMA_INVALID|EVIDENCE_SNAPSHOT_CONFLICT,b2d83222fe4bab87f393b8e93c8a29f87ac2f8279ebd9de6ca63f25604bbf49f
case-01700,ce87c3658ae22f55c9d4e6fe4f289c2e298c5ec767df63a2022eb707165a5607,CONTROLLED_TEST_MUTATION,incomplete_payload,False,True,0.0368,False,0.1556,True,0.0163,False,0.1522,True,0.0084,False,3.7376,EVIDENCE_PAYLOAD_INCOMPLETE,b2d83222fe4bab87f393b8e93c8a29f87ac2f8279ebd9de6ca63f25604bbf49f
case-01701,9040a0d0ce40cc4ef64af1b1c7dcbc950d1ae57cfb6aef9d0bb8124c57ab53e4,CONTROLLED_TEST_MUTATION,wrong_context,False,True,0.0346,True,0.3339,True,0.0165,True,0.3405,True,0.0076,False,4.6134,EVIDENCE_CONTEXT_MISMATCH,b2d83222fe4bab87f393b8e93c8a29f87ac2f8279ebd9de6ca63f25604bbf49f
case-01702,ffd236d0c95ccef8a2603b428b824fa980e01583849c32940f6ee3319e63f93b,CONTROLLED_TEST_MUTATION,malformed_payload,False,True,0.0342,True,0.3019,True,0.016,True,0.3019,True,0.0078,False,3.3974,EVIDENCE_PAYLOAD_SCHEMA_INVALID|EVIDENCE_SNAPSHOT_CONFLICT,b2d83222fe4bab87f393b8e93c8a29f87ac2f8279ebd9de6ca63f25604bbf49f
case-01703,04b84ca72bbedcb40d84e3212d7d3f8b28d4bb8dd27ff2b77565ebcd1c0f920f,CONTROLLED_TEST_MUTATION,lineage_cycle,False,True,0.0339,True,0.3089,True,0.0153,True,0.3067,True,0.0075,False,4.2343,EVIDENCE_LINEAGE_INVALID,b2d83222fe4bab87f393b8e93c8a29f87ac2f8279ebd9de6ca63f25604bbf49f
case-01704,596ff1a6a7943d19c21ee60a7af9a10f1f1a5c3055c5f5cea0e0bc45f5ee4bfc,CLEAN_TEST_FIXTURE,none,True,True,0.0349,True,0.31,True,0.0274,True,0.3084,True,0.0079,True,3.471,ALL_REQUIRED_EVIDENCE_TRUSTWORTHY,b2d83222fe4bab87f393b8e93c8a29f87ac2f8279ebd9de6ca63f25604bbf49f
case-01705,59301f22d688f527e6df3829dbe380732a453f70d7bcb648b5bd8f7cea6098f1,CONTROLLED_TEST_MUTATION,snapshot_score_conflict,False,True,0.0338,True,0.3297,True,0.0155,True,0.3063,True,0.0072,False,4.638,EVIDENCE_SNAPSHOT_CONFLICT,b2d83222fe4bab87f393b8e93c8a29f87ac2f8279ebd9de6ca63f25604bbf49f
case-01706,4973562ee30f197436b709a2f856ff8e27c2672f254f43b9ead75057b7bf45f6,CONTROLLED_TEST_MUTATION,lineage_cycle,False,True,0.036,True,0.3413,True,0.0169,True,0.3463,True,0.0083,False,3.8387,EVIDENCE_LINEAGE_INVALID,b2d83222fe4bab87f393b8e93c8a29f87ac2f8279ebd9de6ca63f25604bbf49f
case-01707,0d2d93cda3cb9c3b5d98d5b24b70c07763de9723670400603a88451f2f6bdc42,CONTROLLED_TEST_MUTATION,excluded_ancestor,False,True,0.0568,True,0.3527,True,0.0177,False,0.3277,True,0.008,False,3.611,REQUIRED_INPUT_EXCLUDED,b2d83222fe4bab87f393b8e93c8a29f87ac2f8279ebd9de6ca63f25604bbf49f
case-01708,22822370207624e97c39deae385ca63852c097bf6b46624db593deb2c28082c1,CONTROLLED_TEST_MUTATION,unknown_source,False,True,0.0358,True,0.3368,True,0.0166,True,0.3421,True,0.0078,False,3.8217,EVIDENCE_ROLE_SOURCE_NOT_ALLOWED|EVIDENCE_SOURCE_ID_UNKNOWN|EVIDENCE_SOURCE_POLICY_MISSING,b2d83222fe4bab87f393b8e93c8a29f87ac2f8279ebd9de6ca63f25604bbf49f
case-01709,22b835928f9332205161b1d91f1d615591920d5e905f500df217c2114593b316,CONTROLLED_TEST_MUTATION,snapshot_score_conflict,False,True,0.0372,True,0.3917,True,0.017,True,0.3454,True,0.0095,False,3.605,EVIDENCE_SNAPSHOT_CONFLICT,b2d83222fe4bab87f393b8e93c8a29f87ac2f8279ebd9de6ca63f25604bbf49f
case-01710,ff93265de7b3cd91789c6be2e4e7ecff866d98407ce5aa0ab7c45864737ec477,CONTROLLED_TEST_MUTATION,future_timestamp,False,True,0.0341,False,0.2866,True,0.0157,False,0.2819,True,0.0078,False,3.5276,EVIDENCE_FRESHNESS_UNKNOWN|EVIDENCE_TIMESTAMP_IN_FUTURE,b2d83222fe4bab87f393b8e93c8a29f87ac2f8279ebd9de6ca63f25604bbf49f
case-01711,3ca1370143abe38239c16731ab9c1035dd97a438a1114df07412b93932d69513,CONTROLLED_TEST_MUTATION,unknown_source,False,True,0.0368,True,0.3198,True,0.0169,True,0.3408,True,0.0097,False,3.628,EVIDENCE_ROLE_SOURCE_NOT_ALLOWED|EVIDENCE_SOURCE_ID_UNKNOWN|EVIDENCE_SOURCE_POLICY_MISSING,b2d83222fe4bab87f393b8e93c8a29f87ac2f8279ebd9de6ca63f25604bbf49f
case-01712,7ef9bc1dfbb6e73926c533a31906cec1e105d03c812ab7951b15b03e93030489,CLEAN_TEST_FIXTURE,none,True,True,0.034,True,0.3358,True,0.0158,True,0.3116,True,0.0077,True,3.7193,ALL_REQUIRED_EVIDENCE_TRUSTWORTHY,b2d83222fe4bab87f393b8e93c8a29f87ac2f8279ebd9de6ca63f25604bbf49f
case-01713,05dacc47ab05c950de1da8238e1dd0d697308ecb46ff2bdfab2d3e38fe123598,CLEAN_TEST_FIXTURE,none,True,True,0.0381,True,0.635,True,0.1544,True,1.0429,True,0.0132,True,3.9728,ALL_REQUIRED_EVIDENCE_TRUSTWORTHY,b2d83222fe4bab87f393b8e93c8a29f87ac2f8279ebd9de6ca63f25604bbf49f
case-01714,efb03785ac672953729f5bf61a7a1ef1d15a10d2efc4d75beac2d29a12ee64cb,CONTROLLED_TEST_MUTATION,missing_lineage,False,True,0.035,True,0.3228,True,0.0166,True,0.3176,True,0.0081,False,4.9725,EVIDENCE_LINEAGE_INCOMPLETE,b2d83222fe4bab87f393b8e93c8a29f87ac2f8279ebd9de6ca63f25604bbf49f
case-01715,5541480668ed85aef2bb2769a5a82bfaf76387238f64bf31c2262327de98dd32,CONTROLLED_TEST_MUTATION,role_conflict,False,True,0.0395,True,0.3554,True,0.0181,False,0.3381,True,0.0077,False,3.8994,EVIDENCE_ROLE_CONFLICT,b2d83222fe4bab87f393b8e93c8a29f87ac2f8279ebd9de6ca63f25604bbf49f
case-01716,470921cb8a03174d3c5f80eb5ce081705827a3fdd55c8d0f5ff976a610d66126,CONTROLLED_TEST_MUTATION,lineage_cycle,False,True,0.0772,True,0.8438,True,0.0477,True,0.3847,True,0.0138,False,4.0625,EVIDENCE_LINEAGE_INVALID,b2d83222fe4bab87f393b8e93c8a29f87ac2f8279ebd9de6ca63f25604bbf49f
case-01717,4c34801b6243e76cf3745102ed1dac086af3ec0fd093a07ca5f921843857b66a,CLEAN_TEST_FIXTURE,none,True,True,0.0356,True,0.3193,True,0.0164,True,0.3222,True,0.0083,True,3.7158,ALL_REQUIRED_EVIDENCE_TRUSTWORTHY,b2d83222fe4bab87f393b8e93c8a29f87ac2f8279ebd9de6ca63f25604bbf49f
case-01718,e11ba71d870868ab61200f640ff135a91cc8fd25e11d06eab8f1e6dd1194d27b,CLEAN_TEST_FIXTURE,none,True,True,0.0508,True,0.3587,True,0.0164,True,0.311,True,0.0097,True,3.4924,ALL_REQUIRED_EVIDENCE_TRUSTWORTHY,b2d83222fe4bab87f393b8e93c8a29f87ac2f8279ebd9de6ca63f25604bbf49f
case-01719,304db88687e9c9b42eb31ab75a9467c6680168b2e117ea2f24f1da3064917590,CONTROLLED_TEST_MUTATION,role_conflict,False,True,0.0373,True,0.327,True,0.0163,False,0.3234,True,0.0066,False,3.7261,EVIDENCE_ROLE_CONFLICT,b2d83222fe4bab87f393b8e93c8a29f87ac2f8279ebd9de6ca63f25604bbf49f
case-01720,41d04cba476b58551dbf9343192607c55f276219344a111fc8ddd200da9320a1,CONTROLLED_TEST_MUTATION,expired_import,False,True,0.037,False,0.2615,True,0.0166,False,0.2541,True,0.0102,False,3.4728,EVIDENCE_STALE,b2d83222fe4bab87f393b8e93c8a29f87ac2f8279ebd9de6ca63f25604bbf49f
case-01721,9a00dd6f061fc18fcd83ffcdd27b63e46a0bbf9699c775fac157d6d9c251cac4,CONTROLLED_TEST_MUTATION,broken_lineage,False,True,0.0337,True,0.3069,True,0.0156,True,0.3066,True,0.0073,False,3.4423,EVIDENCE_LINEAGE_INVALID,b2d83222fe4bab87f393b8e93c8a29f87ac2f8279ebd9de6ca63f25604bbf49f
case-01722,10502054ffc40350d41a141b25863e69882b730f19930cf0e13a5e53c59e3cff,CONTROLLED_TEST_MUTATION,stale_live_observation,False,True,0.0369,False,0.3153,True,0.0169,False,0.2809,True,0.0098,False,3.5926,EVIDENCE_STALE,b2d83222fe4bab87f393b8e93c8a29f87ac2f8279ebd9de6ca63f25604bbf49f
case-01723,f60d39bdbab0a146b5b697eae73809f1cb997d92d7a5052c6ba177f79b0eb166,CONTROLLED_TEST_MUTATION,excluded_ancestor,False,True,0.0333,True,0.3081,True,0.0156,False,0.307,True,0.0063,False,3.4259,REQUIRED_INPUT_EXCLUDED,b2d83222fe4bab87f393b8e93c8a29f87ac2f8279ebd9de6ca63f25604bbf49f
case-01724,c0bb84756b6660decae142ead20024f9251c3e0adba3548d2fad49966c38bb32,CONTROLLED_TEST_MUTATION,source_type_impersonation,False,True,0.0374,True,0.3861,True,0.0176,True,0.3599,True,0.0102,False,3.7178,EVIDENCE_ROLE_SOURCE_NOT_ALLOWED|OPERATOR_EVIDENCE_UNVERIFIED,b2d83222fe4bab87f393b8e93c8a29f87ac2f8279ebd9de6ca63f25604bbf49f
case-01725,a5309ad432088306768ce6eac3bdf510bac80ad67581e439e6ad27defdbe00ec,CONTROLLED_TEST_MUTATION,future_timestamp,False,True,0.0329,False,0.279,True,0.0154,False,0.2726,True,0.0076,False,4.4779,EVIDENCE_FRESHNESS_UNKNOWN|EVIDENCE_TIMESTAMP_IN_FUTURE,b2d83222fe4bab87f393b8e93c8a29f87ac2f8279ebd9de6ca63f25604bbf49f
case-01726,d1c3e50c58aecd89a130672369b02e9d7e487122fc4fb53b7f4c71afc45a2607,CONTROLLED_TEST_MUTATION,excluded_ancestor,False,True,0.035,True,0.3139,True,0.0163,False,0.3122,True,0.0066,False,3.464,REQUIRED_INPUT_EXCLUDED,b2d83222fe4bab87f393b8e93c8a29f87ac2f8279ebd9de6ca63f25604bbf49f
case-01727,8fff623c82aa774b8e48086ff88361a53048820e7f5dc8c21ee43fcfacc615ec,CONTROLLED_TEST_MUTATION,root_signature_tamper_after_seal,False,True,0.0334,True,0.3079,True,0.0152,True,0.308,True,0.0073,False,4.287,EVIDENCE_ROOT_INVALID,b2d83222fe4bab87f393b8e93c8a29f87ac2f8279ebd9de6ca63f25604bbf49f
case-01728,e5e29b1ccc3ec741b2934805fec4f2cc40d3d3f985b29d5ca9868e7e27d6db02,CONTROLLED_TEST_MUTATION,role_conflict,False,True,0.0379,True,0.3302,True,0.0169,False,0.3242,True,0.0073,False,3.7816,EVIDENCE_ROLE_CONFLICT,b2d83222fe4bab87f393b8e93c8a29f87ac2f8279ebd9de6ca63f25604bbf49f
case-01729,c9b8e08d4c2feddfa501e0fffe127d6b1181933b5968898175fcfc75f562dcbc,CONTROLLED_TEST_MUTATION,source_type_impersonation,False,True,0.0335,True,0.3064,True,0.0153,True,0.3054,True,0.0071,False,4.7624,EVIDENCE_ROLE_SOURCE_NOT_ALLOWED|OPERATOR_EVIDENCE_UNVERIFIED,b2d83222fe4bab87f393b8e93c8a29f87ac2f8279ebd9de6ca63f25604bbf49f
case-01730,7b5ad83ef6fed00e40e06764a41bcf12621689cc331236424e5633e0fb6024e5,CONTROLLED_TEST_MUTATION,stale_live_observation,False,True,0.0365,False,0.2952,True,0.0169,False,0.2868,True,0.0086,False,3.5381,EVIDENCE_STALE,b2d83222fe4bab87f393b8e93c8a29f87ac2f8279ebd9de6ca63f25604bbf49f
case-01731,523ddababde7eeea61e0ac6e89c01a56aa87ee1c41b2ef690b158a8de7a79de2,CONTROLLED_TEST_MUTATION,payload_tamper_after_seal,False,True,0.035,False,0.0789,True,0.0153,False,0.1868,True,0.0085,False,4.5934,CHECKSUM_INVALID|EVIDENCE_ROOT_INVALID|EVIDENCE_SNAPSHOT_CONFLICT|RECORD_ENVELOPE_INVALID,b2d83222fe4bab87f393b8e93c8a29f87ac2f8279ebd9de6ca63f25604bbf49f
case-01732,a686ae76187ffc69f03a311917172e8fa3d34ccac19aba960a49c908d142cb52,CONTROLLED_TEST_MUTATION,incomplete_payload,False,True,0.036,False,0.1488,True,0.0161,False,0.1446,True,0.0084,False,3.5358,EVIDENCE_PAYLOAD_INCOMPLETE,b2d83222fe4bab87f393b8e93c8a29f87ac2f8279ebd9de6ca63f25604bbf49f
case-01733,298f09c4db6c742ff0a594d00b3524dae3227582b515b6e6d8937e40102183ae,CLEAN_TEST_FIXTURE,none,True,True,0.0351,True,0.4203,True,0.018,True,0.3268,True,0.0082,True,5.0744,ALL_REQUIRED_EVIDENCE_TRUSTWORTHY,b2d83222fe4bab87f393b8e93c8a29f87ac2f8279ebd9de6ca63f25604bbf49f
case-01734,8355b5985520c7264df2178e76fdc793045567aad5b4667b08d6d7d46605950d,CLEAN_TEST_FIXTURE,none,True,True,0.0394,True,0.3368,True,0.0171,True,0.3353,True,0.0097,True,4.1498,ALL_REQUIRED_EVIDENCE_TRUSTWORTHY,b2d83222fe4bab87f393b8e93c8a29f87ac2f8279ebd9de6ca63f25604bbf49f
case-01735,94b69bec7f22da77d2da1758f70d452d8b13f0176e415d98110d969b8caed4f5,CONTROLLED_TEST_MUTATION,wrong_context,False,True,0.0384,True,0.3279,True,0.0173,True,0.3266,True,0.0102,False,3.6022,EVIDENCE_CONTEXT_MISMATCH,b2d83222fe4bab87f393b8e93c8a29f87ac2f8279ebd9de6ca63f25604bbf49f
case-01736,db5cab2f4ea7db9c4003824d7a28af3d1f3aaad57ce3c610de7169bbbf00447d,CONTROLLED_TEST_MUTATION,unknown_source,False,True,0.0348,True,0.3189,True,0.0161,True,0.316,True,0.0076,False,3.6496,EVIDENCE_ROLE_SOURCE_NOT_ALLOWED|EVIDENCE_SOURCE_ID_UNKNOWN|EVIDENCE_SOURCE_POLICY_MISSING,b2d83222fe4bab87f393b8e93c8a29f87ac2f8279ebd9de6ca63f25604bbf49f
case-01737,38ad3f6d3d866a0b5ce50099b67de0dd442aa8c51a8df6dbbc9e9b263d4e132d,CONTROLLED_TEST_MUTATION,future_timestamp,False,True,0.0382,False,0.2955,True,0.0171,False,0.2847,True,0.0107,False,3.619,EVIDENCE_FRESHNESS_UNKNOWN|EVIDENCE_TIMESTAMP_IN_FUTURE,b2d83222fe4bab87f393b8e93c8a29f87ac2f8279ebd9de6ca63f25604bbf49f
case-01738,d95bff8d59cadaad2de07c1457b97875a82006209e09199975e417cf80c3821c,CONTROLLED_TEST_MUTATION,incomplete_payload,False,True,0.035,False,0.1463,True,0.0154,False,0.1434,True,0.0077,False,3.5221,EVIDENCE_PAYLOAD_INCOMPLETE,b2d83222fe4bab87f393b8e93c8a29f87ac2f8279ebd9de6ca63f25604bbf49f
case-01739,d4b89603883cd6d71381177829de48b25f05b7bc375fa37f6498883475160f38,CONTROLLED_TEST_MUTATION,snapshot_score_conflict,False,True,0.0367,True,0.3159,True,0.0167,True,0.3143,True,0.0086,False,3.497,EVIDENCE_SNAPSHOT_CONFLICT,b2d83222fe4bab87f393b8e93c8a29f87ac2f8279ebd9de6ca63f25604bbf49f
case-01740,08f980a8b5dcc4162aa8b8c1ba2612e3f11dad5a0e179fe7738ce7ca3ea1437e,CONTROLLED_TEST_MUTATION,unknown_source,False,True,0.0331,True,0.3044,True,0.015,True,0.3105,True,0.0073,False,4.7997,EVIDENCE_ROLE_SOURCE_NOT_ALLOWED|EVIDENCE_SOURCE_ID_UNKNOWN|EVIDENCE_SOURCE_POLICY_MISSING,b2d83222fe4bab87f393b8e93c8a29f87ac2f8279ebd9de6ca63f25604bbf49f
case-01741,66fe3475a621bd9c7c2ea7411a130d7ae0015bc1818b7536427a700b5e757970,CONTROLLED_TEST_MUTATION,expired_import,False,True,0.0347,False,0.2618,True,0.016,False,0.2536,True,0.0084,False,3.4891,EVIDENCE_STALE,b2d83222fe4bab87f393b8e93c8a29f87ac2f8279ebd9de6ca63f25604bbf49f
case-01742,5f22dfb7be9eaa299de8d898f0401cdb5fc6dcdcc00e0c109c183cd533cf2a8c,CONTROLLED_TEST_MUTATION,unavailable_record,False,True,0.0334,False,0.2808,True,0.0156,False,0.2762,True,0.0077,False,4.3891,EVIDENCE_LINEAGE_INCOMPLETE|EVIDENCE_UNAVAILABLE,b2d83222fe4bab87f393b8e93c8a29f87ac2f8279ebd9de6ca63f25604bbf49f
case-01743,357203164afa89a6820abc97cea1a8ba193c2ea550a226b28ea20559e02afcd7,CONTROLLED_TEST_MUTATION,role_conflict,False,True,0.0399,True,0.3465,True,0.0177,False,0.3556,True,0.0076,False,3.8896,EVIDENCE_ROLE_CONFLICT,b2d83222fe4bab87f393b8e93c8a29f87ac2f8279ebd9de6ca63f25604bbf49f
case-01744,3201e5acf8b322429f5e44f502ea91c81293b69f59c1913f7f3708d699610d61,CONTROLLED_TEST_MUTATION,root_signature_tamper_after_seal,False,True,0.0345,True,0.3161,True,0.0158,True,0.3153,True,0.0076,False,4.2562,EVIDENCE_ROOT_INVALID,b2d83222fe4bab87f393b8e93c8a29f87ac2f8279ebd9de6ca63f25604bbf49f
case-01745,8857190d487f9e727331abb3ad07fae10cdaf9623484532e0a44cf508abeb453,CONTROLLED_TEST_MUTATION,snapshot_score_conflict,False,True,0.0357,True,0.3208,True,0.0165,True,0.3189,True,0.0082,False,3.5444,EVIDENCE_SNAPSHOT_CONFLICT,b2d83222fe4bab87f393b8e93c8a29f87ac2f8279ebd9de6ca63f25604bbf49f
case-01746,a69cebefff3c9e1971f060432b0549c43acffa8802efb81959f7baa96a92879e,CONTROLLED_TEST_MUTATION,unknown_source,False,True,0.0349,True,0.3154,True,0.0158,True,0.3154,True,0.0074,False,4.5305,EVIDENCE_ROLE_SOURCE_NOT_ALLOWED|EVIDENCE_SOURCE_ID_UNKNOWN|EVIDENCE_SOURCE_POLICY_MISSING,b2d83222fe4bab87f393b8e93c8a29f87ac2f8279ebd9de6ca63f25604bbf49f
case-01747,0b3e31fbeebbef30e4cba03dd42b0e711b85a07187dc81b12bf2d0a8e1554733,CLEAN_TEST_FIXTURE,none,True,True,0.0359,True,0.3197,True,0.0163,True,0.3175,True,0.0082,True,3.5432,ALL_REQUIRED_EVIDENCE_TRUSTWORTHY,b2d83222fe4bab87f393b8e93c8a29f87ac2f8279ebd9de6ca63f25604bbf49f
case-01748,80684d377310e6468b676a35397f9f73e6fa691a379d3db7fecf36c3d38d2049,CONTROLLED_TEST_MUTATION,expired_import,False,True,0.0346,False,0.3803,True,0.1248,False,0.853,True,0.0172,False,3.8247,EVIDENCE_STALE,b2d83222fe4bab87f393b8e93c8a29f87ac2f8279ebd9de6ca63f25604bbf49f
case-01749,7e26482108592f2d2f6cdb0eaef15c0614404e68ea5127985576801c3b3e1f04,CONTROLLED_TEST_MUTATION,missing_direct_role,False,False,0.0182,False,0.0133,True,0.0141,False,0.0245,True,0.0055,False,3.0871,REQUIRED_ROLE_MISSING,b2d83222fe4bab87f393b8e93c8a29f87ac2f8279ebd9de6ca63f25604bbf49f
case-01750,90b88ac47694a958be38e60596108c61fb7a7d585e8af2834d54574187e9248d,CONTROLLED_TEST_MUTATION,missing_direct_role,False,False,0.0177,False,0.0132,True,0.0137,False,0.0249,True,0.0052,False,3.9056,REQUIRED_ROLE_MISSING,b2d83222fe4bab87f393b8e93c8a29f87ac2f8279ebd9de6ca63f25604bbf49f
case-01751,2451144c6fa137f9b2788baed8936b7e718387cccab2d73161d25642daa16717,CONTROLLED_TEST_MUTATION,expired_import,False,True,0.0352,False,0.2538,True,0.0161,False,0.2498,True,0.0084,False,3.4608,EVIDENCE_STALE,b2d83222fe4bab87f393b8e93c8a29f87ac2f8279ebd9de6ca63f25604bbf49f
case-01752,6c91039cfc9ecdaccf8e05113cf3902d86a09cb0d49dc13f236d9841e0e931b6,CONTROLLED_TEST_MUTATION,source_type_impersonation,False,True,0.0332,True,0.306,True,0.0154,True,0.3076,True,0.0073,False,4.5151,EVIDENCE_ROLE_SOURCE_NOT_ALLOWED|OPERATOR_EVIDENCE_UNVERIFIED,b2d83222fe4bab87f393b8e93c8a29f87ac2f8279ebd9de6ca63f25604bbf49f
case-01753,3b6498aa75c0da59ad1f8453fac97f0e330773bbc9d23da1873e05150f8b1a6b,CONTROLLED_TEST_MUTATION,malformed_payload,False,True,0.0361,True,0.3099,True,0.0161,True,0.3093,True,0.0082,False,3.519,EVIDENCE_PAYLOAD_SCHEMA_INVALID|EVIDENCE_SNAPSHOT_CONFLICT,b2d83222fe4bab87f393b8e93c8a29f87ac2f8279ebd9de6ca63f25604bbf49f
case-01754,c839e03f3942e894b55da056187388e28f27f665a0465daabca5351717b4eaf4,CONTROLLED_TEST_MUTATION,malformed_payload,False,True,0.0346,True,0.3106,True,0.0162,True,0.3106,True,0.0076,False,4.7385,EVIDENCE_PAYLOAD_SCHEMA_INVALID|EVIDENCE_SNAPSHOT_CONFLICT,b2d83222fe4bab87f393b8e93c8a29f87ac2f8279ebd9de6ca63f25604bbf49f
case-01755,28bcf6b0a78a2469c9b9b589723a85d04d207b579181a53a98f24948a0ec6ceb,CONTROLLED_TEST_MUTATION,payload_tamper_after_seal,False,True,0.0367,False,0.0794,True,0.0163,False,0.079,True,0.0079,False,3.4675,CHECKSUM_INVALID|EVIDENCE_ROOT_INVALID|EVIDENCE_SNAPSHOT_CONFLICT|RECORD_ENVELOPE_INVALID,b2d83222fe4bab87f393b8e93c8a29f87ac2f8279ebd9de6ca63f25604bbf49f
case-01756,0e8e8df2ea7fce0776ecbf0edc591e02b55df5900de2a5d84a28861b4a3348bd,CLEAN_TEST_FIXTURE,none,True,True,0.0335,True,0.3078,True,0.0156,True,0.3052,True,0.0076,True,4.6767,ALL_REQUIRED_EVIDENCE_TRUSTWORTHY,b2d83222fe4bab87f393b8e93c8a29f87ac2f8279ebd9de6ca63f25604bbf49f
case-01757,72d6927f229fc6e8633b978817db0d2499e173b91a1d3572f6a1449386f821ef,CONTROLLED_TEST_MUTATION,excluded_ancestor,False,True,0.0354,True,0.3191,True,0.0163,False,0.3192,True,0.0069,False,3.5556,REQUIRED_INPUT_EXCLUDED,b2d83222fe4bab87f393b8e93c8a29f87ac2f8279ebd9de6ca63f25604bbf49f
case-01758,9c418f63cbe741c907943955a6156cf4b062e5ecf432dbd2dc0870e3fcddade1,CONTROLLED_TEST_MUTATION,snapshot_score_conflict,False,True,0.0353,True,0.3184,True,0.0267,True,0.9446,True,0.014,False,3.7937,EVIDENCE_SNAPSHOT_CONFLICT,b2d83222fe4bab87f393b8e93c8a29f87ac2f8279ebd9de6ca63f25604bbf49f
case-01759,c9ff382408412d12dd1316b9a437e834f3a33d7b55c8042a325039c7e3d2a2de,CLEAN_TEST_FIXTURE,none,True,True,0.036,True,0.3153,True,0.0161,True,0.3155,True,0.0077,True,3.5372,ALL_REQUIRED_EVIDENCE_TRUSTWORTHY,b2d83222fe4bab87f393b8e93c8a29f87ac2f8279ebd9de6ca63f25604bbf49f
case-01760,47eed15a77eb0641fbe5e58d8475ca9b4b4c44e64fbb5165175c88449e987727,CONTROLLED_TEST_MUTATION,future_timestamp,False,True,0.0428,False,0.3927,True,0.0183,False,0.3146,True,0.0115,False,3.8305,EVIDENCE_FRESHNESS_UNKNOWN|EVIDENCE_TIMESTAMP_IN_FUTURE,b2d83222fe4bab87f393b8e93c8a29f87ac2f8279ebd9de6ca63f25604bbf49f
case-01761,779eaf042824e1ef93c64a68cbff65a02e985b5c312a9a592873585c10af15f6,CONTROLLED_TEST_MUTATION,expired_import,False,True,0.0373,False,0.2799,True,0.0169,False,0.2741,True,0.0084,False,3.7603,EVIDENCE_STALE,b2d83222fe4bab87f393b8e93c8a29f87ac2f8279ebd9de6ca63f25604bbf49f
case-01762,8005aa054a273bc351388dbc755b127ff87450d8f973a2e1e9903b67938b08c5,CONTROLLED_TEST_MUTATION,expired_import,False,True,0.0398,False,0.289,True,0.0181,False,0.2782,True,0.0106,False,3.8707,EVIDENCE_STALE,b2d83222fe4bab87f393b8e93c8a29f87ac2f8279ebd9de6ca63f25604bbf49f
case-01763,6ca0042bdb1d4daeff4904e73b11a8a8e8ddf0fd50c2964dc9c137dc77e71cd4,CONTROLLED_TEST_MUTATION,unavailable_record,False,True,0.0385,False,0.3341,True,0.0177,False,0.3266,True,0.0088,False,4.2231,EVIDENCE_LINEAGE_INCOMPLETE|EVIDENCE_UNAVAILABLE,b2d83222fe4bab87f393b8e93c8a29f87ac2f8279ebd9de6ca63f25604bbf49f
case-01764,fb925dde632b689aa919ff1a677cf2ebab47388335103f737823430479247345,CONTROLLED_TEST_MUTATION,broken_lineage,False,True,0.0362,True,0.316,True,0.0169,True,0.32,True,0.0082,False,3.6542,EVIDENCE_LINEAGE_INVALID,b2d83222fe4bab87f393b8e93c8a29f87ac2f8279ebd9de6ca63f25604bbf49f
case-01765,373565ab51fc836efae4d6ca11be0dfee2e2499811ca5b153cf29bba23ae2332,CONTROLLED_TEST_MUTATION,snapshot_score_conflict,False,True,0.0352,True,0.3175,True,0.0162,True,0.3166,True,0.0077,False,4.3922,EVIDENCE_SNAPSHOT_CONFLICT,b2d83222fe4bab87f393b8e93c8a29f87ac2f8279ebd9de6ca63f25604bbf49f
case-01766,e45a9c05ee2f85b687e75a0861d0a519c8b10f893c6bf6b270d1e24b4430be8f,CONTROLLED_TEST_MUTATION,broken_lineage,False,True,0.0343,True,0.3062,True,0.0155,True,0.3055,True,0.0076,False,3.4444,EVIDENCE_LINEAGE_INVALID,b2d83222fe4bab87f393b8e93c8a29f87ac2f8279ebd9de6ca63f25604bbf49f
case-01767,1da76d40f6cc6b188e74604b5de5f068b1032eec6479b5d74233c6c988ed92c2,CONTROLLED_TEST_MUTATION,lineage_cycle,False,True,0.0332,True,0.3052,True,0.0154,True,0.3069,True,0.0072,False,4.294,EVIDENCE_LINEAGE_INVALID,b2d83222fe4bab87f393b8e93c8a29f87ac2f8279ebd9de6ca63f25604bbf49f
case-01768,90cfa8bd306a4ed545e5132763acb8de4c6810bbcf311fd36b48ed5e396ab798,CONTROLLED_TEST_MUTATION,wrong_context,False,True,0.0355,True,0.3167,True,0.0165,True,0.3164,True,0.0079,False,3.5223,EVIDENCE_CONTEXT_MISMATCH,b2d83222fe4bab87f393b8e93c8a29f87ac2f8279ebd9de6ca63f25604bbf49f
case-01769,3336cc5e5f9b4f2949083a0f81589f0cae6ebd5a5c4f99d9ce084c2a913dd231,CONTROLLED_TEST_MUTATION,future_timestamp,False,True,0.034,False,0.2851,True,0.0157,False,0.2791,True,0.0078,False,4.3011,EVIDENCE_FRESHNESS_UNKNOWN|EVIDENCE_TIMESTAMP_IN_FUTURE,b2d83222fe4bab87f393b8e93c8a29f87ac2f8279ebd9de6ca63f25604bbf49f
case-01770,ed1a8189728cd0858e69b5ad3a58fd85fec1fbe43a03ac62c25321946b76e21b,CONTROLLED_TEST_MUTATION,empty_payload,False,False,0.0366,False,0.028,True,0.0132,False,0.0396,True,0.0062,False,3.4146,EVIDENCE_PAYLOAD_EMPTY|EVIDENCE_PAYLOAD_SCHEMA_INVALID|EVIDENCE_SNAPSHOT_CONFLICT,b2d83222fe4bab87f393b8e93c8a29f87ac2f8279ebd9de6ca63f25604bbf49f
case-01771,667e12ecfa324bd4ae278a07e9e1cab77ac69518353eab1a06e3ab7d66d3d380,CONTROLLED_TEST_MUTATION,missing_lineage,False,True,0.0331,True,0.308,True,0.0154,True,0.3065,True,0.0074,False,4.1846,EVIDENCE_LINEAGE_INCOMPLETE,b2d83222fe4bab87f393b8e93c8a29f87ac2f8279ebd9de6ca63f25604bbf49f
case-01772,cf6bf2107683e05bb57abe513822e89e039edac9aa225067ec0bdee59c93b5a7,CONTROLLED_TEST_MUTATION,unknown_source,False,True,0.0343,True,0.3083,True,0.0159,True,0.3071,True,0.0079,False,3.4682,EVIDENCE_ROLE_SOURCE_NOT_ALLOWED|EVIDENCE_SOURCE_ID_UNKNOWN|EVIDENCE_SOURCE_POLICY_MISSING,b2d83222fe4bab87f393b8e93c8a29f87ac2f8279ebd9de6ca63f25604bbf49f
case-01773,e11a403756071337fe1f64e73f7f9b78d20d2cef10835323d6151725d7c5a2ef,CONTROLLED_TEST_MUTATION,unknown_source,False,True,0.0331,True,0.3071,True,0.0154,True,0.3058,True,0.0072,False,4.4227,EVIDENCE_ROLE_SOURCE_NOT_ALLOWED|EVIDENCE_SOURCE_ID_UNKNOWN|EVIDENCE_SOURCE_POLICY_MISSING,b2d83222fe4bab87f393b8e93c8a29f87ac2f8279ebd9de6ca63f25604bbf49f
case-01774,03a19c8a519958a8b73452f672b0830fd416251d6e013cea6a1e3dc7c96cc31c,CONTROLLED_TEST_MUTATION,missing_lineage,False,True,0.036,True,0.3179,True,0.0163,True,0.3394,True,0.008,False,3.5575,EVIDENCE_LINEAGE_INCOMPLETE,b2d83222fe4bab87f393b8e93c8a29f87ac2f8279ebd9de6ca63f25604bbf49f
case-01775,044ce6fc40247a9b81076c1d84e66df8168bcccfbd7f8d7fcb1c98e717ee6c9b,CONTROLLED_TEST_MUTATION,missing_lineage,False,True,0.0351,True,0.3179,True,0.0159,True,0.3158,True,0.0074,False,4.1645,EVIDENCE_LINEAGE_INCOMPLETE,b2d83222fe4bab87f393b8e93c8a29f87ac2f8279ebd9de6ca63f25604bbf49f
case-01776,054ed837932bbd1137ab4eba9bbbfdfdfd694be27a3115a54d4550b67aa724f0,CONTROLLED_TEST_MUTATION,snapshot_score_conflict,False,True,0.0358,True,0.3337,True,0.0165,True,0.3349,True,0.0081,False,3.7403,EVIDENCE_SNAPSHOT_CONFLICT,b2d83222fe4bab87f393b8e93c8a29f87ac2f8279ebd9de6ca63f25604bbf49f
case-01777,bca3b20d3b504474ec631fe3218c042b02d0e03fc92b6799e16f176599dfe7df,CONTROLLED_TEST_MUTATION,future_timestamp,False,True,0.0346,False,0.3884,True,0.0157,False,0.2758,True,0.0077,False,4.6745,EVIDENCE_FRESHNESS_UNKNOWN|EVIDENCE_TIMESTAMP_IN_FUTURE,b2d83222fe4bab87f393b8e93c8a29f87ac2f8279ebd9de6ca63f25604bbf49f
case-01778,4efeec83e4f8e0e2d04247d696ba62f30b40885293e57cf2b499814c8bc4150e,CLEAN_TEST_FIXTURE,none,True,True,0.036,True,0.3197,True,0.0167,True,0.3177,True,0.0084,True,3.54,ALL_REQUIRED_EVIDENCE_TRUSTWORTHY,b2d83222fe4bab87f393b8e93c8a29f87ac2f8279ebd9de6ca63f25604bbf49f
case-01779,54fb2ef9f2c21e05dabb81047ee176beb41867c774296fbd5d38f5243ec264d9,CONTROLLED_TEST_MUTATION,stale_live_observation,False,True,0.0652,False,0.4295,True,0.0182,False,0.2905,True,0.0117,False,3.5618,EVIDENCE_STALE,b2d83222fe4bab87f393b8e93c8a29f87ac2f8279ebd9de6ca63f25604bbf49f
case-01780,92beb1443dbad1393b8a50dc6c42ee8c7b283796e198fb9badeb1f407f1e440d,CONTROLLED_TEST_MUTATION,unknown_source,False,True,0.0338,True,0.3074,True,0.0153,True,0.3085,True,0.0074,False,3.4284,EVIDENCE_ROLE_SOURCE_NOT_ALLOWED|EVIDENCE_SOURCE_ID_UNKNOWN|EVIDENCE_SOURCE_POLICY_MISSING,b2d83222fe4bab87f393b8e93c8a29f87ac2f8279ebd9de6ca63f25604bbf49f
case-01781,5d032bb3e8485320cf65cb13c732ba08324a25f0b76b729244bc0aa1da0daa47,CONTROLLED_TEST_MUTATION,lineage_cycle,False,True,0.0454,True,0.3724,True,0.0174,True,0.3195,True,0.0107,False,3.7379,EVIDENCE_LINEAGE_INVALID,b2d83222fe4bab87f393b8e93c8a29f87ac2f8279ebd9de6ca63f25604bbf49f
case-01782,6a9fd7e4f5c7d723db6a3459bc4e51418431c73d3a4637a0c659f9b298fba6ae,CONTROLLED_TEST_MUTATION,lineage_cycle,False,True,0.0345,True,0.316,True,0.0157,True,0.3379,True,0.0076,False,3.6008,EVIDENCE_LINEAGE_INVALID,b2d83222fe4bab87f393b8e93c8a29f87ac2f8279ebd9de6ca63f25604bbf49f
case-01783,b1080f1423d739d0ebdad05826eb7a2e3cbad62167fcf0f80940f4221db25dc5,CONTROLLED_TEST_MUTATION,snapshot_score_conflict,False,True,0.038,True,0.3351,True,0.017,True,0.3266,True,0.0099,False,3.7072,EVIDENCE_SNAPSHOT_CONFLICT,b2d83222fe4bab87f393b8e93c8a29f87ac2f8279ebd9de6ca63f25604bbf49f
case-01784,67c270eaa92a3f967bd71fb0ec5059b83cba2fedcefff92306e3797d96d174ac,CLEAN_TEST_FIXTURE,none,True,True,0.0342,True,0.3168,True,0.016,True,0.3155,True,0.0076,True,3.7929,ALL_REQUIRED_EVIDENCE_TRUSTWORTHY,b2d83222fe4bab87f393b8e93c8a29f87ac2f8279ebd9de6ca63f25604bbf49f
case-01785,3a4d8cf26a8614df54a7ac064611d9c7b036ab60fb6d30825a4f74d856e7797c,CLEAN_TEST_FIXTURE,none,True,True,0.0372,True,0.3244,True,0.0173,True,0.3245,True,0.0101,True,3.7412,ALL_REQUIRED_EVIDENCE_TRUSTWORTHY,b2d83222fe4bab87f393b8e93c8a29f87ac2f8279ebd9de6ca63f25604bbf49f
case-01786,3d51b7b9ff49067ef314a2b45ce6daddf3f5848dd5079ceb3e7b391f3a8c664d,CONTROLLED_TEST_MUTATION,payload_tamper_after_seal,False,True,0.0343,False,0.1007,True,0.0154,False,0.0822,True,0.0076,False,3.6142,CHECKSUM_INVALID|EVIDENCE_ROOT_INVALID|EVIDENCE_SNAPSHOT_CONFLICT|RECORD_ENVELOPE_INVALID,b2d83222fe4bab87f393b8e93c8a29f87ac2f8279ebd9de6ca63f25604bbf49f
case-01787,840d5a99e56029c1244a03d0f9dd16b5ab653481d53cadde41b64f5c2499b1b4,CONTROLLED_TEST_MUTATION,broken_lineage,False,True,0.0354,True,0.3075,True,0.016,True,0.3049,True,0.0083,False,3.4604,EVIDENCE_LINEAGE_INVALID,b2d83222fe4bab87f393b8e93c8a29f87ac2f8279ebd9de6ca63f25604bbf49f
case-01788,a8dc6d84c54f42272f23c75a8751f9926183c5ab8f5aff5fa7d0ac09a1dc3223,CONTROLLED_TEST_MUTATION,incomplete_payload,False,True,0.0341,False,0.1437,True,0.015,False,0.1401,True,0.0077,False,3.4362,EVIDENCE_PAYLOAD_INCOMPLETE,b2d83222fe4bab87f393b8e93c8a29f87ac2f8279ebd9de6ca63f25604bbf49f
case-01789,9ec25378e43746cbe3a383ee5c17dfa70e8943d68cf508dc667205f3b949024d,CONTROLLED_TEST_MUTATION,missing_direct_role,False,False,0.0219,False,0.0136,True,0.0156,False,0.0257,True,0.0062,False,3.1449,REQUIRED_ROLE_MISSING,b2d83222fe4bab87f393b8e93c8a29f87ac2f8279ebd9de6ca63f25604bbf49f
case-01790,628b090d6159cbd50c2af17ef469b8a6462b2cb5ee70cb02cd6c2d5bfb011b2c,CLEAN_TEST_FIXTURE,none,True,True,0.0355,True,0.3169,True,0.0159,True,0.3158,True,0.0076,True,3.5077,ALL_REQUIRED_EVIDENCE_TRUSTWORTHY,b2d83222fe4bab87f393b8e93c8a29f87ac2f8279ebd9de6ca63f25604bbf49f
case-01791,9a9a2476d10a1e7d4f049f97c5ee7442eb450fafc65b203d97ef644d9975de53,CONTROLLED_TEST_MUTATION,lineage_cycle,False,True,0.0364,True,0.3102,True,0.0163,True,0.3084,True,0.0096,False,3.5001,EVIDENCE_LINEAGE_INVALID,b2d83222fe4bab87f393b8e93c8a29f87ac2f8279ebd9de6ca63f25604bbf49f
case-01792,6e503337e635079ed03649bc568a5ea55e1e14bdaa1aac40ee9cd058e3621af5,CONTROLLED_TEST_MUTATION,payload_tamper_after_seal,False,True,0.0349,False,0.0798,True,0.0153,False,0.0864,True,0.0078,False,3.7436,CHECKSUM_INVALID|EVIDENCE_ROOT_INVALID|EVIDENCE_SNAPSHOT_CONFLICT|RECORD_ENVELOPE_INVALID,b2d83222fe4bab87f393b8e93c8a29f87ac2f8279ebd9de6ca63f25604bbf49f
case-01793,e608c7b64bdc304f27707caa5f4762d726d933567b19c0f7feb12860d50ec6a6,CONTROLLED_TEST_MUTATION,wrong_context,False,True,0.0373,True,0.3228,True,0.0169,True,0.3191,True,0.0095,False,3.5635,EVIDENCE_CONTEXT_MISMATCH,b2d83222fe4bab87f393b8e93c8a29f87ac2f8279ebd9de6ca63f25604bbf49f
case-01794,4afc724cf14bf7592108be2ca27e9ef10bde57397a9f7335cbd5b95add77b302,CONTROLLED_TEST_MUTATION,root_signature_tamper_after_seal,False,True,0.0346,True,0.317,True,0.0161,True,0.316,True,0.0076,False,3.6254,EVIDENCE_ROOT_INVALID,b2d83222fe4bab87f393b8e93c8a29f87ac2f8279ebd9de6ca63f25604bbf49f
case-01795,01e104f364ef6e17077df6cf8b2c165e245797fd710b86923ac69bf54466644e,CONTROLLED_TEST_MUTATION,empty_payload,False,False,0.0374,False,0.0282,True,0.0131,False,0.04,True,0.0062,False,3.4942,EVIDENCE_PAYLOAD_EMPTY|EVIDENCE_PAYLOAD_SCHEMA_INVALID|EVIDENCE_SNAPSHOT_CONFLICT,b2d83222fe4bab87f393b8e93c8a29f87ac2f8279ebd9de6ca63f25604bbf49f
case-01796,44f7e8bdacaad84e7e6d23ab5884bce33d62b66114eb99187615dc3fa0c43ecc,CONTROLLED_TEST_MUTATION,broken_lineage,False,True,0.0334,True,0.3108,True,0.0153,True,0.3096,True,0.0074,False,3.4254,EVIDENCE_LINEAGE_INVALID,b2d83222fe4bab87f393b8e93c8a29f87ac2f8279ebd9de6ca63f25604bbf49f
case-01797,696fb794a4cccd905aff6816774524d0d4586193ceb5681792fd701b96117a6d,CONTROLLED_TEST_MUTATION,payload_tamper_after_seal,False,True,0.0354,False,0.08,True,0.0157,False,0.0815,True,0.008,False,3.4735,CHECKSUM_INVALID|EVIDENCE_ROOT_INVALID|EVIDENCE_SNAPSHOT_CONFLICT|RECORD_ENVELOPE_INVALID,b2d83222fe4bab87f393b8e93c8a29f87ac2f8279ebd9de6ca63f25604bbf49f
case-01798,4b0d1d15a358a6361cf83fa4944f640f28798a2df30b4b97b700e8dcc9145b8f,CLEAN_TEST_FIXTURE,none,True,True,0.0332,True,0.31,True,0.0152,True,0.3077,True,0.0076,True,3.5659,ALL_REQUIRED_EVIDENCE_TRUSTWORTHY,b2d83222fe4bab87f393b8e93c8a29f87ac2f8279ebd9de6ca63f25604bbf49f
case-01799,8e19c4f2c657bf6cdfd036a7d9ef0e9b0927169ab3389081b3be5498273a8b9c,CLEAN_TEST_FIXTURE,none,True,True,0.036,True,0.3345,True,0.0164,True,0.3073,True,0.0089,True,3.5185,ALL_REQUIRED_EVIDENCE_TRUSTWORTHY,b2d83222fe4bab87f393b8e93c8a29f87ac2f8279ebd9de6ca63f25604bbf49f
case-01800,ba2c70b325618cce57d01638163b545d118ee28d76cafa9673332ff38d074a9d,CONTROLLED_TEST_MUTATION,missing_lineage,False,True,0.0334,True,0.3296,True,0.0152,True,0.3073,True,0.0073,False,3.4075,EVIDENCE_LINEAGE_INCOMPLETE,b2d83222fe4bab87f393b8e93c8a29f87ac2f8279ebd9de6ca63f25604bbf49f
case-01801,fb3f07d1c3d533ae0a1a996622f9f75578b09dd588807c3c6afa14613c635bd2,CONTROLLED_TEST_MUTATION,expired_import,False,True,0.036,False,0.2578,True,0.0162,False,0.2531,True,0.0082,False,3.6322,EVIDENCE_STALE,b2d83222fe4bab87f393b8e93c8a29f87ac2f8279ebd9de6ca63f25604bbf49f
case-01802,c205350af6e0f0ac44109e354820572057206b61a42c497e07fd93687e793035,CONTROLLED_TEST_MUTATION,source_type_impersonation,False,True,0.0339,True,0.3049,True,0.0156,True,0.3265,True,0.0072,False,4.0051,EVIDENCE_ROLE_SOURCE_NOT_ALLOWED|OPERATOR_EVIDENCE_UNVERIFIED,b2d83222fe4bab87f393b8e93c8a29f87ac2f8279ebd9de6ca63f25604bbf49f
case-01803,13a1ef7e6f8e9ac699f6853c07056aee068d9c70c1714bb4deafbf7392bf2358,CONTROLLED_TEST_MUTATION,future_timestamp,False,True,0.0352,False,0.2952,True,0.0258,False,0.2748,True,0.008,False,3.5488,EVIDENCE_FRESHNESS_UNKNOWN|EVIDENCE_TIMESTAMP_IN_FUTURE,b2d83222fe4bab87f393b8e93c8a29f87ac2f8279ebd9de6ca63f25604bbf49f
case-01804,7376c4ae6b56cf1d18e4b8040a1d02047f672f88c06545fb2ba43cbc4ca37222,CONTROLLED_TEST_MUTATION,missing_direct_role,False,False,0.018,False,0.0131,True,0.0136,False,0.0243,True,0.0053,False,3.0429,REQUIRED_ROLE_MISSING,b2d83222fe4bab87f393b8e93c8a29f87ac2f8279ebd9de6ca63f25604bbf49f
case-01805,4aa0b4c41e92b2379f9e462ed4c1bfdf13586309a06a28cac9f4a0fbc4db8df8,CONTROLLED_TEST_MUTATION,stale_live_observation,False,True,0.0378,False,0.2933,True,0.0174,False,0.2837,True,0.0106,False,4.0716,EVIDENCE_STALE,b2d83222fe4bab87f393b8e93c8a29f87ac2f8279ebd9de6ca63f25604bbf49f
case-01806,24522a5f888f86c3753f6ce7af8f1a8da4fcb833cc48cf9ac6d701c50d079aaf,CLEAN_TEST_FIXTURE,none,True,True,0.0458,True,0.3596,True,0.0276,True,0.3322,True,0.0109,True,5.899,ALL_REQUIRED_EVIDENCE_TRUSTWORTHY,b2d83222fe4bab87f393b8e93c8a29f87ac2f8279ebd9de6ca63f25604bbf49f
case-01807,622b2c587866fc3d42481b29aaa21845b55059c36a14221de0617b65b8c0399f,CONTROLLED_TEST_MUTATION,payload_tamper_after_seal,False,True,0.035,False,0.0782,True,0.0157,False,0.0805,True,0.0079,False,3.5473,CHECKSUM_INVALID|EVIDENCE_ROOT_INVALID|EVIDENCE_SNAPSHOT_CONFLICT|RECORD_ENVELOPE_INVALID,b2d83222fe4bab87f393b8e93c8a29f87ac2f8279ebd9de6ca63f25604bbf49f
case-01808,f353bfb4707b8604f92f356a4209cd294ab00c5bd15deac41b5abf0b56a26106,CONTROLLED_TEST_MUTATION,broken_lineage,False,True,0.0885,True,0.9921,True,0.0238,True,0.3518,True,0.012,False,3.8078,EVIDENCE_LINEAGE_INVALID,b2d83222fe4bab87f393b8e93c8a29f87ac2f8279ebd9de6ca63f25604bbf49f
case-01809,1da8627ba0e08fabdfffcc73d8b695fc40efad1a2fd0db5308254a32715aa0a1,CONTROLLED_TEST_MUTATION,wrong_context,False,True,0.0348,True,0.3108,True,0.0156,True,0.3098,True,0.0075,False,3.4239,EVIDENCE_CONTEXT_MISMATCH,b2d83222fe4bab87f393b8e93c8a29f87ac2f8279ebd9de6ca63f25604bbf49f
case-01810,87518a00c01093fc12a1b9a9de102fec3da714fc94ef866bdab48ee72178785c,CONTROLLED_TEST_MUTATION,missing_direct_role,False,False,0.04,False,0.0183,True,0.0399,False,0.0261,True,0.0074,False,3.2944,REQUIRED_ROLE_MISSING,b2d83222fe4bab87f393b8e93c8a29f87ac2f8279ebd9de6ca63f25604bbf49f
case-01811,17bd676dcd21687e7086330430ee0a5dce14d768011f0dd885ae880d911fc1d6,CONTROLLED_TEST_MUTATION,empty_payload,False,False,0.0359,False,0.0282,True,0.0127,False,0.0398,True,0.0058,False,3.4042,EVIDENCE_PAYLOAD_EMPTY|EVIDENCE_PAYLOAD_SCHEMA_INVALID|EVIDENCE_SNAPSHOT_CONFLICT,b2d83222fe4bab87f393b8e93c8a29f87ac2f8279ebd9de6ca63f25604bbf49f
case-01812,5e26347a87b61694e33df78c1084e9cacf22fc65b89afdd6f7be5ba5ed03b540,CONTROLLED_TEST_MUTATION,missing_lineage,False,True,0.0328,True,0.305,True,0.0152,True,0.3031,True,0.0071,False,4.2105,EVIDENCE_LINEAGE_INCOMPLETE,b2d83222fe4bab87f393b8e93c8a29f87ac2f8279ebd9de6ca63f25604bbf49f
case-01813,1725ae0c4b781a5eeb65de210436169c54960b553e21fda534936babf9785c6c,CLEAN_TEST_FIXTURE,none,True,True,0.0342,True,0.3117,True,0.0158,True,0.3094,True,0.008,True,3.4459,ALL_REQUIRED_EVIDENCE_TRUSTWORTHY,b2d83222fe4bab87f393b8e93c8a29f87ac2f8279ebd9de6ca63f25604bbf49f
case-01814,974d1fe8213b6abf90873bec7c01347d11da3abe433657c0f75c26d41578fd3f,CONTROLLED_TEST_MUTATION,broken_lineage,False,True,0.0334,True,0.4543,True,0.0159,True,0.3594,True,0.0098,False,4.4201,EVIDENCE_LINEAGE_INVALID,b2d83222fe4bab87f393b8e93c8a29f87ac2f8279ebd9de6ca63f25604bbf49f
case-01815,862076a16a994fe0c989f7ba45d9c9e21718395efc49424404193f15b8eef3f7,CLEAN_TEST_FIXTURE,none,True,True,0.035,True,0.312,True,0.0161,True,0.3133,True,0.0082,True,3.4304,ALL_REQUIRED_EVIDENCE_TRUSTWORTHY,b2d83222fe4bab87f393b8e93c8a29f87ac2f8279ebd9de6ca63f25604bbf49f
case-01816,fc70fe02aeded1b1c7a868817a15bb32fe0bdafb6560054f0ce8f5e6e3ce2980,CONTROLLED_TEST_MUTATION,unavailable_record,False,True,0.3228,False,1.1232,True,0.021,False,0.2781,True,0.0111,False,3.6042,EVIDENCE_LINEAGE_INCOMPLETE|EVIDENCE_UNAVAILABLE,b2d83222fe4bab87f393b8e93c8a29f87ac2f8279ebd9de6ca63f25604bbf49f
case-01817,39fdf0be7596276e3c34f3549289f11e434e6e8eff82b68eddc430430d575b0d,CONTROLLED_TEST_MUTATION,lineage_cycle,False,True,0.0431,True,0.3091,True,0.0154,True,0.3091,True,0.0072,False,3.5391,EVIDENCE_LINEAGE_INVALID,b2d83222fe4bab87f393b8e93c8a29f87ac2f8279ebd9de6ca63f25604bbf49f
case-01818,8463b3b6ff47524594f6cd1a517a5d4351e8589ff673c5fc0ea5a9ce3022fbf0,CLEAN_TEST_FIXTURE,none,True,True,0.0379,True,0.3225,True,0.0176,True,0.3123,True,0.0093,True,3.5839,ALL_REQUIRED_EVIDENCE_TRUSTWORTHY,b2d83222fe4bab87f393b8e93c8a29f87ac2f8279ebd9de6ca63f25604bbf49f
case-01819,5cae873e35b31218e67d1f1e7c1f5f5547aa65392e6d168dd3d01f09dc36cfa2,CONTROLLED_TEST_MUTATION,unavailable_record,False,True,0.0331,False,0.2815,True,0.0156,False,0.2728,True,0.0077,False,3.5405,EVIDENCE_LINEAGE_INCOMPLETE|EVIDENCE_UNAVAILABLE,b2d83222fe4bab87f393b8e93c8a29f87ac2f8279ebd9de6ca63f25604bbf49f
case-01820,29506c605a07487220683dc6dbab35531a5bc6298a9f21a94152523caaba93cc,CONTROLLED_TEST_MUTATION,role_conflict,False,True,0.0434,True,0.3559,True,0.0286,False,0.3285,True,0.0075,False,3.8584,EVIDENCE_ROLE_CONFLICT,b2d83222fe4bab87f393b8e93c8a29f87ac2f8279ebd9de6ca63f25604bbf49f
case-01821,60785c1f978eb3d11724a97a0b9bdc29d6c14edeaaccb52d303187321ea051c9,CLEAN_TEST_FIXTURE,none,True,True,0.0331,True,0.3087,True,0.0155,True,0.3117,True,0.0075,True,3.6557,ALL_REQUIRED_EVIDENCE_TRUSTWORTHY,b2d83222fe4bab87f393b8e93c8a29f87ac2f8279ebd9de6ca63f25604bbf49f
case-01822,c4e0c388085cb4c7f07e45916a28928884e881ed968aed71a5e110ea4f648dba,CONTROLLED_TEST_MUTATION,expired_import,False,True,0.0361,False,0.2584,True,0.0162,False,0.2487,True,0.0096,False,3.55,EVIDENCE_STALE,b2d83222fe4bab87f393b8e93c8a29f87ac2f8279ebd9de6ca63f25604bbf49f
case-01823,1c6e3665ea1845d6d91bf415745fddc161819a46848a4722054b5cb5ca244bdf,CLEAN_TEST_FIXTURE,none,True,True,0.0351,True,0.3187,True,0.0156,True,0.312,True,0.0075,True,3.5339,ALL_REQUIRED_EVIDENCE_TRUSTWORTHY,b2d83222fe4bab87f393b8e93c8a29f87ac2f8279ebd9de6ca63f25604bbf49f
case-01824,8b0a619bd4261acfde9553d6350f14a726d812e1f6d1cd765f96ff7e4089011e,CLEAN_TEST_FIXTURE,none,True,True,0.0385,True,0.3333,True,0.0171,True,0.3193,True,0.0095,True,3.5211,ALL_REQUIRED_EVIDENCE_TRUSTWORTHY,b2d83222fe4bab87f393b8e93c8a29f87ac2f8279ebd9de6ca63f25604bbf49f
case-01825,d9d934bd38be3a95616224ce1ccc275c0423648557ed403d91d12bbde17b0dfb,CONTROLLED_TEST_MUTATION,missing_lineage,False,True,0.0339,True,0.3099,True,0.0154,True,0.3074,True,0.0075,False,3.7153,EVIDENCE_LINEAGE_INCOMPLETE,b2d83222fe4bab87f393b8e93c8a29f87ac2f8279ebd9de6ca63f25604bbf49f
case-01826,caa4d264776884d20624f59de1537111e3aa350c92e44a2ea3dcab6376f1def5,CONTROLLED_TEST_MUTATION,payload_tamper_after_seal,False,True,0.0363,False,0.081,True,0.0163,False,0.0817,True,0.0081,False,3.6009,CHECKSUM_INVALID|EVIDENCE_ROOT_INVALID|EVIDENCE_SNAPSHOT_CONFLICT|RECORD_ENVELOPE_INVALID,b2d83222fe4bab87f393b8e93c8a29f87ac2f8279ebd9de6ca63f25604bbf49f
case-01827,3d0a884104b4355550abb3a05d350cb340ff6ae88d644ab911fac9a9fa3be300,CONTROLLED_TEST_MUTATION,snapshot_score_conflict,False,True,0.0345,True,0.3202,True,0.0159,True,0.3106,True,0.0075,False,4.2923,EVIDENCE_SNAPSHOT_CONFLICT,b2d83222fe4bab87f393b8e93c8a29f87ac2f8279ebd9de6ca63f25604bbf49f
case-01828,9e850ca65533839deeca3007a6219fe59af694fb0f490b8b14295416c3e0d919,CONTROLLED_TEST_MUTATION,role_conflict,False,True,0.0408,True,0.3615,True,0.0182,False,0.3398,True,0.0077,False,4.0046,EVIDENCE_ROLE_CONFLICT,b2d83222fe4bab87f393b8e93c8a29f87ac2f8279ebd9de6ca63f25604bbf49f
case-01829,798c8cd098699141a844986fca417e3a03bbf1f402aab75644250764990221b3,CONTROLLED_TEST_MUTATION,unavailable_record,False,True,0.0343,False,0.2872,True,0.016,False,0.2797,True,0.0081,False,4.577,EVIDENCE_LINEAGE_INCOMPLETE|EVIDENCE_UNAVAILABLE,b2d83222fe4bab87f393b8e93c8a29f87ac2f8279ebd9de6ca63f25604bbf49f
case-01830,55ab6bc8022eded697b670a2eceebe3d624027690ebf461cf18dab3eb50b1fe8,CONTROLLED_TEST_MUTATION,excluded_ancestor,False,True,0.0343,True,0.3072,True,0.0158,False,0.3074,True,0.0067,False,3.4212,REQUIRED_INPUT_EXCLUDED,b2d83222fe4bab87f393b8e93c8a29f87ac2f8279ebd9de6ca63f25604bbf49f
case-01831,eaccf30757a9df15aac4de5a8b5c0abd24a7600c8e05aabf401f2917ff21317b,CONTROLLED_TEST_MUTATION,future_timestamp,False,True,0.0333,False,0.2783,True,0.0154,False,0.2713,True,0.0075,False,4.4472,EVIDENCE_FRESHNESS_UNKNOWN|EVIDENCE_TIMESTAMP_IN_FUTURE,b2d83222fe4bab87f393b8e93c8a29f87ac2f8279ebd9de6ca63f25604bbf49f
case-01832,1079ddc56fc2ba4c22766a24997f72067102a2346a9a57cb6ab59df636ef9e12,CONTROLLED_TEST_MUTATION,missing_lineage,False,True,0.0356,True,0.3184,True,0.0164,True,0.3169,True,0.0078,False,3.4353,EVIDENCE_LINEAGE_INCOMPLETE,b2d83222fe4bab87f393b8e93c8a29f87ac2f8279ebd9de6ca63f25604bbf49f
case-01833,0a6b1d40dbe74927747b98d7024ffa2b6ca7705d9680bc24c03995f3e8495d71,CONTROLLED_TEST_MUTATION,unavailable_record,False,True,0.034,False,0.2801,True,0.0157,False,0.5324,True,0.0101,False,4.217,EVIDENCE_LINEAGE_INCOMPLETE|EVIDENCE_UNAVAILABLE,b2d83222fe4bab87f393b8e93c8a29f87ac2f8279ebd9de6ca63f25604bbf49f
case-01834,76e4642ef959d84dca035415fcd46b66e71778637f0d21b96f5301168e38073c,CONTROLLED_TEST_MUTATION,stale_live_observation,False,True,0.0351,False,0.28,True,0.0161,False,0.2728,True,0.0083,False,3.4303,EVIDENCE_STALE,b2d83222fe4bab87f393b8e93c8a29f87ac2f8279ebd9de6ca63f25604bbf49f
case-01835,fe70b7916f1b15b17290a2572839fcda322fd29df5e0464fd080dca913d2f048,CLEAN_TEST_FIXTURE,none,True,True,0.0332,True,0.649,True,0.0199,True,0.9357,True,0.0131,True,3.7198,ALL_REQUIRED_EVIDENCE_TRUSTWORTHY,b2d83222fe4bab87f393b8e93c8a29f87ac2f8279ebd9de6ca63f25604bbf49f
case-01836,f885fc42e21d7fbe303f471e908609aeb95fc289bf6e30811a7f6b9b716de281,CLEAN_TEST_FIXTURE,none,True,True,0.0349,True,0.3342,True,0.016,True,0.3133,True,0.0075,True,3.6102,ALL_REQUIRED_EVIDENCE_TRUSTWORTHY,b2d83222fe4bab87f393b8e93c8a29f87ac2f8279ebd9de6ca63f25604bbf49f
case-01837,55e7e54799aede2e804497e3c09964bfab0ff3c5a77c75c2f2b6987a75389c92,CONTROLLED_TEST_MUTATION,source_type_impersonation,False,True,0.0483,True,0.3298,True,0.0172,True,0.3213,True,0.0098,False,3.6689,EVIDENCE_ROLE_SOURCE_NOT_ALLOWED|OPERATOR_EVIDENCE_UNVERIFIED,b2d83222fe4bab87f393b8e93c8a29f87ac2f8279ebd9de6ca63f25604bbf49f
case-01838,465069ca053351c9791cccf225a8bd2063aff8938864eb2279d8c60df22daad4,CLEAN_TEST_FIXTURE,none,True,True,0.0339,True,0.3117,True,0.0153,True,0.3348,True,0.0075,True,3.6025,ALL_REQUIRED_EVIDENCE_TRUSTWORTHY,b2d83222fe4bab87f393b8e93c8a29f87ac2f8279ebd9de6ca63f25604bbf49f
case-01839,5746c31af982bb2ff10119d09994b705beb186c034c967e884897a7c3cc040f5,CONTROLLED_TEST_MUTATION,root_signature_tamper_after_seal,False,True,0.0369,True,0.3202,True,0.0166,True,0.339,True,0.0094,False,3.6853,EVIDENCE_ROOT_INVALID,b2d83222fe4bab87f393b8e93c8a29f87ac2f8279ebd9de6ca63f25604bbf49f
case-01840,7505e9c754db026cc0ba1a97791e136fc2317f361ff6c975cfafbef30e5ebbbc,CLEAN_TEST_FIXTURE,none,True,True,0.0338,True,0.3415,True,0.0159,True,0.3156,True,0.0077,True,3.7223,ALL_REQUIRED_EVIDENCE_TRUSTWORTHY,b2d83222fe4bab87f393b8e93c8a29f87ac2f8279ebd9de6ca63f25604bbf49f
case-01841,69e92e0b5d6c8a3bae4ef6c1725f4be356e0cf86f83be3f5da03b7cd44efb2b3,CLEAN_TEST_FIXTURE,none,True,True,0.0576,True,0.3144,True,0.0164,True,0.3096,True,0.0094,True,3.7115,ALL_REQUIRED_EVIDENCE_TRUSTWORTHY,b2d83222fe4bab87f393b8e93c8a29f87ac2f8279ebd9de6ca63f25604bbf49f
case-01842,bb64e9f0c2dfc5a1a45409fd4d8ab8a6d8195c468c7c6d08a7b3e700e3d3250e,CLEAN_TEST_FIXTURE,none,True,True,0.0435,True,0.3925,True,0.02,True,0.3818,True,0.01,True,3.7577,ALL_REQUIRED_EVIDENCE_TRUSTWORTHY,b2d83222fe4bab87f393b8e93c8a29f87ac2f8279ebd9de6ca63f25604bbf49f
case-01843,c95ea3e1d3a5fcf5af7fb8d965b06e30edd872d78522f07abdd2f16daa1bd073,CONTROLLED_TEST_MUTATION,empty_payload,False,False,0.0403,False,0.0292,True,0.0135,False,0.0413,True,0.0066,False,3.6748,EVIDENCE_PAYLOAD_EMPTY|EVIDENCE_PAYLOAD_SCHEMA_INVALID|EVIDENCE_SNAPSHOT_CONFLICT,b2d83222fe4bab87f393b8e93c8a29f87ac2f8279ebd9de6ca63f25604bbf49f
case-01844,f3aa2eba9935b0dfd5b15eb37e07ab39f91070d1390a77f524d87e7468549ed3,CLEAN_TEST_FIXTURE,none,True,True,0.034,True,0.3207,True,0.016,True,0.318,True,0.0078,True,3.4344,ALL_REQUIRED_EVIDENCE_TRUSTWORTHY,b2d83222fe4bab87f393b8e93c8a29f87ac2f8279ebd9de6ca63f25604bbf49f
case-01845,c99b5843595fd2166356c2c5c66d7c3c68bc1cb1c5ff38e3f20f084feb68aea3,CONTROLLED_TEST_MUTATION,malformed_payload,False,True,0.037,True,0.3128,True,0.0168,True,0.3113,True,0.0084,False,3.5476,EVIDENCE_PAYLOAD_SCHEMA_INVALID|EVIDENCE_SNAPSHOT_CONFLICT,b2d83222fe4bab87f393b8e93c8a29f87ac2f8279ebd9de6ca63f25604bbf49f
case-01846,4c85f279b9f807d000f3d4d9382b95eeaba0f03518031195a011453677cfbb80,CONTROLLED_TEST_MUTATION,wrong_context,False,True,0.035,True,0.3157,True,0.0158,True,0.3147,True,0.0076,False,4.3422,EVIDENCE_CONTEXT_MISMATCH,b2d83222fe4bab87f393b8e93c8a29f87ac2f8279ebd9de6ca63f25604bbf49f
case-01847,80f9e24a46904f4d13423d866e5c6cf80e86af882452cfe778f7e2eebd34b5da,CONTROLLED_TEST_MUTATION,missing_lineage,False,True,0.0359,True,0.3188,True,0.0168,True,0.3164,True,0.0082,False,3.4696,EVIDENCE_LINEAGE_INCOMPLETE,b2d83222fe4bab87f393b8e93c8a29f87ac2f8279ebd9de6ca63f25604bbf49f
case-01848,4140e4fc18d69e4d6f998169c2c351ed6f19d683709334783a09bad07bdb8d75,CONTROLLED_TEST_MUTATION,root_signature_tamper_after_seal,False,True,0.0351,True,0.3167,True,0.0162,True,0.3138,True,0.0076,False,4.5615,EVIDENCE_ROOT_INVALID,b2d83222fe4bab87f393b8e93c8a29f87ac2f8279ebd9de6ca63f25604bbf49f
case-01849,9af25b03773f5703dd653417ae6a6a735ba1d17672ddd9bfef927f32c16d6a42,CONTROLLED_TEST_MUTATION,snapshot_score_conflict,False,True,0.0342,True,0.3114,True,0.0159,True,0.3084,True,0.0078,False,3.7276,EVIDENCE_SNAPSHOT_CONFLICT,b2d83222fe4bab87f393b8e93c8a29f87ac2f8279ebd9de6ca63f25604bbf49f
case-01850,229046e3ece4099b6ae360d127c21beb24f1a2ad0b96df02758e88c4330ceb6d,CONTROLLED_TEST_MUTATION,incomplete_payload,False,True,0.0339,False,0.1427,True,0.0152,False,0.1614,True,0.0076,False,5.6636,EVIDENCE_PAYLOAD_INCOMPLETE,b2d83222fe4bab87f393b8e93c8a29f87ac2f8279ebd9de6ca63f25604bbf49f
case-01851,88d93097a6db58fa31a09d9239698a1d0748d267feeabb293ae73f989acd6d8c,CONTROLLED_TEST_MUTATION,root_signature_tamper_after_seal,False,True,0.0388,True,0.349,True,0.0176,True,0.3536,True,0.0087,False,3.5276,EVIDENCE_ROOT_INVALID,b2d83222fe4bab87f393b8e93c8a29f87ac2f8279ebd9de6ca63f25604bbf49f
case-01852,fa53cbaf4382f5b0317c95f7cff7282f70ab409de67732f10cc699a1b6a65cbf,CONTROLLED_TEST_MUTATION,stale_live_observation,False,True,0.2488,False,0.5587,True,0.0183,False,0.2883,True,0.0115,False,3.6897,EVIDENCE_STALE,b2d83222fe4bab87f393b8e93c8a29f87ac2f8279ebd9de6ca63f25604bbf49f
case-01853,e1b183be74afd7fed1db9a213ff19b1db91d2044d642233174eb46bc2c1fbdbe,CONTROLLED_TEST_MUTATION,stale_live_observation,False,True,0.0348,False,0.2888,True,0.0164,False,0.2836,True,0.008,False,3.6441,EVIDENCE_STALE,b2d83222fe4bab87f393b8e93c8a29f87ac2f8279ebd9de6ca63f25604bbf49f
case-01854,0ee6bc4bd761e67954f078b53f0949c284a20e1061f0ceaed34ca6b19520aedb,CONTROLLED_TEST_MUTATION,payload_tamper_after_seal,False,True,0.0471,False,0.0862,True,0.0167,False,0.0832,True,0.0087,False,3.5223,CHECKSUM_INVALID|EVIDENCE_ROOT_INVALID|EVIDENCE_SNAPSHOT_CONFLICT|RECORD_ENVELOPE_INVALID,b2d83222fe4bab87f393b8e93c8a29f87ac2f8279ebd9de6ca63f25604bbf49f
case-01855,8756704da12660a634f2fb168f08ad9784b682f793d87d6f7f31cb447643b2ac,CONTROLLED_TEST_MUTATION,unavailable_record,False,True,0.035,False,0.3039,True,0.0163,False,0.298,True,0.0083,False,3.5408,EVIDENCE_LINEAGE_INCOMPLETE|EVIDENCE_UNAVAILABLE,b2d83222fe4bab87f393b8e93c8a29f87ac2f8279ebd9de6ca63f25604bbf49f
case-01856,79b8daa5c2bb351b19e7141adf6811776ba06212155433675612a8872a79f542,CONTROLLED_TEST_MUTATION,snapshot_score_conflict,False,True,0.0366,True,0.3431,True,0.0166,True,0.3132,True,0.0092,False,3.5477,EVIDENCE_SNAPSHOT_CONFLICT,b2d83222fe4bab87f393b8e93c8a29f87ac2f8279ebd9de6ca63f25604bbf49f
case-01857,52ad9f077f316c7986d2d9db2335dabe8b35ca7fa443d07ede9d39ceb132e3d0,CONTROLLED_TEST_MUTATION,wrong_context,False,True,0.0339,True,0.3431,True,0.0155,True,0.3099,True,0.0076,False,3.5801,EVIDENCE_CONTEXT_MISMATCH,b2d83222fe4bab87f393b8e93c8a29f87ac2f8279ebd9de6ca63f25604bbf49f
case-01858,1ab1c41a44597770b6667981d326f76cd0f533f77b70f27d37f6fe705fa94ad6,CONTROLLED_TEST_MUTATION,wrong_context,False,True,0.0586,True,0.3191,True,0.0165,True,0.3092,True,0.0093,False,3.564,EVIDENCE_CONTEXT_MISMATCH,b2d83222fe4bab87f393b8e93c8a29f87ac2f8279ebd9de6ca63f25604bbf49f
case-01859,db46e91c403790a5c4254908d53bb738b6b27755789810b12e000a3838b9e63b,CONTROLLED_TEST_MUTATION,incomplete_payload,False,True,0.0336,False,0.1433,True,0.0153,False,0.1416,True,0.0075,False,3.5935,EVIDENCE_PAYLOAD_INCOMPLETE,b2d83222fe4bab87f393b8e93c8a29f87ac2f8279ebd9de6ca63f25604bbf49f
case-01860,a3a776ca3649cb37b6ef95b362f7026cc856571ece97ba4c5620d8e3de192498,CLEAN_TEST_FIXTURE,none,True,True,0.0367,True,0.3162,True,0.0169,True,0.3106,True,0.0093,True,3.4886,ALL_REQUIRED_EVIDENCE_TRUSTWORTHY,b2d83222fe4bab87f393b8e93c8a29f87ac2f8279ebd9de6ca63f25604bbf49f
case-01861,ebef6a3c23e2055c1f2e49e3440f846a91df8387e4059d425992ad6bff43fb7a,CLEAN_TEST_FIXTURE,none,True,True,0.0335,True,0.312,True,0.0156,True,0.3098,True,0.0074,True,3.4999,ALL_REQUIRED_EVIDENCE_TRUSTWORTHY,b2d83222fe4bab87f393b8e93c8a29f87ac2f8279ebd9de6ca63f25604bbf49f
case-01862,95d32c07bc9a14e75485eda8fc8a6437ffe96fc682ec06301d8577bca32329df,CONTROLLED_TEST_MUTATION,unknown_source,False,True,0.0358,True,0.3351,True,0.0165,True,0.3118,True,0.0082,False,3.5983,EVIDENCE_ROLE_SOURCE_NOT_ALLOWED|EVIDENCE_SOURCE_ID_UNKNOWN|EVIDENCE_SOURCE_POLICY_MISSING,b2d83222fe4bab87f393b8e93c8a29f87ac2f8279ebd9de6ca63f25604bbf49f
case-01863,cc4bd707e3a888afb96b2866914d475d56532c51b24c6414b68732a6640ce8b5,CONTROLLED_TEST_MUTATION,malformed_payload,False,True,0.0337,True,0.3014,True,0.0156,True,0.301,True,0.0074,False,3.3918,EVIDENCE_PAYLOAD_SCHEMA_INVALID|EVIDENCE_SNAPSHOT_CONFLICT,b2d83222fe4bab87f393b8e93c8a29f87ac2f8279ebd9de6ca63f25604bbf49f
case-01864,897c89bd90f146d62934fc66aedab20be447c92e437e1eb322bafde5bc0eb953,CONTROLLED_TEST_MUTATION,excluded_ancestor,False,True,0.0438,True,0.4123,True,0.0393,False,0.4496,True,0.0092,False,3.9851,REQUIRED_INPUT_EXCLUDED,b2d83222fe4bab87f393b8e93c8a29f87ac2f8279ebd9de6ca63f25604bbf49f
case-01865,cd5d34d343081e3326f4871af545868aa5b500df4facfc00d2a211dab12981c0,CONTROLLED_TEST_MUTATION,unknown_source,False,True,0.0359,True,0.3656,True,0.0169,True,0.3322,True,0.008,False,4.6876,EVIDENCE_ROLE_SOURCE_NOT_ALLOWED|EVIDENCE_SOURCE_ID_UNKNOWN|EVIDENCE_SOURCE_POLICY_MISSING,b2d83222fe4bab87f393b8e93c8a29f87ac2f8279ebd9de6ca63f25604bbf49f
case-01866,d0b6c590251500915239fb2066b603c447ae134e254a3e821a82507d2a262aff,CONTROLLED_TEST_MUTATION,future_timestamp,False,True,0.0437,False,0.3571,True,0.0201,False,0.3652,True,0.0087,False,3.9231,EVIDENCE_FRESHNESS_UNKNOWN|EVIDENCE_TIMESTAMP_IN_FUTURE,b2d83222fe4bab87f393b8e93c8a29f87ac2f8279ebd9de6ca63f25604bbf49f
case-01867,51b3eae9494282243416d2650b945d4d3598b90877f5558db7617533b4a334f0,CONTROLLED_TEST_MUTATION,missing_lineage,False,True,0.0344,True,1.2076,True,0.0498,True,0.374,True,0.0113,False,3.5987,EVIDENCE_LINEAGE_INCOMPLETE,b2d83222fe4bab87f393b8e93c8a29f87ac2f8279ebd9de6ca63f25604bbf49f
case-01868,8c819f80f57e75a636c863b7615e9438a56d4be5ea83bbf737b0a9cbf721fce3,CONTROLLED_TEST_MUTATION,malformed_payload,False,True,0.0508,True,0.4729,True,0.0207,True,0.3766,True,0.0141,False,3.9227,EVIDENCE_PAYLOAD_SCHEMA_INVALID|EVIDENCE_SNAPSHOT_CONFLICT,b2d83222fe4bab87f393b8e93c8a29f87ac2f8279ebd9de6ca63f25604bbf49f
case-01869,5bd1c226fca3c3c8b2f2711033ec325827f4791fdfda710c55003c5661d60c8c,CONTROLLED_TEST_MUTATION,missing_lineage,False,True,0.0429,True,0.3685,True,0.0188,True,0.3271,True,0.0106,False,3.6871,EVIDENCE_LINEAGE_INCOMPLETE,b2d83222fe4bab87f393b8e93c8a29f87ac2f8279ebd9de6ca63f25604bbf49f
case-01870,9616741c345c0122810c27962171806ae037493a43db0fc9e2c9440e7a4ce94c,CONTROLLED_TEST_MUTATION,lineage_cycle,False,True,0.0345,True,0.316,True,0.016,True,0.3168,True,0.008,False,3.7098,EVIDENCE_LINEAGE_INVALID,b2d83222fe4bab87f393b8e93c8a29f87ac2f8279ebd9de6ca63f25604bbf49f
case-01871,283e3263ef426bffbf7079178d799b1fa02a80806e7cb5793db147634a275129,CLEAN_TEST_FIXTURE,none,True,True,0.0385,True,0.3208,True,0.0174,True,0.3166,True,0.0097,True,3.5825,ALL_REQUIRED_EVIDENCE_TRUSTWORTHY,b2d83222fe4bab87f393b8e93c8a29f87ac2f8279ebd9de6ca63f25604bbf49f
case-01872,e90848953f8da1e4edf6ce13fcbc748c4f6483221c8677837114f8a4b992b96d,CLEAN_TEST_FIXTURE,none,True,True,0.0344,True,0.3218,True,0.0152,True,0.3067,True,0.0073,True,4.3349,ALL_REQUIRED_EVIDENCE_TRUSTWORTHY,b2d83222fe4bab87f393b8e93c8a29f87ac2f8279ebd9de6ca63f25604bbf49f
case-01873,463eba132bb6934f317cb1950b3522f385b6de6f53936dab8179dfda0c580db4,CONTROLLED_TEST_MUTATION,missing_direct_role,False,False,0.0184,False,0.0133,True,0.0143,False,0.0246,True,0.0061,False,3.1482,REQUIRED_ROLE_MISSING,b2d83222fe4bab87f393b8e93c8a29f87ac2f8279ebd9de6ca63f25604bbf49f
case-01874,7083c20a3ef1fa8f0c42b4a29ccbccbda5d7e425b2248d3b112df1815ebcd009,CONTROLLED_TEST_MUTATION,empty_payload,False,False,0.036,False,0.0277,True,0.0122,False,0.0399,True,0.0056,False,3.3969,EVIDENCE_PAYLOAD_EMPTY|EVIDENCE_PAYLOAD_SCHEMA_INVALID|EVIDENCE_SNAPSHOT_CONFLICT,b2d83222fe4bab87f393b8e93c8a29f87ac2f8279ebd9de6ca63f25604bbf49f
case-01875,e6ec3b14933e51c03ccbcdb3d9c442e9916700a7c94a6001c941aeaa9b2d674d,CONTROLLED_TEST_MUTATION,wrong_context,False,True,0.0362,True,0.3128,True,0.0167,True,0.3091,True,0.0089,False,3.5209,EVIDENCE_CONTEXT_MISMATCH,b2d83222fe4bab87f393b8e93c8a29f87ac2f8279ebd9de6ca63f25604bbf49f
case-01876,3c2f91be0b849cb0568d23d16335359e2e9882aab31d88eabc5da0aeda55c330,CONTROLLED_TEST_MUTATION,excluded_ancestor,False,True,0.033,True,0.3063,True,0.0154,False,0.3078,True,0.0059,False,3.4669,REQUIRED_INPUT_EXCLUDED,b2d83222fe4bab87f393b8e93c8a29f87ac2f8279ebd9de6ca63f25604bbf49f
case-01877,dc263e60bc9f843efb81eab5fed11ea66d1ae4eadf5c0a5e51563f08d241a0a6,CONTROLLED_TEST_MUTATION,missing_lineage,False,True,0.0378,True,0.3244,True,0.0167,True,0.3194,True,0.0089,False,3.6929,EVIDENCE_LINEAGE_INCOMPLETE,b2d83222fe4bab87f393b8e93c8a29f87ac2f8279ebd9de6ca63f25604bbf49f
case-01878,591a8fb29b9be04134fa31b06518c353ab00a6031b52fbf8f9eb244cab0befd7,CONTROLLED_TEST_MUTATION,broken_lineage,False,True,0.0508,True,0.3462,True,0.0178,True,0.3338,True,0.0101,False,5.0024,EVIDENCE_LINEAGE_INVALID,b2d83222fe4bab87f393b8e93c8a29f87ac2f8279ebd9de6ca63f25604bbf49f
case-01879,053dc0d9d80e9b42854f63625797c1cdf8acab8108f33260cdcc12224390367b,CONTROLLED_TEST_MUTATION,future_timestamp,False,True,0.0403,False,0.3234,True,0.0188,False,0.3385,True,0.0109,False,3.771,EVIDENCE_FRESHNESS_UNKNOWN|EVIDENCE_TIMESTAMP_IN_FUTURE,b2d83222fe4bab87f393b8e93c8a29f87ac2f8279ebd9de6ca63f25604bbf49f
case-01880,76160ab0459063c0ee4e525463b1298d77a54c11561da1cc34f25fa9063405ba,CONTROLLED_TEST_MUTATION,unavailable_record,False,True,0.0346,False,0.2873,True,0.0164,False,0.2808,True,0.0079,False,5.7352,EVIDENCE_LINEAGE_INCOMPLETE|EVIDENCE_UNAVAILABLE,b2d83222fe4bab87f393b8e93c8a29f87ac2f8279ebd9de6ca63f25604bbf49f
case-01881,b3fc3a2eed296f5bd403563b91a26df5e3b3da96644c5794f7cbcff2e47b5c2e,CONTROLLED_TEST_MUTATION,broken_lineage,False,True,0.0361,True,0.317,True,0.0162,True,0.3164,True,0.0082,False,3.5209,EVIDENCE_LINEAGE_INVALID,b2d83222fe4bab87f393b8e93c8a29f87ac2f8279ebd9de6ca63f25604bbf49f
case-01882,d79c81f85329ed50b4bc0f97a3a22580198a4ec8452c2c3481d791bd47dee82b,CONTROLLED_TEST_MUTATION,lineage_cycle,False,True,0.0505,True,0.3922,True,0.0203,True,0.4355,True,0.0411,False,3.7075,EVIDENCE_LINEAGE_INVALID,b2d83222fe4bab87f393b8e93c8a29f87ac2f8279ebd9de6ca63f25604bbf49f
case-01883,dee1741c49d8dce36dfae6a624dcbc55923f40596c61a78221018fa7f1a96da7,CONTROLLED_TEST_MUTATION,missing_lineage,False,True,0.0352,True,0.3181,True,0.0164,True,0.3163,True,0.0077,False,3.4444,EVIDENCE_LINEAGE_INCOMPLETE,b2d83222fe4bab87f393b8e93c8a29f87ac2f8279ebd9de6ca63f25604bbf49f
case-01884,12d9334be72cba20482ab0bc68bbbba9f4a66bfbe2e61aefd341a800294b902c,CONTROLLED_TEST_MUTATION,broken_lineage,False,True,0.0664,True,0.3556,True,0.0176,True,0.3352,True,0.0108,False,3.6208,EVIDENCE_LINEAGE_INVALID,b2d83222fe4bab87f393b8e93c8a29f87ac2f8279ebd9de6ca63f25604bbf49f
case-01885,615131a617be4a5aa7a48b0939c82a15d78b8453136241beef2a9ed4cfbe0952,CONTROLLED_TEST_MUTATION,wrong_context,False,True,0.0351,True,0.321,True,0.016,True,0.3174,True,0.0078,False,3.7409,EVIDENCE_CONTEXT_MISMATCH,b2d83222fe4bab87f393b8e93c8a29f87ac2f8279ebd9de6ca63f25604bbf49f
case-01886,57eab58fe6bf76ff9867ff158172a9712ef97146fbffc979d61ad71b7241f7d6,CONTROLLED_TEST_MUTATION,source_type_impersonation,False,True,0.0417,True,0.3406,True,0.0177,True,0.3341,True,0.0102,False,3.7994,EVIDENCE_ROLE_SOURCE_NOT_ALLOWED|OPERATOR_EVIDENCE_UNVERIFIED,b2d83222fe4bab87f393b8e93c8a29f87ac2f8279ebd9de6ca63f25604bbf49f
case-01887,09885cf3759392cfde85fc1478c59610bf4eace5c2f9e45fc628c3795b9c7757,CLEAN_TEST_FIXTURE,none,True,True,0.0367,True,0.3561,True,0.0173,True,0.3346,True,0.0084,True,3.7076,ALL_REQUIRED_EVIDENCE_TRUSTWORTHY,b2d83222fe4bab87f393b8e93c8a29f87ac2f8279ebd9de6ca63f25604bbf49f
case-01888,6d7e16d79d7bb31354facef6f5c74ee0e25ba10d2ab446a626abb149adaf1e9f,CONTROLLED_TEST_MUTATION,snapshot_score_conflict,False,True,0.0381,True,0.3227,True,0.0168,True,0.3178,True,0.0094,False,3.5678,EVIDENCE_SNAPSHOT_CONFLICT,b2d83222fe4bab87f393b8e93c8a29f87ac2f8279ebd9de6ca63f25604bbf49f
case-01889,9fd25176eb88f65b880cd5c625bf90d0bc705d4c6e653a9a2f280622f264189a,CONTROLLED_TEST_MUTATION,excluded_ancestor,False,True,0.0348,True,0.3205,True,0.016,False,0.3193,True,0.0064,False,3.7242,REQUIRED_INPUT_EXCLUDED,b2d83222fe4bab87f393b8e93c8a29f87ac2f8279ebd9de6ca63f25604bbf49f
case-01890,c32d7abb30c5a64a4890180569da152546ce9ee3a4f02aec8c10961d6615bf49,CONTROLLED_TEST_MUTATION,unavailable_record,False,True,0.0364,False,0.2847,True,0.0167,False,0.2747,True,0.0085,False,3.4636,EVIDENCE_LINEAGE_INCOMPLETE|EVIDENCE_UNAVAILABLE,b2d83222fe4bab87f393b8e93c8a29f87ac2f8279ebd9de6ca63f25604bbf49f
case-01891,f16d9c110e1a3413ec8fd4b97fff862c06389d8c49b01d5fbbdcfac2393f97fc,CONTROLLED_TEST_MUTATION,malformed_payload,False,True,0.0334,True,0.304,True,0.0156,True,0.3038,True,0.0071,False,3.6744,EVIDENCE_PAYLOAD_SCHEMA_INVALID|EVIDENCE_SNAPSHOT_CONFLICT,b2d83222fe4bab87f393b8e93c8a29f87ac2f8279ebd9de6ca63f25604bbf49f
case-01892,6b98d8929a5281f57ac7fa337b83c129af937794b26a28421155e02401ace9da,CONTROLLED_TEST_MUTATION,snapshot_score_conflict,False,True,0.0373,True,0.3214,True,0.0169,True,0.3201,True,0.0084,False,3.5744,EVIDENCE_SNAPSHOT_CONFLICT,b2d83222fe4bab87f393b8e93c8a29f87ac2f8279ebd9de6ca63f25604bbf49f
case-01893,ad38bf5abfecf0894f35fcc442d11b8a14afcdd2080cfdd1566a564d09d6ff0c,CLEAN_TEST_FIXTURE,none,True,True,0.0348,True,0.3203,True,0.0162,True,0.3208,True,0.0077,True,4.519,ALL_REQUIRED_EVIDENCE_TRUSTWORTHY,b2d83222fe4bab87f393b8e93c8a29f87ac2f8279ebd9de6ca63f25604bbf49f
case-01894,8a61ee9b465210c3dc5a0f2464bf7623930ea6887b3adf9006f32f1182c95ccd,CONTROLLED_TEST_MUTATION,malformed_payload,False,True,0.0358,True,0.3095,True,0.0162,True,0.3098,True,0.008,False,3.5304,EVIDENCE_PAYLOAD_SCHEMA_INVALID|EVIDENCE_SNAPSHOT_CONFLICT,b2d83222fe4bab87f393b8e93c8a29f87ac2f8279ebd9de6ca63f25604bbf49f
case-01895,3f9cb63637c8ed45689107641a826e985bfcbba0ad8c87e2432d2ee32f887e77,CLEAN_TEST_FIXTURE,none,True,True,0.0343,True,0.3156,True,0.016,True,0.3151,True,0.0075,True,4.3051,ALL_REQUIRED_EVIDENCE_TRUSTWORTHY,b2d83222fe4bab87f393b8e93c8a29f87ac2f8279ebd9de6ca63f25604bbf49f
case-01896,0ff8d95c3355a3edee2be0dc1953529929cbfcf23409c9bebe6796c470fba767,CONTROLLED_TEST_MUTATION,source_type_impersonation,False,True,0.0351,True,0.3198,True,0.0164,True,0.3215,True,0.0081,False,3.5312,EVIDENCE_ROLE_SOURCE_NOT_ALLOWED|OPERATOR_EVIDENCE_UNVERIFIED,b2d83222fe4bab87f393b8e93c8a29f87ac2f8279ebd9de6ca63f25604bbf49f
case-01897,f9933b0226449e89ac6cc054d77000ecd50b41ba77e8d63ecf4b2e3c4be05eda,CLEAN_TEST_FIXTURE,none,True,True,0.0341,True,0.3121,True,0.0159,True,0.3147,True,0.0076,True,4.5216,ALL_REQUIRED_EVIDENCE_TRUSTWORTHY,b2d83222fe4bab87f393b8e93c8a29f87ac2f8279ebd9de6ca63f25604bbf49f
case-01898,03c7c4d7c1da4a2ee375bfc57bdfa6a407049884a4397fee564613d26954b743,CONTROLLED_TEST_MUTATION,unavailable_record,False,True,0.0341,False,0.2819,True,0.016,False,0.2745,True,0.0081,False,3.4512,EVIDENCE_LINEAGE_INCOMPLETE|EVIDENCE_UNAVAILABLE,b2d83222fe4bab87f393b8e93c8a29f87ac2f8279ebd9de6ca63f25604bbf49f
case-01899,c9012428e56e108dec6f462c97dc68fac5f4331bb95fd1a99bcd8d306b5321ba,CONTROLLED_TEST_MUTATION,unknown_source,False,True,0.0335,True,0.3096,True,0.0153,True,0.3091,True,0.0072,False,4.4956,EVIDENCE_ROLE_SOURCE_NOT_ALLOWED|EVIDENCE_SOURCE_ID_UNKNOWN|EVIDENCE_SOURCE_POLICY_MISSING,b2d83222fe4bab87f393b8e93c8a29f87ac2f8279ebd9de6ca63f25604bbf49f
case-01900,570ad61d0846ff2444d060e8dc36f677738facef2342350527cf71514f453e09,CLEAN_TEST_FIXTURE,none,True,True,0.0351,True,0.3089,True,0.0159,True,0.3068,True,0.0079,True,3.5321,ALL_REQUIRED_EVIDENCE_TRUSTWORTHY,b2d83222fe4bab87f393b8e93c8a29f87ac2f8279ebd9de6ca63f25604bbf49f
case-01901,44946e13dde1ad4402152631f7b8c1c60b964956841b0ac3e88a86f218a08083,CONTROLLED_TEST_MUTATION,incomplete_payload,False,True,0.0334,False,0.1449,True,0.015,False,0.1417,True,0.0076,False,4.5257,EVIDENCE_PAYLOAD_INCOMPLETE,b2d83222fe4bab87f393b8e93c8a29f87ac2f8279ebd9de6ca63f25604bbf49f
case-01902,48650f95d940a9a3c6803be7d28d6a16ed6553de1d025615b4209c240df289a0,CLEAN_TEST_FIXTURE,none,True,True,0.0347,True,0.3076,True,0.0158,True,0.3047,True,0.0078,True,3.4275,ALL_REQUIRED_EVIDENCE_TRUSTWORTHY,b2d83222fe4bab87f393b8e93c8a29f87ac2f8279ebd9de6ca63f25604bbf49f
case-01903,2b1f11cc242fe3d1d351a3b5414db3917c5469a3f78306011ab6a38dc598cbf4,CONTROLLED_TEST_MUTATION,snapshot_score_conflict,False,True,0.0333,True,0.3056,True,0.0156,True,0.3059,True,0.0074,False,4.6488,EVIDENCE_SNAPSHOT_CONFLICT,b2d83222fe4bab87f393b8e93c8a29f87ac2f8279ebd9de6ca63f25604bbf49f
case-01904,74b9d8d63648541f87d5d062c2c81dbcdb4f4efe17fb2fc31beff41c9bacfc0d,CONTROLLED_TEST_MUTATION,incomplete_payload,False,True,0.0341,False,0.1442,True,0.0153,False,0.1406,True,0.0081,False,3.4346,EVIDENCE_PAYLOAD_INCOMPLETE,b2d83222fe4bab87f393b8e93c8a29f87ac2f8279ebd9de6ca63f25604bbf49f
case-01905,32f92afb00dfa5571bf1d4354e9e34af3239a8bca060e62140f26a9f0f11b299,CONTROLLED_TEST_MUTATION,root_signature_tamper_after_seal,False,True,0.0335,True,0.3078,True,0.0153,True,0.3097,True,0.0074,False,4.3635,EVIDENCE_ROOT_INVALID,b2d83222fe4bab87f393b8e93c8a29f87ac2f8279ebd9de6ca63f25604bbf49f
case-01906,477f27ca43f3472f271a48a8f9db1418732af824b9947831cafb3685a9a0baf7,CLEAN_TEST_FIXTURE,none,True,True,0.034,True,0.3081,True,0.0156,True,0.3084,True,0.0084,True,3.4285,ALL_REQUIRED_EVIDENCE_TRUSTWORTHY,b2d83222fe4bab87f393b8e93c8a29f87ac2f8279ebd9de6ca63f25604bbf49f
case-01907,5b43722f70ca0671363dda8b6da198731f05e4b41afb9082e1515e2f01d4e69c,CONTROLLED_TEST_MUTATION,source_type_impersonation,False,True,0.0332,True,0.3129,True,0.0157,True,0.3113,True,0.0076,False,4.6227,EVIDENCE_ROLE_SOURCE_NOT_ALLOWED|OPERATOR_EVIDENCE_UNVERIFIED,b2d83222fe4bab87f393b8e93c8a29f87ac2f8279ebd9de6ca63f25604bbf49f
case-01908,1235090d28f95ed68585741f5de409fae8f7cb7a68a6f3a957eec073bcba758b,CONTROLLED_TEST_MUTATION,lineage_cycle,False,True,0.0346,True,0.3092,True,0.0158,True,0.3086,True,0.008,False,3.479,EVIDENCE_LINEAGE_INVALID,b2d83222fe4bab87f393b8e93c8a29f87ac2f8279ebd9de6ca63f25604bbf49f
case-01909,def9ed6473f807b3bc85e8cb27e9a7eea8a72051e30178327e284de199a4ddad,CONTROLLED_TEST_MUTATION,unavailable_record,False,True,0.0336,False,0.2816,True,0.0158,False,0.4685,True,0.0112,False,4.2344,EVIDENCE_LINEAGE_INCOMPLETE|EVIDENCE_UNAVAILABLE,b2d83222fe4bab87f393b8e93c8a29f87ac2f8279ebd9de6ca63f25604bbf49f
case-01910,6ed8d1e47cdf0c8973371a8c875514d21e946085a03679c6cd50c22b12487396,CONTROLLED_TEST_MUTATION,unknown_source,False,True,0.0343,True,0.3091,True,0.0158,True,0.3307,True,0.008,False,3.5159,EVIDENCE_ROLE_SOURCE_NOT_ALLOWED|EVIDENCE_SOURCE_ID_UNKNOWN|EVIDENCE_SOURCE_POLICY_MISSING,b2d83222fe4bab87f393b8e93c8a29f87ac2f8279ebd9de6ca63f25604bbf49f
case-01911,b8673041b71b130c3a89d360c53172a18e6e94b029795d1fecadc07f8603aa85,CONTROLLED_TEST_MUTATION,expired_import,False,True,0.0548,False,0.8751,True,0.0442,False,0.3618,True,0.011,False,3.5648,EVIDENCE_STALE,b2d83222fe4bab87f393b8e93c8a29f87ac2f8279ebd9de6ca63f25604bbf49f
case-01912,b39ce4e4ee8eb1e76d70b6ca783b2e5e6ce533b923b75350029652c276689bd7,CONTROLLED_TEST_MUTATION,incomplete_payload,False,True,0.0335,False,0.1453,True,0.0153,False,0.1424,True,0.0078,False,3.5033,EVIDENCE_PAYLOAD_INCOMPLETE,b2d83222fe4bab87f393b8e93c8a29f87ac2f8279ebd9de6ca63f25604bbf49f
case-01913,392d36ed2a231c3f1d050cf23f491bf0399f0f9a033b7297e4430f45e4bd3898,CLEAN_TEST_FIXTURE,none,True,True,0.0363,True,0.4491,True,0.1347,True,0.7142,True,0.0115,True,3.5105,ALL_REQUIRED_EVIDENCE_TRUSTWORTHY,b2d83222fe4bab87f393b8e93c8a29f87ac2f8279ebd9de6ca63f25604bbf49f
case-01914,3debb4982dd0cb6dba18e294f895730486323d63561cf3ed28c68064a3d5c97b,CLEAN_TEST_FIXTURE,none,True,True,0.0341,True,0.3067,True,0.0158,True,0.3064,False,0.0075,True,3.764,ALL_REQUIRED_EVIDENCE_TRUSTWORTHY,b2d83222fe4bab87f393b8e93c8a29f87ac2f8279ebd9de6ca63f25604bbf49f
case-01915,577b91408b7a9a31fee1c951c53a20ad97f8e58af45927241bdf42b810b7fdf4,CONTROLLED_TEST_MUTATION,expired_import,False,True,0.0593,False,0.3597,True,0.0178,False,0.7649,True,0.026,False,3.6194,EVIDENCE_STALE,b2d83222fe4bab87f393b8e93c8a29f87ac2f8279ebd9de6ca63f25604bbf49f
case-01916,b23a869a0b18916a38124b984eaa422e755bad189e2d8bd002b7efc66ab8a969,CONTROLLED_TEST_MUTATION,unknown_source,False,True,0.0345,True,0.3064,True,0.0163,True,0.3056,True,0.0074,False,3.4189,EVIDENCE_ROLE_SOURCE_NOT_ALLOWED|EVIDENCE_SOURCE_ID_UNKNOWN|EVIDENCE_SOURCE_POLICY_MISSING,b2d83222fe4bab87f393b8e93c8a29f87ac2f8279ebd9de6ca63f25604bbf49f
case-01917,e46c787dd5534ab646b24ccb3e8649c60063be2569f90ad89fadefb2ffb9feca,CONTROLLED_TEST_MUTATION,missing_lineage,False,True,0.0489,True,0.7885,True,0.0295,True,0.3257,True,0.0109,False,3.5445,EVIDENCE_LINEAGE_INCOMPLETE,b2d83222fe4bab87f393b8e93c8a29f87ac2f8279ebd9de6ca63f25604bbf49f
case-01918,07f17e0249867192780c78e8d01494a81496d91122907bca8865a9d296dde2bb,CONTROLLED_TEST_MUTATION,source_type_impersonation,False,True,0.0347,True,0.3159,True,0.0158,True,0.3141,True,0.0075,False,3.5332,EVIDENCE_ROLE_SOURCE_NOT_ALLOWED|OPERATOR_EVIDENCE_UNVERIFIED,b2d83222fe4bab87f393b8e93c8a29f87ac2f8279ebd9de6ca63f25604bbf49f
case-01919,7b4e608e624c5531a3c77386e90aa73dfb5885c4287d2f0c10faeda71094d1bb,CLEAN_TEST_FIXTURE,none,True,True,0.0378,True,0.331,True,0.0175,True,0.3222,True,0.0101,True,3.5852,ALL_REQUIRED_EVIDENCE_TRUSTWORTHY,b2d83222fe4bab87f393b8e93c8a29f87ac2f8279ebd9de6ca63f25604bbf49f
case-01920,b946fb826b283a6ada63f6ed77004b3818b94ffc45b83ca3cab3c2dcf5887f1d,CONTROLLED_TEST_MUTATION,unavailable_record,False,True,0.0342,False,0.2859,True,0.0158,False,0.3059,True,0.0078,False,3.5014,EVIDENCE_LINEAGE_INCOMPLETE|EVIDENCE_UNAVAILABLE,b2d83222fe4bab87f393b8e93c8a29f87ac2f8279ebd9de6ca63f25604bbf49f
case-01921,cb2bc83097b22a15f9c8468f9288b24213f515fa93b858a0a001021708aac233,CONTROLLED_TEST_MUTATION,incomplete_payload,False,True,0.0372,False,0.1551,True,0.0167,False,0.1473,True,0.0097,False,3.5984,EVIDENCE_PAYLOAD_INCOMPLETE,b2d83222fe4bab87f393b8e93c8a29f87ac2f8279ebd9de6ca63f25604bbf49f
case-01922,17024b3508da21ddf072f6b02dad396217f7ccdf1b0f5ace52f711fbd81661d4,CONTROLLED_TEST_MUTATION,unavailable_record,False,True,0.0357,False,0.3066,True,0.0162,False,0.3026,True,0.0081,False,3.817,EVIDENCE_LINEAGE_INCOMPLETE|EVIDENCE_UNAVAILABLE,b2d83222fe4bab87f393b8e93c8a29f87ac2f8279ebd9de6ca63f25604bbf49f
case-01923,9df9f0256cad1c774b8503e1c3b9ef5671a2f3a0c29c6acb7dfb253a05a7208d,CLEAN_TEST_FIXTURE,none,True,True,0.0371,True,0.3196,True,0.0167,True,0.3147,True,0.0093,True,3.4815,ALL_REQUIRED_EVIDENCE_TRUSTWORTHY,b2d83222fe4bab87f393b8e93c8a29f87ac2f8279ebd9de6ca63f25604bbf49f
case-01924,f26dc9b8d90c9a2e68751ac30392776bcf933e2a765e11512db497683454d521,CONTROLLED_TEST_MUTATION,payload_tamper_after_seal,False,True,0.0343,False,0.0783,True,0.015,False,0.0838,True,0.0074,False,3.7312,CHECKSUM_INVALID|EVIDENCE_ROOT_INVALID|EVIDENCE_SNAPSHOT_CONFLICT|RECORD_ENVELOPE_INVALID,b2d83222fe4bab87f393b8e93c8a29f87ac2f8279ebd9de6ca63f25604bbf49f
case-01925,69954d4a42aaea71eb7faa2baf9bf61d6de1627c0dea989f1b181c7f96dbf3ad,CONTROLLED_TEST_MUTATION,excluded_ancestor,False,True,0.0366,True,0.3306,True,0.0171,False,0.3266,True,0.007,False,3.5796,REQUIRED_INPUT_EXCLUDED,b2d83222fe4bab87f393b8e93c8a29f87ac2f8279ebd9de6ca63f25604bbf49f
case-01926,dc66705d121db8142eeb21d6fbda1e11b52399bff2efd7a0833d446d17083d71,CLEAN_TEST_FIXTURE,none,True,True,0.0345,True,0.3174,True,0.0159,True,0.3158,True,0.008,True,5.0023,ALL_REQUIRED_EVIDENCE_TRUSTWORTHY,b2d83222fe4bab87f393b8e93c8a29f87ac2f8279ebd9de6ca63f25604bbf49f
case-01927,b46b72fac4c855016405dbea2d69b45981bb42d032aa2bb1472872c5f947cac3,CONTROLLED_TEST_MUTATION,payload_tamper_after_seal,False,True,0.035,False,0.0781,True,0.0157,False,0.0794,True,0.0078,False,3.5103,CHECKSUM_INVALID|EVIDENCE_ROOT_INVALID|EVIDENCE_SNAPSHOT_CONFLICT|RECORD_ENVELOPE_INVALID,b2d83222fe4bab87f393b8e93c8a29f87ac2f8279ebd9de6ca63f25604bbf49f
case-01928,d838f761035642b2ebee43cb5f2b7e398a231e2f5a842d495c69d73b9977fe39,CONTROLLED_TEST_MUTATION,wrong_context,False,True,0.0333,True,0.3043,True,0.0153,True,0.3039,True,0.0075,False,4.5301,EVIDENCE_CONTEXT_MISMATCH,b2d83222fe4bab87f393b8e93c8a29f87ac2f8279ebd9de6ca63f25604bbf49f
case-01929,3b68e6be33785a30156070a54fc161b2013da9c7a5441a249c6bebb3c85398c9,CLEAN_TEST_FIXTURE,none,True,True,0.0358,True,0.3142,True,0.0161,True,0.3147,True,0.0094,True,3.542,ALL_REQUIRED_EVIDENCE_TRUSTWORTHY,b2d83222fe4bab87f393b8e93c8a29f87ac2f8279ebd9de6ca63f25604bbf49f
case-01930,341a5dd75174da3aee51a90c4b230c731893ea2e612de3009d00018958eb56bc,CLEAN_TEST_FIXTURE,none,True,True,0.0342,True,0.3129,True,0.0157,True,0.3154,True,0.0077,True,4.5429,ALL_REQUIRED_EVIDENCE_TRUSTWORTHY,b2d83222fe4bab87f393b8e93c8a29f87ac2f8279ebd9de6ca63f25604bbf49f
case-01931,bd43b04a9f1562dc5ec5263514d2ee74528ca6827c8f7f889f7b2d27e0115ebe,CONTROLLED_TEST_MUTATION,empty_payload,False,False,0.0377,False,0.0289,True,0.0131,False,0.0414,True,0.0062,False,3.5114,EVIDENCE_PAYLOAD_EMPTY|EVIDENCE_PAYLOAD_SCHEMA_INVALID|EVIDENCE_SNAPSHOT_CONFLICT,b2d83222fe4bab87f393b8e93c8a29f87ac2f8279ebd9de6ca63f25604bbf49f
case-01932,05937abacc36e8a916b0e69be75fe4e95e5330db49a9f4db3f99dcdd393d81b0,CLEAN_TEST_FIXTURE,none,True,True,0.0346,True,0.3175,True,0.0161,True,0.3172,True,0.0078,True,4.5045,ALL_REQUIRED_EVIDENCE_TRUSTWORTHY,b2d83222fe4bab87f393b8e93c8a29f87ac2f8279ebd9de6ca63f25604bbf49f
case-01933,5f788dce5671a9aaae39171915f202e695673ed771e96c36b5e9bcaf1dc3f0a4,CONTROLLED_TEST_MUTATION,root_signature_tamper_after_seal,False,True,0.0344,True,0.3097,True,0.0158,True,0.311,True,0.0078,False,3.4588,EVIDENCE_ROOT_INVALID,b2d83222fe4bab87f393b8e93c8a29f87ac2f8279ebd9de6ca63f25604bbf49f
case-01934,65334f0f84723e818fb7e261723933d7ece31c19bf10fc1cf2d15207b43ad93c,CONTROLLED_TEST_MUTATION,payload_tamper_after_seal,False,True,0.0338,False,0.076,True,0.015,False,0.0787,True,0.0072,False,4.3574,CHECKSUM_INVALID|EVIDENCE_ROOT_INVALID|EVIDENCE_SNAPSHOT_CONFLICT|RECORD_ENVELOPE_INVALID,b2d83222fe4bab87f393b8e93c8a29f87ac2f8279ebd9de6ca63f25604bbf49f
case-01935,e147092f236aebf84befa7d41ab6a1b8f84e402c86ec5a7fdb8f653d74cbf392,CLEAN_TEST_FIXTURE,none,True,True,0.0348,True,0.332,True,0.0161,True,0.3096,True,0.0079,True,3.5181,ALL_REQUIRED_EVIDENCE_TRUSTWORTHY,b2d83222fe4bab87f393b8e93c8a29f87ac2f8279ebd9de6ca63f25604bbf49f
case-01936,d8488fb7c6c1319ab7499e296991b592e2632320c6ed28fd929c1b4ad32d9878,CONTROLLED_TEST_MUTATION,snapshot_score_conflict,False,True,0.0331,True,0.3273,True,0.0153,True,0.3062,True,0.0072,False,4.3906,EVIDENCE_SNAPSHOT_CONFLICT,b2d83222fe4bab87f393b8e93c8a29f87ac2f8279ebd9de6ca63f25604bbf49f
case-01937,27f84ece8416ea8537a5dfd0f8eefe6dcb9972527a32f45f054f9d5e6a576f29,CONTROLLED_TEST_MUTATION,source_type_impersonation,False,True,0.0343,True,0.3157,True,0.0161,True,0.3132,True,0.0083,False,3.4413,EVIDENCE_ROLE_SOURCE_NOT_ALLOWED|OPERATOR_EVIDENCE_UNVERIFIED,b2d83222fe4bab87f393b8e93c8a29f87ac2f8279ebd9de6ca63f25604bbf49f
case-01938,0505c8eff6d186f247edf2f2be3b010fd0d241322ce4fdfd895985f38765efb7,CLEAN_TEST_FIXTURE,none,True,True,0.0334,True,0.526,True,0.0163,True,0.311,True,0.0075,True,4.4154,ALL_REQUIRED_EVIDENCE_TRUSTWORTHY,b2d83222fe4bab87f393b8e93c8a29f87ac2f8279ebd9de6ca63f25604bbf49f
case-01939,e32ddad3bcbfa4084550b09dbdfff78ad4c87d3529f094f2c33329bdd8568d4d,CONTROLLED_TEST_MUTATION,expired_import,False,True,0.0347,False,0.2564,True,0.0159,False,0.2518,True,0.0082,False,3.5603,EVIDENCE_STALE,b2d83222fe4bab87f393b8e93c8a29f87ac2f8279ebd9de6ca63f25604bbf49f
case-01940,80d514e84da90d19b0382e1c8602f4af296113b5c15c5185e3d30105db60ff42,CONTROLLED_TEST_MUTATION,expired_import,False,True,0.0334,False,0.2546,True,0.0158,False,0.2506,True,0.0076,False,4.5336,EVIDENCE_STALE,b2d83222fe4bab87f393b8e93c8a29f87ac2f8279ebd9de6ca63f25604bbf49f
case-01941,be46e45eaf50aeb0eed21e1ff24f3548873def680117db6f7fb84ff32e45867f,CONTROLLED_TEST_MUTATION,snapshot_score_conflict,False,True,0.0348,True,0.3086,True,0.0159,True,0.3102,True,0.0078,False,3.421,EVIDENCE_SNAPSHOT_CONFLICT,b2d83222fe4bab87f393b8e93c8a29f87ac2f8279ebd9de6ca63f25604bbf49f
case-01942,136933f4329f697cb035c24695b81b4256bf282dab72c58afecb5a96780f2c8f,CONTROLLED_TEST_MUTATION,broken_lineage,False,True,0.033,True,0.3061,True,0.0151,True,0.5168,True,0.0794,False,4.1192,EVIDENCE_LINEAGE_INVALID,b2d83222fe4bab87f393b8e93c8a29f87ac2f8279ebd9de6ca63f25604bbf49f
case-01943,398f97d8a65f5d772493d468fbb7f929e1411713d49b46681b8f787356d50731,CONTROLLED_TEST_MUTATION,root_signature_tamper_after_seal,False,True,0.0357,True,0.3375,True,0.0164,True,0.3375,True,0.008,False,3.7166,EVIDENCE_ROOT_INVALID,b2d83222fe4bab87f393b8e93c8a29f87ac2f8279ebd9de6ca63f25604bbf49f
case-01944,c466b71817a5e92fd99d29fa04af35a24a80f797094e5c0f9f21c62122f4e0df,CONTROLLED_TEST_MUTATION,role_conflict,False,True,0.0402,True,0.3385,True,0.0177,False,0.3285,True,0.0075,False,3.8134,EVIDENCE_ROLE_CONFLICT,b2d83222fe4bab87f393b8e93c8a29f87ac2f8279ebd9de6ca63f25604bbf49f
case-01945,d19bf74ec82d0fb2af6d038a85a926e39df695a5669e9a01c0577bad55e49ec8,CONTROLLED_TEST_MUTATION,payload_tamper_after_seal,False,True,0.0336,False,0.0751,True,0.0147,False,0.0791,False,0.0072,False,3.4253,CHECKSUM_INVALID|EVIDENCE_ROOT_INVALID|EVIDENCE_SNAPSHOT_CONFLICT|RECORD_ENVELOPE_INVALID,b2d83222fe4bab87f393b8e93c8a29f87ac2f8279ebd9de6ca63f25604bbf49f
case-01946,07e41f93c510cc76fd7e801d94904397a754e15f5a9bd998ab91e1c6993c0a18,CLEAN_TEST_FIXTURE,none,True,True,0.0557,True,0.3989,True,0.0202,True,0.3832,True,0.0115,True,3.515,ALL_REQUIRED_EVIDENCE_TRUSTWORTHY,b2d83222fe4bab87f393b8e93c8a29f87ac2f8279ebd9de6ca63f25604bbf49f
case-01947,7cf8fd38675beb12a49fff41ad7105e2d7c1f3277cf95a9a529f4874bbfb595c,CONTROLLED_TEST_MUTATION,stale_live_observation,False,True,0.033,False,0.2784,True,0.0155,False,0.2729,True,0.0076,False,3.4236,EVIDENCE_STALE,b2d83222fe4bab87f393b8e93c8a29f87ac2f8279ebd9de6ca63f25604bbf49f
case-01948,56751cb0ffcf20d3b25e7b54fb2114ea706ef0e07bb8662bbc34e951a9426441,CONTROLLED_TEST_MUTATION,payload_tamper_after_seal,False,True,0.04,False,0.0883,True,0.0171,False,0.0877,True,0.0086,False,3.4963,CHECKSUM_INVALID|EVIDENCE_ROOT_INVALID|EVIDENCE_SNAPSHOT_CONFLICT|RECORD_ENVELOPE_INVALID,b2d83222fe4bab87f393b8e93c8a29f87ac2f8279ebd9de6ca63f25604bbf49f
case-01949,d38e7fd64cfa826c2037e92a159ab7d6fb59cad0d33f342077b22dc5143afff1,CLEAN_TEST_FIXTURE,none,True,True,0.0349,True,0.3368,True,0.0159,True,0.3385,True,0.0077,True,3.7222,ALL_REQUIRED_EVIDENCE_TRUSTWORTHY,b2d83222fe4bab87f393b8e93c8a29f87ac2f8279ebd9de6ca63f25604bbf49f
case-01950,5bdbba08bc476697ea92c5b00f7df6a1a940bfd8f244cf4e20735b015db8d30a,CONTROLLED_TEST_MUTATION,stale_live_observation,False,True,0.0372,False,0.2857,True,0.0165,False,0.2756,True,0.0102,False,3.4826,EVIDENCE_STALE,b2d83222fe4bab87f393b8e93c8a29f87ac2f8279ebd9de6ca63f25604bbf49f
case-01951,94f9f88e1a38cf708dbb6c3e477932bd9f5a5124c2a13192fdada8376e7eaef5,CONTROLLED_TEST_MUTATION,wrong_context,False,True,0.0334,True,0.3071,True,0.0154,True,0.3076,True,0.0074,False,3.4115,EVIDENCE_CONTEXT_MISMATCH,b2d83222fe4bab87f393b8e93c8a29f87ac2f8279ebd9de6ca63f25604bbf49f
case-01952,60072b7d8adc831edd984a901a4eddde4af1c8d48f4b6dc2c5946e60f6bcd354,CONTROLLED_TEST_MUTATION,missing_lineage,False,True,0.0365,True,0.3152,True,0.0163,True,0.3128,True,0.0093,False,3.3897,EVIDENCE_LINEAGE_INCOMPLETE,b2d83222fe4bab87f393b8e93c8a29f87ac2f8279ebd9de6ca63f25604bbf49f
case-01953,7dadfb07e4e97947e4067eda3d3e50a6e38974889a0d3e1c3d6030019e2c94d1,CONTROLLED_TEST_MUTATION,source_type_impersonation,False,True,0.0334,True,0.3059,True,0.0156,True,0.3058,True,0.0072,False,3.4119,EVIDENCE_ROLE_SOURCE_NOT_ALLOWED|OPERATOR_EVIDENCE_UNVERIFIED,b2d83222fe4bab87f393b8e93c8a29f87ac2f8279ebd9de6ca63f25604bbf49f
case-01954,31deb925d8da9c8b545b944b7a323096bb77d717cb52876617c0b21e725ecfda,CONTROLLED_TEST_MUTATION,expired_import,False,True,0.0364,False,0.2597,True,0.0165,False,0.2511,True,0.0103,False,3.462,EVIDENCE_STALE,b2d83222fe4bab87f393b8e93c8a29f87ac2f8279ebd9de6ca63f25604bbf49f
case-01955,2c880e0e9169b64543c475eb5ef2248c1b44980956948dc7ad0706c529d84894,CONTROLLED_TEST_MUTATION,malformed_payload,False,True,0.0338,True,0.3001,True,0.0152,True,0.3006,True,0.0073,False,3.3926,EVIDENCE_PAYLOAD_SCHEMA_INVALID|EVIDENCE_SNAPSHOT_CONFLICT,b2d83222fe4bab87f393b8e93c8a29f87ac2f8279ebd9de6ca63f25604bbf49f
case-01956,efb82a75f18afd7207c3ef98e241e923f3f5a39f7e8fd940424628915b41e352,CONTROLLED_TEST_MUTATION,incomplete_payload,False,True,0.0361,False,0.1464,True,0.016,False,0.1394,True,0.0094,False,3.5061,EVIDENCE_PAYLOAD_INCOMPLETE,b2d83222fe4bab87f393b8e93c8a29f87ac2f8279ebd9de6ca63f25604bbf49f
case-01957,7a76cb805c7baf1e61e76953ed2e807e0a685eb698f10bdedc6ddea8f2e28c02,CONTROLLED_TEST_MUTATION,excluded_ancestor,False,True,0.0339,True,0.308,True,0.0151,False,0.3088,True,0.0062,False,3.4326,REQUIRED_INPUT_EXCLUDED,b2d83222fe4bab87f393b8e93c8a29f87ac2f8279ebd9de6ca63f25604bbf49f
case-01958,28781af129b13c8154cea3f5ae225c9fa56718bd41eb0581c0e458a8ab28c8a6,CONTROLLED_TEST_MUTATION,snapshot_score_conflict,False,True,0.0366,True,0.3106,True,0.0161,True,0.3069,True,0.0093,False,3.4626,EVIDENCE_SNAPSHOT_CONFLICT,b2d83222fe4bab87f393b8e93c8a29f87ac2f8279ebd9de6ca63f25604bbf49f
case-01959,e57105cfd1d9f1b212f0fb842eb9132c62b8a10d03f5d4361a2416591fc2849b,CONTROLLED_TEST_MUTATION,excluded_ancestor,False,True,0.0332,True,0.305,True,0.0152,False,0.3071,True,0.0061,False,3.4602,REQUIRED_INPUT_EXCLUDED,b2d83222fe4bab87f393b8e93c8a29f87ac2f8279ebd9de6ca63f25604bbf49f
case-01960,96df0b32f2be6b9aa996ae766ca4cade97fe44b5217516afc24c3b6c9d275699,CONTROLLED_TEST_MUTATION,wrong_context,False,True,0.0363,True,0.3315,True,0.0165,True,0.3064,True,0.0089,False,3.5574,EVIDENCE_CONTEXT_MISMATCH,b2d83222fe4bab87f393b8e93c8a29f87ac2f8279ebd9de6ca63f25604bbf49f
case-01961,5bc3935068b1277ffb94c314310b435acbeb5f1252ce58bc46d78d754a44f5c9,CONTROLLED_TEST_MUTATION,unknown_source,False,True,0.0339,True,0.3043,True,0.0154,True,0.3088,True,0.0074,False,3.7212,EVIDENCE_ROLE_SOURCE_NOT_ALLOWED|EVIDENCE_SOURCE_ID_UNKNOWN|EVIDENCE_SOURCE_POLICY_MISSING,b2d83222fe4bab87f393b8e93c8a29f87ac2f8279ebd9de6ca63f25604bbf49f
case-01962,8192e6b9d2bc7ffa17815a261a65b9a3ce02e02274dbe96aea2d0801e84acfe9,CLEAN_TEST_FIXTURE,none,True,True,0.0367,True,0.3185,True,0.0167,True,0.3392,True,0.0094,True,3.6304,ALL_REQUIRED_EVIDENCE_TRUSTWORTHY,b2d83222fe4bab87f393b8e93c8a29f87ac2f8279ebd9de6ca63f25604bbf49f
case-01963,0e9f857f8db29fe1eebd2169856bbae08b48650508527d452a367b2cfe0275a9,CONTROLLED_TEST_MUTATION,unavailable_record,False,True,0.0339,False,0.3114,True,0.016,False,0.2835,True,0.008,False,4.3566,EVIDENCE_LINEAGE_INCOMPLETE|EVIDENCE_UNAVAILABLE,b2d83222fe4bab87f393b8e93c8a29f87ac2f8279ebd9de6ca63f25604bbf49f
case-01964,a439153ae13eb53df6181c85b6fe8bb22d5615fb19b1db9e00cf775bb33a2143,CONTROLLED_TEST_MUTATION,wrong_context,False,True,0.0352,True,0.3374,True,0.0165,True,0.3161,True,0.008,False,3.6627,EVIDENCE_CONTEXT_MISMATCH,b2d83222fe4bab87f393b8e93c8a29f87ac2f8279ebd9de6ca63f25604bbf49f
case-01965,4a04166f813cd3d746ffb8895529328da95b8d883f858621ab4ffdecddf25fde,CONTROLLED_TEST_MUTATION,role_conflict,False,True,0.038,True,0.4189,True,0.0171,False,0.3397,True,0.0069,False,4.6107,EVIDENCE_ROLE_CONFLICT,b2d83222fe4bab87f393b8e93c8a29f87ac2f8279ebd9de6ca63f25604bbf49f
case-01966,3ac9dd0bcdc07f16b31233c1fcfa2625b5b04c21b4166ccd3510743891c2c333,CONTROLLED_TEST_MUTATION,lineage_cycle,False,True,0.0355,True,0.3157,True,0.0162,True,0.3177,False,0.008,False,3.5509,EVIDENCE_LINEAGE_INVALID,b2d83222fe4bab87f393b8e93c8a29f87ac2f8279ebd9de6ca63f25604bbf49f
case-01967,f8e1037bd115f08be9b172d27f76d31e8342c11cb9887056e71aa8854afa108c,CONTROLLED_TEST_MUTATION,root_signature_tamper_after_seal,False,True,0.0343,True,0.3165,True,0.0161,True,0.4326,True,0.0084,False,4.3743,EVIDENCE_ROOT_INVALID,b2d83222fe4bab87f393b8e93c8a29f87ac2f8279ebd9de6ca63f25604bbf49f
case-01968,662876b0d931ce7ec7cef8cd88c71f1d02bfd813e91f03b5ab23f4f29c4daa12,CONTROLLED_TEST_MUTATION,wrong_context,False,True,0.035,True,0.317,True,0.0163,True,0.3153,True,0.0079,False,3.5012,EVIDENCE_CONTEXT_MISMATCH,b2d83222fe4bab87f393b8e93c8a29f87ac2f8279ebd9de6ca63f25604bbf49f
case-01969,bc5e1f931a14b12079b77a648849b0f561e69937f5d058d528cac83309e18da6,CONTROLLED_TEST_MUTATION,snapshot_score_conflict,False,True,0.0347,True,0.3174,True,0.0265,True,1.3745,True,0.0133,False,3.5617,EVIDENCE_SNAPSHOT_CONFLICT,b2d83222fe4bab87f393b8e93c8a29f87ac2f8279ebd9de6ca63f25604bbf49f
case-01970,39c852885abae0201a28948bf6a38446c1241027d1af2075e6e74bdaaa41b722,CLEAN_TEST_FIXTURE,none,True,True,0.0342,True,0.3066,True,0.0158,True,0.3059,True,0.0076,True,3.4147,ALL_REQUIRED_EVIDENCE_TRUSTWORTHY,b2d83222fe4bab87f393b8e93c8a29f87ac2f8279ebd9de6ca63f25604bbf49f
case-01971,34da12b27ea77b22d91a450578b44405bf9c31d948a21644166bd871214572c7,CLEAN_TEST_FIXTURE,none,True,True,0.0627,True,0.9239,True,0.0423,True,0.3967,True,0.0105,True,3.6035,ALL_REQUIRED_EVIDENCE_TRUSTWORTHY,b2d83222fe4bab87f393b8e93c8a29f87ac2f8279ebd9de6ca63f25604bbf49f
case-01972,853136083b72c1ccc51851148beb8d0fdc2e3c171cf29c0ffc56c3fb94afe393,CONTROLLED_TEST_MUTATION,unknown_source,False,True,0.0342,True,0.3791,True,0.0152,True,0.3084,True,0.0073,False,3.502,EVIDENCE_ROLE_SOURCE_NOT_ALLOWED|EVIDENCE_SOURCE_ID_UNKNOWN|EVIDENCE_SOURCE_POLICY_MISSING,b2d83222fe4bab87f393b8e93c8a29f87ac2f8279ebd9de6ca63f25604bbf49f
case-01973,5231db75d5957f2d786a8804fadd217852cc37336d10f9440ff496f34da563c0,CONTROLLED_TEST_MUTATION,payload_tamper_after_seal,False,True,0.0381,False,0.0865,True,0.0164,False,0.0803,True,0.0095,False,3.6017,CHECKSUM_INVALID|EVIDENCE_ROOT_INVALID|EVIDENCE_SNAPSHOT_CONFLICT|RECORD_ENVELOPE_INVALID,b2d83222fe4bab87f393b8e93c8a29f87ac2f8279ebd9de6ca63f25604bbf49f
case-01974,1862114879aae16715bf44d43b4eed0214d360b1f97189439864587bd68e691e,CONTROLLED_TEST_MUTATION,unknown_source,False,True,0.0334,True,0.3055,True,0.0154,True,0.3297,True,0.0074,False,3.4759,EVIDENCE_ROLE_SOURCE_NOT_ALLOWED|EVIDENCE_SOURCE_ID_UNKNOWN|EVIDENCE_SOURCE_POLICY_MISSING,b2d83222fe4bab87f393b8e93c8a29f87ac2f8279ebd9de6ca63f25604bbf49f
case-01975,20e8a350513c6fb82d1aa2d7ee1f7f85e3ca4ea447773f4839c81f5d8841cb19,CONTROLLED_TEST_MUTATION,expired_import,False,True,0.0393,False,0.2833,True,0.0172,False,0.262,True,0.0105,False,3.6333,EVIDENCE_STALE,b2d83222fe4bab87f393b8e93c8a29f87ac2f8279ebd9de6ca63f25604bbf49f
case-01976,ddb53952d3da13928fe7d38d4fd55b00d93b1192be19c031d88764bc8100a508,CONTROLLED_TEST_MUTATION,role_conflict,False,True,0.046,True,0.3292,True,0.0163,False,0.3255,True,0.0065,False,3.8749,EVIDENCE_ROLE_CONFLICT,b2d83222fe4bab87f393b8e93c8a29f87ac2f8279ebd9de6ca63f25604bbf49f
case-01977,05a09319e8edde2e164136d4a298c2a274721ce1106148baef300f46e076a123,CONTROLLED_TEST_MUTATION,wrong_context,False,True,0.0381,True,0.3261,True,0.0169,True,0.3451,True,0.0095,False,3.6796,EVIDENCE_CONTEXT_MISMATCH,b2d83222fe4bab87f393b8e93c8a29f87ac2f8279ebd9de6ca63f25604bbf49f
case-01978,f80d4443ae37d80e06b1f798f3a3d11c173bbb3ee1a71fb966bb307e6085c50c,CONTROLLED_TEST_MUTATION,empty_payload,False,False,0.0378,False,0.0304,True,0.0131,False,0.0429,True,0.0059,False,3.8164,EVIDENCE_PAYLOAD_EMPTY|EVIDENCE_PAYLOAD_SCHEMA_INVALID|EVIDENCE_SNAPSHOT_CONFLICT,b2d83222fe4bab87f393b8e93c8a29f87ac2f8279ebd9de6ca63f25604bbf49f
case-01979,cba3311e5249453b7ebda8b8503f6fd8066e92d53319c7b9e39abb8daba8ae08,CONTROLLED_TEST_MUTATION,source_type_impersonation,False,True,0.0364,True,0.3246,True,0.017,True,0.3193,True,0.0082,False,3.5762,EVIDENCE_ROLE_SOURCE_NOT_ALLOWED|OPERATOR_EVIDENCE_UNVERIFIED,b2d83222fe4bab87f393b8e93c8a29f87ac2f8279ebd9de6ca63f25604bbf49f
case-01980,3661f61ca5f3e2b756d37422a38331d1da4f1b0cf6b042923f0dde781f51747c,CLEAN_TEST_FIXTURE,none,True,True,0.0543,True,0.3169,True,0.0163,True,0.3164,True,0.008,True,4.1248,ALL_REQUIRED_EVIDENCE_TRUSTWORTHY,b2d83222fe4bab87f393b8e93c8a29f87ac2f8279ebd9de6ca63f25604bbf49f
case-01981,ed79d868264265a6a0bd3a4efbfdaf6f64d60f435e837c19e8f045cc0282507f,CONTROLLED_TEST_MUTATION,missing_direct_role,False,False,0.0185,False,0.0137,True,0.0147,False,0.0246,True,0.0063,False,3.0602,REQUIRED_ROLE_MISSING,b2d83222fe4bab87f393b8e93c8a29f87ac2f8279ebd9de6ca63f25604bbf49f
case-01982,297636b9bd23788391ab6d062755e5cb85a83bc6c96c899093cd8411bddde803,CLEAN_TEST_FIXTURE,none,True,True,0.0338,True,0.3072,True,0.0154,True,0.3079,True,0.0075,True,3.4244,ALL_REQUIRED_EVIDENCE_TRUSTWORTHY,b2d83222fe4bab87f393b8e93c8a29f87ac2f8279ebd9de6ca63f25604bbf49f
case-01983,89c1dff19c45b9c02d08af84b9437b6ccb3838aeb8f65b192f394628b14e22b7,CONTROLLED_TEST_MUTATION,snapshot_score_conflict,False,True,0.0515,True,0.401,True,0.0168,True,0.3116,True,0.0094,False,3.577,EVIDENCE_SNAPSHOT_CONFLICT,b2d83222fe4bab87f393b8e93c8a29f87ac2f8279ebd9de6ca63f25604bbf49f
case-01984,f5198b1eb6a9d8007426eaf1d31c7d10e7e1dfeab54460a46c3e401c30e3b260,CONTROLLED_TEST_MUTATION,expired_import,False,True,0.0333,False,0.2549,True,0.0153,False,0.2529,True,0.0077,False,3.7075,EVIDENCE_STALE,b2d83222fe4bab87f393b8e93c8a29f87ac2f8279ebd9de6ca63f25604bbf49f
case-01985,d794a24a71e166f974c4a8c63893c01310a3257141655334a8c381c8fa527f1a,CONTROLLED_TEST_MUTATION,unavailable_record,False,True,0.0507,False,0.3691,True,0.0167,False,0.274,True,0.0109,False,3.488,EVIDENCE_LINEAGE_INCOMPLETE|EVIDENCE_UNAVAILABLE,b2d83222fe4bab87f393b8e93c8a29f87ac2f8279ebd9de6ca63f25604bbf49f
case-01986,03b5fe198f4238200302f4cdd65f6f4cbf19503592e535549075d161f73f53fb,CONTROLLED_TEST_MUTATION,snapshot_score_conflict,False,True,0.0337,True,0.3062,True,0.0155,True,0.3073,True,0.0074,False,3.9151,EVIDENCE_SNAPSHOT_CONFLICT,b2d83222fe4bab87f393b8e93c8a29f87ac2f8279ebd9de6ca63f25604bbf49f
case-01987,c6c7b704fb8d96a39266d9737eac2489f96f4e7e9bde18c52a94bc17767e1bce,CLEAN_TEST_FIXTURE,none,True,True,0.0362,True,0.3183,True,0.0166,True,0.3192,True,0.0092,True,3.5627,ALL_REQUIRED_EVIDENCE_TRUSTWORTHY,b2d83222fe4bab87f393b8e93c8a29f87ac2f8279ebd9de6ca63f25604bbf49f
case-01988,ee047c157bfe8c38ce70ce2d3792020e45aee0aefdc7e0c1e07f134a0d7593fe,CONTROLLED_TEST_MUTATION,future_timestamp,False,True,0.0342,False,0.2856,True,0.0158,False,0.2841,True,0.0077,False,4.5641,EVIDENCE_FRESHNESS_UNKNOWN|EVIDENCE_TIMESTAMP_IN_FUTURE,b2d83222fe4bab87f393b8e93c8a29f87ac2f8279ebd9de6ca63f25604bbf49f
case-01989,2d1873a836644634e45e21fd087ab153a1d14c98317b81bc7b1410815fc65ca5,CONTROLLED_TEST_MUTATION,snapshot_score_conflict,False,True,0.0348,True,0.308,True,0.0159,True,0.3076,True,0.0079,False,3.5589,EVIDENCE_SNAPSHOT_CONFLICT,b2d83222fe4bab87f393b8e93c8a29f87ac2f8279ebd9de6ca63f25604bbf49f
case-01990,6f22b2e1a3ce138b50aeb63595fce7aa1ccf2617ad1a3f9fe5f005b08b02e8f8,CLEAN_TEST_FIXTURE,none,True,True,0.0335,True,0.3075,True,0.0155,True,0.3091,True,0.0075,True,4.8115,ALL_REQUIRED_EVIDENCE_TRUSTWORTHY,b2d83222fe4bab87f393b8e93c8a29f87ac2f8279ebd9de6ca63f25604bbf49f
case-01991,bb4fc2bb06044764b4463cd0d5b895cc0d0b292337e9e9f3af819f62848dcebc,CONTROLLED_TEST_MUTATION,broken_lineage,False,True,0.0344,True,0.3108,True,0.0158,True,0.3146,True,0.0078,False,3.458,EVIDENCE_LINEAGE_INVALID,b2d83222fe4bab87f393b8e93c8a29f87ac2f8279ebd9de6ca63f25604bbf49f
case-01992,3895a7c0710428aa141c119b88dc6cb2c77e89324ebd807c46ce64f1d328e1c9,CONTROLLED_TEST_MUTATION,expired_import,False,True,0.0337,False,0.258,True,0.0155,False,0.3671,True,0.0086,False,4.6133,EVIDENCE_STALE,b2d83222fe4bab87f393b8e93c8a29f87ac2f8279ebd9de6ca63f25604bbf49f
case-01993,3158d6474a5a32637ac7c861920f3ebcb2456e597e87fd2bcc5f0d51d1e2e1ca,CONTROLLED_TEST_MUTATION,snapshot_score_conflict,False,True,0.0341,True,0.3326,True,0.0159,True,0.3067,True,0.0078,False,3.5354,EVIDENCE_SNAPSHOT_CONFLICT,b2d83222fe4bab87f393b8e93c8a29f87ac2f8279ebd9de6ca63f25604bbf49f
case-01994,b4611bde15559d3b85594138d365a902379d12458e9d94d6e029308a1a2ea15d,CONTROLLED_TEST_MUTATION,lineage_cycle,False,True,0.0335,True,0.3082,True,0.0154,True,0.3076,True,0.0075,False,4.4466,EVIDENCE_LINEAGE_INVALID,b2d83222fe4bab87f393b8e93c8a29f87ac2f8279ebd9de6ca63f25604bbf49f
case-01995,7e81d6516a830fbbdffe9c3b11abb59316d003f85f3c5ae9160eb5bf8854511e,CONTROLLED_TEST_MUTATION,snapshot_score_conflict,False,True,0.0349,True,0.3124,True,0.0159,True,0.3072,True,0.0078,False,3.4588,EVIDENCE_SNAPSHOT_CONFLICT,b2d83222fe4bab87f393b8e93c8a29f87ac2f8279ebd9de6ca63f25604bbf49f
case-01996,b3b14096ed2554e13f328f950e931bb349f5c53bccb7f0f8361fee8800740618,CONTROLLED_TEST_MUTATION,unknown_source,False,True,0.0365,True,0.3266,True,0.0161,True,1.3871,True,0.0134,False,3.6211,EVIDENCE_ROLE_SOURCE_NOT_ALLOWED|EVIDENCE_SOURCE_ID_UNKNOWN|EVIDENCE_SOURCE_POLICY_MISSING,b2d83222fe4bab87f393b8e93c8a29f87ac2f8279ebd9de6ca63f25604bbf49f
case-01997,61d2fff295a1b3a628ad09d1e13056dd979433b74309885f33228d67d4e6f2a0,CONTROLLED_TEST_MUTATION,broken_lineage,False,True,0.0342,True,0.3085,True,0.0156,True,0.3076,True,0.0073,False,3.4321,EVIDENCE_LINEAGE_INVALID,b2d83222fe4bab87f393b8e93c8a29f87ac2f8279ebd9de6ca63f25604bbf49f
case-01998,49314702fa715fb112b0c5d8e8ff1ff2e22669edbce09c8798de1a7dad5d9ecb,CONTROLLED_TEST_MUTATION,missing_direct_role,False,False,0.0225,False,0.017,True,0.0181,False,0.0275,True,0.007,False,3.8836,REQUIRED_ROLE_MISSING,b2d83222fe4bab87f393b8e93c8a29f87ac2f8279ebd9de6ca63f25604bbf49f
case-01999,10fb73249405a793d19391952109700b0c953170657cbce24a54bc0806a081fa,CONTROLLED_TEST_MUTATION,wrong_context,False,True,0.0347,True,0.3329,True,0.0157,True,0.3097,True,0.0077,False,3.5666,EVIDENCE_CONTEXT_MISMATCH,b2d83222fe4bab87f393b8e93c8a29f87ac2f8279ebd9de6ca63f25604bbf49f
case-02000,2ed75003c4e6dd4477b59b8c381b695a0701d7c7a5b9876c0f3c1491d6e9bf9c,CONTROLLED_TEST_MUTATION,wrong_context,False,True,0.0567,True,0.7423,True,0.0406,True,0.6488,True,0.0206,False,3.661,EVIDENCE_CONTEXT_MISMATCH,b2d83222fe4bab87f393b8e93c8a29f87ac2f8279ebd9de6ca63f25604bbf49f
case-02001,c4ca821568c0dab30ce41eadd7109bc1d28ab956bc83f204e4cab321c3d3f751,CONTROLLED_TEST_MUTATION,missing_direct_role,False,False,0.0177,False,0.0132,True,0.014,False,0.0242,True,0.0054,False,3.0857,REQUIRED_ROLE_MISSING,b2d83222fe4bab87f393b8e93c8a29f87ac2f8279ebd9de6ca63f25604bbf49f
case-02002,00a640c0200aa94e2ba4967813ce2400c630eb72c0ddd979c99444f4a026df6f,CLEAN_TEST_FIXTURE,none,True,True,0.034,True,0.3076,True,0.0152,True,0.3081,True,0.0075,True,4.5799,ALL_REQUIRED_EVIDENCE_TRUSTWORTHY,b2d83222fe4bab87f393b8e93c8a29f87ac2f8279ebd9de6ca63f25604bbf49f
case-02003,680429de7063781c69b32d5fa8bd38727f9fdd613e36d699e3256013ef5e4bb1,CONTROLLED_TEST_MUTATION,broken_lineage,False,True,0.035,True,0.313,True,0.0159,True,0.3133,True,0.0081,False,3.5229,EVIDENCE_LINEAGE_INVALID,b2d83222fe4bab87f393b8e93c8a29f87ac2f8279ebd9de6ca63f25604bbf49f
case-02004,d1505b0052c542279e138ee1e6555c4d863cf128ecdb8f0bc76365511e3394ce,CONTROLLED_TEST_MUTATION,missing_direct_role,False,False,0.0182,False,0.0135,True,0.014,False,0.0252,True,0.0055,False,4.4828,REQUIRED_ROLE_MISSING,b2d83222fe4bab87f393b8e93c8a29f87ac2f8279ebd9de6ca63f25604bbf49f
case-02005,f68fbd9ca8e340dbe7cb93ef7d5d2675e41f9858e61f9264879f38c973ebef8f,CONTROLLED_TEST_MUTATION,broken_lineage,False,True,0.0362,True,0.3403,True,0.0168,True,0.3427,True,0.0084,False,3.8302,EVIDENCE_LINEAGE_INVALID,b2d83222fe4bab87f393b8e93c8a29f87ac2f8279ebd9de6ca63f25604bbf49f
case-02006,1e33ba984ee0d14c9417bc44495404706f0444771f5b8f0f78b010d2f6bd6ea5,CONTROLLED_TEST_MUTATION,unknown_source,False,True,0.0411,True,0.9287,True,0.0319,True,0.353,True,0.0105,False,3.5068,EVIDENCE_ROLE_SOURCE_NOT_ALLOWED|EVIDENCE_SOURCE_ID_UNKNOWN|EVIDENCE_SOURCE_POLICY_MISSING,b2d83222fe4bab87f393b8e93c8a29f87ac2f8279ebd9de6ca63f25604bbf49f
case-02007,afb500f4aa66b5f136c555a9d1b7276223987b77d3f4367919fb9bace2dd6329,CONTROLLED_TEST_MUTATION,missing_direct_role,False,False,0.0175,False,0.0134,True,0.0136,False,0.0247,True,0.0052,False,3.0082,REQUIRED_ROLE_MISSING,b2d83222fe4bab87f393b8e93c8a29f87ac2f8279ebd9de6ca63f25604bbf49f
case-02008,1ae0c88f25775292c8aeb3052f7044ae1df0b2e201cbbfb7aa34023b7a2aa899,CONTROLLED_TEST_MUTATION,stale_live_observation,False,True,0.0337,False,0.2796,True,0.0154,False,0.4491,True,0.0085,False,4.8266,EVIDENCE_STALE,b2d83222fe4bab87f393b8e93c8a29f87ac2f8279ebd9de6ca63f25604bbf49f
case-02009,3adc9357509074686d8a28843d11cdd69aadba55d98f2fd3069978241be2c324,CONTROLLED_TEST_MUTATION,unavailable_record,False,True,0.0349,False,0.3023,True,0.0162,False,0.2732,True,0.0084,False,3.5116,EVIDENCE_LINEAGE_INCOMPLETE|EVIDENCE_UNAVAILABLE,b2d83222fe4bab87f393b8e93c8a29f87ac2f8279ebd9de6ca63f25604bbf49f
case-02010,ded352210bcc1631387dcdeeace361a44c333e8a8b710eb0d7d4810159a02920,CONTROLLED_TEST_MUTATION,payload_tamper_after_seal,False,True,0.0334,False,0.0874,True,0.0153,False,0.2144,True,0.0107,False,4.2827,CHECKSUM_INVALID|EVIDENCE_ROOT_INVALID|EVIDENCE_SNAPSHOT_CONFLICT|RECORD_ENVELOPE_INVALID,b2d83222fe4bab87f393b8e93c8a29f87ac2f8279ebd9de6ca63f25604bbf49f
case-02011,62d774a1aa2737288a1b913268038a984695addba3ef25791c6fb26a60d386f5,CONTROLLED_TEST_MUTATION,root_signature_tamper_after_seal,False,True,0.035,True,0.3096,True,0.0161,True,0.3109,True,0.0078,False,3.4171,EVIDENCE_ROOT_INVALID,b2d83222fe4bab87f393b8e93c8a29f87ac2f8279ebd9de6ca63f25604bbf49f
case-02012,1b1a6a5328d98fdcba7c3c2ddbab8ddd21d7c0abb4fc91b1659d5d0a6d167007,CONTROLLED_TEST_MUTATION,source_type_impersonation,False,True,0.0776,True,0.8974,True,0.0337,True,0.3571,True,0.0105,False,3.5184,EVIDENCE_ROLE_SOURCE_NOT_ALLOWED|OPERATOR_EVIDENCE_UNVERIFIED,b2d83222fe4bab87f393b8e93c8a29f87ac2f8279ebd9de6ca63f25604bbf49f
case-02013,c1a746e7977e52ad3a43322010f7ecb3d6d90c2ffe1103470328cfed3648d975,CONTROLLED_TEST_MUTATION,payload_tamper_after_seal,False,True,0.0334,False,0.0762,True,0.0149,False,0.079,True,0.0072,False,3.4154,CHECKSUM_INVALID|EVIDENCE_ROOT_INVALID|EVIDENCE_SNAPSHOT_CONFLICT|RECORD_ENVELOPE_INVALID,b2d83222fe4bab87f393b8e93c8a29f87ac2f8279ebd9de6ca63f25604bbf49f
case-02014,834d70f5f21588850d52d5720d7d8efc3363c8034b8ec0d810d19d3c712be8b2,CONTROLLED_TEST_MUTATION,stale_live_observation,False,True,0.0464,False,0.7542,True,0.031,False,0.3322,True,0.0116,False,3.6153,EVIDENCE_STALE,b2d83222fe4bab87f393b8e93c8a29f87ac2f8279ebd9de6ca63f25604bbf49f
case-02015,42c06b197cb111882bc4ee06d0ddba7b984b2fecc1e150ffe9746fbc2e31663d,CLEAN_TEST_FIXTURE,none,True,True,0.0353,True,0.3228,True,0.0164,True,0.3201,True,0.0079,True,3.524,ALL_REQUIRED_EVIDENCE_TRUSTWORTHY,b2d83222fe4bab87f393b8e93c8a29f87ac2f8279ebd9de6ca63f25604bbf49f
case-02016,742dd1a9659afd9280eabffa13a8da7bfd4e86b1b38f62788e9d018dfca7d556,CLEAN_TEST_FIXTURE,none,True,True,0.0436,True,0.3547,True,0.0171,True,0.311,True,0.0103,True,3.5621,ALL_REQUIRED_EVIDENCE_TRUSTWORTHY,b2d83222fe4bab87f393b8e93c8a29f87ac2f8279ebd9de6ca63f25604bbf49f
case-02017,e1244ae1c11f80323b3f459630d5c42cedd4818869b83fa545e8b1bc13be2f48,CONTROLLED_TEST_MUTATION,stale_live_observation,False,True,0.0337,False,0.3012,True,0.0155,False,0.2734,True,0.0075,False,3.596,EVIDENCE_STALE,b2d83222fe4bab87f393b8e93c8a29f87ac2f8279ebd9de6ca63f25604bbf49f
case-02018,2acc95d280035de25bd3baafdf8b85bb4c6650a5f37fc20f4e1f7d6c4771fa3c,CONTROLLED_TEST_MUTATION,broken_lineage,False,True,0.0437,True,0.3931,True,0.0199,True,0.3674,True,0.0093,False,3.5832,EVIDENCE_LINEAGE_INVALID,b2d83222fe4bab87f393b8e93c8a29f87ac2f8279ebd9de6ca63f25604bbf49f
case-02019,6af3a5c32f1726e67458d98edc5371bb84506960ccd7267076c21ccf30dad985,CLEAN_TEST_FIXTURE,none,True,True,0.0343,True,0.3174,True,0.0159,True,0.3156,True,0.0078,True,3.5188,ALL_REQUIRED_EVIDENCE_TRUSTWORTHY,b2d83222fe4bab87f393b8e93c8a29f87ac2f8279ebd9de6ca63f25604bbf49f
case-02020,d76deb4d7a1bc61debd2d3215bd8a0299a9d0172cfa9042f8ea13bcdadc61340,CONTROLLED_TEST_MUTATION,stale_live_observation,False,True,0.0367,False,0.2892,True,0.0165,False,0.2761,True,0.0101,False,3.5604,EVIDENCE_STALE,b2d83222fe4bab87f393b8e93c8a29f87ac2f8279ebd9de6ca63f25604bbf49f
case-02021,d4c69cb56d0e307f21afcb02909a54160417b33030658624c0776fdcc6b112c6,CLEAN_TEST_FIXTURE,none,True,True,0.0334,True,0.3072,True,0.0153,True,0.3055,True,0.0073,True,3.7701,ALL_REQUIRED_EVIDENCE_TRUSTWORTHY,b2d83222fe4bab87f393b8e93c8a29f87ac2f8279ebd9de6ca63f25604bbf49f
case-02022,6e7caa345e64ce4653da90503c3ac5d33b4ac078f3bd57bf2671156a85dc3463,CONTROLLED_TEST_MUTATION,excluded_ancestor,False,True,0.0809,True,0.3665,True,0.0164,False,0.3713,True,0.017,False,3.8093,REQUIRED_INPUT_EXCLUDED,b2d83222fe4bab87f393b8e93c8a29f87ac2f8279ebd9de6ca63f25604bbf49f
case-02023,d30f870ef7ab727763995f5eb6d891fd4b5a8ebdefefd05f7a8c548c9095a027,CLEAN_TEST_FIXTURE,none,True,True,0.0336,True,0.31,True,0.0156,True,0.375,True,0.0074,True,3.6631,ALL_REQUIRED_EVIDENCE_TRUSTWORTHY,b2d83222fe4bab87f393b8e93c8a29f87ac2f8279ebd9de6ca63f25604bbf49f
case-02024,05029552f4d50ee929dab8e97911c8047f689fdf510e72ce7bf17a676bc07053,CONTROLLED_TEST_MUTATION,missing_lineage,False,True,0.0349,True,0.3077,True,0.0161,True,0.3072,True,0.0077,False,3.448,EVIDENCE_LINEAGE_INCOMPLETE,b2d83222fe4bab87f393b8e93c8a29f87ac2f8279ebd9de6ca63f25604bbf49f
case-02025,39ec31b728c9ed96e887bc70cc624a7ff393f7dd0a1c04cc65469abea1a5216a,CLEAN_TEST_FIXTURE,none,True,True,0.0342,True,0.3182,True,0.0158,True,0.3175,True,0.0076,True,4.3257,ALL_REQUIRED_EVIDENCE_TRUSTWORTHY,b2d83222fe4bab87f393b8e93c8a29f87ac2f8279ebd9de6ca63f25604bbf49f
case-02026,025dbbdfd00ed67b1a4d91ee3a87eb99f883dce07673e4b27d3613af6369e025,CONTROLLED_TEST_MUTATION,unavailable_record,False,True,0.0345,False,0.2811,True,0.0159,False,0.272,True,0.0181,False,3.5234,EVIDENCE_LINEAGE_INCOMPLETE|EVIDENCE_UNAVAILABLE,b2d83222fe4bab87f393b8e93c8a29f87ac2f8279ebd9de6ca63f25604bbf49f
case-02027,6b6372bbedf54634e16c8d38a5f2ac25bf8517589ed1718119c182e064816645,CLEAN_TEST_FIXTURE,none,True,True,0.0334,True,0.309,True,0.0154,True,0.3305,True,0.0074,True,4.4229,ALL_REQUIRED_EVIDENCE_TRUSTWORTHY,b2d83222fe4bab87f393b8e93c8a29f87ac2f8279ebd9de6ca63f25604bbf49f
case-02028,2e6046c5b9deb0a1dffb2a3e844d030cb20d245729de75453f136ded8b066191,CONTROLLED_TEST_MUTATION,wrong_context,False,True,0.0355,True,0.3203,True,0.0165,True,0.3402,True,0.008,False,3.642,EVIDENCE_CONTEXT_MISMATCH,b2d83222fe4bab87f393b8e93c8a29f87ac2f8279ebd9de6ca63f25604bbf49f
case-02029,dca0aba3cb78286c4068872daf13db9f7427c4724e988a6f4b9b10cb4cf33b1e,CONTROLLED_TEST_MUTATION,missing_direct_role,False,False,0.0186,False,0.0137,True,0.0141,False,0.0251,True,0.0054,False,4.2476,REQUIRED_ROLE_MISSING,b2d83222fe4bab87f393b8e93c8a29f87ac2f8279ebd9de6ca63f25604bbf49f
case-02030,099f2cce99d2d84a68d7b59549811467956271f1a350ed413ee22eca48c456d0,CONTROLLED_TEST_MUTATION,unknown_source,False,True,0.0365,True,0.32,True,0.0166,True,0.3211,True,0.0084,False,3.5544,EVIDENCE_ROLE_SOURCE_NOT_ALLOWED|EVIDENCE_SOURCE_ID_UNKNOWN|EVIDENCE_SOURCE_POLICY_MISSING,b2d83222fe4bab87f393b8e93c8a29f87ac2f8279ebd9de6ca63f25604bbf49f
case-02031,b021c95a845a916d78d6a2945f19bde1e2d979f5d9a11496fdbc39ed22fd806a,CONTROLLED_TEST_MUTATION,root_signature_tamper_after_seal,False,True,0.034,True,0.3159,True,0.0158,True,0.3158,True,0.0077,False,4.5051,EVIDENCE_ROOT_INVALID,b2d83222fe4bab87f393b8e93c8a29f87ac2f8279ebd9de6ca63f25604bbf49f
case-02032,26990c263807a586ffa442df4af594934829b6ca23fab278e77c7ccab56a5ed5,CONTROLLED_TEST_MUTATION,incomplete_payload,False,True,0.0374,False,0.1594,True,0.0163,False,0.1608,True,0.0086,False,3.8455,EVIDENCE_PAYLOAD_INCOMPLETE,b2d83222fe4bab87f393b8e93c8a29f87ac2f8279ebd9de6ca63f25604bbf49f
case-02033,a91236e3592d14c1d67fe5baf3ef6d096f7f4d3097c03d6d8eeebe273ff6fd60,CLEAN_TEST_FIXTURE,none,True,True,0.0344,True,0.3153,True,0.0157,True,0.3155,True,0.0076,True,4.637,ALL_REQUIRED_EVIDENCE_TRUSTWORTHY,b2d83222fe4bab87f393b8e93c8a29f87ac2f8279ebd9de6ca63f25604bbf49f
case-02034,6c7c95c8f52be9a0ed037bca16badc3c392d22f2fc9e95a8e4ed6f576025fb11,CONTROLLED_TEST_MUTATION,unavailable_record,False,True,0.0355,False,0.2877,True,0.0166,False,0.2799,True,0.0085,False,3.5057,EVIDENCE_LINEAGE_INCOMPLETE|EVIDENCE_UNAVAILABLE,b2d83222fe4bab87f393b8e93c8a29f87ac2f8279ebd9de6ca63f25604bbf49f
case-02035,7c44d55254265e3358623ffc1e0c6eb6a83dd143cf7fc662498c47478f5334e1,CONTROLLED_TEST_MUTATION,missing_direct_role,False,False,0.018,False,0.0136,True,0.0138,False,0.0247,True,0.0054,False,4.2027,REQUIRED_ROLE_MISSING,b2d83222fe4bab87f393b8e93c8a29f87ac2f8279ebd9de6ca63f25604bbf49f
case-02036,2fd79ac00ebd8d06e38d5b8512e768f7f1d4e24d5221ca8d56ec231367676369,CONTROLLED_TEST_MUTATION,missing_direct_role,False,False,0.0183,False,0.0135,True,0.0147,False,0.0244,True,0.006,False,3.0286,REQUIRED_ROLE_MISSING,b2d83222fe4bab87f393b8e93c8a29f87ac2f8279ebd9de6ca63f25604bbf49f
case-02037,1d9ea496aeae7557a4b4e1af9786ccf2dd9d33b5adb85b64dc59930282ece102,CONTROLLED_TEST_MUTATION,root_signature_tamper_after_seal,False,True,0.0344,True,0.3096,True,0.0156,True,0.3099,True,0.0075,False,4.3132,EVIDENCE_ROOT_INVALID,b2d83222fe4bab87f393b8e93c8a29f87ac2f8279ebd9de6ca63f25604bbf49f
case-02038,b1d912ce92f6ecbabb5c8927f2b5d2afdeffbd778d76d976238fc1758a055e20,CONTROLLED_TEST_MUTATION,expired_import,False,True,0.0355,False,0.2636,True,0.0163,False,0.2574,True,0.0085,False,3.5501,EVIDENCE_STALE,b2d83222fe4bab87f393b8e93c8a29f87ac2f8279ebd9de6ca63f25604bbf49f
case-02039,bf17e77091087db4b8eee4b07f96215d7a224c53512ad69c61d19173bb6e052a,CONTROLLED_TEST_MUTATION,wrong_context,False,True,0.0346,True,0.3173,True,0.016,True,0.3183,True,0.0075,False,4.6847,EVIDENCE_CONTEXT_MISMATCH,b2d83222fe4bab87f393b8e93c8a29f87ac2f8279ebd9de6ca63f25604bbf49f
case-02040,3372ec538b6b87d7f8b52cbe3e380ab0a306598e95a7d4eb5f5900333cc6dc98,CONTROLLED_TEST_MUTATION,future_timestamp,False,True,0.0346,False,0.2794,True,0.016,False,0.2725,True,0.0085,False,3.4674,EVIDENCE_FRESHNESS_UNKNOWN|EVIDENCE_TIMESTAMP_IN_FUTURE,b2d83222fe4bab87f393b8e93c8a29f87ac2f8279ebd9de6ca63f25604bbf49f
case-02041,c5c0a20e77273bb22ebb81f7a0932931919ee96646b8ed2400ebf1e531e238a2,CONTROLLED_TEST_MUTATION,empty_payload,False,False,0.0356,False,0.0281,True,0.0125,False,0.0401,True,0.0054,False,4.5827,EVIDENCE_PAYLOAD_EMPTY|EVIDENCE_PAYLOAD_SCHEMA_INVALID|EVIDENCE_SNAPSHOT_CONFLICT,b2d83222fe4bab87f393b8e93c8a29f87ac2f8279ebd9de6ca63f25604bbf49f
case-02042,1dfb098987119436202ccef4e0619898263a6229f58fea0e5f336653afcecf70,CLEAN_TEST_FIXTURE,none,True,True,0.0351,True,0.3081,True,0.016,True,0.3064,True,0.0093,True,3.4563,ALL_REQUIRED_EVIDENCE_TRUSTWORTHY,b2d83222fe4bab87f393b8e93c8a29f87ac2f8279ebd9de6ca63f25604bbf49f
case-02043,14489da0cc1b00dc0156bfa2d4b812c667aa1a836cd88e9e360ac9ab01d07489,CONTROLLED_TEST_MUTATION,broken_lineage,False,True,0.0346,True,0.3313,True,0.0161,True,0.333,True,0.0076,False,4.5133,EVIDENCE_LINEAGE_INVALID,b2d83222fe4bab87f393b8e93c8a29f87ac2f8279ebd9de6ca63f25604bbf49f
case-02044,5468af438d577babe036f0612f515d28d5ea9bcdea02892d75af7ab8ba62ec12,CLEAN_TEST_FIXTURE,none,True,True,0.0348,True,0.311,True,0.016,True,0.3093,True,0.0081,True,3.4243,ALL_REQUIRED_EVIDENCE_TRUSTWORTHY,b2d83222fe4bab87f393b8e93c8a29f87ac2f8279ebd9de6ca63f25604bbf49f
case-02045,c0641f31a739db8d29d786f7aa1e840709549108ee057680aaad60c02e2be1ed,CONTROLLED_TEST_MUTATION,excluded_ancestor,False,True,0.0332,True,0.3058,True,0.0156,False,0.5005,True,0.0064,False,4.4965,REQUIRED_INPUT_EXCLUDED,b2d83222fe4bab87f393b8e93c8a29f87ac2f8279ebd9de6ca63f25604bbf49f
case-02046,84f0c46738bd4cd9fdf0dc60175a136d37f41f5bfc7c4ff81598762ee30e9b2e,CONTROLLED_TEST_MUTATION,source_type_impersonation,False,True,0.0343,True,0.3099,True,0.0161,True,0.3118,True,0.0081,False,3.5365,EVIDENCE_ROLE_SOURCE_NOT_ALLOWED|OPERATOR_EVIDENCE_UNVERIFIED,b2d83222fe4bab87f393b8e93c8a29f87ac2f8279ebd9de6ca63f25604bbf49f
case-02047,c4db2fe68dece2b28176d644a060f9b1eae1c9783d3d90c8ceea25af6eea2d2e,CONTROLLED_TEST_MUTATION,source_type_impersonation,False,True,0.0457,True,0.3205,True,0.0154,True,0.3225,True,0.0076,False,4.3012,EVIDENCE_ROLE_SOURCE_NOT_ALLOWED|OPERATOR_EVIDENCE_UNVERIFIED,b2d83222fe4bab87f393b8e93c8a29f87ac2f8279ebd9de6ca63f25604bbf49f
case-02048,a7b40c8889f531b6061485abf4bd37ffd0c9d87bcc7a6940787e4241c3c1d47b,CLEAN_TEST_FIXTURE,none,True,True,0.034,True,0.3101,True,0.0156,True,0.3091,True,0.008,True,3.4338,ALL_REQUIRED_EVIDENCE_TRUSTWORTHY,b2d83222fe4bab87f393b8e93c8a29f87ac2f8279ebd9de6ca63f25604bbf49f
case-02049,7ffd3c4665eee357a59c607bdde55c5ea1345ebc2ce8cfb4b82d57a5c7285384,CLEAN_TEST_FIXTURE,none,True,True,0.0339,True,0.9299,True,0.0501,True,0.5096,True,0.0107,True,3.5886,ALL_REQUIRED_EVIDENCE_TRUSTWORTHY,b2d83222fe4bab87f393b8e93c8a29f87ac2f8279ebd9de6ca63f25604bbf49f
case-02050,5005c98cf9426a97974226db276ec10e31b8b1ea7568c49b5185f6c123aca997,CONTROLLED_TEST_MUTATION,malformed_payload,False,True,0.0328,True,0.3107,True,0.0248,True,0.3005,True,0.0073,False,3.4581,EVIDENCE_PAYLOAD_SCHEMA_INVALID|EVIDENCE_SNAPSHOT_CONFLICT,b2d83222fe4bab87f393b8e93c8a29f87ac2f8279ebd9de6ca63f25604bbf49f
case-02051,78819a16ec9ec2d21bb3a227526b5b54f140385dc9b6444c7ea05d76f0344d86,CONTROLLED_TEST_MUTATION,lineage_cycle,False,True,0.0608,True,0.6086,True,0.0217,True,0.4027,True,0.0114,False,3.7605,EVIDENCE_LINEAGE_INVALID,b2d83222fe4bab87f393b8e93c8a29f87ac2f8279ebd9de6ca63f25604bbf49f
case-02052,2759b50e346b2278685b6568fbb221348baef51ce53c538c93b2962fdcee6fa7,CONTROLLED_TEST_MUTATION,malformed_payload,False,True,0.0343,True,0.309,True,0.016,True,0.3315,True,0.0074,False,3.6162,EVIDENCE_PAYLOAD_SCHEMA_INVALID|EVIDENCE_SNAPSHOT_CONFLICT,b2d83222fe4bab87f393b8e93c8a29f87ac2f8279ebd9de6ca63f25604bbf49f
case-02053,d09dbd9d29d0556b528fb441f560456fc6f7551b659dc70f3afc7d549601e347,CONTROLLED_TEST_MUTATION,role_conflict,False,True,0.0437,True,0.3493,True,0.0178,False,0.3381,True,0.0077,False,3.929,EVIDENCE_ROLE_CONFLICT,b2d83222fe4bab87f393b8e93c8a29f87ac2f8279ebd9de6ca63f25604bbf49f
case-02054,7b2ec2b5893cbfc320d1b7e0449a7abcb35d6dc29df86f1972af1847f4af4604,CONTROLLED_TEST_MUTATION,malformed_payload,False,True,0.0347,True,0.3081,True,0.0187,True,0.3118,True,0.0078,False,3.7767,EVIDENCE_PAYLOAD_SCHEMA_INVALID|EVIDENCE_SNAPSHOT_CONFLICT,b2d83222fe4bab87f393b8e93c8a29f87ac2f8279ebd9de6ca63f25604bbf49f
case-02055,4d56cc88bcf492ac0546f1acadf17d0d411844c6dea946dd111b11f944ebeb30,CONTROLLED_TEST_MUTATION,broken_lineage,False,True,0.0368,True,0.3159,True,0.0167,True,0.3093,True,0.0095,False,3.4834,EVIDENCE_LINEAGE_INVALID,b2d83222fe4bab87f393b8e93c8a29f87ac2f8279ebd9de6ca63f25604bbf49f
case-02056,4c9e5b986c23215d47717c77ce557c7d2a70bd1a68fa15cab6fd8d91d1d58df4,CLEAN_TEST_FIXTURE,none,True,True,0.0337,True,0.3091,True,0.0154,True,0.3101,True,0.0076,True,3.4464,ALL_REQUIRED_EVIDENCE_TRUSTWORTHY,b2d83222fe4bab87f393b8e93c8a29f87ac2f8279ebd9de6ca63f25604bbf49f
case-02057,1cd6a187213d065a5426a252029893a2f8df6c1a554a86098b2f04977f9146c0,CONTROLLED_TEST_MUTATION,snapshot_score_conflict,False,True,0.035,True,0.3108,True,0.0166,True,0.3087,True,0.0081,False,3.4855,EVIDENCE_SNAPSHOT_CONFLICT,b2d83222fe4bab87f393b8e93c8a29f87ac2f8279ebd9de6ca63f25604bbf49f
case-02058,7d93f648c51c468312c8822f8370fa2ab54a7e653e5d3981570f8667d8871879,CLEAN_TEST_FIXTURE,none,True,True,0.0341,True,0.3084,True,0.0156,True,0.3096,True,0.0075,True,3.5304,ALL_REQUIRED_EVIDENCE_TRUSTWORTHY,b2d83222fe4bab87f393b8e93c8a29f87ac2f8279ebd9de6ca63f25604bbf49f
case-02059,8c7c535688621643d313e4d0c6f2e727562eac8aff3367bc2bb66c59f3c2aaec,CONTROLLED_TEST_MUTATION,empty_payload,False,False,0.0381,False,0.0282,True,0.0134,False,0.04,True,0.0061,False,3.4412,EVIDENCE_PAYLOAD_EMPTY|EVIDENCE_PAYLOAD_SCHEMA_INVALID|EVIDENCE_SNAPSHOT_CONFLICT,b2d83222fe4bab87f393b8e93c8a29f87ac2f8279ebd9de6ca63f25604bbf49f
case-02060,0161b1de76b45298a34ba1e0b1d58d29838e6f7df8f92443d5f3a429a06bf74d,CONTROLLED_TEST_MUTATION,broken_lineage,False,True,0.0344,True,0.3362,True,0.0158,True,0.3355,True,0.0078,False,3.8746,EVIDENCE_LINEAGE_INVALID,b2d83222fe4bab87f393b8e93c8a29f87ac2f8279ebd9de6ca63f25604bbf49f
case-02061,3517baec7e36d0902c5da6ca099c6d54393d07a54ea6ed09d52332bdbaef370f,CONTROLLED_TEST_MUTATION,payload_tamper_after_seal,False,True,0.0378,False,0.0842,True,0.0168,False,0.0903,True,0.0084,False,3.6363,CHECKSUM_INVALID|EVIDENCE_ROOT_INVALID|EVIDENCE_SNAPSHOT_CONFLICT|RECORD_ENVELOPE_INVALID,b2d83222fe4bab87f393b8e93c8a29f87ac2f8279ebd9de6ca63f25604bbf49f
case-02062,a80942e5a387c95ce3a18561692c06d80aeea4cf24e1ae6f43542bc07e15bbbd,CONTROLLED_TEST_MUTATION,future_timestamp,False,True,0.0347,False,0.2913,True,0.0161,False,0.2842,True,0.008,False,4.2954,EVIDENCE_FRESHNESS_UNKNOWN|EVIDENCE_TIMESTAMP_IN_FUTURE,b2d83222fe4bab87f393b8e93c8a29f87ac2f8279ebd9de6ca63f25604bbf49f
case-02063,3215a4baff7db0bbef57f43a1d7ba2b06cf9843477661c07efdb76885ba17c79,CONTROLLED_TEST_MUTATION,stale_live_observation,False,True,0.0379,False,0.3187,True,0.0174,False,0.3085,True,0.0087,False,3.8841,EVIDENCE_STALE,b2d83222fe4bab87f393b8e93c8a29f87ac2f8279ebd9de6ca63f25604bbf49f
case-02064,8b5556aed6a99e7ffa57b7a804b2aa8c95b0ed88cb816f995f1be47d714a5cf9,CLEAN_TEST_FIXTURE,none,True,True,0.0356,True,0.3465,True,0.0162,True,0.3472,True,0.0078,True,4.6471,ALL_REQUIRED_EVIDENCE_TRUSTWORTHY,b2d83222fe4bab87f393b8e93c8a29f87ac2f8279ebd9de6ca63f25604bbf49f
case-02065,a07867ff69a25c5f94fc08e9e16a84312afbe1cb7717bc3d4bf664afeef653cc,CLEAN_TEST_FIXTURE,none,True,True,0.0354,True,0.3434,True,0.0164,True,0.3175,True,0.0082,True,3.6429,ALL_REQUIRED_EVIDENCE_TRUSTWORTHY,b2d83222fe4bab87f393b8e93c8a29f87ac2f8279ebd9de6ca63f25604bbf49f
case-02066,edff1a07c6b1a5520425b9560887940e267d6cace085b5bd5ca46c9808cb2241,CONTROLLED_TEST_MUTATION,excluded_ancestor,False,True,0.0346,True,0.3172,True,0.0159,False,0.3172,True,0.0063,False,4.4224,REQUIRED_INPUT_EXCLUDED,b2d83222fe4bab87f393b8e93c8a29f87ac2f8279ebd9de6ca63f25604bbf49f
case-02067,0a97b2cbca2b8eb8e95a63288cca19ef16de49eaa6f01866b2416d58be72dbd1,CONTROLLED_TEST_MUTATION,unknown_source,False,True,0.0345,True,0.3101,True,0.0158,True,0.307,True,0.0077,False,3.4325,EVIDENCE_ROLE_SOURCE_NOT_ALLOWED|EVIDENCE_SOURCE_ID_UNKNOWN|EVIDENCE_SOURCE_POLICY_MISSING,b2d83222fe4bab87f393b8e93c8a29f87ac2f8279ebd9de6ca63f25604bbf49f
case-02068,9a64e68aa6a11c52768a3459159e617d981fd071a934ece61711c791873be065,CLEAN_TEST_FIXTURE,none,True,True,0.0345,True,0.3074,True,0.0154,True,0.3198,True,0.0076,True,4.6673,ALL_REQUIRED_EVIDENCE_TRUSTWORTHY,b2d83222fe4bab87f393b8e93c8a29f87ac2f8279ebd9de6ca63f25604bbf49f
case-02069,22f976382266a5e2fe86117146e57e96dce62a6243fa4701046c5f18cfd44f56,CLEAN_TEST_FIXTURE,none,True,True,0.0348,True,0.3091,True,0.0159,True,0.3112,True,0.008,True,3.4412,ALL_REQUIRED_EVIDENCE_TRUSTWORTHY,b2d83222fe4bab87f393b8e93c8a29f87ac2f8279ebd9de6ca63f25604bbf49f
case-02070,03df44ddbeb4681bda855e0bee33f39bc17a87c61f58384a64479dcc93af0f62,CONTROLLED_TEST_MUTATION,excluded_ancestor,False,True,0.0335,True,1.1301,True,0.0881,False,0.4592,True,0.0081,False,3.5329,REQUIRED_INPUT_EXCLUDED,b2d83222fe4bab87f393b8e93c8a29f87ac2f8279ebd9de6ca63f25604bbf49f
case-02071,93f8b01cb5f3ff92180cb004dcbcb447f25b61c48c5b5197a0b76c79c73d241b,CONTROLLED_TEST_MUTATION,payload_tamper_after_seal,False,True,0.0338,False,0.077,True,0.0152,False,0.0792,True,0.0073,False,3.4512,CHECKSUM_INVALID|EVIDENCE_ROOT_INVALID|EVIDENCE_SNAPSHOT_CONFLICT|RECORD_ENVELOPE_INVALID,b2d83222fe4bab87f393b8e93c8a29f87ac2f8279ebd9de6ca63f25604bbf49f
case-02072,9563d9dada5d59fd6910fa94e0bdf9a3ca6d632becf981c4285a5e73f6b20b0c,CONTROLLED_TEST_MUTATION,broken_lineage,False,True,0.0351,True,0.9489,True,0.033,True,0.4253,True,0.0104,False,3.5274,EVIDENCE_LINEAGE_INVALID,b2d83222fe4bab87f393b8e93c8a29f87ac2f8279ebd9de6ca63f25604bbf49f
case-02073,5213426688ebd712c596d9e238c773f056845b0ddb3581fa5ad310a0c7d73b38,CLEAN_TEST_FIXTURE,none,True,True,0.0341,True,0.3076,True,0.016,True,0.3318,True,0.0076,True,3.4905,ALL_REQUIRED_EVIDENCE_TRUSTWORTHY,b2d83222fe4bab87f393b8e93c8a29f87ac2f8279ebd9de6ca63f25604bbf49f
case-02074,b8f8b19c24c0f408d0d78acf0defce477ee9ae0de1918f7b124c10e8c1350d15,CONTROLLED_TEST_MUTATION,lineage_cycle,False,True,0.0441,True,0.379,True,0.0166,True,0.311,True,0.0098,False,3.53,EVIDENCE_LINEAGE_INVALID,b2d83222fe4bab87f393b8e93c8a29f87ac2f8279ebd9de6ca63f25604bbf49f
case-02075,53b0de2314dda3e7ec0c3ec3f9f96b5229b569a2c49342a8a4c8fc5b6202826b,CONTROLLED_TEST_MUTATION,stale_live_observation,False,True,0.0335,False,0.2799,True,0.0152,False,0.2727,True,0.0076,False,3.4442,EVIDENCE_STALE,b2d83222fe4bab87f393b8e93c8a29f87ac2f8279ebd9de6ca63f25604bbf49f
case-02076,6d0f52c44a42223da014c9528436cc69d1b79da2ca3784949210f8b8c2354649,CONTROLLED_TEST_MUTATION,excluded_ancestor,False,True,0.0371,True,0.3212,True,0.0167,False,0.3108,True,0.0068,False,3.5663,REQUIRED_INPUT_EXCLUDED,b2d83222fe4bab87f393b8e93c8a29f87ac2f8279ebd9de6ca63f25604bbf49f
case-02077,82b5576710b11689810d58a7ab09600753aa0b22c59a21d5e34917a59b8f2e02,CONTROLLED_TEST_MUTATION,broken_lineage,False,True,0.0338,True,0.3067,True,0.0156,True,0.33,True,0.0074,False,3.4959,EVIDENCE_LINEAGE_INVALID,b2d83222fe4bab87f393b8e93c8a29f87ac2f8279ebd9de6ca63f25604bbf49f
case-02078,8416bd8a6c1c747fc779529b1109307d3de35afd56ab4e513471e3abc91cdb26,CLEAN_TEST_FIXTURE,none,True,True,0.0367,True,0.3157,True,0.0167,True,0.331,True,0.0091,True,3.5523,ALL_REQUIRED_EVIDENCE_TRUSTWORTHY,b2d83222fe4bab87f393b8e93c8a29f87ac2f8279ebd9de6ca63f25604bbf49f
case-02079,ae8f33a951f64077d6fef9c0c7d5fb4a3ee9d06fa35c8e36fb953aa42777eb48,CONTROLLED_TEST_MUTATION,missing_lineage,False,True,0.0333,True,0.3082,True,0.0156,True,0.3275,True,0.0073,False,3.5143,EVIDENCE_LINEAGE_INCOMPLETE,b2d83222fe4bab87f393b8e93c8a29f87ac2f8279ebd9de6ca63f25604bbf49f
case-02080,7c4a296bc734e4bb783e961bbe916af084cad7c122a83a7f5ebdea7e4626cb26,CONTROLLED_TEST_MUTATION,empty_payload,False,False,0.0414,False,0.0293,True,0.0134,False,0.0415,True,0.0067,False,3.6414,EVIDENCE_PAYLOAD_EMPTY|EVIDENCE_PAYLOAD_SCHEMA_INVALID|EVIDENCE_SNAPSHOT_CONFLICT,b2d83222fe4bab87f393b8e93c8a29f87ac2f8279ebd9de6ca63f25604bbf49f
case-02081,e5b85eba0293f66e7141b160c845303aa9e6dcdabbb633cd412478656d1efdc1,CLEAN_TEST_FIXTURE,none,True,True,0.0342,True,0.3171,True,0.0159,True,0.3173,True,0.0076,True,3.809,ALL_REQUIRED_EVIDENCE_TRUSTWORTHY,b2d83222fe4bab87f393b8e93c8a29f87ac2f8279ebd9de6ca63f25604bbf49f
case-02082,58786b5941b38e2ca2dd026281e601f1ef8a2dafeab1182709f90d30d8d03bfd,CONTROLLED_TEST_MUTATION,missing_lineage,False,True,0.0382,True,0.3218,True,0.0172,True,0.3444,True,0.0098,False,3.5697,EVIDENCE_LINEAGE_INCOMPLETE,b2d83222fe4bab87f393b8e93c8a29f87ac2f8279ebd9de6ca63f25604bbf49f
case-02083,c5f499c047bd1da23baaea78e59789106c799ba7e917eb37642384c93e75f1ef,CONTROLLED_TEST_MUTATION,unknown_source,False,True,0.0419,True,0.3839,True,0.0196,True,0.3728,True,0.0091,False,3.8744,EVIDENCE_ROLE_SOURCE_NOT_ALLOWED|EVIDENCE_SOURCE_ID_UNKNOWN|EVIDENCE_SOURCE_POLICY_MISSING,b2d83222fe4bab87f393b8e93c8a29f87ac2f8279ebd9de6ca63f25604bbf49f
case-02084,fddca822210a540228a5b7468b6dee834cd6d6b817fc3eec01c3be698f790c77,CONTROLLED_TEST_MUTATION,unknown_source,False,True,0.0374,True,0.368,True,0.0171,True,0.3178,True,0.008,False,3.5646,EVIDENCE_ROLE_SOURCE_NOT_ALLOWED|EVIDENCE_SOURCE_ID_UNKNOWN|EVIDENCE_SOURCE_POLICY_MISSING,b2d83222fe4bab87f393b8e93c8a29f87ac2f8279ebd9de6ca63f25604bbf49f
case-02085,45e920443a1befc598d6725aadaa31f7c4e6c5ed13a0af40afa9ba352a067615,CONTROLLED_TEST_MUTATION,malformed_payload,False,True,0.0348,True,0.3076,True,0.0158,True,0.3066,True,0.0078,False,5.168,EVIDENCE_PAYLOAD_SCHEMA_INVALID|EVIDENCE_SNAPSHOT_CONFLICT,b2d83222fe4bab87f393b8e93c8a29f87ac2f8279ebd9de6ca63f25604bbf49f
case-02086,3a946fae3565d1285e4305666bcb56c336c23aba8c9259d5f1c589ffefd27685,CLEAN_TEST_FIXTURE,none,True,True,0.0356,True,0.3096,True,0.0162,True,0.3076,True,0.0093,True,3.4662,ALL_REQUIRED_EVIDENCE_TRUSTWORTHY,b2d83222fe4bab87f393b8e93c8a29f87ac2f8279ebd9de6ca63f25604bbf49f
case-02087,b5e0cee6b4a51d459624c731548451a123c89f5a970910b009f5e6a3315e6bd1,CONTROLLED_TEST_MUTATION,excluded_ancestor,False,True,0.0329,True,0.3075,True,0.0152,False,0.3058,True,0.006,False,4.4249,REQUIRED_INPUT_EXCLUDED,b2d83222fe4bab87f393b8e93c8a29f87ac2f8279ebd9de6ca63f25604bbf49f
case-02088,70ff5b4455b8b0c695e652faf45673a9a6adc55c9a06ff08b85cbd69bf82a801,CONTROLLED_TEST_MUTATION,payload_tamper_after_seal,False,True,0.0352,False,0.0784,True,0.0153,False,0.0802,True,0.0079,False,3.4691,CHECKSUM_INVALID|EVIDENCE_ROOT_INVALID|EVIDENCE_SNAPSHOT_CONFLICT|RECORD_ENVELOPE_INVALID,b2d83222fe4bab87f393b8e93c8a29f87ac2f8279ebd9de6ca63f25604bbf49f
case-02089,147922a8489de66d561a637fc170e39bd483728c466d6c6aac370879fbddcfff,CONTROLLED_TEST_MUTATION,expired_import,False,True,0.0336,False,0.2548,True,0.0183,False,0.2517,True,0.0077,False,4.4309,EVIDENCE_STALE,b2d83222fe4bab87f393b8e93c8a29f87ac2f8279ebd9de6ca63f25604bbf49f
case-02090,6e143fac395d442227e38b898bee9edfb93c8899130dcaf03baa75a07a2d0a6a,CONTROLLED_TEST_MUTATION,snapshot_score_conflict,False,True,0.0345,True,0.3342,True,0.016,True,0.3079,True,0.0077,False,3.5351,EVIDENCE_SNAPSHOT_CONFLICT,b2d83222fe4bab87f393b8e93c8a29f87ac2f8279ebd9de6ca63f25604bbf49f
case-02091,28a9c065740fafa790002bff18217fb29117d9a1daf8593ac5e39ebaab593c97,CLEAN_TEST_FIXTURE,none,True,True,0.0335,True,0.3074,True,0.0157,True,0.3064,True,0.0074,True,4.3194,ALL_REQUIRED_EVIDENCE_TRUSTWORTHY,b2d83222fe4bab87f393b8e93c8a29f87ac2f8279ebd9de6ca63f25604bbf49f
case-02092,e63f66a9b2c48e76090e12b5b2b0c0a654c5555f2ba104c04403efc7bc07c9fc,CONTROLLED_TEST_MUTATION,broken_lineage,False,True,0.0347,True,0.3143,True,0.0161,True,0.3098,True,0.0079,False,3.4595,EVIDENCE_LINEAGE_INVALID,b2d83222fe4bab87f393b8e93c8a29f87ac2f8279ebd9de6ca63f25604bbf49f
case-02093,71899da74fd79bb89eab7a9398b93b0268b326b40e0675791bc52c261a1a4729,CONTROLLED_TEST_MUTATION,empty_payload,False,False,0.0347,False,0.0278,True,0.0125,False,0.0396,True,0.0055,False,4.4234,EVIDENCE_PAYLOAD_EMPTY|EVIDENCE_PAYLOAD_SCHEMA_INVALID|EVIDENCE_SNAPSHOT_CONFLICT,b2d83222fe4bab87f393b8e93c8a29f87ac2f8279ebd9de6ca63f25604bbf49f
case-02094,5479eea445fc3e398ece1e161e5592e4b5d3da6a7f73af0c418b8d0fee13c3da,CONTROLLED_TEST_MUTATION,broken_lineage,False,True,0.0348,True,0.3075,True,0.0159,True,0.308,True,0.0079,False,3.5139,EVIDENCE_LINEAGE_INVALID,b2d83222fe4bab87f393b8e93c8a29f87ac2f8279ebd9de6ca63f25604bbf49f
case-02095,260163febef0acc1523a6ab9c32c526d23782e133b14d701d1c7ea025f4a5281,CONTROLLED_TEST_MUTATION,empty_payload,False,False,0.0365,False,0.0282,True,0.0126,False,0.0397,True,0.0057,False,4.3227,EVIDENCE_PAYLOAD_EMPTY|EVIDENCE_PAYLOAD_SCHEMA_INVALID|EVIDENCE_SNAPSHOT_CONFLICT,b2d83222fe4bab87f393b8e93c8a29f87ac2f8279ebd9de6ca63f25604bbf49f
case-02096,144018212524e89170d9bcbfcd17412c838b18eada70ac6952329678f3508067,CLEAN_TEST_FIXTURE,none,True,True,0.0357,True,0.3143,True,0.0165,True,0.3141,True,0.0081,True,3.5145,ALL_REQUIRED_EVIDENCE_TRUSTWORTHY,b2d83222fe4bab87f393b8e93c8a29f87ac2f8279ebd9de6ca63f25604bbf49f
case-02097,c810ff8d3fa5b72f0550e9eb71bd5d804a3d852d894e749ed23566d68f06df45,CONTROLLED_TEST_MUTATION,empty_payload,False,False,0.0365,False,0.0289,True,0.0131,False,0.0411,True,0.0056,False,4.3818,EVIDENCE_PAYLOAD_EMPTY|EVIDENCE_PAYLOAD_SCHEMA_INVALID|EVIDENCE_SNAPSHOT_CONFLICT,b2d83222fe4bab87f393b8e93c8a29f87ac2f8279ebd9de6ca63f25604bbf49f
case-02098,23a73d5164435db36a3d092fe5849a51bdee77793365325cf1d7aa9796939387,CONTROLLED_TEST_MUTATION,lineage_cycle,False,True,0.0351,True,0.3165,True,0.0161,True,0.3142,True,0.0078,False,3.5386,EVIDENCE_LINEAGE_INVALID,b2d83222fe4bab87f393b8e93c8a29f87ac2f8279ebd9de6ca63f25604bbf49f
case-02099,03b03f0c6d124532c88672456071aa62e504332d90581070d2142848bb27ca7a,CONTROLLED_TEST_MUTATION,payload_tamper_after_seal,False,True,0.035,False,0.0779,True,0.0153,False,0.0813,True,0.0072,False,5.0932,CHECKSUM_INVALID|EVIDENCE_ROOT_INVALID|EVIDENCE_SNAPSHOT_CONFLICT|RECORD_ENVELOPE_INVALID,b2d83222fe4bab87f393b8e93c8a29f87ac2f8279ebd9de6ca63f25604bbf49f
case-02100,ec2009edcb2743fe5af0043ee9de8591303362b17531c403862d13d50ab0fe97,CONTROLLED_TEST_MUTATION,unavailable_record,False,True,0.0345,False,0.2806,True,0.0162,False,0.2748,True,0.0084,False,3.4107,EVIDENCE_LINEAGE_INCOMPLETE|EVIDENCE_UNAVAILABLE,b2d83222fe4bab87f393b8e93c8a29f87ac2f8279ebd9de6ca63f25604bbf49f
case-02101,8420add8e36bac24273590c181f19c58dc9e4711f4c00b5d0ed0473c8551e617,CONTROLLED_TEST_MUTATION,excluded_ancestor,False,True,0.0373,True,0.3309,True,0.016,False,0.8866,True,0.0121,False,4.0001,REQUIRED_INPUT_EXCLUDED,b2d83222fe4bab87f393b8e93c8a29f87ac2f8279ebd9de6ca63f25604bbf49f
case-02102,98b543e592cf862c10f5b99da5659e2ecad65da1548eb604bfb441c0c005f0ab,CONTROLLED_TEST_MUTATION,malformed_payload,False,True,0.0347,True,0.3187,True,0.0159,True,0.2972,True,0.0078,False,3.4874,EVIDENCE_PAYLOAD_SCHEMA_INVALID|EVIDENCE_SNAPSHOT_CONFLICT,b2d83222fe4bab87f393b8e93c8a29f87ac2f8279ebd9de6ca63f25604bbf49f
case-02103,eb373ba2c3c38c5eb76d943e0ade8a572351c1938271278c93c9a9c92a0a5a9b,CONTROLLED_TEST_MUTATION,payload_tamper_after_seal,False,True,0.056,False,0.0972,True,0.0168,False,0.0841,True,0.0106,False,3.5729,CHECKSUM_INVALID|EVIDENCE_ROOT_INVALID|EVIDENCE_SNAPSHOT_CONFLICT|RECORD_ENVELOPE_INVALID,b2d83222fe4bab87f393b8e93c8a29f87ac2f8279ebd9de6ca63f25604bbf49f
case-02104,5d480370fe8331a07a5aaae59e215260658dd0845ede0f44cac7fcae390f01e5,CONTROLLED_TEST_MUTATION,missing_lineage,False,True,0.0329,True,0.3062,True,0.0153,True,0.3075,True,0.0072,False,3.3596,EVIDENCE_LINEAGE_INCOMPLETE,b2d83222fe4bab87f393b8e93c8a29f87ac2f8279ebd9de6ca63f25604bbf49f
case-02105,ace7f1d7c22b0986992947f0f3e6028f0ea716f3378ab2b37d9fdb52d019e03c,CONTROLLED_TEST_MUTATION,snapshot_score_conflict,False,True,0.0458,True,0.3358,True,0.0167,True,0.3168,True,0.0103,False,3.5298,EVIDENCE_SNAPSHOT_CONFLICT,b2d83222fe4bab87f393b8e93c8a29f87ac2f8279ebd9de6ca63f25604bbf49f
case-02106,cdd6876ef2c914671520250407ca039b27f69d83afeb6ab92b7c4cf1fdef7006,CLEAN_TEST_FIXTURE,none,True,True,0.0332,True,0.3045,True,0.0151,True,0.3058,True,0.0074,True,3.4319,ALL_REQUIRED_EVIDENCE_TRUSTWORTHY,b2d83222fe4bab87f393b8e93c8a29f87ac2f8279ebd9de6ca63f25604bbf49f
case-02107,f4ff562a1377ae9336037693b3b4f1c23b06e45282eb6a374b6b74814b10323a,CLEAN_TEST_FIXTURE,none,True,True,0.038,True,0.3337,True,0.0255,True,0.3344,True,0.0095,True,3.5963,ALL_REQUIRED_EVIDENCE_TRUSTWORTHY,b2d83222fe4bab87f393b8e93c8a29f87ac2f8279ebd9de6ca63f25604bbf49f
case-02108,53312fa226da1ca8a98e2fa406d89644f15fc3b6aa4cc5cf45c1a7170873113d,CONTROLLED_TEST_MUTATION,payload_tamper_after_seal,False,True,0.0335,False,0.0766,True,0.0148,False,0.0795,True,0.0074,False,3.5681,CHECKSUM_INVALID|EVIDENCE_ROOT_INVALID|EVIDENCE_SNAPSHOT_CONFLICT|RECORD_ENVELOPE_INVALID,b2d83222fe4bab87f393b8e93c8a29f87ac2f8279ebd9de6ca63f25604bbf49f
case-02109,542832461043aa9bd45ad851d41ee554804c84e7ccd77ab16a0aa05f131de169,CONTROLLED_TEST_MUTATION,lineage_cycle,False,True,0.0374,True,0.3126,True,0.0166,True,0.3085,True,0.0096,False,3.4969,EVIDENCE_LINEAGE_INVALID,b2d83222fe4bab87f393b8e93c8a29f87ac2f8279ebd9de6ca63f25604bbf49f
case-02110,af4274932a0f29c2bc12f5f4eca41bb6070140371e34ea63f5c4e9d6fb21458d,CLEAN_TEST_FIXTURE,none,True,True,0.0337,True,0.3124,True,0.0154,True,0.3128,True,0.0074,True,3.4217,ALL_REQUIRED_EVIDENCE_TRUSTWORTHY,b2d83222fe4bab87f393b8e93c8a29f87ac2f8279ebd9de6ca63f25604bbf49f
case-02111,0406f80b223e2466fd67e16bf22dee91cd1c3ef880edaaedea459ee3b5cf6c17,CONTROLLED_TEST_MUTATION,unknown_source,False,True,0.0363,True,0.3131,True,0.0163,True,0.308,True,0.0091,False,3.7157,EVIDENCE_ROLE_SOURCE_NOT_ALLOWED|EVIDENCE_SOURCE_ID_UNKNOWN|EVIDENCE_SOURCE_POLICY_MISSING,b2d83222fe4bab87f393b8e93c8a29f87ac2f8279ebd9de6ca63f25604bbf49f
case-02112,9ab09bcee0863dc530cc0ef2eb6e79a65b4788be7ec7507a53ee1e9201386d2f,CLEAN_TEST_FIXTURE,none,True,True,0.0338,True,0.3117,True,0.0159,True,0.3126,True,0.008,True,3.4178,ALL_REQUIRED_EVIDENCE_TRUSTWORTHY,b2d83222fe4bab87f393b8e93c8a29f87ac2f8279ebd9de6ca63f25604bbf49f
case-02113,67ee18cedff9175734a539505ce574ad6eba581ac0a6c3ad2e7c853ce20c0441,CONTROLLED_TEST_MUTATION,source_type_impersonation,False,True,0.0359,True,0.3126,True,0.0164,True,0.3073,True,0.0093,False,3.5478,EVIDENCE_ROLE_SOURCE_NOT_ALLOWED|OPERATOR_EVIDENCE_UNVERIFIED,b2d83222fe4bab87f393b8e93c8a29f87ac2f8279ebd9de6ca63f25604bbf49f
case-02114,1d3b9c31efeb7c3acbcd3c843ab5335e97c46363c4d5e865e3dd7470824fc578,CONTROLLED_TEST_MUTATION,lineage_cycle,False,True,0.0337,True,0.307,True,0.0159,True,0.3295,True,0.0075,False,3.5794,EVIDENCE_LINEAGE_INVALID,b2d83222fe4bab87f393b8e93c8a29f87ac2f8279ebd9de6ca63f25604bbf49f
case-02115,a6fed2984e5ad9098cc224d2480bd5262dff6726ba58b8ca3f8e5f29ef0a967f,CONTROLLED_TEST_MUTATION,unknown_source,False,True,0.0365,True,0.3199,True,0.0167,True,0.335,True,0.0093,False,3.5383,EVIDENCE_ROLE_SOURCE_NOT_ALLOWED|EVIDENCE_SOURCE_ID_UNKNOWN|EVIDENCE_SOURCE_POLICY_MISSING,b2d83222fe4bab87f393b8e93c8a29f87ac2f8279ebd9de6ca63f25604bbf49f
case-02116,109969c801fd0c974a331556fe7df53b3879e499ef6e2d9459542d20185e3ae6,CONTROLLED_TEST_MUTATION,root_signature_tamper_after_seal,False,True,0.0338,True,0.3052,True,0.0154,True,0.3058,True,0.0076,False,3.4137,EVIDENCE_ROOT_INVALID,b2d83222fe4bab87f393b8e93c8a29f87ac2f8279ebd9de6ca63f25604bbf49f
case-02117,17319680c19d810c35eb2d2209699603eba125d7f75fd4697f7248ad3f949a42,CONTROLLED_TEST_MUTATION,role_conflict,False,True,0.0395,True,0.3375,True,0.0175,False,0.3321,True,0.0076,False,3.7925,EVIDENCE_ROLE_CONFLICT,b2d83222fe4bab87f393b8e93c8a29f87ac2f8279ebd9de6ca63f25604bbf49f
case-02118,56413f80e5c99ca450d48ad1129c5191bcfcbd01c7b496ec102367c1a5ba9587,CONTROLLED_TEST_MUTATION,stale_live_observation,False,True,0.0347,False,0.3078,True,0.0161,False,0.3017,True,0.0082,False,4.6723,EVIDENCE_STALE,b2d83222fe4bab87f393b8e93c8a29f87ac2f8279ebd9de6ca63f25604bbf49f
case-02119,060f844b6c200b9976657d9f36cee5107d56aaaaad30564272d3708d19105a43,CONTROLLED_TEST_MUTATION,malformed_payload,False,True,0.0343,True,0.3784,True,0.0161,True,0.3001,True,0.0076,False,3.5079,EVIDENCE_PAYLOAD_SCHEMA_INVALID|EVIDENCE_SNAPSHOT_CONFLICT,b2d83222fe4bab87f393b8e93c8a29f87ac2f8279ebd9de6ca63f25604bbf49f
case-02120,418d8e251d2667a2007ae3cbd9afd6b03dfe8e334a03b709cef17613736daaf2,CONTROLLED_TEST_MUTATION,wrong_context,False,True,0.034,True,0.3295,True,0.0156,True,0.3073,True,0.0073,False,4.3174,EVIDENCE_CONTEXT_MISMATCH,b2d83222fe4bab87f393b8e93c8a29f87ac2f8279ebd9de6ca63f25604bbf49f
case-02121,683f1482b3692c990d4fe16f76ffb2c57b60d7df011daff07b3d0bfb7eccd321,CONTROLLED_TEST_MUTATION,source_type_impersonation,False,True,0.0347,True,0.3103,True,0.0159,True,0.3105,True,0.008,False,3.4646,EVIDENCE_ROLE_SOURCE_NOT_ALLOWED|OPERATOR_EVIDENCE_UNVERIFIED,b2d83222fe4bab87f393b8e93c8a29f87ac2f8279ebd9de6ca63f25604bbf49f
case-02122,d4544f35dc6d706db1d11200a445cfbe71c34c924a32606ee3ca9e977631c278,CONTROLLED_TEST_MUTATION,empty_payload,False,False,0.0354,False,0.0283,True,0.0125,False,0.04,True,0.0054,False,4.2264,EVIDENCE_PAYLOAD_EMPTY|EVIDENCE_PAYLOAD_SCHEMA_INVALID|EVIDENCE_SNAPSHOT_CONFLICT,b2d83222fe4bab87f393b8e93c8a29f87ac2f8279ebd9de6ca63f25604bbf49f
case-02123,d4e39c0e8f2b3272830609e581ec846183e23d9ed4836e3760db26045c5d7f18,CONTROLLED_TEST_MUTATION,root_signature_tamper_after_seal,False,True,0.0366,True,0.3204,True,0.0165,True,0.3195,True,0.0093,False,3.5677,EVIDENCE_ROOT_INVALID,b2d83222fe4bab87f393b8e93c8a29f87ac2f8279ebd9de6ca63f25604bbf49f
case-02124,e5cebf7e873c1047d331aa439ee1d13fd2b056b6708221f1f115ba2fd50fe198,CONTROLLED_TEST_MUTATION,stale_live_observation,False,True,0.0351,False,0.2898,True,0.016,False,0.2835,True,0.0078,False,4.4639,EVIDENCE_STALE,b2d83222fe4bab87f393b8e93c8a29f87ac2f8279ebd9de6ca63f25604bbf49f
case-02125,f3a80640dfd04e3e7a8136d043a842d1aca02cafb9d8fe6ca63d2b0d2c789972,CONTROLLED_TEST_MUTATION,wrong_context,False,True,0.0567,True,0.3116,True,0.0159,True,0.3093,True,0.0084,False,3.547,EVIDENCE_CONTEXT_MISMATCH,b2d83222fe4bab87f393b8e93c8a29f87ac2f8279ebd9de6ca63f25604bbf49f
case-02126,0ca2c57a0682790bef5a7b377558021e7b9d9eb57df28674f0e797f1004a58ca,CONTROLLED_TEST_MUTATION,broken_lineage,False,True,0.0413,True,0.4067,True,0.0202,True,0.3927,True,0.0103,False,4.6778,EVIDENCE_LINEAGE_INVALID,b2d83222fe4bab87f393b8e93c8a29f87ac2f8279ebd9de6ca63f25604bbf49f
case-02127,7da7747efca1d3cc4ed7cd6a0cbac91b1a7649db42e442dc2e029870b8a96f7e,CONTROLLED_TEST_MUTATION,missing_lineage,False,True,0.0359,True,0.3167,True,0.0164,True,0.3175,True,0.0082,False,3.4627,EVIDENCE_LINEAGE_INCOMPLETE,b2d83222fe4bab87f393b8e93c8a29f87ac2f8279ebd9de6ca63f25604bbf49f
case-02128,43d207a77da13868eb19dfd9635fa51f21e45bdaf529a43ab3e13dfff0c051a3,CLEAN_TEST_FIXTURE,none,True,True,0.0343,True,0.3147,True,0.016,True,0.3153,True,0.0077,True,4.2755,ALL_REQUIRED_EVIDENCE_TRUSTWORTHY,b2d83222fe4bab87f393b8e93c8a29f87ac2f8279ebd9de6ca63f25604bbf49f
case-02129,f6d829b439b754ded6f7b766e135c512bbad32ee6c9663e8feddc41802d104ea,CONTROLLED_TEST_MUTATION,root_signature_tamper_after_seal,False,True,0.0348,True,0.3117,True,0.0159,True,0.3071,True,0.0081,False,3.4504,EVIDENCE_ROOT_INVALID,b2d83222fe4bab87f393b8e93c8a29f87ac2f8279ebd9de6ca63f25604bbf49f
case-02130,4c37277f0e8d730447738128ad5040fd83a6a13e48f76680ea31f29ec28500a8,CONTROLLED_TEST_MUTATION,role_conflict,False,True,0.0362,True,0.7303,True,0.0225,False,0.5813,True,0.0104,False,4.0482,EVIDENCE_ROLE_CONFLICT,b2d83222fe4bab87f393b8e93c8a29f87ac2f8279ebd9de6ca63f25604bbf49f
case-02131,fd8a112c69f08cb1ffeb321d0485c2408f31593f611e9c472d0a40bae97d2276,CLEAN_TEST_FIXTURE,none,True,True,0.0342,True,0.3079,True,0.0158,True,0.3082,True,0.0077,True,3.4352,ALL_REQUIRED_EVIDENCE_TRUSTWORTHY,b2d83222fe4bab87f393b8e93c8a29f87ac2f8279ebd9de6ca63f25604bbf49f
case-02132,f7003fd4eb608a85866d204656db8c15b9ce69dde7b7f44e75dfb5d75efbbcbf,CLEAN_TEST_FIXTURE,none,True,True,0.0593,True,0.4264,True,0.0182,True,0.5858,True,0.0128,True,3.8868,ALL_REQUIRED_EVIDENCE_TRUSTWORTHY,b2d83222fe4bab87f393b8e93c8a29f87ac2f8279ebd9de6ca63f25604bbf49f
case-02133,35a6fc9ac50c5907a53e2af1f0c8f2259c0e41402243958079f4341a58792e69,CLEAN_TEST_FIXTURE,none,True,True,0.0352,True,0.3167,True,0.0161,True,0.3197,True,0.0082,True,3.6148,ALL_REQUIRED_EVIDENCE_TRUSTWORTHY,b2d83222fe4bab87f393b8e93c8a29f87ac2f8279ebd9de6ca63f25604bbf49f
case-02134,94cf9d393980db821bce87f99d97f376a6a0b3cba6800a4dd1e1743a9fb64e77,CLEAN_TEST_FIXTURE,none,True,True,0.0373,True,0.3254,True,0.0168,True,0.3208,True,0.0093,True,3.5716,ALL_REQUIRED_EVIDENCE_TRUSTWORTHY,b2d83222fe4bab87f393b8e93c8a29f87ac2f8279ebd9de6ca63f25604bbf49f
case-02135,4b70dcbd68b77401aaaa417ce2e1992d31ba2ef15f9a3d7c79071daf4f0ffb52,CONTROLLED_TEST_MUTATION,malformed_payload,False,True,0.0344,True,0.3106,True,0.0159,True,0.3111,True,0.0075,False,3.551,EVIDENCE_PAYLOAD_SCHEMA_INVALID|EVIDENCE_SNAPSHOT_CONFLICT,b2d83222fe4bab87f393b8e93c8a29f87ac2f8279ebd9de6ca63f25604bbf49f
case-02136,a30b2553c4ae660cc3b5f9f2dc60d77f8199c7c6e26619aedc574995a62f2636,CONTROLLED_TEST_MUTATION,incomplete_payload,False,True,0.0366,False,0.1674,True,0.0162,False,0.1406,True,0.0097,False,3.5768,EVIDENCE_PAYLOAD_INCOMPLETE,b2d83222fe4bab87f393b8e93c8a29f87ac2f8279ebd9de6ca63f25604bbf49f
case-02137,540ded682485a4c85cfc5c10ec725ba8fb625b3b87617b6de50d4606c75f5393,CONTROLLED_TEST_MUTATION,wrong_context,False,True,0.0333,True,0.3334,True,0.0154,True,0.3108,True,0.0072,False,3.6242,EVIDENCE_CONTEXT_MISMATCH,b2d83222fe4bab87f393b8e93c8a29f87ac2f8279ebd9de6ca63f25604bbf49f
case-02138,741bda02d46f577edf0160b47ce7a9941b167c5c112e98d447b139491af4743f,CONTROLLED_TEST_MUTATION,broken_lineage,False,True,0.0365,True,0.3335,True,0.0162,True,0.3082,True,0.0094,False,3.625,EVIDENCE_LINEAGE_INVALID,b2d83222fe4bab87f393b8e93c8a29f87ac2f8279ebd9de6ca63f25604bbf49f
case-02139,ca2c0839216fb1ab2f271e1bdcae86976e2174e4b202931bd89c5bc1c19dc8a3,CONTROLLED_TEST_MUTATION,wrong_context,False,True,0.0336,True,0.3091,True,0.0154,True,0.3125,True,0.0075,False,3.9165,EVIDENCE_CONTEXT_MISMATCH,b2d83222fe4bab87f393b8e93c8a29f87ac2f8279ebd9de6ca63f25604bbf49f
case-02140,cfecd87fb97c8350d7a12ec048ad417cb8ffc5d1b91a99c9660031b0cd0b4a38,CONTROLLED_TEST_MUTATION,payload_tamper_after_seal,False,True,0.0378,False,0.0819,True,0.0159,False,0.0826,True,0.0082,False,3.6988,CHECKSUM_INVALID|EVIDENCE_ROOT_INVALID|EVIDENCE_SNAPSHOT_CONFLICT|RECORD_ENVELOPE_INVALID,b2d83222fe4bab87f393b8e93c8a29f87ac2f8279ebd9de6ca63f25604bbf49f
case-02141,518f90e2a530256fdfc36d17a50b4108a9f91538b06c25e7e5c3ae3e7db13622,CONTROLLED_TEST_MUTATION,source_type_impersonation,False,True,0.0348,True,0.3151,True,0.0162,True,0.3177,True,0.0079,False,3.5205,EVIDENCE_ROLE_SOURCE_NOT_ALLOWED|OPERATOR_EVIDENCE_UNVERIFIED,b2d83222fe4bab87f393b8e93c8a29f87ac2f8279ebd9de6ca63f25604bbf49f
case-02142,c29f09c6c22bc32ea64d76ac694b2195e751403f888e8472fcda985c9b3dbb88,CONTROLLED_TEST_MUTATION,empty_payload,False,False,0.0414,False,0.0289,True,0.0136,False,0.0418,True,0.0065,False,3.5465,EVIDENCE_PAYLOAD_EMPTY|EVIDENCE_PAYLOAD_SCHEMA_INVALID|EVIDENCE_SNAPSHOT_CONFLICT,b2d83222fe4bab87f393b8e93c8a29f87ac2f8279ebd9de6ca63f25604bbf49f
case-02143,8981eac8c45e20ca1ce53b8528c5f0b9d8d6248ec56c38ddba9ba997af1f97ec,CONTROLLED_TEST_MUTATION,root_signature_tamper_after_seal,False,True,0.0341,True,0.3168,True,0.0159,True,0.3179,True,0.0077,False,3.504,EVIDENCE_ROOT_INVALID,b2d83222fe4bab87f393b8e93c8a29f87ac2f8279ebd9de6ca63f25604bbf49f
case-02144,8433e2c00ae59fcf480089453eaa9e29b1295c3078bef82512464e176f946706,CONTROLLED_TEST_MUTATION,excluded_ancestor,False,True,0.0365,True,0.3231,True,0.0166,False,0.3206,True,0.007,False,3.5614,REQUIRED_INPUT_EXCLUDED,b2d83222fe4bab87f393b8e93c8a29f87ac2f8279ebd9de6ca63f25604bbf49f
case-02145,0e93520df03bc923e10b411ffe9bee58b459dce97fe04599cdb5ea4de3f42b77,CONTROLLED_TEST_MUTATION,stale_live_observation,False,True,0.0341,False,0.287,True,0.0158,False,0.2794,True,0.0077,False,3.5191,EVIDENCE_STALE,b2d83222fe4bab87f393b8e93c8a29f87ac2f8279ebd9de6ca63f25604bbf49f
case-02146,53cfffb6c740349b3f92eeb8a4a4b4698b7ab7f126b69997c20cecde4eb9c842,CONTROLLED_TEST_MUTATION,expired_import,False,True,0.0355,False,0.2604,True,0.0163,False,0.2513,True,0.0093,False,3.4551,EVIDENCE_STALE,b2d83222fe4bab87f393b8e93c8a29f87ac2f8279ebd9de6ca63f25604bbf49f
case-02147,8fa78a3c4c5a44eb0fb668899fe5f9a35e1a4526c43e85a42e1ee163223c1668,CONTROLLED_TEST_MUTATION,lineage_cycle,False,True,0.033,True,0.3067,True,0.0152,True,0.3079,True,0.0073,False,3.4344,EVIDENCE_LINEAGE_INVALID,b2d83222fe4bab87f393b8e93c8a29f87ac2f8279ebd9de6ca63f25604bbf49f
case-02148,00cf79b71b8627c26d14ec25ad2cd908a75a0b5eafb4abcf242707037f8a031a,CONTROLLED_TEST_MUTATION,stale_live_observation,False,True,0.0379,False,0.2949,True,0.0169,False,0.2867,True,0.0096,False,3.5699,EVIDENCE_STALE,b2d83222fe4bab87f393b8e93c8a29f87ac2f8279ebd9de6ca63f25604bbf49f
case-02149,0f60d5d9c99006948a15df432e5f929abe1d3b75d45cb7e84fc43333b2e41ca5,CONTROLLED_TEST_MUTATION,empty_payload,False,False,0.036,False,0.0286,True,0.0127,False,0.0401,True,0.0056,False,3.6815,EVIDENCE_PAYLOAD_EMPTY|EVIDENCE_PAYLOAD_SCHEMA_INVALID|EVIDENCE_SNAPSHOT_CONFLICT,b2d83222fe4bab87f393b8e93c8a29f87ac2f8279ebd9de6ca63f25604bbf49f
case-02150,6cf9945b96acc2f38085684ceb3c61dbe556ca12f5a0dd2ce9febe8476813446,CLEAN_TEST_FIXTURE,none,True,True,0.0363,True,0.3177,True,0.0162,True,0.316,True,0.0095,True,3.5703,ALL_REQUIRED_EVIDENCE_TRUSTWORTHY,b2d83222fe4bab87f393b8e93c8a29f87ac2f8279ebd9de6ca63f25604bbf49f
case-02151,d1a36882782f61edfc32fab25af9d9703e9cebfad31402439c009a41a4afcb91,CLEAN_TEST_FIXTURE,none,True,True,0.0348,True,0.3151,True,0.0158,True,0.316,True,0.0079,True,3.5288,ALL_REQUIRED_EVIDENCE_TRUSTWORTHY,b2d83222fe4bab87f393b8e93c8a29f87ac2f8279ebd9de6ca63f25604bbf49f
case-02152,c70b48be9ecd372ced7279f9ba001b0f2c2f9b680920b829b1ca7c1bf00b4c76,CONTROLLED_TEST_MUTATION,malformed_payload,False,True,0.0372,True,0.3136,True,0.0167,True,0.3119,True,0.008,False,3.561,EVIDENCE_PAYLOAD_SCHEMA_INVALID|EVIDENCE_SNAPSHOT_CONFLICT,b2d83222fe4bab87f393b8e93c8a29f87ac2f8279ebd9de6ca63f25604bbf49f
case-02153,e8a2176dc3659427f918f4c45822e2df78c2025d58ac15589fd38d2416dc2d6f,CONTROLLED_TEST_MUTATION,malformed_payload,False,True,0.0346,True,0.309,True,0.0159,True,0.309,True,0.0075,False,4.6539,EVIDENCE_PAYLOAD_SCHEMA_INVALID|EVIDENCE_SNAPSHOT_CONFLICT,b2d83222fe4bab87f393b8e93c8a29f87ac2f8279ebd9de6ca63f25604bbf49f
case-02154,8927ac98533dc3fe427f5486dd66e69fae4f513de3c113081a1fc6b01eba3e5b,CONTROLLED_TEST_MUTATION,broken_lineage,False,True,0.0375,True,0.3199,True,0.0169,True,0.3431,True,0.0086,False,4.3988,EVIDENCE_LINEAGE_INVALID,b2d83222fe4bab87f393b8e93c8a29f87ac2f8279ebd9de6ca63f25604bbf49f
case-02155,627a7abd47e3494a9f84676b0de93aa8ce70515b57e128cdd181596ed29b784b,CONTROLLED_TEST_MUTATION,root_signature_tamper_after_seal,False,True,0.0354,True,0.317,True,0.0166,True,0.5059,True,0.0095,False,4.7933,EVIDENCE_ROOT_INVALID,b2d83222fe4bab87f393b8e93c8a29f87ac2f8279ebd9de6ca63f25604bbf49f
case-02156,9207723a3967e3de4cc81ff2b4f3684db030dd7216d950edf2d43e680d2d4bf8,CONTROLLED_TEST_MUTATION,lineage_cycle,False,True,0.036,True,0.3609,True,0.0166,True,0.321,True,0.0079,False,3.6132,EVIDENCE_LINEAGE_INVALID,b2d83222fe4bab87f393b8e93c8a29f87ac2f8279ebd9de6ca63f25604bbf49f
case-02157,d972c61b5ae7723ffc0d272dc2745ac60033f3edfcf411d485b148a197a33757,CONTROLLED_TEST_MUTATION,role_conflict,False,True,0.0685,True,0.5368,True,0.0276,False,0.3569,True,0.0086,False,3.9681,EVIDENCE_ROLE_CONFLICT,b2d83222fe4bab87f393b8e93c8a29f87ac2f8279ebd9de6ca63f25604bbf49f
case-02158,1f6216a026648c326119a9ede34c9233bf72345bf7f567ff72823d284d8b3c5e,CONTROLLED_TEST_MUTATION,missing_direct_role,False,False,0.0185,False,0.014,True,0.0146,False,0.0258,True,0.0055,False,3.1212,REQUIRED_ROLE_MISSING,b2d83222fe4bab87f393b8e93c8a29f87ac2f8279ebd9de6ca63f25604bbf49f
case-02159,9a9434f9107d79b4600b861c33a9a8bd987be65b2181a01da6b7a7290213d746,CONTROLLED_TEST_MUTATION,incomplete_payload,False,True,0.0497,False,0.206,True,0.0276,False,0.2539,True,0.0209,False,3.8609,EVIDENCE_PAYLOAD_INCOMPLETE,b2d83222fe4bab87f393b8e93c8a29f87ac2f8279ebd9de6ca63f25604bbf49f
case-02160,b92d4e3c4310f20c72da0a353534677dd8da8ebccdcca9636bc6e1a1a161bf3d,CONTROLLED_TEST_MUTATION,snapshot_score_conflict,False,True,0.0351,True,0.3178,True,0.0162,True,0.3194,True,0.0078,False,3.4938,EVIDENCE_SNAPSHOT_CONFLICT,b2d83222fe4bab87f393b8e93c8a29f87ac2f8279ebd9de6ca63f25604bbf49f
case-02161,853dec061a786b361e76263c79de1c888ae0b716156db2facd59e5d8dbda1067,CONTROLLED_TEST_MUTATION,unavailable_record,False,True,0.0578,False,0.4016,True,0.0177,False,0.2878,True,0.0113,False,3.6338,EVIDENCE_LINEAGE_INCOMPLETE|EVIDENCE_UNAVAILABLE,b2d83222fe4bab87f393b8e93c8a29f87ac2f8279ebd9de6ca63f25604bbf49f
case-02162,5e95f0d0f6f6f15251a0f80add662bb84b39443dbdb2313a090c74a1c984180b,CLEAN_TEST_FIXTURE,none,True,True,0.0444,True,0.3243,True,0.0163,True,0.3192,True,0.0078,True,3.5718,ALL_REQUIRED_EVIDENCE_TRUSTWORTHY,b2d83222fe4bab87f393b8e93c8a29f87ac2f8279ebd9de6ca63f25604bbf49f
case-02163,df017ea5f1eeb1c672220710958f0a4ecdcbdef81769189fa9463d132f6c162f,CONTROLLED_TEST_MUTATION,wrong_context,False,True,0.0372,True,0.3442,True,0.0167,True,0.3166,True,0.0099,False,3.6798,EVIDENCE_CONTEXT_MISMATCH,b2d83222fe4bab87f393b8e93c8a29f87ac2f8279ebd9de6ca63f25604bbf49f
case-02164,9e0560265e7e41fbea56d59fcb4370d8a07ac93bfd2b38931ce38a171a769803,CONTROLLED_TEST_MUTATION,source_type_impersonation,False,True,0.0342,True,0.3293,True,0.026,True,0.3625,True,0.0077,False,4.1382,EVIDENCE_ROLE_SOURCE_NOT_ALLOWED|OPERATOR_EVIDENCE_UNVERIFIED,b2d83222fe4bab87f393b8e93c8a29f87ac2f8279ebd9de6ca63f25604bbf49f
case-02165,10691b63fac254144b68a1111c28232aa5a6d908af68a98b3315961c3e0558f3,CONTROLLED_TEST_MUTATION,snapshot_score_conflict,False,True,0.0383,True,0.3236,True,0.0168,True,0.3189,True,0.0101,False,3.6082,EVIDENCE_SNAPSHOT_CONFLICT,b2d83222fe4bab87f393b8e93c8a29f87ac2f8279ebd9de6ca63f25604bbf49f
case-02166,ca4d365a393cd0404c147318046073d63cb854994959882a59ee68f8934c0e0c,CLEAN_TEST_FIXTURE,none,True,True,0.0352,True,0.3212,True,0.0158,True,0.5116,True,0.0084,True,3.8899,ALL_REQUIRED_EVIDENCE_TRUSTWORTHY,b2d83222fe4bab87f393b8e93c8a29f87ac2f8279ebd9de6ca63f25604bbf49f
case-02167,571a18db280a7b3b173265d4f583978b4d27be8dcefff1a99810c3e121d1262e,CONTROLLED_TEST_MUTATION,incomplete_payload,False,True,0.0354,False,0.1455,True,0.0157,False,0.1445,True,0.0083,False,3.4917,EVIDENCE_PAYLOAD_INCOMPLETE,b2d83222fe4bab87f393b8e93c8a29f87ac2f8279ebd9de6ca63f25604bbf49f
case-02168,5c8b098e58d63af492021a4d14c00de77a594affe0bd75c76dfca5f404b12f9e,CONTROLLED_TEST_MUTATION,empty_payload,False,False,0.036,False,0.0282,True,0.0126,False,0.0397,True,0.0057,False,3.4993,EVIDENCE_PAYLOAD_EMPTY|EVIDENCE_PAYLOAD_SCHEMA_INVALID|EVIDENCE_SNAPSHOT_CONFLICT,b2d83222fe4bab87f393b8e93c8a29f87ac2f8279ebd9de6ca63f25604bbf49f
case-02169,8735bdba81777d4b5e03b55e4c6143ed50df3ed9f889b58169713bf8f4523109,CLEAN_TEST_FIXTURE,none,True,True,0.0366,True,0.3122,True,0.0165,True,0.3113,True,0.0093,True,3.5427,ALL_REQUIRED_EVIDENCE_TRUSTWORTHY,b2d83222fe4bab87f393b8e93c8a29f87ac2f8279ebd9de6ca63f25604bbf49f
case-02170,ad580849cb7a768ae175203858629c86b5cd131fa8bedfd0bd850d85b1f3f9cd,CLEAN_TEST_FIXTURE,none,True,True,0.0335,True,0.3078,True,0.0154,True,0.3093,True,0.0074,True,3.7923,ALL_REQUIRED_EVIDENCE_TRUSTWORTHY,b2d83222fe4bab87f393b8e93c8a29f87ac2f8279ebd9de6ca63f25604bbf49f
case-02171,ba16d70c54a1796c3f96754e40adc6345c94bc8786e29554914b3286b58b801b,CONTROLLED_TEST_MUTATION,lineage_cycle,False,True,0.0355,True,0.3097,True,0.0161,True,0.3128,True,0.0077,False,3.5782,EVIDENCE_LINEAGE_INVALID,b2d83222fe4bab87f393b8e93c8a29f87ac2f8279ebd9de6ca63f25604bbf49f
case-02172,37d03994d9cbaf3712425cef97f974106d63b62a9ee50a19a86846c984f24428,CONTROLLED_TEST_MUTATION,snapshot_score_conflict,False,True,0.0343,True,0.3111,True,0.0158,True,0.319,True,0.0075,False,4.3816,EVIDENCE_SNAPSHOT_CONFLICT,b2d83222fe4bab87f393b8e93c8a29f87ac2f8279ebd9de6ca63f25604bbf49f
case-02173,66c435effb7fb375307093e9327e826f033468710fd24c5157f93102b97b1de3,CONTROLLED_TEST_MUTATION,missing_lineage,False,True,0.0352,True,0.308,True,0.0276,True,0.3192,True,0.0081,False,3.4776,EVIDENCE_LINEAGE_INCOMPLETE,b2d83222fe4bab87f393b8e93c8a29f87ac2f8279ebd9de6ca63f25604bbf49f
case-02174,8ecc4e9c13d54f66c7c0cb4edbae74a37b67e23b5e8673676830773430d3581e,CLEAN_TEST_FIXTURE,none,True,True,0.0334,True,0.3086,True,0.0153,True,0.3096,True,0.0074,True,4.2966,ALL_REQUIRED_EVIDENCE_TRUSTWORTHY,b2d83222fe4bab87f393b8e93c8a29f87ac2f8279ebd9de6ca63f25604bbf49f
case-02175,f4dd6a62fb3cbc3c841c0d356a4db65d46cbd7fd459ba12667c5be1fba01d6e1,CONTROLLED_TEST_MUTATION,payload_tamper_after_seal,False,True,0.0377,False,0.0851,True,0.0163,False,0.0819,True,0.0085,False,3.6021,CHECKSUM_INVALID|EVIDENCE_ROOT_INVALID|EVIDENCE_SNAPSHOT_CONFLICT|RECORD_ENVELOPE_INVALID,b2d83222fe4bab87f393b8e93c8a29f87ac2f8279ebd9de6ca63f25604bbf49f
case-02176,813af50b3fd4d9546affcf3cf87d3645359374bed70196d61de687fa15c5473c,CONTROLLED_TEST_MUTATION,stale_live_observation,False,True,0.0341,False,0.2877,True,0.0161,False,0.2822,True,0.0079,False,4.772,EVIDENCE_STALE,b2d83222fe4bab87f393b8e93c8a29f87ac2f8279ebd9de6ca63f25604bbf49f
case-02177,8a704b905a4e59db7f0dcddf48d78f44f1fa114d31f6c4a47db5c2ad044bbb5e,CONTROLLED_TEST_MUTATION,excluded_ancestor,False,True,0.0345,True,0.3082,True,0.0158,False,0.3111,True,0.0065,False,3.4485,REQUIRED_INPUT_EXCLUDED,b2d83222fe4bab87f393b8e93c8a29f87ac2f8279ebd9de6ca63f25604bbf49f
case-02178,c0379f5836563228ac45ea13cd61cc17e29c8e2bc7608d9b1b8fab4f14b40ad7,CONTROLLED_TEST_MUTATION,missing_lineage,False,True,0.0336,True,0.3096,True,0.0158,True,0.3228,True,0.0077,False,4.5338,EVIDENCE_LINEAGE_INCOMPLETE,b2d83222fe4bab87f393b8e93c8a29f87ac2f8279ebd9de6ca63f25604bbf49f
case-02179,470292859c48435505cbb9e2fc53ee59493f7fc211c8f090884024b3414d2e71,CLEAN_TEST_FIXTURE,none,True,True,0.0378,True,0.336,True,0.0172,True,0.339,True,0.0086,True,3.7733,ALL_REQUIRED_EVIDENCE_TRUSTWORTHY,b2d83222fe4bab87f393b8e93c8a29f87ac2f8279ebd9de6ca63f25604bbf49f
case-02180,7e5439fec34ead4397be0572dcd98f450fd309f4b05e2c55e78ac50b7878127f,CONTROLLED_TEST_MUTATION,source_type_impersonation,False,True,0.0574,True,0.4109,True,0.0184,True,0.3729,True,0.0205,False,4.1904,EVIDENCE_ROLE_SOURCE_NOT_ALLOWED|OPERATOR_EVIDENCE_UNVERIFIED,b2d83222fe4bab87f393b8e93c8a29f87ac2f8279ebd9de6ca63f25604bbf49f
case-02181,88ebc23b76b334d460fef59b2a8378931c39927581df74f8a8c1ea0b1a185701,CONTROLLED_TEST_MUTATION,missing_lineage,False,True,0.0367,True,0.3365,True,0.017,True,0.3388,True,0.008,False,3.7107,EVIDENCE_LINEAGE_INCOMPLETE,b2d83222fe4bab87f393b8e93c8a29f87ac2f8279ebd9de6ca63f25604bbf49f
case-02182,665501474c310207ca048d256a43fa5c114cce7e9b7a26e0561abc2fa44977cb,CLEAN_TEST_FIXTURE,none,True,True,0.0425,True,0.3551,True,0.0186,True,0.3507,True,0.0104,True,3.9109,ALL_REQUIRED_EVIDENCE_TRUSTWORTHY,b2d83222fe4bab87f393b8e93c8a29f87ac2f8279ebd9de6ca63f25604bbf49f
case-02183,5b54490ccc88bad62206eac83ea9a1cc4c8f821e4eef2c9987f25672adb40d21,CLEAN_TEST_FIXTURE,none,True,True,0.0381,True,0.3502,True,0.0177,True,0.3482,True,0.0085,True,4.5377,ALL_REQUIRED_EVIDENCE_TRUSTWORTHY,b2d83222fe4bab87f393b8e93c8a29f87ac2f8279ebd9de6ca63f25604bbf49f
case-02184,7d6cdc9ecfe318ffc5701f3c7fd3580b03a544e277ad2607436355e84bcb2bb3,CONTROLLED_TEST_MUTATION,unknown_source,False,True,0.0384,True,0.3357,True,0.018,True,0.3366,True,0.0089,False,3.7814,EVIDENCE_ROLE_SOURCE_NOT_ALLOWED|EVIDENCE_SOURCE_ID_UNKNOWN|EVIDENCE_SOURCE_POLICY_MISSING,b2d83222fe4bab87f393b8e93c8a29f87ac2f8279ebd9de6ca63f25604bbf49f
case-02185,a780418b87b802698bf2c9ebe0967ed189b3eeace78319b83a4f7236abea4f9d,CONTROLLED_TEST_MUTATION,broken_lineage,False,True,0.0372,True,0.3406,True,0.0172,True,0.3396,True,0.0081,False,4.6513,EVIDENCE_LINEAGE_INVALID,b2d83222fe4bab87f393b8e93c8a29f87ac2f8279ebd9de6ca63f25604bbf49f
case-02186,0d150c2d298edcbc6f3a0bbf0ca65d4497a0c87a514f60c57e9ef3df0de54f5c,CONTROLLED_TEST_MUTATION,stale_live_observation,False,True,0.0358,False,0.3146,True,0.0172,False,0.2864,True,0.0087,False,3.6455,EVIDENCE_STALE,b2d83222fe4bab87f393b8e93c8a29f87ac2f8279ebd9de6ca63f25604bbf49f
case-02187,fea8b36e5fce0d5a656916d7e6751f151a51e14eda570a2a8813873c20ca3bb7,CONTROLLED_TEST_MUTATION,source_type_impersonation,False,True,0.0438,True,0.3848,True,0.0173,True,0.466,True,0.0108,False,4.5234,EVIDENCE_ROLE_SOURCE_NOT_ALLOWED|OPERATOR_EVIDENCE_UNVERIFIED,b2d83222fe4bab87f393b8e93c8a29f87ac2f8279ebd9de6ca63f25604bbf49f
case-02188,80febdc5b94c6725005e18192a766ad96ef89ae3775bf76a290d8ae698b009fa,CONTROLLED_TEST_MUTATION,unavailable_record,False,True,0.0348,False,0.2864,True,0.0162,False,0.2985,True,0.0082,False,3.5206,EVIDENCE_LINEAGE_INCOMPLETE|EVIDENCE_UNAVAILABLE,b2d83222fe4bab87f393b8e93c8a29f87ac2f8279ebd9de6ca63f25604bbf49f
case-02189,7c5b217366256ccb6be4ce12fba78d16088a83d03de715caf0d9d9fd42dab4cb,CLEAN_TEST_FIXTURE,none,True,True,0.0499,True,0.3654,True,0.0271,True,0.33,True,0.0109,True,3.7847,ALL_REQUIRED_EVIDENCE_TRUSTWORTHY,b2d83222fe4bab87f393b8e93c8a29f87ac2f8279ebd9de6ca63f25604bbf49f
case-02190,8c5741d766f575c6bd6183c89a4d9de631ace38cf844abd6d82a854469f6d281,CONTROLLED_TEST_MUTATION,empty_payload,False,False,0.0368,False,0.0289,True,0.013,False,0.0409,True,0.0061,False,3.5336,EVIDENCE_PAYLOAD_EMPTY|EVIDENCE_PAYLOAD_SCHEMA_INVALID|EVIDENCE_SNAPSHOT_CONFLICT,b2d83222fe4bab87f393b8e93c8a29f87ac2f8279ebd9de6ca63f25604bbf49f
case-02191,bcb5a290b42a1cac7d79a6ea8151f5d369d39cded1d680602e8b38b454eb0692,CONTROLLED_TEST_MUTATION,payload_tamper_after_seal,False,True,0.0786,False,0.1194,True,0.0177,False,0.0865,True,0.0113,False,4.1899,CHECKSUM_INVALID|EVIDENCE_ROOT_INVALID|EVIDENCE_SNAPSHOT_CONFLICT|RECORD_ENVELOPE_INVALID,b2d83222fe4bab87f393b8e93c8a29f87ac2f8279ebd9de6ca63f25604bbf49f
case-02192,da75ff35d33964acfc63474b51025d3cf4ab109c93b735a873d5bf9b7a9e0d15,CONTROLLED_TEST_MUTATION,missing_direct_role,False,False,0.0183,False,0.0135,True,0.0143,False,0.0248,True,0.0056,False,3.0538,REQUIRED_ROLE_MISSING,b2d83222fe4bab87f393b8e93c8a29f87ac2f8279ebd9de6ca63f25604bbf49f
case-02193,8c4e8f527bcb44ee4f87771e7c5d3c2479021dfa6a90c2e5ee9da8d9c7e7e26a,CONTROLLED_TEST_MUTATION,role_conflict,False,True,0.0432,True,0.3781,True,0.0182,False,0.339,True,0.0077,False,4.1775,EVIDENCE_ROLE_CONFLICT,b2d83222fe4bab87f393b8e93c8a29f87ac2f8279ebd9de6ca63f25604bbf49f
case-02194,74118ed05e626d524b30e545cc97884b95e0f5a1aafa6c7433be8decf9fd0953,CONTROLLED_TEST_MUTATION,snapshot_score_conflict,False,True,0.0344,True,0.3141,True,0.0159,True,0.334,True,0.0078,False,3.6608,EVIDENCE_SNAPSHOT_CONFLICT,b2d83222fe4bab87f393b8e93c8a29f87ac2f8279ebd9de6ca63f25604bbf49f
case-02195,d72b8cfa453c259e95d3631fc09964a9cfdd2e64b5de71721639063eb16f7fef,CONTROLLED_TEST_MUTATION,missing_lineage,False,True,0.0371,True,0.3222,True,0.0169,True,0.452,True,0.0092,False,3.5236,EVIDENCE_LINEAGE_INCOMPLETE,b2d83222fe4bab87f393b8e93c8a29f87ac2f8279ebd9de6ca63f25604bbf49f
case-02196,fae8513b3bc64efbe3179f35dc9532a44192d4434cc6294f9620265c7e2e9712,CONTROLLED_TEST_MUTATION,missing_lineage,False,True,0.0354,True,0.338,True,0.0164,True,0.3214,True,0.0078,False,4.3425,EVIDENCE_LINEAGE_INCOMPLETE,b2d83222fe4bab87f393b8e93c8a29f87ac2f8279ebd9de6ca63f25604bbf49f
case-02197,2c0c05b06078f923efbc4102d80ccfcd33623a95b6e7e14ae1ff9c69458fe50a,CONTROLLED_TEST_MUTATION,unavailable_record,False,True,0.0355,False,0.2856,True,0.0167,False,0.2753,True,0.0085,False,3.5798,EVIDENCE_LINEAGE_INCOMPLETE|EVIDENCE_UNAVAILABLE,b2d83222fe4bab87f393b8e93c8a29f87ac2f8279ebd9de6ca63f25604bbf49f
case-02198,0032c123f7902e68d2fb392284a796fb717d3e6b3babfd5a0c0cf46a41eda337,CONTROLLED_TEST_MUTATION,role_conflict,False,True,0.037,True,0.3318,True,0.0167,False,0.3265,True,0.0067,False,4.6565,EVIDENCE_ROLE_CONFLICT,b2d83222fe4bab87f393b8e93c8a29f87ac2f8279ebd9de6ca63f25604bbf49f
case-02199,7791873b22864d5a0270b0a7d23b51b89242dccb9067966017fb05fed0552ac6,CONTROLLED_TEST_MUTATION,lineage_cycle,False,True,0.0357,True,0.3178,True,0.0166,True,0.3163,True,0.0082,False,3.8494,EVIDENCE_LINEAGE_INVALID,b2d83222fe4bab87f393b8e93c8a29f87ac2f8279ebd9de6ca63f25604bbf49f
case-02200,b4bcc4dcd2ad396c75972a374e839ceb4f9d8648a475fa74f7ec446523240618,CONTROLLED_TEST_MUTATION,unavailable_record,False,True,0.0339,False,0.2869,True,0.0157,False,0.2939,True,0.0411,False,5.0575,EVIDENCE_LINEAGE_INCOMPLETE|EVIDENCE_UNAVAILABLE,b2d83222fe4bab87f393b8e93c8a29f87ac2f8279ebd9de6ca63f25604bbf49f
case-02201,5f7a4c9a206f253604c4717c9c1e66cfb829a79fc253cc0fc531fc9db566fe2a,CONTROLLED_TEST_MUTATION,incomplete_payload,False,True,0.0346,False,0.1453,True,0.027,False,0.1508,True,0.0081,False,3.5156,EVIDENCE_PAYLOAD_INCOMPLETE,b2d83222fe4bab87f393b8e93c8a29f87ac2f8279ebd9de6ca63f25604bbf49f
case-02202,38d01f9b43b97484fe95224843e74be5cbc1e3028e511f6fb58ec375a2553c81,CONTROLLED_TEST_MUTATION,stale_live_observation,False,True,0.0748,False,0.4129,True,0.0315,False,0.3959,True,0.0114,False,3.9303,EVIDENCE_STALE,b2d83222fe4bab87f393b8e93c8a29f87ac2f8279ebd9de6ca63f25604bbf49f
case-02203,23655a9f0f74377b03a1fd4eba4ce9c51fb0fd00a7b0e928e72f21f42d1ed2c5,CONTROLLED_TEST_MUTATION,expired_import,False,True,0.0339,False,0.2582,True,0.0154,False,0.2538,True,0.0081,False,3.4466,EVIDENCE_STALE,b2d83222fe4bab87f393b8e93c8a29f87ac2f8279ebd9de6ca63f25604bbf49f
case-02204,38988116c8bec421fe7c12fca8f577ad3b3311932f26855a7c85386f7112fd1a,CLEAN_TEST_FIXTURE,none,True,True,0.0398,True,0.3363,True,0.017,True,0.3262,True,0.01,True,3.6391,ALL_REQUIRED_EVIDENCE_TRUSTWORTHY,b2d83222fe4bab87f393b8e93c8a29f87ac2f8279ebd9de6ca63f25604bbf49f
case-02205,2f5eeede1ace62ddc9bd977be817d7f6e2cdda8b837b0863aa6aa09536253069,CONTROLLED_TEST_MUTATION,snapshot_score_conflict,False,True,0.0345,True,0.3196,True,0.016,True,0.3391,True,0.0084,False,3.6021,EVIDENCE_SNAPSHOT_CONFLICT,b2d83222fe4bab87f393b8e93c8a29f87ac2f8279ebd9de6ca63f25604bbf49f
case-02206,d28b38eb23671177a83c9cd5f1e6d8f7fbfae2e354f12da609762784d1ef3bfd,CLEAN_TEST_FIXTURE,none,True,True,0.0414,True,0.364,True,0.0172,True,0.3432,True,0.0097,True,3.5777,ALL_REQUIRED_EVIDENCE_TRUSTWORTHY,b2d83222fe4bab87f393b8e93c8a29f87ac2f8279ebd9de6ca63f25604bbf49f
case-02207,942aa451d8123fd60fac4bc722366b8b330dd289f0549846c3ffebff16ff6094,CLEAN_TEST_FIXTURE,none,True,True,0.0343,True,0.3191,True,0.0157,True,0.3174,True,0.0075,True,3.5133,ALL_REQUIRED_EVIDENCE_TRUSTWORTHY,b2d83222fe4bab87f393b8e93c8a29f87ac2f8279ebd9de6ca63f25604bbf49f
case-02208,f4d30698f4a9f55cb98913731e6122ed37d9da54a1f11f003f2850cf449f7520,CONTROLLED_TEST_MUTATION,role_conflict,False,True,0.0409,True,0.3441,True,0.0176,False,0.3377,True,0.0078,False,3.899,EVIDENCE_ROLE_CONFLICT,b2d83222fe4bab87f393b8e93c8a29f87ac2f8279ebd9de6ca63f25604bbf49f
case-02209,7885f5be15edeba4a9e4b39d6f3777fb214caef289003010bd4c492e0969b9d8,CONTROLLED_TEST_MUTATION,payload_tamper_after_seal,False,True,0.0345,False,0.0791,True,0.0151,False,0.0833,True,0.0074,False,3.5462,CHECKSUM_INVALID|EVIDENCE_ROOT_INVALID|EVIDENCE_SNAPSHOT_CONFLICT|RECORD_ENVELOPE_INVALID,b2d83222fe4bab87f393b8e93c8a29f87ac2f8279ebd9de6ca63f25604bbf49f
case-02210,7ffe60cfd273b5ad1923450f1fda337d015a90a4c0e9e71ac404ee06418234d0,CONTROLLED_TEST_MUTATION,lineage_cycle,False,True,0.0367,True,0.3192,True,0.0248,True,0.3088,True,0.0083,False,3.4891,EVIDENCE_LINEAGE_INVALID,b2d83222fe4bab87f393b8e93c8a29f87ac2f8279ebd9de6ca63f25604bbf49f
case-02211,f420615a6e503734e9b68d30dd6690bfede2004b61c1cf919586e9a1da4bd98c,CLEAN_TEST_FIXTURE,none,True,True,0.0349,True,0.3322,True,0.016,True,0.3337,True,0.0079,True,4.553,ALL_REQUIRED_EVIDENCE_TRUSTWORTHY,b2d83222fe4bab87f393b8e93c8a29f87ac2f8279ebd9de6ca63f25604bbf49f
case-02212,b4cbe657f4bb77afabe82aacd354b0060d7dbf052c6329f53b9680cee3707ff1,CONTROLLED_TEST_MUTATION,payload_tamper_after_seal,False,True,0.0353,False,0.0797,True,0.0155,False,0.081,True,0.0082,False,3.6645,CHECKSUM_INVALID|EVIDENCE_ROOT_INVALID|EVIDENCE_SNAPSHOT_CONFLICT|RECORD_ENVELOPE_INVALID,b2d83222fe4bab87f393b8e93c8a29f87ac2f8279ebd9de6ca63f25604bbf49f
case-02213,82fe614809097cabfbd6db11632b3b2defd428a5ae41331496d891c1348bace7,CONTROLLED_TEST_MUTATION,role_conflict,False,True,0.038,True,0.362,True,0.0167,False,0.3356,True,0.0068,False,4.6678,EVIDENCE_ROLE_CONFLICT,b2d83222fe4bab87f393b8e93c8a29f87ac2f8279ebd9de6ca63f25604bbf49f
case-02214,d36dfb3cc447f5e74666f9ed0ccd1ae2b23b61c8a10d4ff95d3e46a0fda61dcf,CONTROLLED_TEST_MUTATION,source_type_impersonation,False,True,0.0382,True,0.3369,True,0.0174,True,0.3348,True,0.0101,False,3.5899,EVIDENCE_ROLE_SOURCE_NOT_ALLOWED|OPERATOR_EVIDENCE_UNVERIFIED,b2d83222fe4bab87f393b8e93c8a29f87ac2f8279ebd9de6ca63f25604bbf49f
case-02215,966c052758a26c3050a3ca316f172b7e18825145152157f9bc436bc27218baf4,CONTROLLED_TEST_MUTATION,unavailable_record,False,True,0.0343,False,0.2905,True,0.016,False,0.2846,True,0.008,False,4.4407,EVIDENCE_LINEAGE_INCOMPLETE|EVIDENCE_UNAVAILABLE,b2d83222fe4bab87f393b8e93c8a29f87ac2f8279ebd9de6ca63f25604bbf49f
case-02216,3a2d4b01f38296b61e39ea1a521b3ed6cd79a5a1da15fc77be01892ee2caaecb,CLEAN_TEST_FIXTURE,none,True,True,0.0351,True,0.3155,True,0.016,True,0.3164,True,0.0081,True,3.5367,ALL_REQUIRED_EVIDENCE_TRUSTWORTHY,b2d83222fe4bab87f393b8e93c8a29f87ac2f8279ebd9de6ca63f25604bbf49f
case-02217,6b8e6c4179277f78a304508c4fb3f77ffca92d1c74feadee2b76bed2afb01c77,CONTROLLED_TEST_MUTATION,incomplete_payload,False,True,0.034,False,0.1456,True,0.0151,False,0.1424,True,0.0077,False,4.7863,EVIDENCE_PAYLOAD_INCOMPLETE,b2d83222fe4bab87f393b8e93c8a29f87ac2f8279ebd9de6ca63f25604bbf49f
case-02218,11f80a6c6ec6df711379e351a46b5ac98c17f7769ddfe6be6b8bdf3ca3ddb177,CONTROLLED_TEST_MUTATION,snapshot_score_conflict,False,True,0.0348,True,0.3129,True,0.016,True,0.3128,True,0.008,False,3.4581,EVIDENCE_SNAPSHOT_CONFLICT,b2d83222fe4bab87f393b8e93c8a29f87ac2f8279ebd9de6ca63f25604bbf49f
case-02219,101504d3d99ed81a235696602fc350707834fda5e25196a7466ec2dd327587c3,CLEAN_TEST_FIXTURE,none,True,True,0.0352,True,0.3279,True,0.0163,True,0.9758,True,0.0225,True,3.7287,ALL_REQUIRED_EVIDENCE_TRUSTWORTHY,b2d83222fe4bab87f393b8e93c8a29f87ac2f8279ebd9de6ca63f25604bbf49f
case-02220,981c61f9043c9ceca014c8c6a34c3ebda941215ba1f5e262947f720cd405d31e,CONTROLLED_TEST_MUTATION,expired_import,False,True,0.0345,False,0.2578,True,0.0158,False,0.2538,True,0.008,False,3.4449,EVIDENCE_STALE,b2d83222fe4bab87f393b8e93c8a29f87ac2f8279ebd9de6ca63f25604bbf49f
case-02221,fee99061e15dbc9398297c88fc18c18213664cb90cdc073fa61e401cf9b2f8a0,CONTROLLED_TEST_MUTATION,broken_lineage,False,True,0.0465,True,0.4624,True,0.0245,True,0.5948,True,0.0127,False,3.8694,EVIDENCE_LINEAGE_INVALID,b2d83222fe4bab87f393b8e93c8a29f87ac2f8279ebd9de6ca63f25604bbf49f
case-02222,2d52917ec6549e045ff4e05f2cee0be1bd4702a22790c9d3fe3568a5444dbd5d,CONTROLLED_TEST_MUTATION,future_timestamp,False,True,0.0359,False,0.2859,True,0.016,False,0.279,True,0.0081,False,3.4401,EVIDENCE_FRESHNESS_UNKNOWN|EVIDENCE_TIMESTAMP_IN_FUTURE,b2d83222fe4bab87f393b8e93c8a29f87ac2f8279ebd9de6ca63f25604bbf49f
case-02223,eff66c9f35c450d48805a3b5aea2ec889e61d785bfa01f95a306b2a71860d794,CONTROLLED_TEST_MUTATION,root_signature_tamper_after_seal,False,True,0.0538,True,0.3825,True,0.0168,True,0.3371,True,0.0105,False,3.7421,EVIDENCE_ROOT_INVALID,b2d83222fe4bab87f393b8e93c8a29f87ac2f8279ebd9de6ca63f25604bbf49f
case-02224,5ddd0760c66fd236316df5ebf5e691948e609d6a72ae0f818cad6a61d8a965ee,CONTROLLED_TEST_MUTATION,source_type_impersonation,False,True,0.0341,True,0.3375,True,0.016,True,0.3093,True,0.0073,False,3.5336,EVIDENCE_ROLE_SOURCE_NOT_ALLOWED|OPERATOR_EVIDENCE_UNVERIFIED,b2d83222fe4bab87f393b8e93c8a29f87ac2f8279ebd9de6ca63f25604bbf49f
case-02225,b39a8dfa7b9ccee4478c4e34295ae659730716a1de3c801fbf3249c5d02701f6,CONTROLLED_TEST_MUTATION,expired_import,False,True,0.0391,False,0.4188,True,0.0177,False,0.269,True,0.0103,False,3.5947,EVIDENCE_STALE,b2d83222fe4bab87f393b8e93c8a29f87ac2f8279ebd9de6ca63f25604bbf49f
case-02226,c36f02b7de75dda3412ac5c7a12a8b49b0d48eae852953786c98fbf1a7e8263f,CONTROLLED_TEST_MUTATION,root_signature_tamper_after_seal,False,True,0.0346,True,0.3218,True,0.0161,True,0.3223,True,0.0078,False,3.5455,EVIDENCE_ROOT_INVALID,b2d83222fe4bab87f393b8e93c8a29f87ac2f8279ebd9de6ca63f25604bbf49f
case-02227,a495a84a95035bc50ee9efd1731c8fcefa1babb635889cc3b3d75eb24d3752d8,CONTROLLED_TEST_MUTATION,missing_direct_role,False,False,0.0217,False,0.0137,True,0.0159,False,0.0255,True,0.0064,False,3.0918,REQUIRED_ROLE_MISSING,b2d83222fe4bab87f393b8e93c8a29f87ac2f8279ebd9de6ca63f25604bbf49f
case-02228,179d4341ed7a91eb3746f7b1e92c7a32e40c97ffc36bdefe6e7e9c83db2375f7,CLEAN_TEST_FIXTURE,none,True,True,0.0337,True,0.3124,True,0.0154,True,0.3114,True,0.0076,True,4.3068,ALL_REQUIRED_EVIDENCE_TRUSTWORTHY,b2d83222fe4bab87f393b8e93c8a29f87ac2f8279ebd9de6ca63f25604bbf49f
case-02229,7b96d024a7db1836f72203d8be3f5a8a5c7bb3b4415fb8972d6784b0ed3dda91,CONTROLLED_TEST_MUTATION,stale_live_observation,False,True,0.0363,False,0.2865,True,0.0167,False,0.2752,True,0.0097,False,4.0029,EVIDENCE_STALE,b2d83222fe4bab87f393b8e93c8a29f87ac2f8279ebd9de6ca63f25604bbf49f
case-02230,ca736a7506361275addc9a8e18c5961d9621e0a6496d321aec39435f6b4bd96c,CONTROLLED_TEST_MUTATION,missing_direct_role,False,False,0.018,False,0.0135,True,0.014,False,0.0246,True,0.0058,False,3.0593,REQUIRED_ROLE_MISSING,b2d83222fe4bab87f393b8e93c8a29f87ac2f8279ebd9de6ca63f25604bbf49f
case-02231,c8ceaada6b9c994f6465c6c05285abdd971e84401ca49ec23b23718fb09687ca,CLEAN_TEST_FIXTURE,none,True,True,0.0377,True,0.3235,True,0.0172,True,0.3187,True,0.0095,True,4.2029,ALL_REQUIRED_EVIDENCE_TRUSTWORTHY,b2d83222fe4bab87f393b8e93c8a29f87ac2f8279ebd9de6ca63f25604bbf49f
case-02232,b9a33bb64df730559e0fe7526b8a938775b4a62f5b9415cd5c4f815251d04f6d,CONTROLLED_TEST_MUTATION,empty_payload,False,False,0.0359,False,0.0287,True,0.0131,False,0.0408,True,0.0059,False,4.0018,EVIDENCE_PAYLOAD_EMPTY|EVIDENCE_PAYLOAD_SCHEMA_INVALID|EVIDENCE_SNAPSHOT_CONFLICT,b2d83222fe4bab87f393b8e93c8a29f87ac2f8279ebd9de6ca63f25604bbf49f
case-02233,7c6d28690fdfa67fdd9d90305d393548aa9455d6e32be316ff3242e0e6bc72f6,CONTROLLED_TEST_MUTATION,source_type_impersonation,False,True,0.0359,True,0.3102,True,0.0159,True,0.3085,True,0.0078,False,3.4832,EVIDENCE_ROLE_SOURCE_NOT_ALLOWED|OPERATOR_EVIDENCE_UNVERIFIED,b2d83222fe4bab87f393b8e93c8a29f87ac2f8279ebd9de6ca63f25604bbf49f
case-02234,3620e1a05617d2902940a63734e19eb4561a4aa06e4c36c982150fcfd2c4bf53,CONTROLLED_TEST_MUTATION,snapshot_score_conflict,False,True,0.0335,True,0.3121,True,0.0154,True,0.3139,True,0.0073,False,4.2964,EVIDENCE_SNAPSHOT_CONFLICT,b2d83222fe4bab87f393b8e93c8a29f87ac2f8279ebd9de6ca63f25604bbf49f
case-02235,34006c853788d29df0c04e996e6c0f8c870873eb112c7e0774d908d02b73b15c,CONTROLLED_TEST_MUTATION,source_type_impersonation,False,True,0.0355,True,0.3084,True,0.016,True,0.3072,True,0.0078,False,3.4531,EVIDENCE_ROLE_SOURCE_NOT_ALLOWED|OPERATOR_EVIDENCE_UNVERIFIED,b2d83222fe4bab87f393b8e93c8a29f87ac2f8279ebd9de6ca63f25604bbf49f
case-02236,48253c18f0979c716641a6499ca7fb3e0676b9cbd29a72de43cacff33919a503,CONTROLLED_TEST_MUTATION,missing_direct_role,False,False,0.0179,False,0.0133,True,0.0135,False,0.0241,True,0.0051,False,3.0869,REQUIRED_ROLE_MISSING,b2d83222fe4bab87f393b8e93c8a29f87ac2f8279ebd9de6ca63f25604bbf49f
case-02237,301a5976d53734928ee4cd036397e1f60a7222cb8edfad76d8ffc26d0b230fe5,CONTROLLED_TEST_MUTATION,root_signature_tamper_after_seal,False,True,0.0361,True,0.3121,True,0.0162,True,0.3094,True,0.0093,False,3.4625,EVIDENCE_ROOT_INVALID,b2d83222fe4bab87f393b8e93c8a29f87ac2f8279ebd9de6ca63f25604bbf49f
case-02238,977338419fda42ad413cd3d5dd4a799258295a67e92a998f4a793961eaf98798,CONTROLLED_TEST_MUTATION,incomplete_payload,False,True,0.0335,False,0.1453,True,0.015,False,0.141,True,0.0074,False,3.5663,EVIDENCE_PAYLOAD_INCOMPLETE,b2d83222fe4bab87f393b8e93c8a29f87ac2f8279ebd9de6ca63f25604bbf49f
case-02239,6f0aeb244a543a7a8dd6d43cc38f580b43e6840ba430e1d8c8dcb272ad7b9978,CONTROLLED_TEST_MUTATION,missing_direct_role,False,False,0.0189,False,0.0132,True,0.0145,False,0.0245,True,0.0059,False,3.0789,REQUIRED_ROLE_MISSING,b2d83222fe4bab87f393b8e93c8a29f87ac2f8279ebd9de6ca63f25604bbf49f
case-02240,2978a2495946d78e8101a7ca31ed79dafa39257687ee842af34626eb3f4c5941,CONTROLLED_TEST_MUTATION,unavailable_record,False,True,0.035,False,0.3089,True,0.0164,False,0.303,True,0.0078,False,3.7796,EVIDENCE_LINEAGE_INCOMPLETE|EVIDENCE_UNAVAILABLE,b2d83222fe4bab87f393b8e93c8a29f87ac2f8279ebd9de6ca63f25604bbf49f
case-02241,df6022f0437d9026a4f233405e18e21a4f37987d5c29537a04b82c30fec39704,CLEAN_TEST_FIXTURE,none,True,True,0.0356,True,0.3137,True,0.0161,True,0.3112,True,0.0091,True,3.4734,ALL_REQUIRED_EVIDENCE_TRUSTWORTHY,b2d83222fe4bab87f393b8e93c8a29f87ac2f8279ebd9de6ca63f25604bbf49f
case-02242,106460a4451bd3d1b2548c9c1cde5625b4729f8e495ed5ddcc93caf69ce48b8a,CONTROLLED_TEST_MUTATION,unavailable_record,False,True,0.0335,False,0.2815,True,0.0155,False,0.2743,True,0.0076,False,3.6981,EVIDENCE_LINEAGE_INCOMPLETE|EVIDENCE_UNAVAILABLE,b2d83222fe4bab87f393b8e93c8a29f87ac2f8279ebd9de6ca63f25604bbf49f
case-02243,22328765547dec92ea85ae918079f2f84d172adb52140d9512f2ccd7c2ebcf7c,CONTROLLED_TEST_MUTATION,incomplete_payload,False,True,0.035,False,0.1453,True,0.0157,False,0.1394,True,0.0081,False,3.5704,EVIDENCE_PAYLOAD_INCOMPLETE,b2d83222fe4bab87f393b8e93c8a29f87ac2f8279ebd9de6ca63f25604bbf49f
case-02244,9e1f2c7b922e7264624c557e4e0037922e788ddfefcabe5ffebdb4e00b51ff70,CONTROLLED_TEST_MUTATION,expired_import,False,True,0.0332,False,0.2563,True,0.0154,False,0.2519,True,0.0076,False,3.6977,EVIDENCE_STALE,b2d83222fe4bab87f393b8e93c8a29f87ac2f8279ebd9de6ca63f25604bbf49f
case-02245,1456d4d19e47db7831494fe86eab23125d9022c7b1b171662bdb289f537c76e0,CONTROLLED_TEST_MUTATION,excluded_ancestor,False,True,0.035,True,0.3113,True,0.0161,False,0.3118,True,0.0068,False,3.5698,REQUIRED_INPUT_EXCLUDED,b2d83222fe4bab87f393b8e93c8a29f87ac2f8279ebd9de6ca63f25604bbf49f
case-02246,3bf4e42c8c61d8a6f23a21691627f573dda9f0840bb6bfa4f1f7540592bb8355,CLEAN_TEST_FIXTURE,none,True,True,0.034,True,0.3127,True,0.0155,True,0.3109,True,0.0074,True,4.4412,ALL_REQUIRED_EVIDENCE_TRUSTWORTHY,b2d83222fe4bab87f393b8e93c8a29f87ac2f8279ebd9de6ca63f25604bbf49f
case-02247,6c4ce54c2c16093fd0d34b5cc577f04bd0056801e5534ec2e4bdd2b21c6e3135,CONTROLLED_TEST_MUTATION,root_signature_tamper_after_seal,False,True,0.035,True,0.3101,True,0.0161,True,0.3096,True,0.0088,False,3.495,EVIDENCE_ROOT_INVALID,b2d83222fe4bab87f393b8e93c8a29f87ac2f8279ebd9de6ca63f25604bbf49f
case-02248,bb39012b5ccf80635c9893e22d818075550485cec102c43847a1eea4b8844ba2,CONTROLLED_TEST_MUTATION,excluded_ancestor,False,True,0.0335,True,0.3139,True,0.0156,False,0.3149,True,0.0061,False,4.473,REQUIRED_INPUT_EXCLUDED,b2d83222fe4bab87f393b8e93c8a29f87ac2f8279ebd9de6ca63f25604bbf49f
case-02249,32c84a286e52c18d8df1a2cd0e20ce4770328d3d917d0a022aee7e720efded4c,CLEAN_TEST_FIXTURE,none,True,True,0.0356,True,0.3428,True,0.0163,True,0.3179,True,0.0093,True,3.673,ALL_REQUIRED_EVIDENCE_TRUSTWORTHY,b2d83222fe4bab87f393b8e93c8a29f87ac2f8279ebd9de6ca63f25604bbf49f
case-02250,59b33a90eb1d4bec0a1a8e3a06bc010339c1926b357174a374610e049294e491,CLEAN_TEST_FIXTURE,none,True,True,0.0384,True,0.3522,True,0.016,True,0.3233,True,0.008,True,4.4327,ALL_REQUIRED_EVIDENCE_TRUSTWORTHY,b2d83222fe4bab87f393b8e93c8a29f87ac2f8279ebd9de6ca63f25604bbf49f
case-02251,9334059dbee9b4b65ab5934c0a2ca2f8ed4b7de01f76ed6de81aaa3e2a184957,CONTROLLED_TEST_MUTATION,malformed_payload,False,True,0.036,True,0.3121,True,0.0163,True,0.3334,True,0.0079,False,3.667,EVIDENCE_PAYLOAD_SCHEMA_INVALID|EVIDENCE_SNAPSHOT_CONFLICT,b2d83222fe4bab87f393b8e93c8a29f87ac2f8279ebd9de6ca63f25604bbf49f
case-02252,5703dd8445a692191cccb8eb5bf07d15910ead25c0d56d0b297be4a6a4b49a53,CLEAN_TEST_FIXTURE,none,True,True,0.0348,True,0.321,True,0.0159,True,0.3187,True,0.0078,True,4.5556,ALL_REQUIRED_EVIDENCE_TRUSTWORTHY,b2d83222fe4bab87f393b8e93c8a29f87ac2f8279ebd9de6ca63f25604bbf49f
case-02253,499e6486c20d20802f7ea58b9bcf30180238d98ddee89ad730b6db624a49f25a,CONTROLLED_TEST_MUTATION,source_type_impersonation,False,True,0.0358,True,0.3233,True,0.0164,True,0.3205,True,0.008,False,3.5537,EVIDENCE_ROLE_SOURCE_NOT_ALLOWED|OPERATOR_EVIDENCE_UNVERIFIED,b2d83222fe4bab87f393b8e93c8a29f87ac2f8279ebd9de6ca63f25604bbf49f
case-02254,54cbcd97b9def4816d433d28453bdd8946769e36b419ae45105bee51a159d439,CONTROLLED_TEST_MUTATION,root_signature_tamper_after_seal,False,True,0.0399,True,0.3665,True,0.0182,True,1.0445,True,0.0131,False,3.7958,EVIDENCE_ROOT_INVALID,b2d83222fe4bab87f393b8e93c8a29f87ac2f8279ebd9de6ca63f25604bbf49f
case-02255,af49e6c86ff12a4a4dc6ebce6b11a36cfea29083ba3b88fb876076dced631aed,CONTROLLED_TEST_MUTATION,unknown_source,False,True,0.0357,True,0.3197,True,0.0164,True,0.3189,True,0.0078,False,3.5482,EVIDENCE_ROLE_SOURCE_NOT_ALLOWED|EVIDENCE_SOURCE_ID_UNKNOWN|EVIDENCE_SOURCE_POLICY_MISSING,b2d83222fe4bab87f393b8e93c8a29f87ac2f8279ebd9de6ca63f25604bbf49f
case-02256,99d07988707cf035d852f81f15ea1c9329d348dc7fbdebe685aed3cf682265ab,CONTROLLED_TEST_MUTATION,empty_payload,False,False,0.1191,False,0.0315,True,0.0151,False,0.0545,True,0.0078,False,3.8224,EVIDENCE_PAYLOAD_EMPTY|EVIDENCE_PAYLOAD_SCHEMA_INVALID|EVIDENCE_SNAPSHOT_CONFLICT,b2d83222fe4bab87f393b8e93c8a29f87ac2f8279ebd9de6ca63f25604bbf49f
case-02257,9c666d9bb652a961c609ec1ba51936837ac5b0e051c09ffb3a667e6ec4324144,CLEAN_TEST_FIXTURE,none,True,True,0.0353,True,0.3236,True,0.0161,True,0.3209,True,0.008,True,3.5603,ALL_REQUIRED_EVIDENCE_TRUSTWORTHY,b2d83222fe4bab87f393b8e93c8a29f87ac2f8279ebd9de6ca63f25604bbf49f
case-02258,ed7e1ef209ffa2ffcbb623fd0b41bf0e18cd0c92491b1a97924f650868961397,CONTROLLED_TEST_MUTATION,incomplete_payload,False,True,0.0504,False,0.2012,True,0.0213,False,0.236,True,0.0126,False,3.5615,EVIDENCE_PAYLOAD_INCOMPLETE,b2d83222fe4bab87f393b8e93c8a29f87ac2f8279ebd9de6ca63f25604bbf49f
case-02259,3e9000f7dad1bb0d596118f4d823c87a9d64541833603ec79e2c3e6e7a2f6623,CONTROLLED_TEST_MUTATION,stale_live_observation,False,True,0.0329,False,0.2831,True,0.0157,False,0.2748,True,0.0078,False,3.4498,EVIDENCE_STALE,b2d83222fe4bab87f393b8e93c8a29f87ac2f8279ebd9de6ca63f25604bbf49f
case-02260,e2b42db1c83831d30ac6b2df13dd4d9dad7bfa474b565a699f8727a772869884,CLEAN_TEST_FIXTURE,none,True,True,0.0599,True,0.4341,True,0.019,True,0.4541,True,0.0625,True,3.6558,ALL_REQUIRED_EVIDENCE_TRUSTWORTHY,b2d83222fe4bab87f393b8e93c8a29f87ac2f8279ebd9de6ca63f25604bbf49f
case-02261,ad2d74f12991299eb34a8ded402ee5048987dc69f738a9e65ae074e6b2f84db9,CONTROLLED_TEST_MUTATION,excluded_ancestor,False,True,0.0339,True,0.3086,True,0.0159,False,0.3085,True,0.0064,False,3.4608,REQUIRED_INPUT_EXCLUDED,b2d83222fe4bab87f393b8e93c8a29f87ac2f8279ebd9de6ca63f25604bbf49f
case-02262,97632e238f6609e5bfe73f298857811f866cf3c4b767b1cf96f30a8ca2110bc2,CONTROLLED_TEST_MUTATION,excluded_ancestor,False,True,0.327,True,0.4336,True,0.0205,False,0.3703,True,0.008,False,3.7311,REQUIRED_INPUT_EXCLUDED,b2d83222fe4bab87f393b8e93c8a29f87ac2f8279ebd9de6ca63f25604bbf49f
case-02263,58aa9a6a142932fda466be4e275cd2efcd8b4b0aaa088cc72868f33433f4e0db,CONTROLLED_TEST_MUTATION,lineage_cycle,False,True,0.0344,True,0.3352,True,0.0155,True,0.3103,True,0.0076,False,3.5234,EVIDENCE_LINEAGE_INVALID,b2d83222fe4bab87f393b8e93c8a29f87ac2f8279ebd9de6ca63f25604bbf49f
case-02264,5222b2f050ee54aee004c931ed1cbbbff54a59447005aa4c945f2a87a3267f68,CONTROLLED_TEST_MUTATION,future_timestamp,False,True,0.051,False,0.4942,True,0.019,False,0.4488,True,0.0114,False,4.1494,EVIDENCE_FRESHNESS_UNKNOWN|EVIDENCE_TIMESTAMP_IN_FUTURE,b2d83222fe4bab87f393b8e93c8a29f87ac2f8279ebd9de6ca63f25604bbf49f
case-02265,5ae265d312dfce54c50cbf7914bad7ad408c0a891feba6ab89993a46c6092d18,CONTROLLED_TEST_MUTATION,source_type_impersonation,False,True,0.0347,True,0.3199,True,0.0156,True,0.3179,True,0.0076,False,3.5281,EVIDENCE_ROLE_SOURCE_NOT_ALLOWED|OPERATOR_EVIDENCE_UNVERIFIED,b2d83222fe4bab87f393b8e93c8a29f87ac2f8279ebd9de6ca63f25604bbf49f
case-02266,137ac7aab116d8e89d977a00a47075991d1af99c84460091e1e4f3a576641ec5,CONTROLLED_TEST_MUTATION,root_signature_tamper_after_seal,False,True,0.0382,True,0.3262,True,0.0171,True,0.3202,True,0.0101,False,3.5815,EVIDENCE_ROOT_INVALID,b2d83222fe4bab87f393b8e93c8a29f87ac2f8279ebd9de6ca63f25604bbf49f
case-02267,171ec0f74ff98e7f3cfdf298786deed8836511a09346c756609d2d9bc2ec8a38,CONTROLLED_TEST_MUTATION,incomplete_payload,False,True,0.0351,False,0.1486,True,0.016,False,0.146,True,0.0078,False,3.5871,EVIDENCE_PAYLOAD_INCOMPLETE,b2d83222fe4bab87f393b8e93c8a29f87ac2f8279ebd9de6ca63f25604bbf49f
case-02268,50f4d3d5a4c037903e16fd8d2f303f5b6d44b8a3cefd63aa9eaf3503f1a90dba,CONTROLLED_TEST_MUTATION,future_timestamp,False,True,0.0376,False,0.2911,True,0.0169,False,0.2769,True,0.01,False,4.2242,EVIDENCE_FRESHNESS_UNKNOWN|EVIDENCE_TIMESTAMP_IN_FUTURE,b2d83222fe4bab87f393b8e93c8a29f87ac2f8279ebd9de6ca63f25604bbf49f
case-02269,a6bf9b4242e199be164d79eed0306228969eb396a5e74cde764736656c23a789,CLEAN_TEST_FIXTURE,none,True,True,0.0345,True,0.318,True,0.0159,True,0.3176,True,0.008,True,4.6682,ALL_REQUIRED_EVIDENCE_TRUSTWORTHY,b2d83222fe4bab87f393b8e93c8a29f87ac2f8279ebd9de6ca63f25604bbf49f
case-02270,f5945beab30b3d21b0529f8221a073385b6ffc594ae9bde59a02e11950a8a0d7,CONTROLLED_TEST_MUTATION,broken_lineage,False,True,0.0359,True,0.3166,True,0.0195,True,0.3188,True,0.0079,False,4.4506,EVIDENCE_LINEAGE_INVALID,b2d83222fe4bab87f393b8e93c8a29f87ac2f8279ebd9de6ca63f25604bbf49f
case-02271,21798b71111aabc4b1150833189a47575cc6847d4b1badaaa3949d42b5e30411,CONTROLLED_TEST_MUTATION,snapshot_score_conflict,False,True,0.0347,True,0.4482,True,0.0177,True,0.6892,True,0.064,False,4.3808,EVIDENCE_SNAPSHOT_CONFLICT,b2d83222fe4bab87f393b8e93c8a29f87ac2f8279ebd9de6ca63f25604bbf49f
case-02272,13dc23565a62219e4f6fbc0772605f4b530b25c61f5cde4a4176f60f55e0bab1,CLEAN_TEST_FIXTURE,none,True,True,0.0362,True,0.3192,True,0.0163,True,0.3175,True,0.008,True,3.5398,ALL_REQUIRED_EVIDENCE_TRUSTWORTHY,b2d83222fe4bab87f393b8e93c8a29f87ac2f8279ebd9de6ca63f25604bbf49f
case-02273,9088ba1ccade0392d780e7181c61e72f9cc3de037997c207cf39da673320c6f8,CLEAN_TEST_FIXTURE,none,True,True,0.0544,True,0.4172,True,0.0175,True,0.3286,True,0.01,True,3.5393,ALL_REQUIRED_EVIDENCE_TRUSTWORTHY,b2d83222fe4bab87f393b8e93c8a29f87ac2f8279ebd9de6ca63f25604bbf49f
case-02274,e8840d8c7025bab4b683158b1322eb9863ad4d95c77e60671437bd5682b85e23,CONTROLLED_TEST_MUTATION,wrong_context,False,True,0.0333,True,0.3098,True,0.0152,True,0.3066,True,0.0073,False,3.4451,EVIDENCE_CONTEXT_MISMATCH,b2d83222fe4bab87f393b8e93c8a29f87ac2f8279ebd9de6ca63f25604bbf49f
case-02275,00fd9866e5e40df19f6ae794af77080d40fd57beec1b37354e20fdd77d31c14a,CONTROLLED_TEST_MUTATION,malformed_payload,False,True,0.0405,True,0.3602,True,0.0172,True,0.3062,True,0.0101,False,3.5937,EVIDENCE_PAYLOAD_SCHEMA_INVALID|EVIDENCE_SNAPSHOT_CONFLICT,b2d83222fe4bab87f393b8e93c8a29f87ac2f8279ebd9de6ca63f25604bbf49f
case-02276,89d8df429c57676f59d98afc0b15ac47f07b4030a8c19c4b63268c748ff09157,CONTROLLED_TEST_MUTATION,excluded_ancestor,False,True,0.0341,True,0.3104,True,0.0155,False,0.323,True,0.0156,False,3.5323,REQUIRED_INPUT_EXCLUDED,b2d83222fe4bab87f393b8e93c8a29f87ac2f8279ebd9de6ca63f25604bbf49f
case-02277,afa04e39f90bc39aa7d9b6266360d93ee670db9d0fcf9a6a7c4fd9beb7c9c777,CONTROLLED_TEST_MUTATION,payload_tamper_after_seal,False,True,0.0372,False,0.08,True,0.0157,False,0.0803,True,0.0082,False,3.5068,CHECKSUM_INVALID|EVIDENCE_ROOT_INVALID|EVIDENCE_SNAPSHOT_CONFLICT|RECORD_ENVELOPE_INVALID,b2d83222fe4bab87f393b8e93c8a29f87ac2f8279ebd9de6ca63f25604bbf49f
case-02278,f0069d65113b64fc51ffa5d3f7110b6edfcd76bb17d3f7a1280127e1dfe904a9,CLEAN_TEST_FIXTURE,none,True,True,0.0333,True,0.3104,True,0.0151,True,0.3097,True,0.0075,True,3.4486,ALL_REQUIRED_EVIDENCE_TRUSTWORTHY,b2d83222fe4bab87f393b8e93c8a29f87ac2f8279ebd9de6ca63f25604bbf49f
case-02279,7200817a58b3fc908ab7ddb16201a7ffac6a0319127423a46f4bdccb4c0db58b,CONTROLLED_TEST_MUTATION,payload_tamper_after_seal,False,True,0.0376,False,0.0845,True,0.017,False,0.0859,True,0.0084,False,3.6274,CHECKSUM_INVALID|EVIDENCE_ROOT_INVALID|EVIDENCE_SNAPSHOT_CONFLICT|RECORD_ENVELOPE_INVALID,b2d83222fe4bab87f393b8e93c8a29f87ac2f8279ebd9de6ca63f25604bbf49f
case-02280,d67b02567489fbf4bef20be4991481ce809563e5a6019a89314e199e74290b42,CLEAN_TEST_FIXTURE,none,True,True,0.0351,True,0.3188,True,0.0159,True,0.3185,True,0.0079,True,3.4954,ALL_REQUIRED_EVIDENCE_TRUSTWORTHY,b2d83222fe4bab87f393b8e93c8a29f87ac2f8279ebd9de6ca63f25604bbf49f
case-02281,429061a0ed37407d23edabf8dfe52d7e85b36011114e9ae94ff0a67bac8d83db,CLEAN_TEST_FIXTURE,none,True,True,0.0366,True,0.3235,True,0.0167,True,0.3149,True,0.0095,True,3.4989,ALL_REQUIRED_EVIDENCE_TRUSTWORTHY,b2d83222fe4bab87f393b8e93c8a29f87ac2f8279ebd9de6ca63f25604bbf49f
case-02282,c123a80ffc2548aefe69f72025646f03e574c327a55af3dd439e3651d8581bf9,CONTROLLED_TEST_MUTATION,snapshot_score_conflict,False,True,0.034,True,0.3096,True,0.0154,True,0.309,True,0.0073,False,3.4458,EVIDENCE_SNAPSHOT_CONFLICT,b2d83222fe4bab87f393b8e93c8a29f87ac2f8279ebd9de6ca63f25604bbf49f
case-02283,8dc3bfcdde07be91a240a4f9bee8985c97d0ffc1a2917651e6b1d0b366b13597,CONTROLLED_TEST_MUTATION,root_signature_tamper_after_seal,False,True,0.0396,True,0.3224,True,0.0169,True,0.3173,True,0.0093,False,3.5176,EVIDENCE_ROOT_INVALID,b2d83222fe4bab87f393b8e93c8a29f87ac2f8279ebd9de6ca63f25604bbf49f
case-02284,801a8974d617557adae6065b41d22f6f88fa43c18b672ad80ad72657da03d603,CONTROLLED_TEST_MUTATION,missing_direct_role,False,False,0.0178,False,0.0131,True,0.0136,False,0.0245,True,0.0053,False,3.0343,REQUIRED_ROLE_MISSING,b2d83222fe4bab87f393b8e93c8a29f87ac2f8279ebd9de6ca63f25604bbf49f
case-02285,85ad25657a854cd526ab6727840734bb626233ff4a680d38253ce022ef758425,CONTROLLED_TEST_MUTATION,expired_import,False,True,0.0429,False,0.283,True,0.0166,False,0.2583,True,0.0108,False,3.6614,EVIDENCE_STALE,b2d83222fe4bab87f393b8e93c8a29f87ac2f8279ebd9de6ca63f25604bbf49f
case-02286,e8f5044942505cedd48ff4d5ed64e1b2454a1c7519f8ba9381cea8303e38d0fb,CONTROLLED_TEST_MUTATION,payload_tamper_after_seal,False,True,0.0343,False,0.077,True,0.0149,False,0.0802,True,0.0072,False,3.4618,CHECKSUM_INVALID|EVIDENCE_ROOT_INVALID|EVIDENCE_SNAPSHOT_CONFLICT|RECORD_ENVELOPE_INVALID,b2d83222fe4bab87f393b8e93c8a29f87ac2f8279ebd9de6ca63f25604bbf49f
case-02287,de59f2d1d44d83bd201298b8dcf545ccd37db3779c8cb5fd4f14b09870f09050,CLEAN_TEST_FIXTURE,none,True,True,0.0452,True,0.3828,True,0.0179,True,0.3267,True,0.0111,True,4.3154,ALL_REQUIRED_EVIDENCE_TRUSTWORTHY,b2d83222fe4bab87f393b8e93c8a29f87ac2f8279ebd9de6ca63f25604bbf49f
case-02288,e66ab5b5578138463f2269c63216c54368903a5f8544525d29b08213c34b8ca5,CLEAN_TEST_FIXTURE,none,True,True,0.0738,True,0.427,True,0.018,True,0.4171,True,0.0207,True,3.62,ALL_REQUIRED_EVIDENCE_TRUSTWORTHY,b2d83222fe4bab87f393b8e93c8a29f87ac2f8279ebd9de6ca63f25604bbf49f
case-02289,e4e2e73690392ff3aabd7a10750b5ec7c613d4abaad41884299ba048c646d262,CONTROLLED_TEST_MUTATION,incomplete_payload,False,True,0.038,False,0.1542,True,0.0169,False,0.1475,True,0.0101,False,3.9241,EVIDENCE_PAYLOAD_INCOMPLETE,b2d83222fe4bab87f393b8e93c8a29f87ac2f8279ebd9de6ca63f25604bbf49f
case-02290,1f2d5bb44165fb3922b9839814a26f43df43ec2d709f1932a2834672c11b59d6,CONTROLLED_TEST_MUTATION,stale_live_observation,False,True,0.0345,False,0.2895,True,0.016,False,0.283,True,0.0081,False,3.5312,EVIDENCE_STALE,b2d83222fe4bab87f393b8e93c8a29f87ac2f8279ebd9de6ca63f25604bbf49f
case-02291,33aecbc3d3aa8002e5c325844abfa75c1209cea5295eb1b3b200ce7b4d3637a8,CONTROLLED_TEST_MUTATION,unavailable_record,False,True,0.0372,False,0.3006,True,0.0174,False,0.287,True,0.0091,False,3.6125,EVIDENCE_LINEAGE_INCOMPLETE|EVIDENCE_UNAVAILABLE,b2d83222fe4bab87f393b8e93c8a29f87ac2f8279ebd9de6ca63f25604bbf49f
case-02292,b73067f39eaefa9b3007b34ffc9e05e08263da5a194d2796b6276843716cdbf4,CLEAN_TEST_FIXTURE,none,True,True,0.0337,True,0.3083,True,0.0152,True,0.3073,True,0.0073,True,3.5757,ALL_REQUIRED_EVIDENCE_TRUSTWORTHY,b2d83222fe4bab87f393b8e93c8a29f87ac2f8279ebd9de6ca63f25604bbf49f
case-02293,505c99ce24a1f1bfa715ed7e91e7433bbe1d84941a186a39fc99a47830321992,CONTROLLED_TEST_MUTATION,role_conflict,False,True,0.0392,True,0.3325,True,0.0171,False,0.3275,True,0.0071,False,3.7606,EVIDENCE_ROLE_CONFLICT,b2d83222fe4bab87f393b8e93c8a29f87ac2f8279ebd9de6ca63f25604bbf49f
case-02294,1999b50df7e04333b7ff3fbe3e4d3724fa5262a0f26e7bb23e00f10b842e56be,CONTROLLED_TEST_MUTATION,malformed_payload,False,True,0.0339,True,0.3015,True,0.0155,True,0.2993,True,0.0073,False,5.3164,EVIDENCE_PAYLOAD_SCHEMA_INVALID|EVIDENCE_SNAPSHOT_CONFLICT,b2d83222fe4bab87f393b8e93c8a29f87ac2f8279ebd9de6ca63f25604bbf49f
case-02295,5494dd54e75525b3adf9fdf0542f2c43a352e4b2eebc535de69287029de3a26a,CONTROLLED_TEST_MUTATION,role_conflict,False,True,0.0384,True,0.3345,True,0.0172,False,0.3274,True,0.0074,False,3.7385,EVIDENCE_ROLE_CONFLICT,b2d83222fe4bab87f393b8e93c8a29f87ac2f8279ebd9de6ca63f25604bbf49f
case-02296,f6d80b1d487f910a175e7aba99ce6fbd84ed6986b9b51f716f929d0c77974e72,CLEAN_TEST_FIXTURE,none,True,True,0.0337,True,0.3143,True,0.0153,True,0.4558,True,0.0081,True,4.3005,ALL_REQUIRED_EVIDENCE_TRUSTWORTHY,b2d83222fe4bab87f393b8e93c8a29f87ac2f8279ebd9de6ca63f25604bbf49f
case-02297,29dad02c05127613ede13b4e2f1f0cc97e5185d662e4ec32be2ce3bd5cf4213b,CONTROLLED_TEST_MUTATION,stale_live_observation,False,True,0.0345,False,0.281,True,0.016,False,0.2719,True,0.0083,False,3.416,EVIDENCE_STALE,b2d83222fe4bab87f393b8e93c8a29f87ac2f8279ebd9de6ca63f25604bbf49f
case-02298,7cca7e58e8388fe0ecc03ec19655e97807743455126e94119118e067d23e7ce2,CONTROLLED_TEST_MUTATION,broken_lineage,False,True,0.0332,True,0.3851,True,0.0156,True,0.3074,True,0.0074,False,4.4202,EVIDENCE_LINEAGE_INVALID,b2d83222fe4bab87f393b8e93c8a29f87ac2f8279ebd9de6ca63f25604bbf49f
case-02299,a5d1d72da742a759f4c7cd6506310c0276630fa89ada84bf1cf9a869c9010938,CONTROLLED_TEST_MUTATION,lineage_cycle,False,True,0.0429,True,0.3711,True,0.0167,True,0.3202,True,0.0084,False,3.6065,EVIDENCE_LINEAGE_INVALID,b2d83222fe4bab87f393b8e93c8a29f87ac2f8279ebd9de6ca63f25604bbf49f
case-02300,53e80975bf9950bc5ec4ae1cd09a8e322b7f294a395957b1364dbcf2aad149be,CONTROLLED_TEST_MUTATION,root_signature_tamper_after_seal,False,True,0.0378,True,0.3248,True,0.0171,True,0.3188,True,0.0095,False,3.6022,EVIDENCE_ROOT_INVALID,b2d83222fe4bab87f393b8e93c8a29f87ac2f8279ebd9de6ca63f25604bbf49f
case-02301,c0db17dbe72e78a9d6a23b763a522390786763b3fb2c8d319f7da42ee62953eb,CONTROLLED_TEST_MUTATION,broken_lineage,False,True,0.0337,True,0.315,True,0.0155,True,0.3208,True,0.0077,False,4.1086,EVIDENCE_LINEAGE_INVALID,b2d83222fe4bab87f393b8e93c8a29f87ac2f8279ebd9de6ca63f25604bbf49f
case-02302,d04543236aa5cd2590a678aa4b712ec57ec8a89f78471757d89de5e7811080ef,CONTROLLED_TEST_MUTATION,missing_direct_role,False,False,0.025,False,0.0158,True,0.0177,False,0.0284,True,0.0069,False,3.3708,REQUIRED_ROLE_MISSING,b2d83222fe4bab87f393b8e93c8a29f87ac2f8279ebd9de6ca63f25604bbf49f
case-02303,46af6e44f50d61c98580b3e0b444d0bcf5112d7bab3de47c407602fe127b294a,CONTROLLED_TEST_MUTATION,root_signature_tamper_after_seal,False,True,0.0361,True,0.3423,True,0.0165,True,0.3417,True,0.008,False,3.8326,EVIDENCE_ROOT_INVALID,b2d83222fe4bab87f393b8e93c8a29f87ac2f8279ebd9de6ca63f25604bbf49f
case-02304,b37dfa208b0c8fb2e5bcc2a47426bab94f9c1531075f74a742671bf2a2820da9,CONTROLLED_TEST_MUTATION,snapshot_score_conflict,False,True,0.0366,True,0.3144,True,0.0166,True,0.3099,True,0.0095,False,3.4755,EVIDENCE_SNAPSHOT_CONFLICT,b2d83222fe4bab87f393b8e93c8a29f87ac2f8279ebd9de6ca63f25604bbf49f
case-02305,3dcda52f605b8527ba3035dd9571b95e821860c0986d1811cd24c7aaa6d2260c,CONTROLLED_TEST_MUTATION,stale_live_observation,False,True,0.0331,False,0.2806,True,0.0153,False,0.2726,True,0.0077,False,3.5098,EVIDENCE_STALE,b2d83222fe4bab87f393b8e93c8a29f87ac2f8279ebd9de6ca63f25604bbf49f
case-02306,2525034306dd0eeb6444c1bc320808812a89804c36be0c764e53f3c5b11e979a,CONTROLLED_TEST_MUTATION,root_signature_tamper_after_seal,False,True,0.0359,True,0.313,True,0.0168,True,0.31,True,0.0089,False,3.4696,EVIDENCE_ROOT_INVALID,b2d83222fe4bab87f393b8e93c8a29f87ac2f8279ebd9de6ca63f25604bbf49f
case-02307,9e0f5210d5b5d2bf1c86bcaa5ac2ff22edf10a24de71824f42680bb79722c355,CONTROLLED_TEST_MUTATION,missing_lineage,False,True,0.0339,True,0.3075,True,0.0156,True,0.306,True,0.0074,False,3.4812,EVIDENCE_LINEAGE_INCOMPLETE,b2d83222fe4bab87f393b8e93c8a29f87ac2f8279ebd9de6ca63f25604bbf49f
case-02308,5ee81d1e2a8722a245ca7fad408d70d34cedbac390623d8c67b0b209be6ec9e1,CONTROLLED_TEST_MUTATION,payload_tamper_after_seal,False,True,0.0358,False,0.099,True,0.0157,False,0.0801,True,0.0079,False,3.5509,CHECKSUM_INVALID|EVIDENCE_ROOT_INVALID|EVIDENCE_SNAPSHOT_CONFLICT|RECORD_ENVELOPE_INVALID,b2d83222fe4bab87f393b8e93c8a29f87ac2f8279ebd9de6ca63f25604bbf49f
case-02309,7e34a2dcdab20920ce16365ea0600edcc4543136c9394c8cec25eba4f0f436d1,CONTROLLED_TEST_MUTATION,missing_direct_role,False,False,0.018,False,0.0133,True,0.0138,False,0.0244,True,0.0054,False,3.2379,REQUIRED_ROLE_MISSING,b2d83222fe4bab87f393b8e93c8a29f87ac2f8279ebd9de6ca63f25604bbf49f
case-02310,45d2cd031b623ab3a4358a6a2c983b5bdda2e8a5b536738c85def4d2382ba98a,CONTROLLED_TEST_MUTATION,missing_lineage,False,True,0.0375,True,0.3241,True,0.0172,True,0.3407,True,0.0097,False,3.5867,EVIDENCE_LINEAGE_INCOMPLETE,b2d83222fe4bab87f393b8e93c8a29f87ac2f8279ebd9de6ca63f25604bbf49f
case-02311,203fd97572740661109cefe3842f3c4afda5e735ede63de13bd3aaadda2e5047,CLEAN_TEST_FIXTURE,none,True,True,0.0436,True,0.326,True,0.0158,True,0.315,True,0.0077,True,3.6577,ALL_REQUIRED_EVIDENCE_TRUSTWORTHY,b2d83222fe4bab87f393b8e93c8a29f87ac2f8279ebd9de6ca63f25604bbf49f
case-02312,00ac8d9cfb7b4cc511e9c06e3d03ed9b15d00e9e0761250ba7c38324a1ce90c3,CLEAN_TEST_FIXTURE,none,True,True,0.0368,True,0.3231,True,0.0167,True,0.3203,True,0.0093,True,3.7092,ALL_REQUIRED_EVIDENCE_TRUSTWORTHY,b2d83222fe4bab87f393b8e93c8a29f87ac2f8279ebd9de6ca63f25604bbf49f
case-02313,7ecdf4d2f511b0a3db7c0a894e89b8cc20b3340a267700091536ff8461416329,CLEAN_TEST_FIXTURE,none,True,True,0.0687,True,0.5009,True,0.0254,True,0.4474,True,0.0094,True,5.5659,ALL_REQUIRED_EVIDENCE_TRUSTWORTHY,b2d83222fe4bab87f393b8e93c8a29f87ac2f8279ebd9de6ca63f25604bbf49f
case-02314,5a813a1d29c64c0bef7240548ec553eaab4d4ef3052d23b7f39c3a520f3bb067,CONTROLLED_TEST_MUTATION,lineage_cycle,False,True,0.0575,True,0.3364,True,0.0164,True,0.322,True,0.0081,False,3.5768,EVIDENCE_LINEAGE_INVALID,b2d83222fe4bab87f393b8e93c8a29f87ac2f8279ebd9de6ca63f25604bbf49f
case-02315,d8ff1c089bbcaf71965b8f61942663c9bdd14155ee8ed6ce4522ac631a49e1c4,CLEAN_TEST_FIXTURE,none,True,True,0.0338,True,0.3199,True,0.0159,True,0.3178,True,0.0076,True,5.6629,ALL_REQUIRED_EVIDENCE_TRUSTWORTHY,b2d83222fe4bab87f393b8e93c8a29f87ac2f8279ebd9de6ca63f25604bbf49f
case-02316,bce60cb41af405eb51d12fcf03a1d85a66492087d28a870a838e520f214da255,CONTROLLED_TEST_MUTATION,missing_lineage,False,True,0.036,True,0.3869,True,0.0164,True,0.3186,True,0.0083,False,3.6847,EVIDENCE_LINEAGE_INCOMPLETE,b2d83222fe4bab87f393b8e93c8a29f87ac2f8279ebd9de6ca63f25604bbf49f
case-02317,456c01facbfc74bc875914b6b75dff88b4e81ff8f61b6557e81c44d148d85d20,CLEAN_TEST_FIXTURE,none,True,True,0.0373,True,0.3274,True,0.0173,True,0.3204,True,0.0101,True,3.6086,ALL_REQUIRED_EVIDENCE_TRUSTWORTHY,b2d83222fe4bab87f393b8e93c8a29f87ac2f8279ebd9de6ca63f25604bbf49f
case-02318,1984f44b1a91d843e24c7d8e6e60ac319e038d0bb69073d72be5b09bb722a911,CONTROLLED_TEST_MUTATION,future_timestamp,False,True,0.0332,False,0.2811,True,0.0155,False,0.2949,True,0.0075,False,3.5084,EVIDENCE_FRESHNESS_UNKNOWN|EVIDENCE_TIMESTAMP_IN_FUTURE,b2d83222fe4bab87f393b8e93c8a29f87ac2f8279ebd9de6ca63f25604bbf49f
case-02319,c3d44adb240ee4600359c55a99c5b5582101e94dc91c753736905007cd1e028f,CONTROLLED_TEST_MUTATION,unknown_source,False,True,0.0377,True,0.3414,True,0.0169,True,0.3128,True,0.0098,False,3.5917,EVIDENCE_ROLE_SOURCE_NOT_ALLOWED|EVIDENCE_SOURCE_ID_UNKNOWN|EVIDENCE_SOURCE_POLICY_MISSING,b2d83222fe4bab87f393b8e93c8a29f87ac2f8279ebd9de6ca63f25604bbf49f
case-02320,c2542fefb1af3cd0a20fcd55d38562837987872364b2be6915cc05ae08abbc2f,CONTROLLED_TEST_MUTATION,missing_direct_role,False,False,0.0178,False,0.0131,True,0.0137,False,0.0241,True,0.0052,False,3.108,REQUIRED_ROLE_MISSING,b2d83222fe4bab87f393b8e93c8a29f87ac2f8279ebd9de6ca63f25604bbf49f
case-02321,0d8841869d8df0515a59156c4e4120cb4e763f01111f2327d312ff3bd909e772,CLEAN_TEST_FIXTURE,none,True,True,0.0371,True,0.3229,True,0.017,True,0.3147,True,0.0097,True,3.4927,ALL_REQUIRED_EVIDENCE_TRUSTWORTHY,b2d83222fe4bab87f393b8e93c8a29f87ac2f8279ebd9de6ca63f25604bbf49f
case-02322,66942af846bec54537a5b2caba75bca4d5c56b846489adf11e375c38e04ddc29,CONTROLLED_TEST_MUTATION,missing_direct_role,False,False,0.0177,False,0.013,True,0.0135,False,0.0241,True,0.0052,False,3.0231,REQUIRED_ROLE_MISSING,b2d83222fe4bab87f393b8e93c8a29f87ac2f8279ebd9de6ca63f25604bbf49f
case-02323,56a2a1dd43ff0c679f48c7c9f95a5ae4dfec3a4e717e229c1600788989201044,CONTROLLED_TEST_MUTATION,broken_lineage,False,True,0.0661,True,0.3474,True,0.0167,True,0.3139,True,0.0098,False,3.5229,EVIDENCE_LINEAGE_INVALID,b2d83222fe4bab87f393b8e93c8a29f87ac2f8279ebd9de6ca63f25604bbf49f
case-02324,796b10cfa24ba0aecdcaa07f037617aff75b9caca037957a37fca8792ef06288,CONTROLLED_TEST_MUTATION,root_signature_tamper_after_seal,False,True,0.0337,True,0.3096,True,0.0157,True,0.3091,True,0.0074,False,3.4541,EVIDENCE_ROOT_INVALID,b2d83222fe4bab87f393b8e93c8a29f87ac2f8279ebd9de6ca63f25604bbf49f
case-02325,49d709321c644c4d0ca9b754c42fd917fa885c06c2aa8aab90e903a7bc4c2ff5,CONTROLLED_TEST_MUTATION,missing_direct_role,False,False,0.0275,False,0.0137,True,0.0167,False,0.0442,True,0.0069,False,3.2836,REQUIRED_ROLE_MISSING,b2d83222fe4bab87f393b8e93c8a29f87ac2f8279ebd9de6ca63f25604bbf49f
case-02326,186782df351f09c534fc5e9624d91dad1facbcfcfcf44437d9146cd7106fc2f9,CONTROLLED_TEST_MUTATION,role_conflict,False,True,0.0368,True,0.3314,True,0.0164,False,0.3474,True,0.0066,False,3.8323,EVIDENCE_ROLE_CONFLICT,b2d83222fe4bab87f393b8e93c8a29f87ac2f8279ebd9de6ca63f25604bbf49f
case-02327,5a10052ecdeed6d9d155bdf36de6e77c6b4e8894dbd007f4655aaf0d018a2639,CONTROLLED_TEST_MUTATION,incomplete_payload,False,True,0.0408,False,0.1657,True,0.0172,False,0.149,True,0.0106,False,3.6023,EVIDENCE_PAYLOAD_INCOMPLETE,b2d83222fe4bab87f393b8e93c8a29f87ac2f8279ebd9de6ca63f25604bbf49f
case-02328,747c67ddbf9ee926072300fd730260cb9a622ee201d2f90fcc2ab378b425bace,CLEAN_TEST_FIXTURE,none,True,True,0.0343,True,0.3171,True,0.0157,True,0.3165,True,0.0077,True,3.5705,ALL_REQUIRED_EVIDENCE_TRUSTWORTHY,b2d83222fe4bab87f393b8e93c8a29f87ac2f8279ebd9de6ca63f25604bbf49f
case-02329,d674b2fb3f72687bf24fb435f56b089b21e01c8b34e0c83056165088dc146d18,CONTROLLED_TEST_MUTATION,expired_import,False,True,0.041,False,0.3363,True,0.0169,False,0.2586,True,0.0106,False,3.5795,EVIDENCE_STALE,b2d83222fe4bab87f393b8e93c8a29f87ac2f8279ebd9de6ca63f25604bbf49f
case-02330,b05e96ae0a3c846274ef79d8090eee9d514f06d041fcf70245832bef1b4f3f0c,CLEAN_TEST_FIXTURE,none,True,True,0.0341,True,0.315,True,0.0158,True,0.3165,True,0.0076,True,3.5394,ALL_REQUIRED_EVIDENCE_TRUSTWORTHY,b2d83222fe4bab87f393b8e93c8a29f87ac2f8279ebd9de6ca63f25604bbf49f
case-02331,c709b76bc30f2af049af211aba215d197dc51da7472009134c5f9f2062c8dccb,CONTROLLED_TEST_MUTATION,unknown_source,False,True,0.0395,True,0.3517,True,0.0175,True,0.3189,True,0.0107,False,3.7943,EVIDENCE_ROLE_SOURCE_NOT_ALLOWED|EVIDENCE_SOURCE_ID_UNKNOWN|EVIDENCE_SOURCE_POLICY_MISSING,b2d83222fe4bab87f393b8e93c8a29f87ac2f8279ebd9de6ca63f25604bbf49f
case-02332,2623ce3e5cc4e32c75e821bf266c30c32b905f94152a1473d46ced98a0bc7df7,CONTROLLED_TEST_MUTATION,unavailable_record,False,True,0.0355,False,0.2897,True,0.016,False,0.2801,True,0.0186,False,3.7765,EVIDENCE_LINEAGE_INCOMPLETE|EVIDENCE_UNAVAILABLE,b2d83222fe4bab87f393b8e93c8a29f87ac2f8279ebd9de6ca63f25604bbf49f
case-02333,abebbed0617d22f93c7cf4e247630d8623c79c8667a549384e450973686008bc,CONTROLLED_TEST_MUTATION,wrong_context,False,True,0.036,True,0.3128,True,0.017,True,0.3314,True,0.0082,False,3.5775,EVIDENCE_CONTEXT_MISMATCH,b2d83222fe4bab87f393b8e93c8a29f87ac2f8279ebd9de6ca63f25604bbf49f
case-02334,a15a393894d2433f0bf4129d90306bef08edfa9d231b95c93f23982e21f366d8,CONTROLLED_TEST_MUTATION,stale_live_observation,False,True,0.0364,False,0.311,True,0.0164,False,0.3072,True,0.0082,False,4.4226,EVIDENCE_STALE,b2d83222fe4bab87f393b8e93c8a29f87ac2f8279ebd9de6ca63f25604bbf49f
case-02335,c7a2cff29cec4b30e36bbf6a8bb8ac4880f2519ea808604901a1f048f6e4717d,CONTROLLED_TEST_MUTATION,wrong_context,False,True,0.0601,True,0.3117,True,0.0162,True,0.3078,True,0.0079,False,3.6471,EVIDENCE_CONTEXT_MISMATCH,b2d83222fe4bab87f393b8e93c8a29f87ac2f8279ebd9de6ca63f25604bbf49f
case-02336,7eab5bcd328c516ab06b693b736bb917a4f5cc085ea236f24580372db86b9095,CONTROLLED_TEST_MUTATION,empty_payload,False,False,0.0355,False,0.0278,True,0.0126,False,0.0399,True,0.0056,False,4.3307,EVIDENCE_PAYLOAD_EMPTY|EVIDENCE_PAYLOAD_SCHEMA_INVALID|EVIDENCE_SNAPSHOT_CONFLICT,b2d83222fe4bab87f393b8e93c8a29f87ac2f8279ebd9de6ca63f25604bbf49f
case-02337,2179db96d08fb9278a8c05585212d59f5b0b0ff831f7673c752fd2d37d14c08a,CONTROLLED_TEST_MUTATION,snapshot_score_conflict,False,True,0.0354,True,0.3334,True,0.0163,True,0.3099,True,0.0079,False,3.6368,EVIDENCE_SNAPSHOT_CONFLICT,b2d83222fe4bab87f393b8e93c8a29f87ac2f8279ebd9de6ca63f25604bbf49f
case-02338,38fbf22d4c172665b44ca21df9d79cbb66e793264e5e00043aeb93a828f54c14,CLEAN_TEST_FIXTURE,none,True,True,0.0333,True,0.3059,True,0.0156,True,0.3045,True,0.0073,True,4.2156,ALL_REQUIRED_EVIDENCE_TRUSTWORTHY,b2d83222fe4bab87f393b8e93c8a29f87ac2f8279ebd9de6ca63f25604bbf49f
case-02339,49a68fd38914cfb8b2b026ba83ea03bdf2504c27398b5ee41558b6f65762d3cb,CLEAN_TEST_FIXTURE,none,True,True,0.0365,True,0.3214,True,0.0162,True,0.3183,True,0.0082,True,3.5737,ALL_REQUIRED_EVIDENCE_TRUSTWORTHY,b2d83222fe4bab87f393b8e93c8a29f87ac2f8279ebd9de6ca63f25604bbf49f
case-02340,31a50cbb0bd89c18ba5529e7f62d961a70652b21bda35e5abe1b8999202df7d9,CONTROLLED_TEST_MUTATION,missing_direct_role,False,False,0.0179,False,0.0134,True,0.0139,False,0.025,True,0.0054,False,4.3428,REQUIRED_ROLE_MISSING,b2d83222fe4bab87f393b8e93c8a29f87ac2f8279ebd9de6ca63f25604bbf49f
case-02341,3bc97353266822a30c8ed22dd2d8778763abed8144a01144a8e4d00894b5b564,CONTROLLED_TEST_MUTATION,excluded_ancestor,False,True,0.0357,True,0.3209,True,0.0167,False,0.3218,True,0.0068,False,3.6035,REQUIRED_INPUT_EXCLUDED,b2d83222fe4bab87f393b8e93c8a29f87ac2f8279ebd9de6ca63f25604bbf49f
case-02342,c25851089a9fea490dc105e70f8495c7bf7228324130903e058a5126d2453086,CONTROLLED_TEST_MUTATION,malformed_payload,False,True,0.0345,True,0.3092,True,0.016,True,0.3096,True,0.0075,False,4.4483,EVIDENCE_PAYLOAD_SCHEMA_INVALID|EVIDENCE_SNAPSHOT_CONFLICT,b2d83222fe4bab87f393b8e93c8a29f87ac2f8279ebd9de6ca63f25604bbf49f
case-02343,393ecb3b5e60acb24068ddaccddd80017b8421eb90db77ebd70a096520fb51f9,CONTROLLED_TEST_MUTATION,snapshot_score_conflict,False,True,0.0356,True,0.3251,True,0.0161,True,0.321,True,0.0082,False,3.569,EVIDENCE_SNAPSHOT_CONFLICT,b2d83222fe4bab87f393b8e93c8a29f87ac2f8279ebd9de6ca63f25604bbf49f
case-02344,41b2d4a7ad199167e039ce48c288877ff0c37922f9d95f9940ecb9973749ff84,CLEAN_TEST_FIXTURE,none,True,True,0.0348,True,0.3175,True,0.0162,True,0.3176,True,0.0078,True,4.5368,ALL_REQUIRED_EVIDENCE_TRUSTWORTHY,b2d83222fe4bab87f393b8e93c8a29f87ac2f8279ebd9de6ca63f25604bbf49f
case-02345,649bdc1420672ce13ec51cf7b4f93e7be9ef43031bd23784f480d74b3af59991,CONTROLLED_TEST_MUTATION,incomplete_payload,False,True,0.0558,False,0.148,True,0.0155,False,0.1442,True,0.0084,False,3.5197,EVIDENCE_PAYLOAD_INCOMPLETE,b2d83222fe4bab87f393b8e93c8a29f87ac2f8279ebd9de6ca63f25604bbf49f
case-02346,66e80cf609a6145ffacccfa923fd9f20224f327d625dac9ee19754bc0c443c56,CONTROLLED_TEST_MUTATION,missing_lineage,False,True,0.0338,True,0.4065,True,0.0171,True,0.323,True,0.0075,False,4.2828,EVIDENCE_LINEAGE_INCOMPLETE,b2d83222fe4bab87f393b8e93c8a29f87ac2f8279ebd9de6ca63f25604bbf49f
case-02347,094b789868aae7c452f50b9a56a600cbe33a942434cbbc3dfd7e6991f53ac6c0,CLEAN_TEST_FIXTURE,none,True,True,0.0351,True,0.3361,True,0.016,True,0.3123,True,0.0079,True,3.5434,ALL_REQUIRED_EVIDENCE_TRUSTWORTHY,b2d83222fe4bab87f393b8e93c8a29f87ac2f8279ebd9de6ca63f25604bbf49f
case-02348,bea5c18355cd7014931a0b053b14aee8c1a366b4c0b284b7425ed9b1dde95dbc,CLEAN_TEST_FIXTURE,none,True,True,0.0356,True,0.3297,True,0.0168,True,0.9349,True,0.0132,True,3.8027,ALL_REQUIRED_EVIDENCE_TRUSTWORTHY,b2d83222fe4bab87f393b8e93c8a29f87ac2f8279ebd9de6ca63f25604bbf49f
case-02349,618bcfff2952005357c8c8b5ccf0e836b265e004696936592ffa8dc922d85ccb,CONTROLLED_TEST_MUTATION,missing_direct_role,False,False,0.0182,False,0.0133,True,0.0142,False,0.0247,True,0.0054,False,3.1205,REQUIRED_ROLE_MISSING,b2d83222fe4bab87f393b8e93c8a29f87ac2f8279ebd9de6ca63f25604bbf49f
case-02350,ffca7e2117efa2d28fed9d6ac209d44bd4d0ff6785695a32730d8aed92612642,CONTROLLED_TEST_MUTATION,root_signature_tamper_after_seal,False,True,0.0338,True,0.3119,True,0.0156,True,0.3112,True,0.0072,False,4.4827,EVIDENCE_ROOT_INVALID,b2d83222fe4bab87f393b8e93c8a29f87ac2f8279ebd9de6ca63f25604bbf49f
case-02351,d1c59d150333e0e6d2ae24253892943a9824207beaf49d8312cf7daf3f85bffb,CLEAN_TEST_FIXTURE,none,True,True,0.0347,True,0.3123,True,0.0162,True,0.3127,True,0.0078,True,3.4384,ALL_REQUIRED_EVIDENCE_TRUSTWORTHY,b2d83222fe4bab87f393b8e93c8a29f87ac2f8279ebd9de6ca63f25604bbf49f
case-02352,205410d3b306962ac74983e5f2096102b4b77a8874cf435fa30b861dab0bfe13,CLEAN_TEST_FIXTURE,none,True,True,0.0339,True,0.3103,True,0.0156,True,0.3092,True,0.0075,True,4.5744,ALL_REQUIRED_EVIDENCE_TRUSTWORTHY,b2d83222fe4bab87f393b8e93c8a29f87ac2f8279ebd9de6ca63f25604bbf49f
case-02353,690496dd6cd38241e3c880a30474deada7633699a3dd5a54eba63aaa6443b8b0,CONTROLLED_TEST_MUTATION,excluded_ancestor,False,True,0.0348,True,0.313,True,0.0159,False,0.3106,True,0.0066,False,3.4601,REQUIRED_INPUT_EXCLUDED,b2d83222fe4bab87f393b8e93c8a29f87ac2f8279ebd9de6ca63f25604bbf49f
case-02354,8abbb5f93ef9b9718778b48978bcf29615297e9b6ec0bb069b3cc5f1d3f5d929,CONTROLLED_TEST_MUTATION,payload_tamper_after_seal,False,True,0.0345,False,0.2781,True,0.0196,False,0.1504,True,0.0106,False,4.1312,CHECKSUM_INVALID|EVIDENCE_ROOT_INVALID|EVIDENCE_SNAPSHOT_CONFLICT|RECORD_ENVELOPE_INVALID,b2d83222fe4bab87f393b8e93c8a29f87ac2f8279ebd9de6ca63f25604bbf49f
case-02355,e0707db50f5dea26e1d708fd2e48b5532338f21773cc838456f62791804f61e7,CONTROLLED_TEST_MUTATION,source_type_impersonation,False,True,0.0351,True,0.3109,True,0.0158,True,0.3097,True,0.0079,False,3.4364,EVIDENCE_ROLE_SOURCE_NOT_ALLOWED|OPERATOR_EVIDENCE_UNVERIFIED,b2d83222fe4bab87f393b8e93c8a29f87ac2f8279ebd9de6ca63f25604bbf49f
case-02356,2f496a42f98e908154d751ae044e57101f128bb54b82ac2db89a8646fad626e1,CONTROLLED_TEST_MUTATION,source_type_impersonation,False,True,0.0347,True,0.5057,True,0.0994,True,0.9455,True,0.0116,False,3.6172,EVIDENCE_ROLE_SOURCE_NOT_ALLOWED|OPERATOR_EVIDENCE_UNVERIFIED,b2d83222fe4bab87f393b8e93c8a29f87ac2f8279ebd9de6ca63f25604bbf49f
case-02357,93a269df61447e857ce29eb79dc92b7a3a57c7d478cbc4d0d37031d32a0d91c2,CONTROLLED_TEST_MUTATION,future_timestamp,False,True,0.0342,False,0.3055,True,0.0159,False,0.2773,True,0.0079,False,3.507,EVIDENCE_FRESHNESS_UNKNOWN|EVIDENCE_TIMESTAMP_IN_FUTURE,b2d83222fe4bab87f393b8e93c8a29f87ac2f8279ebd9de6ca63f25604bbf49f
case-02358,1f93dbc83c22975c6360e064a2e3274154c7d9075bd17c234692341eae75df7a,CONTROLLED_TEST_MUTATION,unknown_source,False,True,0.0371,True,0.331,True,0.0172,True,0.3184,True,0.0097,False,3.5385,EVIDENCE_ROLE_SOURCE_NOT_ALLOWED|EVIDENCE_SOURCE_ID_UNKNOWN|EVIDENCE_SOURCE_POLICY_MISSING,b2d83222fe4bab87f393b8e93c8a29f87ac2f8279ebd9de6ca63f25604bbf49f
case-02359,0b48a4b8c316a3168caee8f6bf61683ba481f1b901ab8917a6748895a40b2d37,CONTROLLED_TEST_MUTATION,broken_lineage,False,True,0.0332,True,0.3111,True,0.0153,True,0.3087,True,0.0073,False,3.5722,EVIDENCE_LINEAGE_INVALID,b2d83222fe4bab87f393b8e93c8a29f87ac2f8279ebd9de6ca63f25604bbf49f
case-02360,25f5a6837e76f19b4588bda650bdbefaf2c938465b922930fe78c0ffdec7d99d,CLEAN_TEST_FIXTURE,none,True,True,0.0364,True,0.3208,True,0.0165,True,0.3165,True,0.0096,True,3.5732,ALL_REQUIRED_EVIDENCE_TRUSTWORTHY,b2d83222fe4bab87f393b8e93c8a29f87ac2f8279ebd9de6ca63f25604bbf49f
case-02361,574eccff23a1e2508d8da21102cd1ad15eb3189cc1811561f9fcc73f430ad67d,CONTROLLED_TEST_MUTATION,unknown_source,False,True,0.0336,True,0.3054,True,0.0153,True,0.3261,True,0.0073,False,3.5885,EVIDENCE_ROLE_SOURCE_NOT_ALLOWED|EVIDENCE_SOURCE_ID_UNKNOWN|EVIDENCE_SOURCE_POLICY_MISSING,b2d83222fe4bab87f393b8e93c8a29f87ac2f8279ebd9de6ca63f25604bbf49f
case-02362,6f064740530b04cef5aab6f924bbeb4edcc89930abbe4c6c61e7f22dec3452f9,CONTROLLED_TEST_MUTATION,expired_import,False,True,0.037,False,0.2638,True,0.0161,False,0.2762,True,0.0099,False,3.541,EVIDENCE_STALE,b2d83222fe4bab87f393b8e93c8a29f87ac2f8279ebd9de6ca63f25604bbf49f
case-02363,5a54dbd95170ddc915619e171c4ae852d0ce2944f1623e1a18e53896a2ca83ac,CONTROLLED_TEST_MUTATION,excluded_ancestor,False,True,0.0335,True,0.3396,True,0.0313,False,0.3264,True,0.0061,False,3.4356,REQUIRED_INPUT_EXCLUDED,b2d83222fe4bab87f393b8e93c8a29f87ac2f8279ebd9de6ca63f25604bbf49f
case-02364,dc2352dc31aa805119293e476793147d07fbedd1bf0303a1fe85391dfb5d27bf,CONTROLLED_TEST_MUTATION,missing_lineage,False,True,0.0367,True,0.3167,True,0.0168,True,0.3118,True,0.0095,False,3.4102,EVIDENCE_LINEAGE_INCOMPLETE,b2d83222fe4bab87f393b8e93c8a29f87ac2f8279ebd9de6ca63f25604bbf49f
case-02365,91d101d158d046072025d4fdb8a88f553a67daf4a8c34f667b99a34aa77f7c03,CONTROLLED_TEST_MUTATION,root_signature_tamper_after_seal,False,True,0.0334,True,0.307,True,0.0153,True,0.3069,True,0.0075,False,3.438,EVIDENCE_ROOT_INVALID,b2d83222fe4bab87f393b8e93c8a29f87ac2f8279ebd9de6ca63f25604bbf49f
case-02366,2a92c2368603ca2f65f50d0ca936df19dc282d5a1ba160d8d7a7ea09638c0680,CONTROLLED_TEST_MUTATION,unavailable_record,False,True,0.0371,False,0.2904,True,0.0169,False,0.2995,True,0.0102,False,3.545,EVIDENCE_LINEAGE_INCOMPLETE|EVIDENCE_UNAVAILABLE,b2d83222fe4bab87f393b8e93c8a29f87ac2f8279ebd9de6ca63f25604bbf49f
case-02367,011571b0232ff9aee50356ca458db1b2b89c8c4a84c4f0e5bfc39da153b38db1,CONTROLLED_TEST_MUTATION,unknown_source,False,True,0.0328,True,0.3076,True,0.0154,True,0.329,True,0.0074,False,3.5482,EVIDENCE_ROLE_SOURCE_NOT_ALLOWED|EVIDENCE_SOURCE_ID_UNKNOWN|EVIDENCE_SOURCE_POLICY_MISSING,b2d83222fe4bab87f393b8e93c8a29f87ac2f8279ebd9de6ca63f25604bbf49f
case-02368,9030631535d0073f2fdc1c4f21d35a697b65357793fa57c6427cce73de528d51,CONTROLLED_TEST_MUTATION,role_conflict,False,True,0.0401,True,0.3449,True,0.0178,False,0.34,True,0.0077,False,3.9867,EVIDENCE_ROLE_CONFLICT,b2d83222fe4bab87f393b8e93c8a29f87ac2f8279ebd9de6ca63f25604bbf49f
case-02369,41569f3e12a8555bf42fe8c1c5328d5da1e010a1ea8395dbb82f2ed2aceee09e,CLEAN_TEST_FIXTURE,none,True,True,0.0344,True,0.4408,True,0.0172,True,0.3491,True,0.0098,True,4.6514,ALL_REQUIRED_EVIDENCE_TRUSTWORTHY,b2d83222fe4bab87f393b8e93c8a29f87ac2f8279ebd9de6ca63f25604bbf49f
case-02370,8dbf466ff149dec70c1a62be942a20757bcc4eef1277c8440048597365c60810,CONTROLLED_TEST_MUTATION,excluded_ancestor,False,True,0.0355,True,0.3197,True,0.0164,False,0.3413,True,0.0068,False,3.6327,REQUIRED_INPUT_EXCLUDED,b2d83222fe4bab87f393b8e93c8a29f87ac2f8279ebd9de6ca63f25604bbf49f
case-02371,e42e2d81dc5d9299d932c10cdf3d5079bf11ef1ae985b48bce066e48f4715e7f,CONTROLLED_TEST_MUTATION,missing_direct_role,False,False,0.0193,False,0.014,True,0.0149,False,0.0254,True,0.0061,False,4.3081,REQUIRED_ROLE_MISSING,b2d83222fe4bab87f393b8e93c8a29f87ac2f8279ebd9de6ca63f25604bbf49f
case-02372,79daade37291c643dcccde98f23204233f587abe226959afa76dbd116a52d367,CONTROLLED_TEST_MUTATION,snapshot_score_conflict,False,True,0.0354,True,0.3176,True,0.0166,True,0.3163,True,0.0082,False,3.5552,EVIDENCE_SNAPSHOT_CONFLICT,b2d83222fe4bab87f393b8e93c8a29f87ac2f8279ebd9de6ca63f25604bbf49f
case-02373,50e4306729e0deb8f19af9d90eaedd82e5670e4e32a16a62de2bce2d8de42a5f,CONTROLLED_TEST_MUTATION,root_signature_tamper_after_seal,False,True,0.0343,True,0.3166,True,0.016,True,0.3184,True,0.0076,False,4.2584,EVIDENCE_ROOT_INVALID,b2d83222fe4bab87f393b8e93c8a29f87ac2f8279ebd9de6ca63f25604bbf49f
case-02374,d2d4c4d1fd5bf940909cc8c80e69ddf743586b20b3420779423c3abf410efdce,CONTROLLED_TEST_MUTATION,broken_lineage,False,True,0.035,True,0.3131,True,0.0158,True,0.311,True,0.0078,False,3.4397,EVIDENCE_LINEAGE_INVALID,b2d83222fe4bab87f393b8e93c8a29f87ac2f8279ebd9de6ca63f25604bbf49f
case-02375,0fef1a5dea346a8cdd4675f342f215020e3bfdd5ded4925c890219194d28c41f,CONTROLLED_TEST_MUTATION,empty_payload,False,False,0.0353,False,0.0279,True,0.0124,False,0.0395,True,0.0056,False,4.2662,EVIDENCE_PAYLOAD_EMPTY|EVIDENCE_PAYLOAD_SCHEMA_INVALID|EVIDENCE_SNAPSHOT_CONFLICT,b2d83222fe4bab87f393b8e93c8a29f87ac2f8279ebd9de6ca63f25604bbf49f
case-02376,f0cb6ed2cddb77aeed66264a5b400a3064ce036c0a8430ecf10c3d68012bb88a,CONTROLLED_TEST_MUTATION,root_signature_tamper_after_seal,False,True,0.0349,True,0.3116,True,0.016,True,0.3101,True,0.008,False,3.4341,EVIDENCE_ROOT_INVALID,b2d83222fe4bab87f393b8e93c8a29f87ac2f8279ebd9de6ca63f25604bbf49f
case-02377,c5b7c95056a02a707f86a6e59e35c1b52bb2f1e8683e84642dcca9cd8d1b5e2e,CONTROLLED_TEST_MUTATION,broken_lineage,False,True,0.0336,True,0.3085,True,0.0156,True,0.3085,True,0.0074,False,4.4722,EVIDENCE_LINEAGE_INVALID,b2d83222fe4bab87f393b8e93c8a29f87ac2f8279ebd9de6ca63f25604bbf49f
case-02378,3ddbd32faf076ff9997288bd8596cb36fed3ed60249406cee16fc521250a9893,CLEAN_TEST_FIXTURE,none,True,True,0.035,True,0.3094,True,0.0159,True,0.3074,True,0.0079,True,3.4475,ALL_REQUIRED_EVIDENCE_TRUSTWORTHY,b2d83222fe4bab87f393b8e93c8a29f87ac2f8279ebd9de6ca63f25604bbf49f
case-02379,b971d1bd1e4aa24b2bef830474f19a4336c5af887fbb03e6cd6d08a6722b91e5,CONTROLLED_TEST_MUTATION,root_signature_tamper_after_seal,False,True,0.0333,True,0.3112,True,0.0156,True,0.4259,True,0.008,False,4.1651,EVIDENCE_ROOT_INVALID,b2d83222fe4bab87f393b8e93c8a29f87ac2f8279ebd9de6ca63f25604bbf49f
case-02380,49a7755744c50a189e1d79625f12e2c4d5dd3a70d4025fa0777eb5f1b090f434,CLEAN_TEST_FIXTURE,none,True,True,0.0343,True,0.3116,True,0.0159,True,0.3124,True,0.0079,True,3.4331,ALL_REQUIRED_EVIDENCE_TRUSTWORTHY,b2d83222fe4bab87f393b8e93c8a29f87ac2f8279ebd9de6ca63f25604bbf49f
case-02381,3893fc44ecf44b834bcbeec679e3e4b1a5fe9d8e32fe93e62fe929e50bf91730,CLEAN_TEST_FIXTURE,none,True,True,0.0332,True,0.3109,True,0.0156,True,0.3119,True,0.0076,True,4.3284,ALL_REQUIRED_EVIDENCE_TRUSTWORTHY,b2d83222fe4bab87f393b8e93c8a29f87ac2f8279ebd9de6ca63f25604bbf49f
case-02382,14643fe687ccaeba96f6f72374873b58bdcf43fd66b24ddbf50eb7edbca8dbdb,CONTROLLED_TEST_MUTATION,source_type_impersonation,False,True,0.0354,True,0.3211,True,0.017,True,0.3206,True,0.008,False,3.5216,EVIDENCE_ROLE_SOURCE_NOT_ALLOWED|OPERATOR_EVIDENCE_UNVERIFIED,b2d83222fe4bab87f393b8e93c8a29f87ac2f8279ebd9de6ca63f25604bbf49f
case-02383,0167c162bdd1c8b56734fa04131845757679bca8a96c736ca0e4ab98b0581caa,CONTROLLED_TEST_MUTATION,empty_payload,False,False,0.0361,False,0.0283,True,0.0129,False,0.0407,True,0.0057,False,5.9612,EVIDENCE_PAYLOAD_EMPTY|EVIDENCE_PAYLOAD_SCHEMA_INVALID|EVIDENCE_SNAPSHOT_CONFLICT,b2d83222fe4bab87f393b8e93c8a29f87ac2f8279ebd9de6ca63f25604bbf49f
case-02384,38db34aa34b18e1fc123d745b0bec64b8b6e323bc7f317db2d67876fdf5e5803,CONTROLLED_TEST_MUTATION,unavailable_record,False,True,0.0392,False,0.3107,True,0.018,False,0.3515,True,0.02,False,4.7408,EVIDENCE_LINEAGE_INCOMPLETE|EVIDENCE_UNAVAILABLE,b2d83222fe4bab87f393b8e93c8a29f87ac2f8279ebd9de6ca63f25604bbf49f
case-02385,86a17e40c0dd000f5926f446603a5d19eed93555d71ee1c36c1275e09e36984f,CONTROLLED_TEST_MUTATION,malformed_payload,False,True,0.0402,True,0.4512,True,0.0289,True,0.5221,True,0.0135,False,5.2359,EVIDENCE_PAYLOAD_SCHEMA_INVALID|EVIDENCE_SNAPSHOT_CONFLICT,b2d83222fe4bab87f393b8e93c8a29f87ac2f8279ebd9de6ca63f25604bbf49f
case-02386,d5dec2fcb951c3361a9be291604bde82a18bae6c180daaa37c983c47cc82c9ba,CONTROLLED_TEST_MUTATION,expired_import,False,True,0.0407,False,0.284,True,0.0176,False,0.2666,True,0.0146,False,5.3909,EVIDENCE_STALE,b2d83222fe4bab87f393b8e93c8a29f87ac2f8279ebd9de6ca63f25604bbf49f
case-02387,1057951492b776869a2e7222751d81e6e73761ea2f89d6f30b00fbbcbe018e43,CLEAN_TEST_FIXTURE,none,True,True,0.0426,True,0.349,True,0.0171,True,0.322,True,0.0104,True,3.715,ALL_REQUIRED_EVIDENCE_TRUSTWORTHY,b2d83222fe4bab87f393b8e93c8a29f87ac2f8279ebd9de6ca63f25604bbf49f
case-02388,3b8dbb2285e9d1d946385c85a16e7e18e993f4265fd1cebd96ff008ab1ac3b05,CONTROLLED_TEST_MUTATION,missing_direct_role,False,False,0.0211,False,0.0143,True,0.0158,False,0.027,True,0.0066,False,4.3908,REQUIRED_ROLE_MISSING,b2d83222fe4bab87f393b8e93c8a29f87ac2f8279ebd9de6ca63f25604bbf49f
case-02389,a5d8b662da2a8f6ea1437242f31b2c510a2f38264c967578ffd86a1f2938a0fd,CONTROLLED_TEST_MUTATION,malformed_payload,False,True,0.0369,True,0.3146,True,0.0169,True,0.3133,True,0.0081,False,3.5263,EVIDENCE_PAYLOAD_SCHEMA_INVALID|EVIDENCE_SNAPSHOT_CONFLICT,b2d83222fe4bab87f393b8e93c8a29f87ac2f8279ebd9de6ca63f25604bbf49f
case-02390,a14498bbfeca25c545604ddef883143a514544cb814ea1ef8b115e0e03c3c9a6,CLEAN_TEST_FIXTURE,none,True,True,0.0539,True,0.4408,True,0.0492,True,0.3782,True,0.0119,True,4.1464,ALL_REQUIRED_EVIDENCE_TRUSTWORTHY,b2d83222fe4bab87f393b8e93c8a29f87ac2f8279ebd9de6ca63f25604bbf49f
case-02391,ff8aed1c01617a8ea2a9af4331cd5140772c9883aa3da2e6818563d6a687b5e4,CONTROLLED_TEST_MUTATION,root_signature_tamper_after_seal,False,True,0.0363,True,0.3258,True,0.0164,True,0.3242,True,0.0079,False,3.5597,EVIDENCE_ROOT_INVALID,b2d83222fe4bab87f393b8e93c8a29f87ac2f8279ebd9de6ca63f25604bbf49f
case-02392,e3348de55b49afe1c39bf940e1013408be4ac75dab92576b4c52086013def6ef,CONTROLLED_TEST_MUTATION,unknown_source,False,True,0.0405,True,0.3574,True,0.0168,True,0.4081,True,0.0103,False,3.4709,EVIDENCE_ROLE_SOURCE_NOT_ALLOWED|EVIDENCE_SOURCE_ID_UNKNOWN|EVIDENCE_SOURCE_POLICY_MISSING,b2d83222fe4bab87f393b8e93c8a29f87ac2f8279ebd9de6ca63f25604bbf49f
case-02393,d88ec5403361b901bb7afed51624e21b253c2c9cd1e1fc24a85962215f1a4166,CONTROLLED_TEST_MUTATION,role_conflict,False,True,0.038,True,0.336,True,0.0166,False,0.3279,True,0.0069,False,4.8364,EVIDENCE_ROLE_CONFLICT,b2d83222fe4bab87f393b8e93c8a29f87ac2f8279ebd9de6ca63f25604bbf49f
case-02394,51a19f375cd46ec7377e89fc13bc2a3a6e7f5a075e87d9a49ed7bffe75201b9d,CONTROLLED_TEST_MUTATION,malformed_payload,False,True,0.0363,True,0.3066,True,0.0168,True,0.3069,True,0.0081,False,3.4537,EVIDENCE_PAYLOAD_SCHEMA_INVALID|EVIDENCE_SNAPSHOT_CONFLICT,b2d83222fe4bab87f393b8e93c8a29f87ac2f8279ebd9de6ca63f25604bbf49f
case-02395,69316becfe8b23e053b07c4e688e028e313357c7e4d72ab8da0d7f0fbeee72ea,CONTROLLED_TEST_MUTATION,root_signature_tamper_after_seal,False,True,0.033,True,0.3064,True,0.0154,True,0.3066,True,0.0074,False,5.1793,EVIDENCE_ROOT_INVALID,b2d83222fe4bab87f393b8e93c8a29f87ac2f8279ebd9de6ca63f25604bbf49f
case-02396,764477294b93fc4b3c3bc0c6a9b49abde07aae8fe4ffd315df4364b9411cfcaa,CLEAN_TEST_FIXTURE,none,True,True,0.0372,True,0.3243,True,0.0169,True,0.3217,True,0.0098,True,3.5721,ALL_REQUIRED_EVIDENCE_TRUSTWORTHY,b2d83222fe4bab87f393b8e93c8a29f87ac2f8279ebd9de6ca63f25604bbf49f
case-02397,ad5a91042f35d90f558274ae4ab248bb3483403fb060b073bd4a2af2af4313aa,CONTROLLED_TEST_MUTATION,expired_import,False,True,0.0335,False,1.1067,True,0.0261,False,0.3966,True,0.0245,False,4.3193,EVIDENCE_STALE,b2d83222fe4bab87f393b8e93c8a29f87ac2f8279ebd9de6ca63f25604bbf49f
case-02398,dd6c6cc1d293756b0941bbfb421b49301c42567636a37a3158028705fd8b1e65,CONTROLLED_TEST_MUTATION,malformed_payload,False,True,0.0356,True,0.3163,True,0.0164,True,0.3119,True,0.0082,False,3.6203,EVIDENCE_PAYLOAD_SCHEMA_INVALID|EVIDENCE_SNAPSHOT_CONFLICT,b2d83222fe4bab87f393b8e93c8a29f87ac2f8279ebd9de6ca63f25604bbf49f
case-02399,4b7ae473c6604d90f3a49fd136a5d3adaa6c2de800f18e8d3ab60c930b40916d,CLEAN_TEST_FIXTURE,none,True,True,0.0417,True,0.4082,True,0.0176,True,0.3239,True,0.0106,True,3.7925,ALL_REQUIRED_EVIDENCE_TRUSTWORTHY,b2d83222fe4bab87f393b8e93c8a29f87ac2f8279ebd9de6ca63f25604bbf49f
